id,storage_level_id,asset,milestone_year,scenario,period_block_start,period_block_end,inter_period_storage_level_bounds,dual_min_storage_level_inter_period_limit
951,2556,CH_Pump_Hydro_Open,2050,1,1,1,inter_period_only,0.0
948,2557,CH_Pump_Hydro_Open,2050,1,2,2,inter_period_only,0.0
945,2558,CH_Pump_Hydro_Open,2050,1,3,3,inter_period_only,0.0
942,2559,CH_Pump_Hydro_Open,2050,1,4,4,inter_period_only,0.0
939,2560,CH_Pump_Hydro_Open,2050,1,5,5,inter_period_only,0.0
936,2561,CH_Pump_Hydro_Open,2050,1,6,6,inter_period_only,0.0
933,2562,CH_Pump_Hydro_Open,2050,1,7,7,inter_period_only,0.0
930,2563,CH_Pump_Hydro_Open,2050,1,8,8,inter_period_only,0.0
927,2564,CH_Pump_Hydro_Open,2050,1,9,9,inter_period_only,0.0
924,2565,CH_Pump_Hydro_Open,2050,1,10,10,inter_period_only,0.0
921,2566,CH_Pump_Hydro_Open,2050,1,11,11,inter_period_only,0.0
918,2567,CH_Pump_Hydro_Open,2050,1,12,12,inter_period_only,0.0
915,2568,CH_Pump_Hydro_Open,2050,1,13,13,inter_period_only,0.0
912,2569,CH_Pump_Hydro_Open,2050,1,14,14,inter_period_only,0.0
909,2570,CH_Pump_Hydro_Open,2050,1,15,15,inter_period_only,0.0
906,2571,CH_Pump_Hydro_Open,2050,1,16,16,inter_period_only,0.0
903,2572,CH_Pump_Hydro_Open,2050,1,17,17,inter_period_only,0.0
900,2573,CH_Pump_Hydro_Open,2050,1,18,18,inter_period_only,0.0
897,2574,CH_Pump_Hydro_Open,2050,1,19,19,inter_period_only,0.0
894,2575,CH_Pump_Hydro_Open,2050,1,20,20,inter_period_only,0.0
891,2576,CH_Pump_Hydro_Open,2050,1,21,21,inter_period_only,0.0
888,2577,CH_Pump_Hydro_Open,2050,1,22,22,inter_period_only,0.0
885,2578,CH_Pump_Hydro_Open,2050,1,23,23,inter_period_only,0.0
882,2579,CH_Pump_Hydro_Open,2050,1,24,24,inter_period_only,0.0
879,2580,CH_Pump_Hydro_Open,2050,1,25,25,inter_period_only,0.0
876,2581,CH_Pump_Hydro_Open,2050,1,26,26,inter_period_only,0.0
873,2582,CH_Pump_Hydro_Open,2050,1,27,27,inter_period_only,0.0
870,2583,CH_Pump_Hydro_Open,2050,1,28,28,inter_period_only,0.0
867,2584,CH_Pump_Hydro_Open,2050,1,29,29,inter_period_only,0.0
864,2585,CH_Pump_Hydro_Open,2050,1,30,30,inter_period_only,0.0
861,2586,CH_Pump_Hydro_Open,2050,1,31,31,inter_period_only,0.0
858,2587,CH_Pump_Hydro_Open,2050,1,32,32,inter_period_only,0.0
855,2588,CH_Pump_Hydro_Open,2050,1,33,33,inter_period_only,0.0
852,2589,CH_Pump_Hydro_Open,2050,1,34,34,inter_period_only,0.0
849,2590,CH_Pump_Hydro_Open,2050,1,35,35,inter_period_only,0.0
846,2591,CH_Pump_Hydro_Open,2050,1,36,36,inter_period_only,0.0
843,2592,CH_Pump_Hydro_Open,2050,1,37,37,inter_period_only,0.0
840,2593,CH_Pump_Hydro_Open,2050,1,38,38,inter_period_only,0.0
837,2594,CH_Pump_Hydro_Open,2050,1,39,39,inter_period_only,0.0
834,2595,CH_Pump_Hydro_Open,2050,1,40,40,inter_period_only,0.0
831,2596,CH_Pump_Hydro_Open,2050,1,41,41,inter_period_only,0.0
828,2597,CH_Pump_Hydro_Open,2050,1,42,42,inter_period_only,0.0
825,2598,CH_Pump_Hydro_Open,2050,1,43,43,inter_period_only,0.0
822,2599,CH_Pump_Hydro_Open,2050,1,44,44,inter_period_only,0.0
819,2600,CH_Pump_Hydro_Open,2050,1,45,45,inter_period_only,0.0
816,2601,CH_Pump_Hydro_Open,2050,1,46,46,inter_period_only,0.0
813,2602,CH_Pump_Hydro_Open,2050,1,47,47,inter_period_only,0.0
810,2603,CH_Pump_Hydro_Open,2050,1,48,48,inter_period_only,0.0
807,2604,CH_Pump_Hydro_Open,2050,1,49,49,inter_period_only,0.0
804,2605,CH_Pump_Hydro_Open,2050,1,50,50,inter_period_only,0.0
801,2606,CH_Pump_Hydro_Open,2050,1,51,51,inter_period_only,0.0
798,2607,CH_Pump_Hydro_Open,2050,1,52,52,inter_period_only,0.0
795,2608,CH_Pump_Hydro_Open,2050,1,53,53,inter_period_only,0.0
792,2609,CH_Pump_Hydro_Open,2050,1,54,54,inter_period_only,0.0
789,2610,CH_Pump_Hydro_Open,2050,1,55,55,inter_period_only,0.0
786,2611,CH_Pump_Hydro_Open,2050,1,56,56,inter_period_only,0.0
783,2612,CH_Pump_Hydro_Open,2050,1,57,57,inter_period_only,0.0
780,2613,CH_Pump_Hydro_Open,2050,1,58,58,inter_period_only,0.0
777,2614,CH_Pump_Hydro_Open,2050,1,59,59,inter_period_only,0.0
774,2615,CH_Pump_Hydro_Open,2050,1,60,60,inter_period_only,0.0
771,2616,CH_Pump_Hydro_Open,2050,1,61,61,inter_period_only,0.0
768,2617,CH_Pump_Hydro_Open,2050,1,62,62,inter_period_only,0.0
765,2618,CH_Pump_Hydro_Open,2050,1,63,63,inter_period_only,0.0
762,2619,CH_Pump_Hydro_Open,2050,1,64,64,inter_period_only,0.0
759,2620,CH_Pump_Hydro_Open,2050,1,65,65,inter_period_only,0.0
756,2621,CH_Pump_Hydro_Open,2050,1,66,66,inter_period_only,0.0
753,2622,CH_Pump_Hydro_Open,2050,1,67,67,inter_period_only,0.0
750,2623,CH_Pump_Hydro_Open,2050,1,68,68,inter_period_only,0.0
747,2624,CH_Pump_Hydro_Open,2050,1,69,69,inter_period_only,0.0
744,2625,CH_Pump_Hydro_Open,2050,1,70,70,inter_period_only,0.0
741,2626,CH_Pump_Hydro_Open,2050,1,71,71,inter_period_only,0.0
738,2627,CH_Pump_Hydro_Open,2050,1,72,72,inter_period_only,0.0
735,2628,CH_Pump_Hydro_Open,2050,1,73,73,inter_period_only,0.0
732,2629,CH_Pump_Hydro_Open,2050,1,74,74,inter_period_only,0.0
729,2630,CH_Pump_Hydro_Open,2050,1,75,75,inter_period_only,0.0
726,2631,CH_Pump_Hydro_Open,2050,1,76,76,inter_period_only,0.0
723,2632,CH_Pump_Hydro_Open,2050,1,77,77,inter_period_only,0.0
720,2633,CH_Pump_Hydro_Open,2050,1,78,78,inter_period_only,0.0
717,2634,CH_Pump_Hydro_Open,2050,1,79,79,inter_period_only,0.0
714,2635,CH_Pump_Hydro_Open,2050,1,80,80,inter_period_only,0.0
711,2636,CH_Pump_Hydro_Open,2050,1,81,81,inter_period_only,0.0
708,2637,CH_Pump_Hydro_Open,2050,1,82,82,inter_period_only,0.0
705,2638,CH_Pump_Hydro_Open,2050,1,83,83,inter_period_only,0.0
702,2639,CH_Pump_Hydro_Open,2050,1,84,84,inter_period_only,0.0
699,2640,CH_Pump_Hydro_Open,2050,1,85,85,inter_period_only,0.0
696,2641,CH_Pump_Hydro_Open,2050,1,86,86,inter_period_only,0.0
693,2642,CH_Pump_Hydro_Open,2050,1,87,87,inter_period_only,0.0
690,2643,CH_Pump_Hydro_Open,2050,1,88,88,inter_period_only,0.0
687,2644,CH_Pump_Hydro_Open,2050,1,89,89,inter_period_only,0.0
684,2645,CH_Pump_Hydro_Open,2050,1,90,90,inter_period_only,0.0
681,2646,CH_Pump_Hydro_Open,2050,1,91,91,inter_period_only,0.0
678,2647,CH_Pump_Hydro_Open,2050,1,92,92,inter_period_only,0.0
675,2648,CH_Pump_Hydro_Open,2050,1,93,93,inter_period_only,0.0
672,2649,CH_Pump_Hydro_Open,2050,1,94,94,inter_period_only,0.0
669,2650,CH_Pump_Hydro_Open,2050,1,95,95,inter_period_only,0.0
666,2651,CH_Pump_Hydro_Open,2050,1,96,96,inter_period_only,0.0
663,2652,CH_Pump_Hydro_Open,2050,1,97,97,inter_period_only,0.0
660,2653,CH_Pump_Hydro_Open,2050,1,98,98,inter_period_only,0.0
657,2654,CH_Pump_Hydro_Open,2050,1,99,99,inter_period_only,0.0
654,2655,CH_Pump_Hydro_Open,2050,1,100,100,inter_period_only,0.0
651,2656,CH_Pump_Hydro_Open,2050,1,101,101,inter_period_only,0.0
648,2657,CH_Pump_Hydro_Open,2050,1,102,102,inter_period_only,0.0
645,2658,CH_Pump_Hydro_Open,2050,1,103,103,inter_period_only,0.0
642,2659,CH_Pump_Hydro_Open,2050,1,104,104,inter_period_only,0.0
639,2660,CH_Pump_Hydro_Open,2050,1,105,105,inter_period_only,0.0
636,2661,CH_Pump_Hydro_Open,2050,1,106,106,inter_period_only,0.0
633,2662,CH_Pump_Hydro_Open,2050,1,107,107,inter_period_only,0.0
630,2663,CH_Pump_Hydro_Open,2050,1,108,108,inter_period_only,0.0
627,2664,CH_Pump_Hydro_Open,2050,1,109,109,inter_period_only,0.0
624,2665,CH_Pump_Hydro_Open,2050,1,110,110,inter_period_only,0.0
621,2666,CH_Pump_Hydro_Open,2050,1,111,111,inter_period_only,0.0
618,2667,CH_Pump_Hydro_Open,2050,1,112,112,inter_period_only,0.0
615,2668,CH_Pump_Hydro_Open,2050,1,113,113,inter_period_only,0.0
612,2669,CH_Pump_Hydro_Open,2050,1,114,114,inter_period_only,0.0
609,2670,CH_Pump_Hydro_Open,2050,1,115,115,inter_period_only,0.0
606,2671,CH_Pump_Hydro_Open,2050,1,116,116,inter_period_only,0.0
603,2672,CH_Pump_Hydro_Open,2050,1,117,117,inter_period_only,0.0
600,2673,CH_Pump_Hydro_Open,2050,1,118,118,inter_period_only,0.0
597,2674,CH_Pump_Hydro_Open,2050,1,119,119,inter_period_only,0.0
594,2675,CH_Pump_Hydro_Open,2050,1,120,120,inter_period_only,0.0
591,2676,CH_Pump_Hydro_Open,2050,1,121,121,inter_period_only,0.0
588,2677,CH_Pump_Hydro_Open,2050,1,122,122,inter_period_only,0.0
585,2678,CH_Pump_Hydro_Open,2050,1,123,123,inter_period_only,0.0
582,2679,CH_Pump_Hydro_Open,2050,1,124,124,inter_period_only,0.0
579,2680,CH_Pump_Hydro_Open,2050,1,125,125,inter_period_only,0.0
576,2681,CH_Pump_Hydro_Open,2050,1,126,126,inter_period_only,0.0
573,2682,CH_Pump_Hydro_Open,2050,1,127,127,inter_period_only,0.0
570,2683,CH_Pump_Hydro_Open,2050,1,128,128,inter_period_only,0.0
567,2684,CH_Pump_Hydro_Open,2050,1,129,129,inter_period_only,0.0
564,2685,CH_Pump_Hydro_Open,2050,1,130,130,inter_period_only,0.0
561,2686,CH_Pump_Hydro_Open,2050,1,131,131,inter_period_only,0.0
558,2687,CH_Pump_Hydro_Open,2050,1,132,132,inter_period_only,0.0
555,2688,CH_Pump_Hydro_Open,2050,1,133,133,inter_period_only,0.0
552,2689,CH_Pump_Hydro_Open,2050,1,134,134,inter_period_only,0.0
549,2690,CH_Pump_Hydro_Open,2050,1,135,135,inter_period_only,0.0
546,2691,CH_Pump_Hydro_Open,2050,1,136,136,inter_period_only,0.0
543,2692,CH_Pump_Hydro_Open,2050,1,137,137,inter_period_only,0.0
540,2693,CH_Pump_Hydro_Open,2050,1,138,138,inter_period_only,0.0
537,2694,CH_Pump_Hydro_Open,2050,1,139,139,inter_period_only,0.0
534,2695,CH_Pump_Hydro_Open,2050,1,140,140,inter_period_only,0.0
531,2696,CH_Pump_Hydro_Open,2050,1,141,141,inter_period_only,0.0
528,2697,CH_Pump_Hydro_Open,2050,1,142,142,inter_period_only,0.0
525,2698,CH_Pump_Hydro_Open,2050,1,143,143,inter_period_only,0.0
522,2699,CH_Pump_Hydro_Open,2050,1,144,144,inter_period_only,0.0
519,2700,CH_Pump_Hydro_Open,2050,1,145,145,inter_period_only,0.0
516,2701,CH_Pump_Hydro_Open,2050,1,146,146,inter_period_only,0.0
513,2702,CH_Pump_Hydro_Open,2050,1,147,147,inter_period_only,0.0
510,2703,CH_Pump_Hydro_Open,2050,1,148,148,inter_period_only,0.0
507,2704,CH_Pump_Hydro_Open,2050,1,149,149,inter_period_only,0.0
504,2705,CH_Pump_Hydro_Open,2050,1,150,150,inter_period_only,0.0
501,2706,CH_Pump_Hydro_Open,2050,1,151,151,inter_period_only,0.0
498,2707,CH_Pump_Hydro_Open,2050,1,152,152,inter_period_only,0.0
495,2708,CH_Pump_Hydro_Open,2050,1,153,153,inter_period_only,0.0
492,2709,CH_Pump_Hydro_Open,2050,1,154,154,inter_period_only,0.0
489,2710,CH_Pump_Hydro_Open,2050,1,155,155,inter_period_only,0.0
486,2711,CH_Pump_Hydro_Open,2050,1,156,156,inter_period_only,0.0
483,2712,CH_Pump_Hydro_Open,2050,1,157,157,inter_period_only,0.0
480,2713,CH_Pump_Hydro_Open,2050,1,158,158,inter_period_only,0.0
477,2714,CH_Pump_Hydro_Open,2050,1,159,159,inter_period_only,0.0
474,2715,CH_Pump_Hydro_Open,2050,1,160,160,inter_period_only,0.0
471,2716,CH_Pump_Hydro_Open,2050,1,161,161,inter_period_only,0.0
468,2717,CH_Pump_Hydro_Open,2050,1,162,162,inter_period_only,0.0
465,2718,CH_Pump_Hydro_Open,2050,1,163,163,inter_period_only,0.0
462,2719,CH_Pump_Hydro_Open,2050,1,164,164,inter_period_only,0.0
459,2720,CH_Pump_Hydro_Open,2050,1,165,165,inter_period_only,0.0
456,2721,CH_Pump_Hydro_Open,2050,1,166,166,inter_period_only,0.0
453,2722,CH_Pump_Hydro_Open,2050,1,167,167,inter_period_only,0.0
450,2723,CH_Pump_Hydro_Open,2050,1,168,168,inter_period_only,0.0
447,2724,CH_Pump_Hydro_Open,2050,1,169,169,inter_period_only,0.0
444,2725,CH_Pump_Hydro_Open,2050,1,170,170,inter_period_only,0.0
441,2726,CH_Pump_Hydro_Open,2050,1,171,171,inter_period_only,0.0
438,2727,CH_Pump_Hydro_Open,2050,1,172,172,inter_period_only,0.0
435,2728,CH_Pump_Hydro_Open,2050,1,173,173,inter_period_only,0.0
432,2729,CH_Pump_Hydro_Open,2050,1,174,174,inter_period_only,0.0
429,2730,CH_Pump_Hydro_Open,2050,1,175,175,inter_period_only,0.0
426,2731,CH_Pump_Hydro_Open,2050,1,176,176,inter_period_only,0.0
423,2732,CH_Pump_Hydro_Open,2050,1,177,177,inter_period_only,0.0
420,2733,CH_Pump_Hydro_Open,2050,1,178,178,inter_period_only,0.0
417,2734,CH_Pump_Hydro_Open,2050,1,179,179,inter_period_only,0.0
414,2735,CH_Pump_Hydro_Open,2050,1,180,180,inter_period_only,0.0
411,2736,CH_Pump_Hydro_Open,2050,1,181,181,inter_period_only,0.0
408,2737,CH_Pump_Hydro_Open,2050,1,182,182,inter_period_only,0.0
405,2738,CH_Pump_Hydro_Open,2050,1,183,183,inter_period_only,0.0
402,2739,CH_Pump_Hydro_Open,2050,1,184,184,inter_period_only,0.0
399,2740,CH_Pump_Hydro_Open,2050,1,185,185,inter_period_only,0.0
396,2741,CH_Pump_Hydro_Open,2050,1,186,186,inter_period_only,0.0
393,2742,CH_Pump_Hydro_Open,2050,1,187,187,inter_period_only,0.0
390,2743,CH_Pump_Hydro_Open,2050,1,188,188,inter_period_only,0.0
387,2744,CH_Pump_Hydro_Open,2050,1,189,189,inter_period_only,0.0
384,2745,CH_Pump_Hydro_Open,2050,1,190,190,inter_period_only,0.0
381,2746,CH_Pump_Hydro_Open,2050,1,191,191,inter_period_only,0.0
378,2747,CH_Pump_Hydro_Open,2050,1,192,192,inter_period_only,0.0
375,2748,CH_Pump_Hydro_Open,2050,1,193,193,inter_period_only,0.0
372,2749,CH_Pump_Hydro_Open,2050,1,194,194,inter_period_only,0.0
369,2750,CH_Pump_Hydro_Open,2050,1,195,195,inter_period_only,0.0
366,2751,CH_Pump_Hydro_Open,2050,1,196,196,inter_period_only,0.0
363,2752,CH_Pump_Hydro_Open,2050,1,197,197,inter_period_only,0.0
360,2753,CH_Pump_Hydro_Open,2050,1,198,198,inter_period_only,0.0
357,2754,CH_Pump_Hydro_Open,2050,1,199,199,inter_period_only,0.0
354,2755,CH_Pump_Hydro_Open,2050,1,200,200,inter_period_only,0.0
351,2756,CH_Pump_Hydro_Open,2050,1,201,201,inter_period_only,0.0
348,2757,CH_Pump_Hydro_Open,2050,1,202,202,inter_period_only,0.0
345,2758,CH_Pump_Hydro_Open,2050,1,203,203,inter_period_only,0.0
342,2759,CH_Pump_Hydro_Open,2050,1,204,204,inter_period_only,0.0
339,2760,CH_Pump_Hydro_Open,2050,1,205,205,inter_period_only,0.0
336,2761,CH_Pump_Hydro_Open,2050,1,206,206,inter_period_only,0.0
333,2762,CH_Pump_Hydro_Open,2050,1,207,207,inter_period_only,0.0
330,2763,CH_Pump_Hydro_Open,2050,1,208,208,inter_period_only,0.0
327,2764,CH_Pump_Hydro_Open,2050,1,209,209,inter_period_only,0.0
324,2765,CH_Pump_Hydro_Open,2050,1,210,210,inter_period_only,0.0
321,2766,CH_Pump_Hydro_Open,2050,1,211,211,inter_period_only,0.0
318,2767,CH_Pump_Hydro_Open,2050,1,212,212,inter_period_only,0.0
315,2768,CH_Pump_Hydro_Open,2050,1,213,213,inter_period_only,0.0
312,2769,CH_Pump_Hydro_Open,2050,1,214,214,inter_period_only,0.0
309,2770,CH_Pump_Hydro_Open,2050,1,215,215,inter_period_only,0.0
306,2771,CH_Pump_Hydro_Open,2050,1,216,216,inter_period_only,0.0
303,2772,CH_Pump_Hydro_Open,2050,1,217,217,inter_period_only,0.0
300,2773,CH_Pump_Hydro_Open,2050,1,218,218,inter_period_only,0.0
297,2774,CH_Pump_Hydro_Open,2050,1,219,219,inter_period_only,0.0
294,2775,CH_Pump_Hydro_Open,2050,1,220,220,inter_period_only,0.0
291,2776,CH_Pump_Hydro_Open,2050,1,221,221,inter_period_only,0.0
288,2777,CH_Pump_Hydro_Open,2050,1,222,222,inter_period_only,0.0
285,2778,CH_Pump_Hydro_Open,2050,1,223,223,inter_period_only,0.0
283,2779,CH_Pump_Hydro_Open,2050,1,224,224,inter_period_only,0.0
281,2780,CH_Pump_Hydro_Open,2050,1,225,225,inter_period_only,0.0
279,2781,CH_Pump_Hydro_Open,2050,1,226,226,inter_period_only,0.0
277,2782,CH_Pump_Hydro_Open,2050,1,227,227,inter_period_only,0.0
275,2783,CH_Pump_Hydro_Open,2050,1,228,228,inter_period_only,0.0
273,2784,CH_Pump_Hydro_Open,2050,1,229,229,inter_period_only,0.0
271,2785,CH_Pump_Hydro_Open,2050,1,230,230,inter_period_only,0.0
269,2786,CH_Pump_Hydro_Open,2050,1,231,231,inter_period_only,0.0
267,2787,CH_Pump_Hydro_Open,2050,1,232,232,inter_period_only,0.0
265,2788,CH_Pump_Hydro_Open,2050,1,233,233,inter_period_only,0.0
263,2789,CH_Pump_Hydro_Open,2050,1,234,234,inter_period_only,0.0
261,2790,CH_Pump_Hydro_Open,2050,1,235,235,inter_period_only,0.0
259,2791,CH_Pump_Hydro_Open,2050,1,236,236,inter_period_only,0.0
257,2792,CH_Pump_Hydro_Open,2050,1,237,237,inter_period_only,0.0
255,2793,CH_Pump_Hydro_Open,2050,1,238,238,inter_period_only,0.0
253,2794,CH_Pump_Hydro_Open,2050,1,239,239,inter_period_only,0.0
251,2795,CH_Pump_Hydro_Open,2050,1,240,240,inter_period_only,0.0
249,2796,CH_Pump_Hydro_Open,2050,1,241,241,inter_period_only,0.0
247,2797,CH_Pump_Hydro_Open,2050,1,242,242,inter_period_only,0.0
245,2798,CH_Pump_Hydro_Open,2050,1,243,243,inter_period_only,0.0
243,2799,CH_Pump_Hydro_Open,2050,1,244,244,inter_period_only,0.0
241,2800,CH_Pump_Hydro_Open,2050,1,245,245,inter_period_only,0.0
239,2801,CH_Pump_Hydro_Open,2050,1,246,246,inter_period_only,0.0
237,2802,CH_Pump_Hydro_Open,2050,1,247,247,inter_period_only,0.0
235,2803,CH_Pump_Hydro_Open,2050,1,248,248,inter_period_only,0.0
233,2804,CH_Pump_Hydro_Open,2050,1,249,249,inter_period_only,0.0
231,2805,CH_Pump_Hydro_Open,2050,1,250,250,inter_period_only,0.0
229,2806,CH_Pump_Hydro_Open,2050,1,251,251,inter_period_only,0.0
227,2807,CH_Pump_Hydro_Open,2050,1,252,252,inter_period_only,0.0
225,2808,CH_Pump_Hydro_Open,2050,1,253,253,inter_period_only,0.0
223,2809,CH_Pump_Hydro_Open,2050,1,254,254,inter_period_only,0.0
221,2810,CH_Pump_Hydro_Open,2050,1,255,255,inter_period_only,0.0
219,2811,CH_Pump_Hydro_Open,2050,1,256,256,inter_period_only,0.0
217,2812,CH_Pump_Hydro_Open,2050,1,257,257,inter_period_only,0.0
215,2813,CH_Pump_Hydro_Open,2050,1,258,258,inter_period_only,0.0
213,2814,CH_Pump_Hydro_Open,2050,1,259,259,inter_period_only,0.0
211,2815,CH_Pump_Hydro_Open,2050,1,260,260,inter_period_only,0.0
209,2816,CH_Pump_Hydro_Open,2050,1,261,261,inter_period_only,-0.0
207,2817,CH_Pump_Hydro_Open,2050,1,262,262,inter_period_only,0.0
205,2818,CH_Pump_Hydro_Open,2050,1,263,263,inter_period_only,0.0
203,2819,CH_Pump_Hydro_Open,2050,1,264,264,inter_period_only,0.0
201,2820,CH_Pump_Hydro_Open,2050,1,265,265,inter_period_only,0.0
199,2821,CH_Pump_Hydro_Open,2050,1,266,266,inter_period_only,0.0
197,2822,CH_Pump_Hydro_Open,2050,1,267,267,inter_period_only,0.0
195,2823,CH_Pump_Hydro_Open,2050,1,268,268,inter_period_only,0.0
193,2824,CH_Pump_Hydro_Open,2050,1,269,269,inter_period_only,0.0
191,2825,CH_Pump_Hydro_Open,2050,1,270,270,inter_period_only,0.0
189,2826,CH_Pump_Hydro_Open,2050,1,271,271,inter_period_only,0.0
187,2827,CH_Pump_Hydro_Open,2050,1,272,272,inter_period_only,0.0
185,2828,CH_Pump_Hydro_Open,2050,1,273,273,inter_period_only,0.0
183,2829,CH_Pump_Hydro_Open,2050,1,274,274,inter_period_only,0.0
181,2830,CH_Pump_Hydro_Open,2050,1,275,275,inter_period_only,0.0
179,2831,CH_Pump_Hydro_Open,2050,1,276,276,inter_period_only,0.0
177,2832,CH_Pump_Hydro_Open,2050,1,277,277,inter_period_only,0.0
175,2833,CH_Pump_Hydro_Open,2050,1,278,278,inter_period_only,0.0
173,2834,CH_Pump_Hydro_Open,2050,1,279,279,inter_period_only,0.0
171,2835,CH_Pump_Hydro_Open,2050,1,280,280,inter_period_only,0.0
169,2836,CH_Pump_Hydro_Open,2050,1,281,281,inter_period_only,0.0
167,2837,CH_Pump_Hydro_Open,2050,1,282,282,inter_period_only,0.0
165,2838,CH_Pump_Hydro_Open,2050,1,283,283,inter_period_only,0.0
163,2839,CH_Pump_Hydro_Open,2050,1,284,284,inter_period_only,0.0
161,2840,CH_Pump_Hydro_Open,2050,1,285,285,inter_period_only,0.0
159,2841,CH_Pump_Hydro_Open,2050,1,286,286,inter_period_only,0.0
157,2842,CH_Pump_Hydro_Open,2050,1,287,287,inter_period_only,0.0
155,2843,CH_Pump_Hydro_Open,2050,1,288,288,inter_period_only,0.0
153,2844,CH_Pump_Hydro_Open,2050,1,289,289,inter_period_only,0.0
151,2845,CH_Pump_Hydro_Open,2050,1,290,290,inter_period_only,0.0
149,2846,CH_Pump_Hydro_Open,2050,1,291,291,inter_period_only,0.0
147,2847,CH_Pump_Hydro_Open,2050,1,292,292,inter_period_only,0.0
145,2848,CH_Pump_Hydro_Open,2050,1,293,293,inter_period_only,0.0
143,2849,CH_Pump_Hydro_Open,2050,1,294,294,inter_period_only,0.0
141,2850,CH_Pump_Hydro_Open,2050,1,295,295,inter_period_only,0.0
139,2851,CH_Pump_Hydro_Open,2050,1,296,296,inter_period_only,0.0
137,2852,CH_Pump_Hydro_Open,2050,1,297,297,inter_period_only,0.0
135,2853,CH_Pump_Hydro_Open,2050,1,298,298,inter_period_only,0.0
133,2854,CH_Pump_Hydro_Open,2050,1,299,299,inter_period_only,0.0
131,2855,CH_Pump_Hydro_Open,2050,1,300,300,inter_period_only,0.0
129,2856,CH_Pump_Hydro_Open,2050,1,301,301,inter_period_only,0.0
127,2857,CH_Pump_Hydro_Open,2050,1,302,302,inter_period_only,0.0
125,2858,CH_Pump_Hydro_Open,2050,1,303,303,inter_period_only,0.0
123,2859,CH_Pump_Hydro_Open,2050,1,304,304,inter_period_only,0.0
121,2860,CH_Pump_Hydro_Open,2050,1,305,305,inter_period_only,0.0
119,2861,CH_Pump_Hydro_Open,2050,1,306,306,inter_period_only,0.0
117,2862,CH_Pump_Hydro_Open,2050,1,307,307,inter_period_only,0.0
115,2863,CH_Pump_Hydro_Open,2050,1,308,308,inter_period_only,0.0
113,2864,CH_Pump_Hydro_Open,2050,1,309,309,inter_period_only,0.0
111,2865,CH_Pump_Hydro_Open,2050,1,310,310,inter_period_only,0.0
109,2866,CH_Pump_Hydro_Open,2050,1,311,311,inter_period_only,0.0
107,2867,CH_Pump_Hydro_Open,2050,1,312,312,inter_period_only,0.0
105,2868,CH_Pump_Hydro_Open,2050,1,313,313,inter_period_only,0.0
103,2869,CH_Pump_Hydro_Open,2050,1,314,314,inter_period_only,0.0
101,2870,CH_Pump_Hydro_Open,2050,1,315,315,inter_period_only,0.0
99,2871,CH_Pump_Hydro_Open,2050,1,316,316,inter_period_only,0.0
97,2872,CH_Pump_Hydro_Open,2050,1,317,317,inter_period_only,0.0
95,2873,CH_Pump_Hydro_Open,2050,1,318,318,inter_period_only,0.0
93,2874,CH_Pump_Hydro_Open,2050,1,319,319,inter_period_only,0.0
91,2875,CH_Pump_Hydro_Open,2050,1,320,320,inter_period_only,0.0
89,2876,CH_Pump_Hydro_Open,2050,1,321,321,inter_period_only,0.0
87,2877,CH_Pump_Hydro_Open,2050,1,322,322,inter_period_only,0.0
85,2878,CH_Pump_Hydro_Open,2050,1,323,323,inter_period_only,0.0
83,2879,CH_Pump_Hydro_Open,2050,1,324,324,inter_period_only,0.0
81,2880,CH_Pump_Hydro_Open,2050,1,325,325,inter_period_only,0.0
79,2881,CH_Pump_Hydro_Open,2050,1,326,326,inter_period_only,0.0
77,2882,CH_Pump_Hydro_Open,2050,1,327,327,inter_period_only,0.0
75,2883,CH_Pump_Hydro_Open,2050,1,328,328,inter_period_only,0.0
73,2884,CH_Pump_Hydro_Open,2050,1,329,329,inter_period_only,0.0
71,2885,CH_Pump_Hydro_Open,2050,1,330,330,inter_period_only,0.0
69,2886,CH_Pump_Hydro_Open,2050,1,331,331,inter_period_only,0.0
67,2887,CH_Pump_Hydro_Open,2050,1,332,332,inter_period_only,0.0
65,2888,CH_Pump_Hydro_Open,2050,1,333,333,inter_period_only,0.0
63,2889,CH_Pump_Hydro_Open,2050,1,334,334,inter_period_only,0.0
61,2890,CH_Pump_Hydro_Open,2050,1,335,335,inter_period_only,0.0
59,2891,CH_Pump_Hydro_Open,2050,1,336,336,inter_period_only,0.0
57,2892,CH_Pump_Hydro_Open,2050,1,337,337,inter_period_only,0.0
55,2893,CH_Pump_Hydro_Open,2050,1,338,338,inter_period_only,0.0
53,2894,CH_Pump_Hydro_Open,2050,1,339,339,inter_period_only,0.0
51,2895,CH_Pump_Hydro_Open,2050,1,340,340,inter_period_only,0.0
49,2896,CH_Pump_Hydro_Open,2050,1,341,341,inter_period_only,0.0
47,2897,CH_Pump_Hydro_Open,2050,1,342,342,inter_period_only,0.0
45,2898,CH_Pump_Hydro_Open,2050,1,343,343,inter_period_only,0.0
43,2899,CH_Pump_Hydro_Open,2050,1,344,344,inter_period_only,0.0
41,2900,CH_Pump_Hydro_Open,2050,1,345,345,inter_period_only,0.0
39,2901,CH_Pump_Hydro_Open,2050,1,346,346,inter_period_only,0.0
37,2902,CH_Pump_Hydro_Open,2050,1,347,347,inter_period_only,0.0
35,2903,CH_Pump_Hydro_Open,2050,1,348,348,inter_period_only,0.0
33,2904,CH_Pump_Hydro_Open,2050,1,349,349,inter_period_only,0.0
31,2905,CH_Pump_Hydro_Open,2050,1,350,350,inter_period_only,0.0
29,2906,CH_Pump_Hydro_Open,2050,1,351,351,inter_period_only,0.0
27,2907,CH_Pump_Hydro_Open,2050,1,352,352,inter_period_only,0.0
25,2908,CH_Pump_Hydro_Open,2050,1,353,353,inter_period_only,0.0
23,2909,CH_Pump_Hydro_Open,2050,1,354,354,inter_period_only,0.0
21,2910,CH_Pump_Hydro_Open,2050,1,355,355,inter_period_only,0.0
19,2911,CH_Pump_Hydro_Open,2050,1,356,356,inter_period_only,0.0
17,2912,CH_Pump_Hydro_Open,2050,1,357,357,inter_period_only,0.0
15,2913,CH_Pump_Hydro_Open,2050,1,358,358,inter_period_only,0.0
13,2914,CH_Pump_Hydro_Open,2050,1,359,359,inter_period_only,0.0
11,2915,CH_Pump_Hydro_Open,2050,1,360,360,inter_period_only,0.0
9,2916,CH_Pump_Hydro_Open,2050,1,361,361,inter_period_only,0.0
7,2917,CH_Pump_Hydro_Open,2050,1,362,362,inter_period_only,0.0
5,2918,CH_Pump_Hydro_Open,2050,1,363,363,inter_period_only,0.0
3,2919,CH_Pump_Hydro_Open,2050,1,364,364,inter_period_only,0.0
1,2920,CH_Pump_Hydro_Open,2050,1,365,365,inter_period_only,0.0
952,6206,FI_Hydro_Reservoir,2050,1,1,1,inter_period_only,0.0
949,6207,FI_Hydro_Reservoir,2050,1,2,2,inter_period_only,0.0
946,6208,FI_Hydro_Reservoir,2050,1,3,3,inter_period_only,0.0
943,6209,FI_Hydro_Reservoir,2050,1,4,4,inter_period_only,0.0
940,6210,FI_Hydro_Reservoir,2050,1,5,5,inter_period_only,0.0
937,6211,FI_Hydro_Reservoir,2050,1,6,6,inter_period_only,0.0
934,6212,FI_Hydro_Reservoir,2050,1,7,7,inter_period_only,0.0
931,6213,FI_Hydro_Reservoir,2050,1,8,8,inter_period_only,0.0
928,6214,FI_Hydro_Reservoir,2050,1,9,9,inter_period_only,0.0
925,6215,FI_Hydro_Reservoir,2050,1,10,10,inter_period_only,0.0
922,6216,FI_Hydro_Reservoir,2050,1,11,11,inter_period_only,0.0
919,6217,FI_Hydro_Reservoir,2050,1,12,12,inter_period_only,0.0
916,6218,FI_Hydro_Reservoir,2050,1,13,13,inter_period_only,0.0
913,6219,FI_Hydro_Reservoir,2050,1,14,14,inter_period_only,0.0
910,6220,FI_Hydro_Reservoir,2050,1,15,15,inter_period_only,0.0
907,6221,FI_Hydro_Reservoir,2050,1,16,16,inter_period_only,0.0
904,6222,FI_Hydro_Reservoir,2050,1,17,17,inter_period_only,0.0
901,6223,FI_Hydro_Reservoir,2050,1,18,18,inter_period_only,0.0
898,6224,FI_Hydro_Reservoir,2050,1,19,19,inter_period_only,0.0
895,6225,FI_Hydro_Reservoir,2050,1,20,20,inter_period_only,0.0
892,6226,FI_Hydro_Reservoir,2050,1,21,21,inter_period_only,0.0
889,6227,FI_Hydro_Reservoir,2050,1,22,22,inter_period_only,0.0
886,6228,FI_Hydro_Reservoir,2050,1,23,23,inter_period_only,0.0
883,6229,FI_Hydro_Reservoir,2050,1,24,24,inter_period_only,0.0
880,6230,FI_Hydro_Reservoir,2050,1,25,25,inter_period_only,0.0
877,6231,FI_Hydro_Reservoir,2050,1,26,26,inter_period_only,0.0
874,6232,FI_Hydro_Reservoir,2050,1,27,27,inter_period_only,0.0
871,6233,FI_Hydro_Reservoir,2050,1,28,28,inter_period_only,0.0
868,6234,FI_Hydro_Reservoir,2050,1,29,29,inter_period_only,0.0
865,6235,FI_Hydro_Reservoir,2050,1,30,30,inter_period_only,0.0
862,6236,FI_Hydro_Reservoir,2050,1,31,31,inter_period_only,0.0
859,6237,FI_Hydro_Reservoir,2050,1,32,32,inter_period_only,0.0
856,6238,FI_Hydro_Reservoir,2050,1,33,33,inter_period_only,0.0
853,6239,FI_Hydro_Reservoir,2050,1,34,34,inter_period_only,0.0
850,6240,FI_Hydro_Reservoir,2050,1,35,35,inter_period_only,0.0
847,6241,FI_Hydro_Reservoir,2050,1,36,36,inter_period_only,0.0
844,6242,FI_Hydro_Reservoir,2050,1,37,37,inter_period_only,0.0
841,6243,FI_Hydro_Reservoir,2050,1,38,38,inter_period_only,0.0
838,6244,FI_Hydro_Reservoir,2050,1,39,39,inter_period_only,0.0
835,6245,FI_Hydro_Reservoir,2050,1,40,40,inter_period_only,0.0
832,6246,FI_Hydro_Reservoir,2050,1,41,41,inter_period_only,0.0
829,6247,FI_Hydro_Reservoir,2050,1,42,42,inter_period_only,0.0
826,6248,FI_Hydro_Reservoir,2050,1,43,43,inter_period_only,0.0
823,6249,FI_Hydro_Reservoir,2050,1,44,44,inter_period_only,0.0
820,6250,FI_Hydro_Reservoir,2050,1,45,45,inter_period_only,0.0
817,6251,FI_Hydro_Reservoir,2050,1,46,46,inter_period_only,0.0
814,6252,FI_Hydro_Reservoir,2050,1,47,47,inter_period_only,0.0
811,6253,FI_Hydro_Reservoir,2050,1,48,48,inter_period_only,0.0
808,6254,FI_Hydro_Reservoir,2050,1,49,49,inter_period_only,0.0
805,6255,FI_Hydro_Reservoir,2050,1,50,50,inter_period_only,0.0
802,6256,FI_Hydro_Reservoir,2050,1,51,51,inter_period_only,0.0
799,6257,FI_Hydro_Reservoir,2050,1,52,52,inter_period_only,0.0
796,6258,FI_Hydro_Reservoir,2050,1,53,53,inter_period_only,0.0
793,6259,FI_Hydro_Reservoir,2050,1,54,54,inter_period_only,0.0
790,6260,FI_Hydro_Reservoir,2050,1,55,55,inter_period_only,0.0
787,6261,FI_Hydro_Reservoir,2050,1,56,56,inter_period_only,0.0
784,6262,FI_Hydro_Reservoir,2050,1,57,57,inter_period_only,0.0
781,6263,FI_Hydro_Reservoir,2050,1,58,58,inter_period_only,0.0
778,6264,FI_Hydro_Reservoir,2050,1,59,59,inter_period_only,0.0
775,6265,FI_Hydro_Reservoir,2050,1,60,60,inter_period_only,0.0
772,6266,FI_Hydro_Reservoir,2050,1,61,61,inter_period_only,0.0
769,6267,FI_Hydro_Reservoir,2050,1,62,62,inter_period_only,0.0
766,6268,FI_Hydro_Reservoir,2050,1,63,63,inter_period_only,0.0
763,6269,FI_Hydro_Reservoir,2050,1,64,64,inter_period_only,0.0
760,6270,FI_Hydro_Reservoir,2050,1,65,65,inter_period_only,0.0
757,6271,FI_Hydro_Reservoir,2050,1,66,66,inter_period_only,0.0
754,6272,FI_Hydro_Reservoir,2050,1,67,67,inter_period_only,0.0
751,6273,FI_Hydro_Reservoir,2050,1,68,68,inter_period_only,0.0
748,6274,FI_Hydro_Reservoir,2050,1,69,69,inter_period_only,0.0
745,6275,FI_Hydro_Reservoir,2050,1,70,70,inter_period_only,0.0
742,6276,FI_Hydro_Reservoir,2050,1,71,71,inter_period_only,0.0
739,6277,FI_Hydro_Reservoir,2050,1,72,72,inter_period_only,0.0
736,6278,FI_Hydro_Reservoir,2050,1,73,73,inter_period_only,0.0
733,6279,FI_Hydro_Reservoir,2050,1,74,74,inter_period_only,0.0
730,6280,FI_Hydro_Reservoir,2050,1,75,75,inter_period_only,0.0
727,6281,FI_Hydro_Reservoir,2050,1,76,76,inter_period_only,0.0
724,6282,FI_Hydro_Reservoir,2050,1,77,77,inter_period_only,0.0
721,6283,FI_Hydro_Reservoir,2050,1,78,78,inter_period_only,0.0
718,6284,FI_Hydro_Reservoir,2050,1,79,79,inter_period_only,0.0
715,6285,FI_Hydro_Reservoir,2050,1,80,80,inter_period_only,0.0
712,6286,FI_Hydro_Reservoir,2050,1,81,81,inter_period_only,0.0
709,6287,FI_Hydro_Reservoir,2050,1,82,82,inter_period_only,0.0
706,6288,FI_Hydro_Reservoir,2050,1,83,83,inter_period_only,0.0
703,6289,FI_Hydro_Reservoir,2050,1,84,84,inter_period_only,0.0
700,6290,FI_Hydro_Reservoir,2050,1,85,85,inter_period_only,0.0
697,6291,FI_Hydro_Reservoir,2050,1,86,86,inter_period_only,0.0
694,6292,FI_Hydro_Reservoir,2050,1,87,87,inter_period_only,0.0
691,6293,FI_Hydro_Reservoir,2050,1,88,88,inter_period_only,0.0
688,6294,FI_Hydro_Reservoir,2050,1,89,89,inter_period_only,0.0
685,6295,FI_Hydro_Reservoir,2050,1,90,90,inter_period_only,0.0
682,6296,FI_Hydro_Reservoir,2050,1,91,91,inter_period_only,0.0
679,6297,FI_Hydro_Reservoir,2050,1,92,92,inter_period_only,0.0
676,6298,FI_Hydro_Reservoir,2050,1,93,93,inter_period_only,0.0
673,6299,FI_Hydro_Reservoir,2050,1,94,94,inter_period_only,0.0
670,6300,FI_Hydro_Reservoir,2050,1,95,95,inter_period_only,0.0
667,6301,FI_Hydro_Reservoir,2050,1,96,96,inter_period_only,0.0
664,6302,FI_Hydro_Reservoir,2050,1,97,97,inter_period_only,0.0
661,6303,FI_Hydro_Reservoir,2050,1,98,98,inter_period_only,0.0
658,6304,FI_Hydro_Reservoir,2050,1,99,99,inter_period_only,0.0
655,6305,FI_Hydro_Reservoir,2050,1,100,100,inter_period_only,0.0
652,6306,FI_Hydro_Reservoir,2050,1,101,101,inter_period_only,0.0
649,6307,FI_Hydro_Reservoir,2050,1,102,102,inter_period_only,0.0
646,6308,FI_Hydro_Reservoir,2050,1,103,103,inter_period_only,0.0
643,6309,FI_Hydro_Reservoir,2050,1,104,104,inter_period_only,0.0
640,6310,FI_Hydro_Reservoir,2050,1,105,105,inter_period_only,0.0
637,6311,FI_Hydro_Reservoir,2050,1,106,106,inter_period_only,0.0
634,6312,FI_Hydro_Reservoir,2050,1,107,107,inter_period_only,0.0
631,6313,FI_Hydro_Reservoir,2050,1,108,108,inter_period_only,0.0
628,6314,FI_Hydro_Reservoir,2050,1,109,109,inter_period_only,0.0
625,6315,FI_Hydro_Reservoir,2050,1,110,110,inter_period_only,0.0
622,6316,FI_Hydro_Reservoir,2050,1,111,111,inter_period_only,0.0
619,6317,FI_Hydro_Reservoir,2050,1,112,112,inter_period_only,0.0
616,6318,FI_Hydro_Reservoir,2050,1,113,113,inter_period_only,0.0
613,6319,FI_Hydro_Reservoir,2050,1,114,114,inter_period_only,0.0
610,6320,FI_Hydro_Reservoir,2050,1,115,115,inter_period_only,0.0
607,6321,FI_Hydro_Reservoir,2050,1,116,116,inter_period_only,0.0
604,6322,FI_Hydro_Reservoir,2050,1,117,117,inter_period_only,0.0
601,6323,FI_Hydro_Reservoir,2050,1,118,118,inter_period_only,0.0
598,6324,FI_Hydro_Reservoir,2050,1,119,119,inter_period_only,0.0
595,6325,FI_Hydro_Reservoir,2050,1,120,120,inter_period_only,0.0
592,6326,FI_Hydro_Reservoir,2050,1,121,121,inter_period_only,0.0
589,6327,FI_Hydro_Reservoir,2050,1,122,122,inter_period_only,0.0
586,6328,FI_Hydro_Reservoir,2050,1,123,123,inter_period_only,0.0
583,6329,FI_Hydro_Reservoir,2050,1,124,124,inter_period_only,0.0
580,6330,FI_Hydro_Reservoir,2050,1,125,125,inter_period_only,0.0
577,6331,FI_Hydro_Reservoir,2050,1,126,126,inter_period_only,0.0
574,6332,FI_Hydro_Reservoir,2050,1,127,127,inter_period_only,0.0
571,6333,FI_Hydro_Reservoir,2050,1,128,128,inter_period_only,0.0
568,6334,FI_Hydro_Reservoir,2050,1,129,129,inter_period_only,0.0
565,6335,FI_Hydro_Reservoir,2050,1,130,130,inter_period_only,0.0
562,6336,FI_Hydro_Reservoir,2050,1,131,131,inter_period_only,0.0
559,6337,FI_Hydro_Reservoir,2050,1,132,132,inter_period_only,0.0
556,6338,FI_Hydro_Reservoir,2050,1,133,133,inter_period_only,0.0
553,6339,FI_Hydro_Reservoir,2050,1,134,134,inter_period_only,0.0
550,6340,FI_Hydro_Reservoir,2050,1,135,135,inter_period_only,0.0
547,6341,FI_Hydro_Reservoir,2050,1,136,136,inter_period_only,0.0
544,6342,FI_Hydro_Reservoir,2050,1,137,137,inter_period_only,0.0
541,6343,FI_Hydro_Reservoir,2050,1,138,138,inter_period_only,0.0
538,6344,FI_Hydro_Reservoir,2050,1,139,139,inter_period_only,0.0
535,6345,FI_Hydro_Reservoir,2050,1,140,140,inter_period_only,0.0
532,6346,FI_Hydro_Reservoir,2050,1,141,141,inter_period_only,0.0
529,6347,FI_Hydro_Reservoir,2050,1,142,142,inter_period_only,0.0
526,6348,FI_Hydro_Reservoir,2050,1,143,143,inter_period_only,0.0
523,6349,FI_Hydro_Reservoir,2050,1,144,144,inter_period_only,0.0
520,6350,FI_Hydro_Reservoir,2050,1,145,145,inter_period_only,0.0
517,6351,FI_Hydro_Reservoir,2050,1,146,146,inter_period_only,0.0
514,6352,FI_Hydro_Reservoir,2050,1,147,147,inter_period_only,0.0
511,6353,FI_Hydro_Reservoir,2050,1,148,148,inter_period_only,0.0
508,6354,FI_Hydro_Reservoir,2050,1,149,149,inter_period_only,0.0
505,6355,FI_Hydro_Reservoir,2050,1,150,150,inter_period_only,0.0
502,6356,FI_Hydro_Reservoir,2050,1,151,151,inter_period_only,0.0
499,6357,FI_Hydro_Reservoir,2050,1,152,152,inter_period_only,0.0
496,6358,FI_Hydro_Reservoir,2050,1,153,153,inter_period_only,0.0
493,6359,FI_Hydro_Reservoir,2050,1,154,154,inter_period_only,0.0
490,6360,FI_Hydro_Reservoir,2050,1,155,155,inter_period_only,0.0
487,6361,FI_Hydro_Reservoir,2050,1,156,156,inter_period_only,0.0
484,6362,FI_Hydro_Reservoir,2050,1,157,157,inter_period_only,0.0
481,6363,FI_Hydro_Reservoir,2050,1,158,158,inter_period_only,0.0
478,6364,FI_Hydro_Reservoir,2050,1,159,159,inter_period_only,0.0
475,6365,FI_Hydro_Reservoir,2050,1,160,160,inter_period_only,0.0
472,6366,FI_Hydro_Reservoir,2050,1,161,161,inter_period_only,0.0
469,6367,FI_Hydro_Reservoir,2050,1,162,162,inter_period_only,-0.0
466,6368,FI_Hydro_Reservoir,2050,1,163,163,inter_period_only,0.0
463,6369,FI_Hydro_Reservoir,2050,1,164,164,inter_period_only,0.0
460,6370,FI_Hydro_Reservoir,2050,1,165,165,inter_period_only,0.0
457,6371,FI_Hydro_Reservoir,2050,1,166,166,inter_period_only,0.0
454,6372,FI_Hydro_Reservoir,2050,1,167,167,inter_period_only,0.0
451,6373,FI_Hydro_Reservoir,2050,1,168,168,inter_period_only,0.0
448,6374,FI_Hydro_Reservoir,2050,1,169,169,inter_period_only,0.0
445,6375,FI_Hydro_Reservoir,2050,1,170,170,inter_period_only,0.0
442,6376,FI_Hydro_Reservoir,2050,1,171,171,inter_period_only,0.0
439,6377,FI_Hydro_Reservoir,2050,1,172,172,inter_period_only,0.0
436,6378,FI_Hydro_Reservoir,2050,1,173,173,inter_period_only,0.0
433,6379,FI_Hydro_Reservoir,2050,1,174,174,inter_period_only,0.0
430,6380,FI_Hydro_Reservoir,2050,1,175,175,inter_period_only,0.0
427,6381,FI_Hydro_Reservoir,2050,1,176,176,inter_period_only,0.0
424,6382,FI_Hydro_Reservoir,2050,1,177,177,inter_period_only,0.0
421,6383,FI_Hydro_Reservoir,2050,1,178,178,inter_period_only,0.0
418,6384,FI_Hydro_Reservoir,2050,1,179,179,inter_period_only,0.0
415,6385,FI_Hydro_Reservoir,2050,1,180,180,inter_period_only,0.0
412,6386,FI_Hydro_Reservoir,2050,1,181,181,inter_period_only,0.0
409,6387,FI_Hydro_Reservoir,2050,1,182,182,inter_period_only,0.0
406,6388,FI_Hydro_Reservoir,2050,1,183,183,inter_period_only,0.0
403,6389,FI_Hydro_Reservoir,2050,1,184,184,inter_period_only,0.0
400,6390,FI_Hydro_Reservoir,2050,1,185,185,inter_period_only,0.0
397,6391,FI_Hydro_Reservoir,2050,1,186,186,inter_period_only,0.0
394,6392,FI_Hydro_Reservoir,2050,1,187,187,inter_period_only,0.0
391,6393,FI_Hydro_Reservoir,2050,1,188,188,inter_period_only,0.0
388,6394,FI_Hydro_Reservoir,2050,1,189,189,inter_period_only,0.0
385,6395,FI_Hydro_Reservoir,2050,1,190,190,inter_period_only,0.0
382,6396,FI_Hydro_Reservoir,2050,1,191,191,inter_period_only,0.0
379,6397,FI_Hydro_Reservoir,2050,1,192,192,inter_period_only,0.0
376,6398,FI_Hydro_Reservoir,2050,1,193,193,inter_period_only,0.0
373,6399,FI_Hydro_Reservoir,2050,1,194,194,inter_period_only,0.0
370,6400,FI_Hydro_Reservoir,2050,1,195,195,inter_period_only,0.0
367,6401,FI_Hydro_Reservoir,2050,1,196,196,inter_period_only,0.0
364,6402,FI_Hydro_Reservoir,2050,1,197,197,inter_period_only,0.0
361,6403,FI_Hydro_Reservoir,2050,1,198,198,inter_period_only,0.0
358,6404,FI_Hydro_Reservoir,2050,1,199,199,inter_period_only,0.0
355,6405,FI_Hydro_Reservoir,2050,1,200,200,inter_period_only,0.0
352,6406,FI_Hydro_Reservoir,2050,1,201,201,inter_period_only,0.0
349,6407,FI_Hydro_Reservoir,2050,1,202,202,inter_period_only,0.0
346,6408,FI_Hydro_Reservoir,2050,1,203,203,inter_period_only,0.0
343,6409,FI_Hydro_Reservoir,2050,1,204,204,inter_period_only,0.0
340,6410,FI_Hydro_Reservoir,2050,1,205,205,inter_period_only,0.0
337,6411,FI_Hydro_Reservoir,2050,1,206,206,inter_period_only,0.0
334,6412,FI_Hydro_Reservoir,2050,1,207,207,inter_period_only,0.0
331,6413,FI_Hydro_Reservoir,2050,1,208,208,inter_period_only,0.0
328,6414,FI_Hydro_Reservoir,2050,1,209,209,inter_period_only,0.0
325,6415,FI_Hydro_Reservoir,2050,1,210,210,inter_period_only,0.0
322,6416,FI_Hydro_Reservoir,2050,1,211,211,inter_period_only,0.0
319,6417,FI_Hydro_Reservoir,2050,1,212,212,inter_period_only,0.0
316,6418,FI_Hydro_Reservoir,2050,1,213,213,inter_period_only,0.0
313,6419,FI_Hydro_Reservoir,2050,1,214,214,inter_period_only,0.0
310,6420,FI_Hydro_Reservoir,2050,1,215,215,inter_period_only,0.0
307,6421,FI_Hydro_Reservoir,2050,1,216,216,inter_period_only,0.0
304,6422,FI_Hydro_Reservoir,2050,1,217,217,inter_period_only,0.0
301,6423,FI_Hydro_Reservoir,2050,1,218,218,inter_period_only,0.0
298,6424,FI_Hydro_Reservoir,2050,1,219,219,inter_period_only,0.0
295,6425,FI_Hydro_Reservoir,2050,1,220,220,inter_period_only,0.0
292,6426,FI_Hydro_Reservoir,2050,1,221,221,inter_period_only,0.0
289,6427,FI_Hydro_Reservoir,2050,1,222,222,inter_period_only,0.0
286,6428,FI_Hydro_Reservoir,2050,1,223,223,inter_period_only,0.0
284,6429,FI_Hydro_Reservoir,2050,1,224,224,inter_period_only,0.0
282,6430,FI_Hydro_Reservoir,2050,1,225,225,inter_period_only,0.0
280,6431,FI_Hydro_Reservoir,2050,1,226,226,inter_period_only,0.0
278,6432,FI_Hydro_Reservoir,2050,1,227,227,inter_period_only,0.0
276,6433,FI_Hydro_Reservoir,2050,1,228,228,inter_period_only,0.0
274,6434,FI_Hydro_Reservoir,2050,1,229,229,inter_period_only,0.0
272,6435,FI_Hydro_Reservoir,2050,1,230,230,inter_period_only,0.0
270,6436,FI_Hydro_Reservoir,2050,1,231,231,inter_period_only,0.0
268,6437,FI_Hydro_Reservoir,2050,1,232,232,inter_period_only,0.0
266,6438,FI_Hydro_Reservoir,2050,1,233,233,inter_period_only,0.0
264,6439,FI_Hydro_Reservoir,2050,1,234,234,inter_period_only,0.0
262,6440,FI_Hydro_Reservoir,2050,1,235,235,inter_period_only,0.0
260,6441,FI_Hydro_Reservoir,2050,1,236,236,inter_period_only,0.0
258,6442,FI_Hydro_Reservoir,2050,1,237,237,inter_period_only,0.0
256,6443,FI_Hydro_Reservoir,2050,1,238,238,inter_period_only,0.0
254,6444,FI_Hydro_Reservoir,2050,1,239,239,inter_period_only,0.0
252,6445,FI_Hydro_Reservoir,2050,1,240,240,inter_period_only,0.0
250,6446,FI_Hydro_Reservoir,2050,1,241,241,inter_period_only,0.0
248,6447,FI_Hydro_Reservoir,2050,1,242,242,inter_period_only,0.0
246,6448,FI_Hydro_Reservoir,2050,1,243,243,inter_period_only,0.0
244,6449,FI_Hydro_Reservoir,2050,1,244,244,inter_period_only,0.0
242,6450,FI_Hydro_Reservoir,2050,1,245,245,inter_period_only,0.0
240,6451,FI_Hydro_Reservoir,2050,1,246,246,inter_period_only,0.0
238,6452,FI_Hydro_Reservoir,2050,1,247,247,inter_period_only,0.0
236,6453,FI_Hydro_Reservoir,2050,1,248,248,inter_period_only,0.0
234,6454,FI_Hydro_Reservoir,2050,1,249,249,inter_period_only,0.0
232,6455,FI_Hydro_Reservoir,2050,1,250,250,inter_period_only,0.0
230,6456,FI_Hydro_Reservoir,2050,1,251,251,inter_period_only,0.0
228,6457,FI_Hydro_Reservoir,2050,1,252,252,inter_period_only,0.0
226,6458,FI_Hydro_Reservoir,2050,1,253,253,inter_period_only,0.0
224,6459,FI_Hydro_Reservoir,2050,1,254,254,inter_period_only,0.0
222,6460,FI_Hydro_Reservoir,2050,1,255,255,inter_period_only,0.0
220,6461,FI_Hydro_Reservoir,2050,1,256,256,inter_period_only,0.0
218,6462,FI_Hydro_Reservoir,2050,1,257,257,inter_period_only,0.0
216,6463,FI_Hydro_Reservoir,2050,1,258,258,inter_period_only,0.0
214,6464,FI_Hydro_Reservoir,2050,1,259,259,inter_period_only,0.0
212,6465,FI_Hydro_Reservoir,2050,1,260,260,inter_period_only,0.0
210,6466,FI_Hydro_Reservoir,2050,1,261,261,inter_period_only,0.0
208,6467,FI_Hydro_Reservoir,2050,1,262,262,inter_period_only,0.0
206,6468,FI_Hydro_Reservoir,2050,1,263,263,inter_period_only,0.0
204,6469,FI_Hydro_Reservoir,2050,1,264,264,inter_period_only,0.0
202,6470,FI_Hydro_Reservoir,2050,1,265,265,inter_period_only,0.0
200,6471,FI_Hydro_Reservoir,2050,1,266,266,inter_period_only,0.0
198,6472,FI_Hydro_Reservoir,2050,1,267,267,inter_period_only,0.0
196,6473,FI_Hydro_Reservoir,2050,1,268,268,inter_period_only,0.0
194,6474,FI_Hydro_Reservoir,2050,1,269,269,inter_period_only,0.0
192,6475,FI_Hydro_Reservoir,2050,1,270,270,inter_period_only,0.0
190,6476,FI_Hydro_Reservoir,2050,1,271,271,inter_period_only,0.0
188,6477,FI_Hydro_Reservoir,2050,1,272,272,inter_period_only,0.0
186,6478,FI_Hydro_Reservoir,2050,1,273,273,inter_period_only,0.0
184,6479,FI_Hydro_Reservoir,2050,1,274,274,inter_period_only,0.0
182,6480,FI_Hydro_Reservoir,2050,1,275,275,inter_period_only,0.0
180,6481,FI_Hydro_Reservoir,2050,1,276,276,inter_period_only,0.0
178,6482,FI_Hydro_Reservoir,2050,1,277,277,inter_period_only,0.0
176,6483,FI_Hydro_Reservoir,2050,1,278,278,inter_period_only,0.0
174,6484,FI_Hydro_Reservoir,2050,1,279,279,inter_period_only,0.0
172,6485,FI_Hydro_Reservoir,2050,1,280,280,inter_period_only,0.0
170,6486,FI_Hydro_Reservoir,2050,1,281,281,inter_period_only,0.0
168,6487,FI_Hydro_Reservoir,2050,1,282,282,inter_period_only,0.0
166,6488,FI_Hydro_Reservoir,2050,1,283,283,inter_period_only,0.0
164,6489,FI_Hydro_Reservoir,2050,1,284,284,inter_period_only,0.0
162,6490,FI_Hydro_Reservoir,2050,1,285,285,inter_period_only,0.0
160,6491,FI_Hydro_Reservoir,2050,1,286,286,inter_period_only,0.0
158,6492,FI_Hydro_Reservoir,2050,1,287,287,inter_period_only,0.0
156,6493,FI_Hydro_Reservoir,2050,1,288,288,inter_period_only,0.0
154,6494,FI_Hydro_Reservoir,2050,1,289,289,inter_period_only,0.0
152,6495,FI_Hydro_Reservoir,2050,1,290,290,inter_period_only,0.0
150,6496,FI_Hydro_Reservoir,2050,1,291,291,inter_period_only,0.0
148,6497,FI_Hydro_Reservoir,2050,1,292,292,inter_period_only,0.0
146,6498,FI_Hydro_Reservoir,2050,1,293,293,inter_period_only,0.0
144,6499,FI_Hydro_Reservoir,2050,1,294,294,inter_period_only,0.0
142,6500,FI_Hydro_Reservoir,2050,1,295,295,inter_period_only,0.0
140,6501,FI_Hydro_Reservoir,2050,1,296,296,inter_period_only,0.0
138,6502,FI_Hydro_Reservoir,2050,1,297,297,inter_period_only,0.0
136,6503,FI_Hydro_Reservoir,2050,1,298,298,inter_period_only,0.0
134,6504,FI_Hydro_Reservoir,2050,1,299,299,inter_period_only,0.0
132,6505,FI_Hydro_Reservoir,2050,1,300,300,inter_period_only,0.0
130,6506,FI_Hydro_Reservoir,2050,1,301,301,inter_period_only,0.0
128,6507,FI_Hydro_Reservoir,2050,1,302,302,inter_period_only,0.0
126,6508,FI_Hydro_Reservoir,2050,1,303,303,inter_period_only,0.0
124,6509,FI_Hydro_Reservoir,2050,1,304,304,inter_period_only,0.0
122,6510,FI_Hydro_Reservoir,2050,1,305,305,inter_period_only,0.0
120,6511,FI_Hydro_Reservoir,2050,1,306,306,inter_period_only,0.0
118,6512,FI_Hydro_Reservoir,2050,1,307,307,inter_period_only,0.0
116,6513,FI_Hydro_Reservoir,2050,1,308,308,inter_period_only,0.0
114,6514,FI_Hydro_Reservoir,2050,1,309,309,inter_period_only,0.0
112,6515,FI_Hydro_Reservoir,2050,1,310,310,inter_period_only,0.0
110,6516,FI_Hydro_Reservoir,2050,1,311,311,inter_period_only,0.0
108,6517,FI_Hydro_Reservoir,2050,1,312,312,inter_period_only,0.0
106,6518,FI_Hydro_Reservoir,2050,1,313,313,inter_period_only,0.0
104,6519,FI_Hydro_Reservoir,2050,1,314,314,inter_period_only,0.0
102,6520,FI_Hydro_Reservoir,2050,1,315,315,inter_period_only,0.0
100,6521,FI_Hydro_Reservoir,2050,1,316,316,inter_period_only,0.0
98,6522,FI_Hydro_Reservoir,2050,1,317,317,inter_period_only,0.0
96,6523,FI_Hydro_Reservoir,2050,1,318,318,inter_period_only,0.0
94,6524,FI_Hydro_Reservoir,2050,1,319,319,inter_period_only,0.0
92,6525,FI_Hydro_Reservoir,2050,1,320,320,inter_period_only,0.0
90,6526,FI_Hydro_Reservoir,2050,1,321,321,inter_period_only,0.0
88,6527,FI_Hydro_Reservoir,2050,1,322,322,inter_period_only,0.0
86,6528,FI_Hydro_Reservoir,2050,1,323,323,inter_period_only,0.0
84,6529,FI_Hydro_Reservoir,2050,1,324,324,inter_period_only,0.0
82,6530,FI_Hydro_Reservoir,2050,1,325,325,inter_period_only,0.0
80,6531,FI_Hydro_Reservoir,2050,1,326,326,inter_period_only,0.0
78,6532,FI_Hydro_Reservoir,2050,1,327,327,inter_period_only,0.0
76,6533,FI_Hydro_Reservoir,2050,1,328,328,inter_period_only,0.0
74,6534,FI_Hydro_Reservoir,2050,1,329,329,inter_period_only,0.0
72,6535,FI_Hydro_Reservoir,2050,1,330,330,inter_period_only,0.0
70,6536,FI_Hydro_Reservoir,2050,1,331,331,inter_period_only,0.0
68,6537,FI_Hydro_Reservoir,2050,1,332,332,inter_period_only,0.0
66,6538,FI_Hydro_Reservoir,2050,1,333,333,inter_period_only,0.0
64,6539,FI_Hydro_Reservoir,2050,1,334,334,inter_period_only,0.0
62,6540,FI_Hydro_Reservoir,2050,1,335,335,inter_period_only,0.0
60,6541,FI_Hydro_Reservoir,2050,1,336,336,inter_period_only,0.0
58,6542,FI_Hydro_Reservoir,2050,1,337,337,inter_period_only,0.0
56,6543,FI_Hydro_Reservoir,2050,1,338,338,inter_period_only,0.0
54,6544,FI_Hydro_Reservoir,2050,1,339,339,inter_period_only,0.0
52,6545,FI_Hydro_Reservoir,2050,1,340,340,inter_period_only,0.0
50,6546,FI_Hydro_Reservoir,2050,1,341,341,inter_period_only,0.0
48,6547,FI_Hydro_Reservoir,2050,1,342,342,inter_period_only,0.0
46,6548,FI_Hydro_Reservoir,2050,1,343,343,inter_period_only,0.0
44,6549,FI_Hydro_Reservoir,2050,1,344,344,inter_period_only,0.0
42,6550,FI_Hydro_Reservoir,2050,1,345,345,inter_period_only,0.0
40,6551,FI_Hydro_Reservoir,2050,1,346,346,inter_period_only,0.0
38,6552,FI_Hydro_Reservoir,2050,1,347,347,inter_period_only,0.0
36,6553,FI_Hydro_Reservoir,2050,1,348,348,inter_period_only,0.0
34,6554,FI_Hydro_Reservoir,2050,1,349,349,inter_period_only,0.0
32,6555,FI_Hydro_Reservoir,2050,1,350,350,inter_period_only,0.0
30,6556,FI_Hydro_Reservoir,2050,1,351,351,inter_period_only,0.0
28,6557,FI_Hydro_Reservoir,2050,1,352,352,inter_period_only,0.0
26,6558,FI_Hydro_Reservoir,2050,1,353,353,inter_period_only,0.0
24,6559,FI_Hydro_Reservoir,2050,1,354,354,inter_period_only,0.0
22,6560,FI_Hydro_Reservoir,2050,1,355,355,inter_period_only,0.0
20,6561,FI_Hydro_Reservoir,2050,1,356,356,inter_period_only,0.0
18,6562,FI_Hydro_Reservoir,2050,1,357,357,inter_period_only,0.0
16,6563,FI_Hydro_Reservoir,2050,1,358,358,inter_period_only,0.0
14,6564,FI_Hydro_Reservoir,2050,1,359,359,inter_period_only,0.0
12,6565,FI_Hydro_Reservoir,2050,1,360,360,inter_period_only,0.0
10,6566,FI_Hydro_Reservoir,2050,1,361,361,inter_period_only,0.0
8,6567,FI_Hydro_Reservoir,2050,1,362,362,inter_period_only,0.0
6,6568,FI_Hydro_Reservoir,2050,1,363,363,inter_period_only,0.0
4,6569,FI_Hydro_Reservoir,2050,1,364,364,inter_period_only,0.0
2,6570,FI_Hydro_Reservoir,2050,1,365,365,inter_period_only,0.0
953,6571,FR_Hydro_Reservoir,2050,1,1,1,inter_period_only,0.0
950,6572,FR_Hydro_Reservoir,2050,1,2,2,inter_period_only,0.0
947,6573,FR_Hydro_Reservoir,2050,1,3,3,inter_period_only,0.0
944,6574,FR_Hydro_Reservoir,2050,1,4,4,inter_period_only,0.0
941,6575,FR_Hydro_Reservoir,2050,1,5,5,inter_period_only,0.0
938,6576,FR_Hydro_Reservoir,2050,1,6,6,inter_period_only,0.0
935,6577,FR_Hydro_Reservoir,2050,1,7,7,inter_period_only,0.0
932,6578,FR_Hydro_Reservoir,2050,1,8,8,inter_period_only,0.0
929,6579,FR_Hydro_Reservoir,2050,1,9,9,inter_period_only,0.0
926,6580,FR_Hydro_Reservoir,2050,1,10,10,inter_period_only,0.0
923,6581,FR_Hydro_Reservoir,2050,1,11,11,inter_period_only,0.0
920,6582,FR_Hydro_Reservoir,2050,1,12,12,inter_period_only,0.0
917,6583,FR_Hydro_Reservoir,2050,1,13,13,inter_period_only,0.0
914,6584,FR_Hydro_Reservoir,2050,1,14,14,inter_period_only,0.0
911,6585,FR_Hydro_Reservoir,2050,1,15,15,inter_period_only,0.0
908,6586,FR_Hydro_Reservoir,2050,1,16,16,inter_period_only,0.0
905,6587,FR_Hydro_Reservoir,2050,1,17,17,inter_period_only,0.0
902,6588,FR_Hydro_Reservoir,2050,1,18,18,inter_period_only,0.0
899,6589,FR_Hydro_Reservoir,2050,1,19,19,inter_period_only,0.0
896,6590,FR_Hydro_Reservoir,2050,1,20,20,inter_period_only,0.0
893,6591,FR_Hydro_Reservoir,2050,1,21,21,inter_period_only,0.0
890,6592,FR_Hydro_Reservoir,2050,1,22,22,inter_period_only,0.0
887,6593,FR_Hydro_Reservoir,2050,1,23,23,inter_period_only,0.0
884,6594,FR_Hydro_Reservoir,2050,1,24,24,inter_period_only,0.0
881,6595,FR_Hydro_Reservoir,2050,1,25,25,inter_period_only,0.0
878,6596,FR_Hydro_Reservoir,2050,1,26,26,inter_period_only,0.0
875,6597,FR_Hydro_Reservoir,2050,1,27,27,inter_period_only,0.0
872,6598,FR_Hydro_Reservoir,2050,1,28,28,inter_period_only,0.0
869,6599,FR_Hydro_Reservoir,2050,1,29,29,inter_period_only,0.0
866,6600,FR_Hydro_Reservoir,2050,1,30,30,inter_period_only,0.0
863,6601,FR_Hydro_Reservoir,2050,1,31,31,inter_period_only,0.0
860,6602,FR_Hydro_Reservoir,2050,1,32,32,inter_period_only,0.0
857,6603,FR_Hydro_Reservoir,2050,1,33,33,inter_period_only,0.0
854,6604,FR_Hydro_Reservoir,2050,1,34,34,inter_period_only,0.0
851,6605,FR_Hydro_Reservoir,2050,1,35,35,inter_period_only,0.0
848,6606,FR_Hydro_Reservoir,2050,1,36,36,inter_period_only,0.0
845,6607,FR_Hydro_Reservoir,2050,1,37,37,inter_period_only,0.0
842,6608,FR_Hydro_Reservoir,2050,1,38,38,inter_period_only,0.0
839,6609,FR_Hydro_Reservoir,2050,1,39,39,inter_period_only,0.0
836,6610,FR_Hydro_Reservoir,2050,1,40,40,inter_period_only,0.0
833,6611,FR_Hydro_Reservoir,2050,1,41,41,inter_period_only,0.0
830,6612,FR_Hydro_Reservoir,2050,1,42,42,inter_period_only,0.0
827,6613,FR_Hydro_Reservoir,2050,1,43,43,inter_period_only,0.0
824,6614,FR_Hydro_Reservoir,2050,1,44,44,inter_period_only,0.0
821,6615,FR_Hydro_Reservoir,2050,1,45,45,inter_period_only,0.0
818,6616,FR_Hydro_Reservoir,2050,1,46,46,inter_period_only,0.0
815,6617,FR_Hydro_Reservoir,2050,1,47,47,inter_period_only,0.0
812,6618,FR_Hydro_Reservoir,2050,1,48,48,inter_period_only,0.0
809,6619,FR_Hydro_Reservoir,2050,1,49,49,inter_period_only,0.0
806,6620,FR_Hydro_Reservoir,2050,1,50,50,inter_period_only,0.0
803,6621,FR_Hydro_Reservoir,2050,1,51,51,inter_period_only,0.0
800,6622,FR_Hydro_Reservoir,2050,1,52,52,inter_period_only,0.0
797,6623,FR_Hydro_Reservoir,2050,1,53,53,inter_period_only,0.0
794,6624,FR_Hydro_Reservoir,2050,1,54,54,inter_period_only,0.0
791,6625,FR_Hydro_Reservoir,2050,1,55,55,inter_period_only,0.0
788,6626,FR_Hydro_Reservoir,2050,1,56,56,inter_period_only,0.0
785,6627,FR_Hydro_Reservoir,2050,1,57,57,inter_period_only,0.0
782,6628,FR_Hydro_Reservoir,2050,1,58,58,inter_period_only,0.0
779,6629,FR_Hydro_Reservoir,2050,1,59,59,inter_period_only,0.0
776,6630,FR_Hydro_Reservoir,2050,1,60,60,inter_period_only,0.0
773,6631,FR_Hydro_Reservoir,2050,1,61,61,inter_period_only,0.0
770,6632,FR_Hydro_Reservoir,2050,1,62,62,inter_period_only,0.0
767,6633,FR_Hydro_Reservoir,2050,1,63,63,inter_period_only,0.0
764,6634,FR_Hydro_Reservoir,2050,1,64,64,inter_period_only,0.0
761,6635,FR_Hydro_Reservoir,2050,1,65,65,inter_period_only,0.0
758,6636,FR_Hydro_Reservoir,2050,1,66,66,inter_period_only,0.0
755,6637,FR_Hydro_Reservoir,2050,1,67,67,inter_period_only,0.0
752,6638,FR_Hydro_Reservoir,2050,1,68,68,inter_period_only,0.0
749,6639,FR_Hydro_Reservoir,2050,1,69,69,inter_period_only,0.0
746,6640,FR_Hydro_Reservoir,2050,1,70,70,inter_period_only,0.0
743,6641,FR_Hydro_Reservoir,2050,1,71,71,inter_period_only,0.0
740,6642,FR_Hydro_Reservoir,2050,1,72,72,inter_period_only,0.0
737,6643,FR_Hydro_Reservoir,2050,1,73,73,inter_period_only,0.0
734,6644,FR_Hydro_Reservoir,2050,1,74,74,inter_period_only,0.0
731,6645,FR_Hydro_Reservoir,2050,1,75,75,inter_period_only,0.0
728,6646,FR_Hydro_Reservoir,2050,1,76,76,inter_period_only,0.0
725,6647,FR_Hydro_Reservoir,2050,1,77,77,inter_period_only,0.0
722,6648,FR_Hydro_Reservoir,2050,1,78,78,inter_period_only,0.0
719,6649,FR_Hydro_Reservoir,2050,1,79,79,inter_period_only,0.0
716,6650,FR_Hydro_Reservoir,2050,1,80,80,inter_period_only,0.0
713,6651,FR_Hydro_Reservoir,2050,1,81,81,inter_period_only,0.0
710,6652,FR_Hydro_Reservoir,2050,1,82,82,inter_period_only,0.0
707,6653,FR_Hydro_Reservoir,2050,1,83,83,inter_period_only,0.0
704,6654,FR_Hydro_Reservoir,2050,1,84,84,inter_period_only,0.0
701,6655,FR_Hydro_Reservoir,2050,1,85,85,inter_period_only,0.0
698,6656,FR_Hydro_Reservoir,2050,1,86,86,inter_period_only,0.0
695,6657,FR_Hydro_Reservoir,2050,1,87,87,inter_period_only,0.0
692,6658,FR_Hydro_Reservoir,2050,1,88,88,inter_period_only,0.0
689,6659,FR_Hydro_Reservoir,2050,1,89,89,inter_period_only,0.0
686,6660,FR_Hydro_Reservoir,2050,1,90,90,inter_period_only,0.0
683,6661,FR_Hydro_Reservoir,2050,1,91,91,inter_period_only,0.0
680,6662,FR_Hydro_Reservoir,2050,1,92,92,inter_period_only,0.0
677,6663,FR_Hydro_Reservoir,2050,1,93,93,inter_period_only,0.0
674,6664,FR_Hydro_Reservoir,2050,1,94,94,inter_period_only,0.0
671,6665,FR_Hydro_Reservoir,2050,1,95,95,inter_period_only,0.0
668,6666,FR_Hydro_Reservoir,2050,1,96,96,inter_period_only,0.0
665,6667,FR_Hydro_Reservoir,2050,1,97,97,inter_period_only,0.0
662,6668,FR_Hydro_Reservoir,2050,1,98,98,inter_period_only,0.0
659,6669,FR_Hydro_Reservoir,2050,1,99,99,inter_period_only,0.0
656,6670,FR_Hydro_Reservoir,2050,1,100,100,inter_period_only,0.0
653,6671,FR_Hydro_Reservoir,2050,1,101,101,inter_period_only,0.0
650,6672,FR_Hydro_Reservoir,2050,1,102,102,inter_period_only,0.0
647,6673,FR_Hydro_Reservoir,2050,1,103,103,inter_period_only,0.0
644,6674,FR_Hydro_Reservoir,2050,1,104,104,inter_period_only,0.0
641,6675,FR_Hydro_Reservoir,2050,1,105,105,inter_period_only,0.0
638,6676,FR_Hydro_Reservoir,2050,1,106,106,inter_period_only,0.0
635,6677,FR_Hydro_Reservoir,2050,1,107,107,inter_period_only,0.0
632,6678,FR_Hydro_Reservoir,2050,1,108,108,inter_period_only,0.0
629,6679,FR_Hydro_Reservoir,2050,1,109,109,inter_period_only,0.0
626,6680,FR_Hydro_Reservoir,2050,1,110,110,inter_period_only,0.0
623,6681,FR_Hydro_Reservoir,2050,1,111,111,inter_period_only,0.0
620,6682,FR_Hydro_Reservoir,2050,1,112,112,inter_period_only,0.0
617,6683,FR_Hydro_Reservoir,2050,1,113,113,inter_period_only,0.0
614,6684,FR_Hydro_Reservoir,2050,1,114,114,inter_period_only,0.0
611,6685,FR_Hydro_Reservoir,2050,1,115,115,inter_period_only,0.0
608,6686,FR_Hydro_Reservoir,2050,1,116,116,inter_period_only,0.0
605,6687,FR_Hydro_Reservoir,2050,1,117,117,inter_period_only,0.0
602,6688,FR_Hydro_Reservoir,2050,1,118,118,inter_period_only,0.0
599,6689,FR_Hydro_Reservoir,2050,1,119,119,inter_period_only,0.0
596,6690,FR_Hydro_Reservoir,2050,1,120,120,inter_period_only,0.0
593,6691,FR_Hydro_Reservoir,2050,1,121,121,inter_period_only,0.0
590,6692,FR_Hydro_Reservoir,2050,1,122,122,inter_period_only,0.0
587,6693,FR_Hydro_Reservoir,2050,1,123,123,inter_period_only,0.0
584,6694,FR_Hydro_Reservoir,2050,1,124,124,inter_period_only,0.0
581,6695,FR_Hydro_Reservoir,2050,1,125,125,inter_period_only,0.0
578,6696,FR_Hydro_Reservoir,2050,1,126,126,inter_period_only,0.0
575,6697,FR_Hydro_Reservoir,2050,1,127,127,inter_period_only,0.0
572,6698,FR_Hydro_Reservoir,2050,1,128,128,inter_period_only,0.0
569,6699,FR_Hydro_Reservoir,2050,1,129,129,inter_period_only,0.0
566,6700,FR_Hydro_Reservoir,2050,1,130,130,inter_period_only,0.0
563,6701,FR_Hydro_Reservoir,2050,1,131,131,inter_period_only,0.0
560,6702,FR_Hydro_Reservoir,2050,1,132,132,inter_period_only,0.0
557,6703,FR_Hydro_Reservoir,2050,1,133,133,inter_period_only,0.0
554,6704,FR_Hydro_Reservoir,2050,1,134,134,inter_period_only,0.0
551,6705,FR_Hydro_Reservoir,2050,1,135,135,inter_period_only,0.0
548,6706,FR_Hydro_Reservoir,2050,1,136,136,inter_period_only,0.0
545,6707,FR_Hydro_Reservoir,2050,1,137,137,inter_period_only,0.0
542,6708,FR_Hydro_Reservoir,2050,1,138,138,inter_period_only,0.0
539,6709,FR_Hydro_Reservoir,2050,1,139,139,inter_period_only,0.0
536,6710,FR_Hydro_Reservoir,2050,1,140,140,inter_period_only,0.0
533,6711,FR_Hydro_Reservoir,2050,1,141,141,inter_period_only,0.0
530,6712,FR_Hydro_Reservoir,2050,1,142,142,inter_period_only,0.0
527,6713,FR_Hydro_Reservoir,2050,1,143,143,inter_period_only,0.0
524,6714,FR_Hydro_Reservoir,2050,1,144,144,inter_period_only,0.0
521,6715,FR_Hydro_Reservoir,2050,1,145,145,inter_period_only,0.0
518,6716,FR_Hydro_Reservoir,2050,1,146,146,inter_period_only,0.0
515,6717,FR_Hydro_Reservoir,2050,1,147,147,inter_period_only,0.0
512,6718,FR_Hydro_Reservoir,2050,1,148,148,inter_period_only,0.0
509,6719,FR_Hydro_Reservoir,2050,1,149,149,inter_period_only,0.0
506,6720,FR_Hydro_Reservoir,2050,1,150,150,inter_period_only,0.0
503,6721,FR_Hydro_Reservoir,2050,1,151,151,inter_period_only,0.0
500,6722,FR_Hydro_Reservoir,2050,1,152,152,inter_period_only,0.0
497,6723,FR_Hydro_Reservoir,2050,1,153,153,inter_period_only,0.0
494,6724,FR_Hydro_Reservoir,2050,1,154,154,inter_period_only,0.0
491,6725,FR_Hydro_Reservoir,2050,1,155,155,inter_period_only,0.0
488,6726,FR_Hydro_Reservoir,2050,1,156,156,inter_period_only,0.0
485,6727,FR_Hydro_Reservoir,2050,1,157,157,inter_period_only,0.0
482,6728,FR_Hydro_Reservoir,2050,1,158,158,inter_period_only,0.0
479,6729,FR_Hydro_Reservoir,2050,1,159,159,inter_period_only,0.0
476,6730,FR_Hydro_Reservoir,2050,1,160,160,inter_period_only,0.0
473,6731,FR_Hydro_Reservoir,2050,1,161,161,inter_period_only,0.0
470,6732,FR_Hydro_Reservoir,2050,1,162,162,inter_period_only,0.0
467,6733,FR_Hydro_Reservoir,2050,1,163,163,inter_period_only,0.0
464,6734,FR_Hydro_Reservoir,2050,1,164,164,inter_period_only,0.0
461,6735,FR_Hydro_Reservoir,2050,1,165,165,inter_period_only,0.0
458,6736,FR_Hydro_Reservoir,2050,1,166,166,inter_period_only,0.0
455,6737,FR_Hydro_Reservoir,2050,1,167,167,inter_period_only,0.0
452,6738,FR_Hydro_Reservoir,2050,1,168,168,inter_period_only,0.0
449,6739,FR_Hydro_Reservoir,2050,1,169,169,inter_period_only,0.0
446,6740,FR_Hydro_Reservoir,2050,1,170,170,inter_period_only,0.0
443,6741,FR_Hydro_Reservoir,2050,1,171,171,inter_period_only,0.0
440,6742,FR_Hydro_Reservoir,2050,1,172,172,inter_period_only,0.0
437,6743,FR_Hydro_Reservoir,2050,1,173,173,inter_period_only,0.0
434,6744,FR_Hydro_Reservoir,2050,1,174,174,inter_period_only,0.0
431,6745,FR_Hydro_Reservoir,2050,1,175,175,inter_period_only,0.0
428,6746,FR_Hydro_Reservoir,2050,1,176,176,inter_period_only,0.0
425,6747,FR_Hydro_Reservoir,2050,1,177,177,inter_period_only,0.0
422,6748,FR_Hydro_Reservoir,2050,1,178,178,inter_period_only,0.0
419,6749,FR_Hydro_Reservoir,2050,1,179,179,inter_period_only,0.0
416,6750,FR_Hydro_Reservoir,2050,1,180,180,inter_period_only,0.0
413,6751,FR_Hydro_Reservoir,2050,1,181,181,inter_period_only,0.0
410,6752,FR_Hydro_Reservoir,2050,1,182,182,inter_period_only,0.0
407,6753,FR_Hydro_Reservoir,2050,1,183,183,inter_period_only,0.0
404,6754,FR_Hydro_Reservoir,2050,1,184,184,inter_period_only,0.0
401,6755,FR_Hydro_Reservoir,2050,1,185,185,inter_period_only,0.0
398,6756,FR_Hydro_Reservoir,2050,1,186,186,inter_period_only,0.0
395,6757,FR_Hydro_Reservoir,2050,1,187,187,inter_period_only,0.0
392,6758,FR_Hydro_Reservoir,2050,1,188,188,inter_period_only,0.0
389,6759,FR_Hydro_Reservoir,2050,1,189,189,inter_period_only,0.0
386,6760,FR_Hydro_Reservoir,2050,1,190,190,inter_period_only,0.0
383,6761,FR_Hydro_Reservoir,2050,1,191,191,inter_period_only,0.0
380,6762,FR_Hydro_Reservoir,2050,1,192,192,inter_period_only,0.0
377,6763,FR_Hydro_Reservoir,2050,1,193,193,inter_period_only,0.0
374,6764,FR_Hydro_Reservoir,2050,1,194,194,inter_period_only,0.0
371,6765,FR_Hydro_Reservoir,2050,1,195,195,inter_period_only,0.0
368,6766,FR_Hydro_Reservoir,2050,1,196,196,inter_period_only,0.0
365,6767,FR_Hydro_Reservoir,2050,1,197,197,inter_period_only,-0.0
362,6768,FR_Hydro_Reservoir,2050,1,198,198,inter_period_only,0.0
359,6769,FR_Hydro_Reservoir,2050,1,199,199,inter_period_only,0.0
356,6770,FR_Hydro_Reservoir,2050,1,200,200,inter_period_only,0.0
353,6771,FR_Hydro_Reservoir,2050,1,201,201,inter_period_only,0.0
350,6772,FR_Hydro_Reservoir,2050,1,202,202,inter_period_only,0.0
347,6773,FR_Hydro_Reservoir,2050,1,203,203,inter_period_only,0.0
344,6774,FR_Hydro_Reservoir,2050,1,204,204,inter_period_only,0.0
341,6775,FR_Hydro_Reservoir,2050,1,205,205,inter_period_only,0.0
338,6776,FR_Hydro_Reservoir,2050,1,206,206,inter_period_only,0.0
335,6777,FR_Hydro_Reservoir,2050,1,207,207,inter_period_only,0.0
332,6778,FR_Hydro_Reservoir,2050,1,208,208,inter_period_only,0.0
329,6779,FR_Hydro_Reservoir,2050,1,209,209,inter_period_only,0.0
326,6780,FR_Hydro_Reservoir,2050,1,210,210,inter_period_only,0.0
323,6781,FR_Hydro_Reservoir,2050,1,211,211,inter_period_only,0.0
320,6782,FR_Hydro_Reservoir,2050,1,212,212,inter_period_only,0.0
317,6783,FR_Hydro_Reservoir,2050,1,213,213,inter_period_only,0.0
314,6784,FR_Hydro_Reservoir,2050,1,214,214,inter_period_only,0.0
311,6785,FR_Hydro_Reservoir,2050,1,215,215,inter_period_only,0.0
308,6786,FR_Hydro_Reservoir,2050,1,216,216,inter_period_only,0.0
305,6787,FR_Hydro_Reservoir,2050,1,217,217,inter_period_only,0.0
302,6788,FR_Hydro_Reservoir,2050,1,218,218,inter_period_only,0.0
299,6789,FR_Hydro_Reservoir,2050,1,219,219,inter_period_only,0.0
296,6790,FR_Hydro_Reservoir,2050,1,220,220,inter_period_only,0.0
293,6791,FR_Hydro_Reservoir,2050,1,221,221,inter_period_only,0.0
290,6792,FR_Hydro_Reservoir,2050,1,222,222,inter_period_only,0.0
287,6793,FR_Hydro_Reservoir,2050,1,223,223,inter_period_only,0.0
1376,6794,FR_Hydro_Reservoir,2050,1,224,224,inter_period_only,-0.0
1373,6795,FR_Hydro_Reservoir,2050,1,225,225,inter_period_only,0.0
1370,6796,FR_Hydro_Reservoir,2050,1,226,226,inter_period_only,0.0
1367,6797,FR_Hydro_Reservoir,2050,1,227,227,inter_period_only,0.0
1364,6798,FR_Hydro_Reservoir,2050,1,228,228,inter_period_only,0.0
1361,6799,FR_Hydro_Reservoir,2050,1,229,229,inter_period_only,0.0
1358,6800,FR_Hydro_Reservoir,2050,1,230,230,inter_period_only,0.0
1355,6801,FR_Hydro_Reservoir,2050,1,231,231,inter_period_only,0.0
1352,6802,FR_Hydro_Reservoir,2050,1,232,232,inter_period_only,0.0
1349,6803,FR_Hydro_Reservoir,2050,1,233,233,inter_period_only,0.0
1346,6804,FR_Hydro_Reservoir,2050,1,234,234,inter_period_only,0.0
1343,6805,FR_Hydro_Reservoir,2050,1,235,235,inter_period_only,0.0
1340,6806,FR_Hydro_Reservoir,2050,1,236,236,inter_period_only,0.0
1337,6807,FR_Hydro_Reservoir,2050,1,237,237,inter_period_only,0.0
1334,6808,FR_Hydro_Reservoir,2050,1,238,238,inter_period_only,0.0
1331,6809,FR_Hydro_Reservoir,2050,1,239,239,inter_period_only,0.0
1328,6810,FR_Hydro_Reservoir,2050,1,240,240,inter_period_only,0.0
1325,6811,FR_Hydro_Reservoir,2050,1,241,241,inter_period_only,0.0
1322,6812,FR_Hydro_Reservoir,2050,1,242,242,inter_period_only,0.0
1319,6813,FR_Hydro_Reservoir,2050,1,243,243,inter_period_only,0.0
1316,6814,FR_Hydro_Reservoir,2050,1,244,244,inter_period_only,0.0
1313,6815,FR_Hydro_Reservoir,2050,1,245,245,inter_period_only,0.0
1310,6816,FR_Hydro_Reservoir,2050,1,246,246,inter_period_only,0.0
1307,6817,FR_Hydro_Reservoir,2050,1,247,247,inter_period_only,0.0
1304,6818,FR_Hydro_Reservoir,2050,1,248,248,inter_period_only,0.0
1301,6819,FR_Hydro_Reservoir,2050,1,249,249,inter_period_only,0.0
1298,6820,FR_Hydro_Reservoir,2050,1,250,250,inter_period_only,0.0
1295,6821,FR_Hydro_Reservoir,2050,1,251,251,inter_period_only,0.0
1292,6822,FR_Hydro_Reservoir,2050,1,252,252,inter_period_only,0.0
1289,6823,FR_Hydro_Reservoir,2050,1,253,253,inter_period_only,0.0
1286,6824,FR_Hydro_Reservoir,2050,1,254,254,inter_period_only,0.0
1283,6825,FR_Hydro_Reservoir,2050,1,255,255,inter_period_only,0.0
1280,6826,FR_Hydro_Reservoir,2050,1,256,256,inter_period_only,0.0
1277,6827,FR_Hydro_Reservoir,2050,1,257,257,inter_period_only,0.0
1274,6828,FR_Hydro_Reservoir,2050,1,258,258,inter_period_only,0.0
1271,6829,FR_Hydro_Reservoir,2050,1,259,259,inter_period_only,0.0
1268,6830,FR_Hydro_Reservoir,2050,1,260,260,inter_period_only,0.0
1265,6831,FR_Hydro_Reservoir,2050,1,261,261,inter_period_only,0.0
1262,6832,FR_Hydro_Reservoir,2050,1,262,262,inter_period_only,0.0
1259,6833,FR_Hydro_Reservoir,2050,1,263,263,inter_period_only,0.0
1256,6834,FR_Hydro_Reservoir,2050,1,264,264,inter_period_only,0.0
1253,6835,FR_Hydro_Reservoir,2050,1,265,265,inter_period_only,0.0
1250,6836,FR_Hydro_Reservoir,2050,1,266,266,inter_period_only,0.0
1247,6837,FR_Hydro_Reservoir,2050,1,267,267,inter_period_only,0.0
1244,6838,FR_Hydro_Reservoir,2050,1,268,268,inter_period_only,0.0
1241,6839,FR_Hydro_Reservoir,2050,1,269,269,inter_period_only,0.0
1238,6840,FR_Hydro_Reservoir,2050,1,270,270,inter_period_only,0.0
1235,6841,FR_Hydro_Reservoir,2050,1,271,271,inter_period_only,0.0
1232,6842,FR_Hydro_Reservoir,2050,1,272,272,inter_period_only,0.0
1229,6843,FR_Hydro_Reservoir,2050,1,273,273,inter_period_only,0.0
1226,6844,FR_Hydro_Reservoir,2050,1,274,274,inter_period_only,0.0
1223,6845,FR_Hydro_Reservoir,2050,1,275,275,inter_period_only,0.0
1220,6846,FR_Hydro_Reservoir,2050,1,276,276,inter_period_only,0.0
1217,6847,FR_Hydro_Reservoir,2050,1,277,277,inter_period_only,0.0
1214,6848,FR_Hydro_Reservoir,2050,1,278,278,inter_period_only,0.0
1211,6849,FR_Hydro_Reservoir,2050,1,279,279,inter_period_only,0.0
1208,6850,FR_Hydro_Reservoir,2050,1,280,280,inter_period_only,0.0
1205,6851,FR_Hydro_Reservoir,2050,1,281,281,inter_period_only,0.0
1202,6852,FR_Hydro_Reservoir,2050,1,282,282,inter_period_only,0.0
1199,6853,FR_Hydro_Reservoir,2050,1,283,283,inter_period_only,0.0
1196,6854,FR_Hydro_Reservoir,2050,1,284,284,inter_period_only,0.0
1193,6855,FR_Hydro_Reservoir,2050,1,285,285,inter_period_only,0.0
1190,6856,FR_Hydro_Reservoir,2050,1,286,286,inter_period_only,0.0
1187,6857,FR_Hydro_Reservoir,2050,1,287,287,inter_period_only,0.0
1184,6858,FR_Hydro_Reservoir,2050,1,288,288,inter_period_only,0.0
1181,6859,FR_Hydro_Reservoir,2050,1,289,289,inter_period_only,0.0
1178,6860,FR_Hydro_Reservoir,2050,1,290,290,inter_period_only,0.0
1175,6861,FR_Hydro_Reservoir,2050,1,291,291,inter_period_only,0.0
1172,6862,FR_Hydro_Reservoir,2050,1,292,292,inter_period_only,0.0
1169,6863,FR_Hydro_Reservoir,2050,1,293,293,inter_period_only,0.0
1166,6864,FR_Hydro_Reservoir,2050,1,294,294,inter_period_only,0.0
1163,6865,FR_Hydro_Reservoir,2050,1,295,295,inter_period_only,0.0
1160,6866,FR_Hydro_Reservoir,2050,1,296,296,inter_period_only,0.0
1157,6867,FR_Hydro_Reservoir,2050,1,297,297,inter_period_only,0.0
1154,6868,FR_Hydro_Reservoir,2050,1,298,298,inter_period_only,0.0
1151,6869,FR_Hydro_Reservoir,2050,1,299,299,inter_period_only,0.0
1148,6870,FR_Hydro_Reservoir,2050,1,300,300,inter_period_only,0.0
1145,6871,FR_Hydro_Reservoir,2050,1,301,301,inter_period_only,0.0
1142,6872,FR_Hydro_Reservoir,2050,1,302,302,inter_period_only,0.0
1139,6873,FR_Hydro_Reservoir,2050,1,303,303,inter_period_only,0.0
1136,6874,FR_Hydro_Reservoir,2050,1,304,304,inter_period_only,0.0
1133,6875,FR_Hydro_Reservoir,2050,1,305,305,inter_period_only,0.0
1130,6876,FR_Hydro_Reservoir,2050,1,306,306,inter_period_only,0.0
1127,6877,FR_Hydro_Reservoir,2050,1,307,307,inter_period_only,0.0
1124,6878,FR_Hydro_Reservoir,2050,1,308,308,inter_period_only,0.0
1121,6879,FR_Hydro_Reservoir,2050,1,309,309,inter_period_only,0.0
1118,6880,FR_Hydro_Reservoir,2050,1,310,310,inter_period_only,0.0
1115,6881,FR_Hydro_Reservoir,2050,1,311,311,inter_period_only,0.0
1112,6882,FR_Hydro_Reservoir,2050,1,312,312,inter_period_only,0.0
1109,6883,FR_Hydro_Reservoir,2050,1,313,313,inter_period_only,0.0
1106,6884,FR_Hydro_Reservoir,2050,1,314,314,inter_period_only,0.0
1103,6885,FR_Hydro_Reservoir,2050,1,315,315,inter_period_only,0.0
1100,6886,FR_Hydro_Reservoir,2050,1,316,316,inter_period_only,0.0
1097,6887,FR_Hydro_Reservoir,2050,1,317,317,inter_period_only,0.0
1094,6888,FR_Hydro_Reservoir,2050,1,318,318,inter_period_only,0.0
1091,6889,FR_Hydro_Reservoir,2050,1,319,319,inter_period_only,0.0
1088,6890,FR_Hydro_Reservoir,2050,1,320,320,inter_period_only,0.0
1085,6891,FR_Hydro_Reservoir,2050,1,321,321,inter_period_only,0.0
1082,6892,FR_Hydro_Reservoir,2050,1,322,322,inter_period_only,0.0
1079,6893,FR_Hydro_Reservoir,2050,1,323,323,inter_period_only,0.0
1076,6894,FR_Hydro_Reservoir,2050,1,324,324,inter_period_only,0.0
1073,6895,FR_Hydro_Reservoir,2050,1,325,325,inter_period_only,0.0
1070,6896,FR_Hydro_Reservoir,2050,1,326,326,inter_period_only,0.0
1067,6897,FR_Hydro_Reservoir,2050,1,327,327,inter_period_only,0.0
1064,6898,FR_Hydro_Reservoir,2050,1,328,328,inter_period_only,0.0
1061,6899,FR_Hydro_Reservoir,2050,1,329,329,inter_period_only,0.0
1058,6900,FR_Hydro_Reservoir,2050,1,330,330,inter_period_only,0.0
1055,6901,FR_Hydro_Reservoir,2050,1,331,331,inter_period_only,0.0
1052,6902,FR_Hydro_Reservoir,2050,1,332,332,inter_period_only,0.0
1049,6903,FR_Hydro_Reservoir,2050,1,333,333,inter_period_only,0.0
1046,6904,FR_Hydro_Reservoir,2050,1,334,334,inter_period_only,0.0
1043,6905,FR_Hydro_Reservoir,2050,1,335,335,inter_period_only,0.0
1040,6906,FR_Hydro_Reservoir,2050,1,336,336,inter_period_only,0.0
1037,6907,FR_Hydro_Reservoir,2050,1,337,337,inter_period_only,0.0
1034,6908,FR_Hydro_Reservoir,2050,1,338,338,inter_period_only,0.0
1031,6909,FR_Hydro_Reservoir,2050,1,339,339,inter_period_only,0.0
1028,6910,FR_Hydro_Reservoir,2050,1,340,340,inter_period_only,0.0
1025,6911,FR_Hydro_Reservoir,2050,1,341,341,inter_period_only,0.0
1022,6912,FR_Hydro_Reservoir,2050,1,342,342,inter_period_only,0.0
1019,6913,FR_Hydro_Reservoir,2050,1,343,343,inter_period_only,0.0
1016,6914,FR_Hydro_Reservoir,2050,1,344,344,inter_period_only,0.0
1013,6915,FR_Hydro_Reservoir,2050,1,345,345,inter_period_only,0.0
1010,6916,FR_Hydro_Reservoir,2050,1,346,346,inter_period_only,0.0
1007,6917,FR_Hydro_Reservoir,2050,1,347,347,inter_period_only,0.0
1004,6918,FR_Hydro_Reservoir,2050,1,348,348,inter_period_only,0.0
1001,6919,FR_Hydro_Reservoir,2050,1,349,349,inter_period_only,0.0
998,6920,FR_Hydro_Reservoir,2050,1,350,350,inter_period_only,0.0
995,6921,FR_Hydro_Reservoir,2050,1,351,351,inter_period_only,0.0
992,6922,FR_Hydro_Reservoir,2050,1,352,352,inter_period_only,0.0
989,6923,FR_Hydro_Reservoir,2050,1,353,353,inter_period_only,0.0
986,6924,FR_Hydro_Reservoir,2050,1,354,354,inter_period_only,0.0
983,6925,FR_Hydro_Reservoir,2050,1,355,355,inter_period_only,0.0
980,6926,FR_Hydro_Reservoir,2050,1,356,356,inter_period_only,0.0
977,6927,FR_Hydro_Reservoir,2050,1,357,357,inter_period_only,0.0
974,6928,FR_Hydro_Reservoir,2050,1,358,358,inter_period_only,0.0
971,6929,FR_Hydro_Reservoir,2050,1,359,359,inter_period_only,0.0
968,6930,FR_Hydro_Reservoir,2050,1,360,360,inter_period_only,0.0
965,6931,FR_Hydro_Reservoir,2050,1,361,361,inter_period_only,0.0
962,6932,FR_Hydro_Reservoir,2050,1,362,362,inter_period_only,0.0
959,6933,FR_Hydro_Reservoir,2050,1,363,363,inter_period_only,0.0
956,6934,FR_Hydro_Reservoir,2050,1,364,364,inter_period_only,0.0
954,6935,FR_Hydro_Reservoir,2050,1,365,365,inter_period_only,0.0
1903,11681,NO_Hydro_Reservoir,2050,1,1,1,inter_period_only,0.0
1900,11682,NO_Hydro_Reservoir,2050,1,2,2,inter_period_only,0.0
1897,11683,NO_Hydro_Reservoir,2050,1,3,3,inter_period_only,0.0
1894,11684,NO_Hydro_Reservoir,2050,1,4,4,inter_period_only,0.0
1891,11685,NO_Hydro_Reservoir,2050,1,5,5,inter_period_only,0.0
1888,11686,NO_Hydro_Reservoir,2050,1,6,6,inter_period_only,0.0
1885,11687,NO_Hydro_Reservoir,2050,1,7,7,inter_period_only,0.0
1882,11688,NO_Hydro_Reservoir,2050,1,8,8,inter_period_only,0.0
1879,11689,NO_Hydro_Reservoir,2050,1,9,9,inter_period_only,0.0
1876,11690,NO_Hydro_Reservoir,2050,1,10,10,inter_period_only,0.0
1873,11691,NO_Hydro_Reservoir,2050,1,11,11,inter_period_only,0.0
1870,11692,NO_Hydro_Reservoir,2050,1,12,12,inter_period_only,0.0
1867,11693,NO_Hydro_Reservoir,2050,1,13,13,inter_period_only,0.0
1864,11694,NO_Hydro_Reservoir,2050,1,14,14,inter_period_only,0.0
1861,11695,NO_Hydro_Reservoir,2050,1,15,15,inter_period_only,0.0
1858,11696,NO_Hydro_Reservoir,2050,1,16,16,inter_period_only,0.0
1855,11697,NO_Hydro_Reservoir,2050,1,17,17,inter_period_only,0.0
1852,11698,NO_Hydro_Reservoir,2050,1,18,18,inter_period_only,0.0
1849,11699,NO_Hydro_Reservoir,2050,1,19,19,inter_period_only,0.0
1846,11700,NO_Hydro_Reservoir,2050,1,20,20,inter_period_only,0.0
1843,11701,NO_Hydro_Reservoir,2050,1,21,21,inter_period_only,0.0
1840,11702,NO_Hydro_Reservoir,2050,1,22,22,inter_period_only,0.0
1837,11703,NO_Hydro_Reservoir,2050,1,23,23,inter_period_only,0.0
1834,11704,NO_Hydro_Reservoir,2050,1,24,24,inter_period_only,0.0
1831,11705,NO_Hydro_Reservoir,2050,1,25,25,inter_period_only,0.0
1828,11706,NO_Hydro_Reservoir,2050,1,26,26,inter_period_only,0.0
1825,11707,NO_Hydro_Reservoir,2050,1,27,27,inter_period_only,0.0
1822,11708,NO_Hydro_Reservoir,2050,1,28,28,inter_period_only,0.0
1819,11709,NO_Hydro_Reservoir,2050,1,29,29,inter_period_only,0.0
1816,11710,NO_Hydro_Reservoir,2050,1,30,30,inter_period_only,0.0
1813,11711,NO_Hydro_Reservoir,2050,1,31,31,inter_period_only,0.0
1810,11712,NO_Hydro_Reservoir,2050,1,32,32,inter_period_only,0.0
1807,11713,NO_Hydro_Reservoir,2050,1,33,33,inter_period_only,0.0
1804,11714,NO_Hydro_Reservoir,2050,1,34,34,inter_period_only,0.0
1801,11715,NO_Hydro_Reservoir,2050,1,35,35,inter_period_only,0.0
1798,11716,NO_Hydro_Reservoir,2050,1,36,36,inter_period_only,0.0
1795,11717,NO_Hydro_Reservoir,2050,1,37,37,inter_period_only,0.0
1792,11718,NO_Hydro_Reservoir,2050,1,38,38,inter_period_only,0.0
1789,11719,NO_Hydro_Reservoir,2050,1,39,39,inter_period_only,0.0
1786,11720,NO_Hydro_Reservoir,2050,1,40,40,inter_period_only,0.0
1783,11721,NO_Hydro_Reservoir,2050,1,41,41,inter_period_only,0.0
1780,11722,NO_Hydro_Reservoir,2050,1,42,42,inter_period_only,0.0
1777,11723,NO_Hydro_Reservoir,2050,1,43,43,inter_period_only,0.0
1774,11724,NO_Hydro_Reservoir,2050,1,44,44,inter_period_only,0.0
1771,11725,NO_Hydro_Reservoir,2050,1,45,45,inter_period_only,0.0
1768,11726,NO_Hydro_Reservoir,2050,1,46,46,inter_period_only,0.0
1765,11727,NO_Hydro_Reservoir,2050,1,47,47,inter_period_only,0.0
1762,11728,NO_Hydro_Reservoir,2050,1,48,48,inter_period_only,0.0
1759,11729,NO_Hydro_Reservoir,2050,1,49,49,inter_period_only,0.0
1756,11730,NO_Hydro_Reservoir,2050,1,50,50,inter_period_only,0.0
1753,11731,NO_Hydro_Reservoir,2050,1,51,51,inter_period_only,0.0
1750,11732,NO_Hydro_Reservoir,2050,1,52,52,inter_period_only,0.0
1747,11733,NO_Hydro_Reservoir,2050,1,53,53,inter_period_only,0.0
1744,11734,NO_Hydro_Reservoir,2050,1,54,54,inter_period_only,0.0
1741,11735,NO_Hydro_Reservoir,2050,1,55,55,inter_period_only,0.0
1738,11736,NO_Hydro_Reservoir,2050,1,56,56,inter_period_only,0.0
1735,11737,NO_Hydro_Reservoir,2050,1,57,57,inter_period_only,0.0
1732,11738,NO_Hydro_Reservoir,2050,1,58,58,inter_period_only,0.0
1729,11739,NO_Hydro_Reservoir,2050,1,59,59,inter_period_only,0.0
1726,11740,NO_Hydro_Reservoir,2050,1,60,60,inter_period_only,0.0
1723,11741,NO_Hydro_Reservoir,2050,1,61,61,inter_period_only,0.0
1720,11742,NO_Hydro_Reservoir,2050,1,62,62,inter_period_only,0.0
1717,11743,NO_Hydro_Reservoir,2050,1,63,63,inter_period_only,0.0
1714,11744,NO_Hydro_Reservoir,2050,1,64,64,inter_period_only,0.0
1711,11745,NO_Hydro_Reservoir,2050,1,65,65,inter_period_only,0.0
1708,11746,NO_Hydro_Reservoir,2050,1,66,66,inter_period_only,0.0
1705,11747,NO_Hydro_Reservoir,2050,1,67,67,inter_period_only,0.0
1702,11748,NO_Hydro_Reservoir,2050,1,68,68,inter_period_only,0.0
1699,11749,NO_Hydro_Reservoir,2050,1,69,69,inter_period_only,0.0
1696,11750,NO_Hydro_Reservoir,2050,1,70,70,inter_period_only,0.0
1693,11751,NO_Hydro_Reservoir,2050,1,71,71,inter_period_only,0.0
1690,11752,NO_Hydro_Reservoir,2050,1,72,72,inter_period_only,0.0
1687,11753,NO_Hydro_Reservoir,2050,1,73,73,inter_period_only,0.0
1684,11754,NO_Hydro_Reservoir,2050,1,74,74,inter_period_only,0.0
1681,11755,NO_Hydro_Reservoir,2050,1,75,75,inter_period_only,0.0
1678,11756,NO_Hydro_Reservoir,2050,1,76,76,inter_period_only,0.0
1675,11757,NO_Hydro_Reservoir,2050,1,77,77,inter_period_only,0.0
1672,11758,NO_Hydro_Reservoir,2050,1,78,78,inter_period_only,0.0
1669,11759,NO_Hydro_Reservoir,2050,1,79,79,inter_period_only,0.0
1666,11760,NO_Hydro_Reservoir,2050,1,80,80,inter_period_only,0.0
1663,11761,NO_Hydro_Reservoir,2050,1,81,81,inter_period_only,0.0
1661,11762,NO_Hydro_Reservoir,2050,1,82,82,inter_period_only,0.0
1659,11763,NO_Hydro_Reservoir,2050,1,83,83,inter_period_only,0.0
1657,11764,NO_Hydro_Reservoir,2050,1,84,84,inter_period_only,0.0
1655,11765,NO_Hydro_Reservoir,2050,1,85,85,inter_period_only,0.0
1653,11766,NO_Hydro_Reservoir,2050,1,86,86,inter_period_only,0.0
1651,11767,NO_Hydro_Reservoir,2050,1,87,87,inter_period_only,0.0
1649,11768,NO_Hydro_Reservoir,2050,1,88,88,inter_period_only,0.0
1647,11769,NO_Hydro_Reservoir,2050,1,89,89,inter_period_only,0.0
1645,11770,NO_Hydro_Reservoir,2050,1,90,90,inter_period_only,0.0
1643,11771,NO_Hydro_Reservoir,2050,1,91,91,inter_period_only,0.0
1641,11772,NO_Hydro_Reservoir,2050,1,92,92,inter_period_only,0.0
1639,11773,NO_Hydro_Reservoir,2050,1,93,93,inter_period_only,0.0
1637,11774,NO_Hydro_Reservoir,2050,1,94,94,inter_period_only,0.0
1635,11775,NO_Hydro_Reservoir,2050,1,95,95,inter_period_only,0.0
1633,11776,NO_Hydro_Reservoir,2050,1,96,96,inter_period_only,0.0
1631,11777,NO_Hydro_Reservoir,2050,1,97,97,inter_period_only,0.0
1629,11778,NO_Hydro_Reservoir,2050,1,98,98,inter_period_only,0.0
1627,11779,NO_Hydro_Reservoir,2050,1,99,99,inter_period_only,0.0
1625,11780,NO_Hydro_Reservoir,2050,1,100,100,inter_period_only,0.0
1623,11781,NO_Hydro_Reservoir,2050,1,101,101,inter_period_only,0.0
1621,11782,NO_Hydro_Reservoir,2050,1,102,102,inter_period_only,0.0
1619,11783,NO_Hydro_Reservoir,2050,1,103,103,inter_period_only,0.0
1617,11784,NO_Hydro_Reservoir,2050,1,104,104,inter_period_only,0.0
1615,11785,NO_Hydro_Reservoir,2050,1,105,105,inter_period_only,0.0
1613,11786,NO_Hydro_Reservoir,2050,1,106,106,inter_period_only,0.0
1611,11787,NO_Hydro_Reservoir,2050,1,107,107,inter_period_only,0.0
1609,11788,NO_Hydro_Reservoir,2050,1,108,108,inter_period_only,0.0
1607,11789,NO_Hydro_Reservoir,2050,1,109,109,inter_period_only,0.0
1605,11790,NO_Hydro_Reservoir,2050,1,110,110,inter_period_only,0.0
1603,11791,NO_Hydro_Reservoir,2050,1,111,111,inter_period_only,0.0
1601,11792,NO_Hydro_Reservoir,2050,1,112,112,inter_period_only,0.0
1599,11793,NO_Hydro_Reservoir,2050,1,113,113,inter_period_only,0.0
1597,11794,NO_Hydro_Reservoir,2050,1,114,114,inter_period_only,0.0
1595,11795,NO_Hydro_Reservoir,2050,1,115,115,inter_period_only,0.0
1593,11796,NO_Hydro_Reservoir,2050,1,116,116,inter_period_only,0.0
1591,11797,NO_Hydro_Reservoir,2050,1,117,117,inter_period_only,0.0
1589,11798,NO_Hydro_Reservoir,2050,1,118,118,inter_period_only,0.0
1587,11799,NO_Hydro_Reservoir,2050,1,119,119,inter_period_only,0.0
1585,11800,NO_Hydro_Reservoir,2050,1,120,120,inter_period_only,0.0
1583,11801,NO_Hydro_Reservoir,2050,1,121,121,inter_period_only,0.0
1581,11802,NO_Hydro_Reservoir,2050,1,122,122,inter_period_only,0.0
1579,11803,NO_Hydro_Reservoir,2050,1,123,123,inter_period_only,0.0
1577,11804,NO_Hydro_Reservoir,2050,1,124,124,inter_period_only,0.0
1575,11805,NO_Hydro_Reservoir,2050,1,125,125,inter_period_only,0.0
1573,11806,NO_Hydro_Reservoir,2050,1,126,126,inter_period_only,0.0
1571,11807,NO_Hydro_Reservoir,2050,1,127,127,inter_period_only,0.0
1569,11808,NO_Hydro_Reservoir,2050,1,128,128,inter_period_only,0.0
1567,11809,NO_Hydro_Reservoir,2050,1,129,129,inter_period_only,0.0
1565,11810,NO_Hydro_Reservoir,2050,1,130,130,inter_period_only,0.0
1563,11811,NO_Hydro_Reservoir,2050,1,131,131,inter_period_only,0.0
1561,11812,NO_Hydro_Reservoir,2050,1,132,132,inter_period_only,0.0
1559,11813,NO_Hydro_Reservoir,2050,1,133,133,inter_period_only,0.0
1557,11814,NO_Hydro_Reservoir,2050,1,134,134,inter_period_only,0.0
1555,11815,NO_Hydro_Reservoir,2050,1,135,135,inter_period_only,0.0
1553,11816,NO_Hydro_Reservoir,2050,1,136,136,inter_period_only,0.0
1551,11817,NO_Hydro_Reservoir,2050,1,137,137,inter_period_only,0.0
1549,11818,NO_Hydro_Reservoir,2050,1,138,138,inter_period_only,0.0
1547,11819,NO_Hydro_Reservoir,2050,1,139,139,inter_period_only,0.0
1545,11820,NO_Hydro_Reservoir,2050,1,140,140,inter_period_only,0.0
1543,11821,NO_Hydro_Reservoir,2050,1,141,141,inter_period_only,0.0
1541,11822,NO_Hydro_Reservoir,2050,1,142,142,inter_period_only,0.0
1539,11823,NO_Hydro_Reservoir,2050,1,143,143,inter_period_only,0.0
1537,11824,NO_Hydro_Reservoir,2050,1,144,144,inter_period_only,0.0
1535,11825,NO_Hydro_Reservoir,2050,1,145,145,inter_period_only,0.0
1533,11826,NO_Hydro_Reservoir,2050,1,146,146,inter_period_only,0.0
1531,11827,NO_Hydro_Reservoir,2050,1,147,147,inter_period_only,0.0
1529,11828,NO_Hydro_Reservoir,2050,1,148,148,inter_period_only,0.0
1527,11829,NO_Hydro_Reservoir,2050,1,149,149,inter_period_only,0.0
1525,11830,NO_Hydro_Reservoir,2050,1,150,150,inter_period_only,0.0
1523,11831,NO_Hydro_Reservoir,2050,1,151,151,inter_period_only,0.0
1521,11832,NO_Hydro_Reservoir,2050,1,152,152,inter_period_only,0.0
1519,11833,NO_Hydro_Reservoir,2050,1,153,153,inter_period_only,0.0
1517,11834,NO_Hydro_Reservoir,2050,1,154,154,inter_period_only,0.0
1515,11835,NO_Hydro_Reservoir,2050,1,155,155,inter_period_only,0.0
1513,11836,NO_Hydro_Reservoir,2050,1,156,156,inter_period_only,0.0
1511,11837,NO_Hydro_Reservoir,2050,1,157,157,inter_period_only,0.0
1509,11838,NO_Hydro_Reservoir,2050,1,158,158,inter_period_only,0.0
1507,11839,NO_Hydro_Reservoir,2050,1,159,159,inter_period_only,0.0
1505,11840,NO_Hydro_Reservoir,2050,1,160,160,inter_period_only,0.0
1503,11841,NO_Hydro_Reservoir,2050,1,161,161,inter_period_only,0.0
1501,11842,NO_Hydro_Reservoir,2050,1,162,162,inter_period_only,0.0
1499,11843,NO_Hydro_Reservoir,2050,1,163,163,inter_period_only,0.0
1497,11844,NO_Hydro_Reservoir,2050,1,164,164,inter_period_only,0.0
1495,11845,NO_Hydro_Reservoir,2050,1,165,165,inter_period_only,0.0
1493,11846,NO_Hydro_Reservoir,2050,1,166,166,inter_period_only,0.0
1491,11847,NO_Hydro_Reservoir,2050,1,167,167,inter_period_only,0.0
1489,11848,NO_Hydro_Reservoir,2050,1,168,168,inter_period_only,0.0
1487,11849,NO_Hydro_Reservoir,2050,1,169,169,inter_period_only,0.0
1485,11850,NO_Hydro_Reservoir,2050,1,170,170,inter_period_only,0.0
1483,11851,NO_Hydro_Reservoir,2050,1,171,171,inter_period_only,0.0
1481,11852,NO_Hydro_Reservoir,2050,1,172,172,inter_period_only,0.0
1479,11853,NO_Hydro_Reservoir,2050,1,173,173,inter_period_only,0.0
1477,11854,NO_Hydro_Reservoir,2050,1,174,174,inter_period_only,0.0
1475,11855,NO_Hydro_Reservoir,2050,1,175,175,inter_period_only,0.0
1473,11856,NO_Hydro_Reservoir,2050,1,176,176,inter_period_only,0.0
1471,11857,NO_Hydro_Reservoir,2050,1,177,177,inter_period_only,0.0
1469,11858,NO_Hydro_Reservoir,2050,1,178,178,inter_period_only,0.0
1467,11859,NO_Hydro_Reservoir,2050,1,179,179,inter_period_only,0.0
1465,11860,NO_Hydro_Reservoir,2050,1,180,180,inter_period_only,0.0
1463,11861,NO_Hydro_Reservoir,2050,1,181,181,inter_period_only,0.0
1461,11862,NO_Hydro_Reservoir,2050,1,182,182,inter_period_only,0.0
1459,11863,NO_Hydro_Reservoir,2050,1,183,183,inter_period_only,0.0
1457,11864,NO_Hydro_Reservoir,2050,1,184,184,inter_period_only,0.0
1455,11865,NO_Hydro_Reservoir,2050,1,185,185,inter_period_only,0.0
1453,11866,NO_Hydro_Reservoir,2050,1,186,186,inter_period_only,0.0
1451,11867,NO_Hydro_Reservoir,2050,1,187,187,inter_period_only,0.0
1449,11868,NO_Hydro_Reservoir,2050,1,188,188,inter_period_only,0.0
1447,11869,NO_Hydro_Reservoir,2050,1,189,189,inter_period_only,0.0
1445,11870,NO_Hydro_Reservoir,2050,1,190,190,inter_period_only,0.0
1443,11871,NO_Hydro_Reservoir,2050,1,191,191,inter_period_only,0.0
1441,11872,NO_Hydro_Reservoir,2050,1,192,192,inter_period_only,0.0
1439,11873,NO_Hydro_Reservoir,2050,1,193,193,inter_period_only,0.0
1437,11874,NO_Hydro_Reservoir,2050,1,194,194,inter_period_only,0.0
1435,11875,NO_Hydro_Reservoir,2050,1,195,195,inter_period_only,0.0
1433,11876,NO_Hydro_Reservoir,2050,1,196,196,inter_period_only,0.0
1431,11877,NO_Hydro_Reservoir,2050,1,197,197,inter_period_only,0.0
1429,11878,NO_Hydro_Reservoir,2050,1,198,198,inter_period_only,0.0
1427,11879,NO_Hydro_Reservoir,2050,1,199,199,inter_period_only,0.0
1425,11880,NO_Hydro_Reservoir,2050,1,200,200,inter_period_only,0.0
1423,11881,NO_Hydro_Reservoir,2050,1,201,201,inter_period_only,0.0
1421,11882,NO_Hydro_Reservoir,2050,1,202,202,inter_period_only,0.0
1419,11883,NO_Hydro_Reservoir,2050,1,203,203,inter_period_only,0.0
1417,11884,NO_Hydro_Reservoir,2050,1,204,204,inter_period_only,0.0
1415,11885,NO_Hydro_Reservoir,2050,1,205,205,inter_period_only,0.0
1413,11886,NO_Hydro_Reservoir,2050,1,206,206,inter_period_only,0.0
1411,11887,NO_Hydro_Reservoir,2050,1,207,207,inter_period_only,0.0
1409,11888,NO_Hydro_Reservoir,2050,1,208,208,inter_period_only,0.0
1407,11889,NO_Hydro_Reservoir,2050,1,209,209,inter_period_only,0.0
1405,11890,NO_Hydro_Reservoir,2050,1,210,210,inter_period_only,0.0
1403,11891,NO_Hydro_Reservoir,2050,1,211,211,inter_period_only,0.0
1401,11892,NO_Hydro_Reservoir,2050,1,212,212,inter_period_only,0.0
1399,11893,NO_Hydro_Reservoir,2050,1,213,213,inter_period_only,0.0
1397,11894,NO_Hydro_Reservoir,2050,1,214,214,inter_period_only,0.0
1395,11895,NO_Hydro_Reservoir,2050,1,215,215,inter_period_only,0.0
1393,11896,NO_Hydro_Reservoir,2050,1,216,216,inter_period_only,0.0
1391,11897,NO_Hydro_Reservoir,2050,1,217,217,inter_period_only,0.0
1389,11898,NO_Hydro_Reservoir,2050,1,218,218,inter_period_only,0.0
1387,11899,NO_Hydro_Reservoir,2050,1,219,219,inter_period_only,0.0
1385,11900,NO_Hydro_Reservoir,2050,1,220,220,inter_period_only,0.0
1383,11901,NO_Hydro_Reservoir,2050,1,221,221,inter_period_only,0.0
1381,11902,NO_Hydro_Reservoir,2050,1,222,222,inter_period_only,0.0
1379,11903,NO_Hydro_Reservoir,2050,1,223,223,inter_period_only,0.0
1377,11904,NO_Hydro_Reservoir,2050,1,224,224,inter_period_only,0.0
1374,11905,NO_Hydro_Reservoir,2050,1,225,225,inter_period_only,0.0
1371,11906,NO_Hydro_Reservoir,2050,1,226,226,inter_period_only,0.0
1368,11907,NO_Hydro_Reservoir,2050,1,227,227,inter_period_only,0.0
1365,11908,NO_Hydro_Reservoir,2050,1,228,228,inter_period_only,0.0
1362,11909,NO_Hydro_Reservoir,2050,1,229,229,inter_period_only,0.0
1359,11910,NO_Hydro_Reservoir,2050,1,230,230,inter_period_only,0.0
1356,11911,NO_Hydro_Reservoir,2050,1,231,231,inter_period_only,0.0
1353,11912,NO_Hydro_Reservoir,2050,1,232,232,inter_period_only,0.0
1350,11913,NO_Hydro_Reservoir,2050,1,233,233,inter_period_only,0.0
1347,11914,NO_Hydro_Reservoir,2050,1,234,234,inter_period_only,0.0
1344,11915,NO_Hydro_Reservoir,2050,1,235,235,inter_period_only,0.0
1341,11916,NO_Hydro_Reservoir,2050,1,236,236,inter_period_only,0.0
1338,11917,NO_Hydro_Reservoir,2050,1,237,237,inter_period_only,0.0
1335,11918,NO_Hydro_Reservoir,2050,1,238,238,inter_period_only,0.0
1332,11919,NO_Hydro_Reservoir,2050,1,239,239,inter_period_only,0.0
1329,11920,NO_Hydro_Reservoir,2050,1,240,240,inter_period_only,0.0
1326,11921,NO_Hydro_Reservoir,2050,1,241,241,inter_period_only,0.0
1323,11922,NO_Hydro_Reservoir,2050,1,242,242,inter_period_only,0.0
1320,11923,NO_Hydro_Reservoir,2050,1,243,243,inter_period_only,0.0
1317,11924,NO_Hydro_Reservoir,2050,1,244,244,inter_period_only,0.0
1314,11925,NO_Hydro_Reservoir,2050,1,245,245,inter_period_only,0.0
1311,11926,NO_Hydro_Reservoir,2050,1,246,246,inter_period_only,0.0
1308,11927,NO_Hydro_Reservoir,2050,1,247,247,inter_period_only,0.0
1305,11928,NO_Hydro_Reservoir,2050,1,248,248,inter_period_only,0.0
1302,11929,NO_Hydro_Reservoir,2050,1,249,249,inter_period_only,0.0
1299,11930,NO_Hydro_Reservoir,2050,1,250,250,inter_period_only,0.0
1296,11931,NO_Hydro_Reservoir,2050,1,251,251,inter_period_only,0.0
1293,11932,NO_Hydro_Reservoir,2050,1,252,252,inter_period_only,0.0
1290,11933,NO_Hydro_Reservoir,2050,1,253,253,inter_period_only,0.0
1287,11934,NO_Hydro_Reservoir,2050,1,254,254,inter_period_only,0.0
1284,11935,NO_Hydro_Reservoir,2050,1,255,255,inter_period_only,0.0
1281,11936,NO_Hydro_Reservoir,2050,1,256,256,inter_period_only,0.0
1278,11937,NO_Hydro_Reservoir,2050,1,257,257,inter_period_only,0.0
1275,11938,NO_Hydro_Reservoir,2050,1,258,258,inter_period_only,0.0
1272,11939,NO_Hydro_Reservoir,2050,1,259,259,inter_period_only,0.0
1269,11940,NO_Hydro_Reservoir,2050,1,260,260,inter_period_only,0.0
1266,11941,NO_Hydro_Reservoir,2050,1,261,261,inter_period_only,0.0
1263,11942,NO_Hydro_Reservoir,2050,1,262,262,inter_period_only,0.0
1260,11943,NO_Hydro_Reservoir,2050,1,263,263,inter_period_only,0.0
1257,11944,NO_Hydro_Reservoir,2050,1,264,264,inter_period_only,0.0
1254,11945,NO_Hydro_Reservoir,2050,1,265,265,inter_period_only,0.0
1251,11946,NO_Hydro_Reservoir,2050,1,266,266,inter_period_only,0.0
1248,11947,NO_Hydro_Reservoir,2050,1,267,267,inter_period_only,0.0
1245,11948,NO_Hydro_Reservoir,2050,1,268,268,inter_period_only,0.0
1242,11949,NO_Hydro_Reservoir,2050,1,269,269,inter_period_only,0.0
1239,11950,NO_Hydro_Reservoir,2050,1,270,270,inter_period_only,0.0
1236,11951,NO_Hydro_Reservoir,2050,1,271,271,inter_period_only,0.0
1233,11952,NO_Hydro_Reservoir,2050,1,272,272,inter_period_only,0.0
1230,11953,NO_Hydro_Reservoir,2050,1,273,273,inter_period_only,0.0
1227,11954,NO_Hydro_Reservoir,2050,1,274,274,inter_period_only,0.0
1224,11955,NO_Hydro_Reservoir,2050,1,275,275,inter_period_only,0.0
1221,11956,NO_Hydro_Reservoir,2050,1,276,276,inter_period_only,0.0
1218,11957,NO_Hydro_Reservoir,2050,1,277,277,inter_period_only,0.0
1215,11958,NO_Hydro_Reservoir,2050,1,278,278,inter_period_only,0.0
1212,11959,NO_Hydro_Reservoir,2050,1,279,279,inter_period_only,0.0
1209,11960,NO_Hydro_Reservoir,2050,1,280,280,inter_period_only,0.0
1206,11961,NO_Hydro_Reservoir,2050,1,281,281,inter_period_only,0.0
1203,11962,NO_Hydro_Reservoir,2050,1,282,282,inter_period_only,0.0
1200,11963,NO_Hydro_Reservoir,2050,1,283,283,inter_period_only,0.0
1197,11964,NO_Hydro_Reservoir,2050,1,284,284,inter_period_only,0.0
1194,11965,NO_Hydro_Reservoir,2050,1,285,285,inter_period_only,0.0
1191,11966,NO_Hydro_Reservoir,2050,1,286,286,inter_period_only,0.0
1188,11967,NO_Hydro_Reservoir,2050,1,287,287,inter_period_only,0.0
1185,11968,NO_Hydro_Reservoir,2050,1,288,288,inter_period_only,0.0
1182,11969,NO_Hydro_Reservoir,2050,1,289,289,inter_period_only,0.0
1179,11970,NO_Hydro_Reservoir,2050,1,290,290,inter_period_only,0.0
1176,11971,NO_Hydro_Reservoir,2050,1,291,291,inter_period_only,0.0
1173,11972,NO_Hydro_Reservoir,2050,1,292,292,inter_period_only,0.0
1170,11973,NO_Hydro_Reservoir,2050,1,293,293,inter_period_only,0.0
1167,11974,NO_Hydro_Reservoir,2050,1,294,294,inter_period_only,0.0
1164,11975,NO_Hydro_Reservoir,2050,1,295,295,inter_period_only,0.0
1161,11976,NO_Hydro_Reservoir,2050,1,296,296,inter_period_only,0.0
1158,11977,NO_Hydro_Reservoir,2050,1,297,297,inter_period_only,0.0
1155,11978,NO_Hydro_Reservoir,2050,1,298,298,inter_period_only,0.0
1152,11979,NO_Hydro_Reservoir,2050,1,299,299,inter_period_only,0.0
1149,11980,NO_Hydro_Reservoir,2050,1,300,300,inter_period_only,0.0
1146,11981,NO_Hydro_Reservoir,2050,1,301,301,inter_period_only,0.0
1143,11982,NO_Hydro_Reservoir,2050,1,302,302,inter_period_only,0.0
1140,11983,NO_Hydro_Reservoir,2050,1,303,303,inter_period_only,0.0
1137,11984,NO_Hydro_Reservoir,2050,1,304,304,inter_period_only,0.0
1134,11985,NO_Hydro_Reservoir,2050,1,305,305,inter_period_only,0.0
1131,11986,NO_Hydro_Reservoir,2050,1,306,306,inter_period_only,0.0
1128,11987,NO_Hydro_Reservoir,2050,1,307,307,inter_period_only,0.0
1125,11988,NO_Hydro_Reservoir,2050,1,308,308,inter_period_only,0.0
1122,11989,NO_Hydro_Reservoir,2050,1,309,309,inter_period_only,0.0
1119,11990,NO_Hydro_Reservoir,2050,1,310,310,inter_period_only,0.0
1116,11991,NO_Hydro_Reservoir,2050,1,311,311,inter_period_only,0.0
1113,11992,NO_Hydro_Reservoir,2050,1,312,312,inter_period_only,0.0
1110,11993,NO_Hydro_Reservoir,2050,1,313,313,inter_period_only,0.0
1107,11994,NO_Hydro_Reservoir,2050,1,314,314,inter_period_only,0.0
1104,11995,NO_Hydro_Reservoir,2050,1,315,315,inter_period_only,0.0
1101,11996,NO_Hydro_Reservoir,2050,1,316,316,inter_period_only,0.0
1098,11997,NO_Hydro_Reservoir,2050,1,317,317,inter_period_only,0.0
1095,11998,NO_Hydro_Reservoir,2050,1,318,318,inter_period_only,0.0
1092,11999,NO_Hydro_Reservoir,2050,1,319,319,inter_period_only,0.0
1089,12000,NO_Hydro_Reservoir,2050,1,320,320,inter_period_only,0.0
1086,12001,NO_Hydro_Reservoir,2050,1,321,321,inter_period_only,0.0
1083,12002,NO_Hydro_Reservoir,2050,1,322,322,inter_period_only,-0.0
1080,12003,NO_Hydro_Reservoir,2050,1,323,323,inter_period_only,0.0
1077,12004,NO_Hydro_Reservoir,2050,1,324,324,inter_period_only,0.0
1074,12005,NO_Hydro_Reservoir,2050,1,325,325,inter_period_only,0.0
1071,12006,NO_Hydro_Reservoir,2050,1,326,326,inter_period_only,0.0
1068,12007,NO_Hydro_Reservoir,2050,1,327,327,inter_period_only,0.0
1065,12008,NO_Hydro_Reservoir,2050,1,328,328,inter_period_only,0.0
1062,12009,NO_Hydro_Reservoir,2050,1,329,329,inter_period_only,0.0
1059,12010,NO_Hydro_Reservoir,2050,1,330,330,inter_period_only,0.0
1056,12011,NO_Hydro_Reservoir,2050,1,331,331,inter_period_only,0.0
1053,12012,NO_Hydro_Reservoir,2050,1,332,332,inter_period_only,0.0
1050,12013,NO_Hydro_Reservoir,2050,1,333,333,inter_period_only,0.0
1047,12014,NO_Hydro_Reservoir,2050,1,334,334,inter_period_only,0.0
1044,12015,NO_Hydro_Reservoir,2050,1,335,335,inter_period_only,0.0
1041,12016,NO_Hydro_Reservoir,2050,1,336,336,inter_period_only,0.0
1038,12017,NO_Hydro_Reservoir,2050,1,337,337,inter_period_only,0.0
1035,12018,NO_Hydro_Reservoir,2050,1,338,338,inter_period_only,0.0
1032,12019,NO_Hydro_Reservoir,2050,1,339,339,inter_period_only,0.0
1029,12020,NO_Hydro_Reservoir,2050,1,340,340,inter_period_only,0.0
1026,12021,NO_Hydro_Reservoir,2050,1,341,341,inter_period_only,0.0
1023,12022,NO_Hydro_Reservoir,2050,1,342,342,inter_period_only,0.0
1020,12023,NO_Hydro_Reservoir,2050,1,343,343,inter_period_only,0.0
1017,12024,NO_Hydro_Reservoir,2050,1,344,344,inter_period_only,0.0
1014,12025,NO_Hydro_Reservoir,2050,1,345,345,inter_period_only,0.0
1011,12026,NO_Hydro_Reservoir,2050,1,346,346,inter_period_only,0.0
1008,12027,NO_Hydro_Reservoir,2050,1,347,347,inter_period_only,0.0
1005,12028,NO_Hydro_Reservoir,2050,1,348,348,inter_period_only,0.0
1002,12029,NO_Hydro_Reservoir,2050,1,349,349,inter_period_only,0.0
999,12030,NO_Hydro_Reservoir,2050,1,350,350,inter_period_only,0.0
996,12031,NO_Hydro_Reservoir,2050,1,351,351,inter_period_only,0.0
993,12032,NO_Hydro_Reservoir,2050,1,352,352,inter_period_only,0.0
990,12033,NO_Hydro_Reservoir,2050,1,353,353,inter_period_only,0.0
987,12034,NO_Hydro_Reservoir,2050,1,354,354,inter_period_only,0.0
984,12035,NO_Hydro_Reservoir,2050,1,355,355,inter_period_only,0.0
981,12036,NO_Hydro_Reservoir,2050,1,356,356,inter_period_only,0.0
978,12037,NO_Hydro_Reservoir,2050,1,357,357,inter_period_only,0.0
975,12038,NO_Hydro_Reservoir,2050,1,358,358,inter_period_only,0.0
972,12039,NO_Hydro_Reservoir,2050,1,359,359,inter_period_only,0.0
969,12040,NO_Hydro_Reservoir,2050,1,360,360,inter_period_only,0.0
966,12041,NO_Hydro_Reservoir,2050,1,361,361,inter_period_only,0.0
963,12042,NO_Hydro_Reservoir,2050,1,362,362,inter_period_only,0.0
960,12043,NO_Hydro_Reservoir,2050,1,363,363,inter_period_only,0.0
957,12044,NO_Hydro_Reservoir,2050,1,364,364,inter_period_only,0.0
1904,14966,SE_Hydro_Reservoir,2050,1,1,1,inter_period_only,0.0
1901,14967,SE_Hydro_Reservoir,2050,1,2,2,inter_period_only,0.0
1898,14968,SE_Hydro_Reservoir,2050,1,3,3,inter_period_only,0.0
1895,14969,SE_Hydro_Reservoir,2050,1,4,4,inter_period_only,0.0
1892,14970,SE_Hydro_Reservoir,2050,1,5,5,inter_period_only,0.0
1889,14971,SE_Hydro_Reservoir,2050,1,6,6,inter_period_only,0.0
1886,14972,SE_Hydro_Reservoir,2050,1,7,7,inter_period_only,0.0
1883,14973,SE_Hydro_Reservoir,2050,1,8,8,inter_period_only,0.0
1880,14974,SE_Hydro_Reservoir,2050,1,9,9,inter_period_only,0.0
1877,14975,SE_Hydro_Reservoir,2050,1,10,10,inter_period_only,0.0
1874,14976,SE_Hydro_Reservoir,2050,1,11,11,inter_period_only,0.0
1871,14977,SE_Hydro_Reservoir,2050,1,12,12,inter_period_only,0.0
1868,14978,SE_Hydro_Reservoir,2050,1,13,13,inter_period_only,0.0
1865,14979,SE_Hydro_Reservoir,2050,1,14,14,inter_period_only,0.0
1862,14980,SE_Hydro_Reservoir,2050,1,15,15,inter_period_only,0.0
1859,14981,SE_Hydro_Reservoir,2050,1,16,16,inter_period_only,0.0
1856,14982,SE_Hydro_Reservoir,2050,1,17,17,inter_period_only,0.0
1853,14983,SE_Hydro_Reservoir,2050,1,18,18,inter_period_only,0.0
1850,14984,SE_Hydro_Reservoir,2050,1,19,19,inter_period_only,0.0
1847,14985,SE_Hydro_Reservoir,2050,1,20,20,inter_period_only,0.0
1844,14986,SE_Hydro_Reservoir,2050,1,21,21,inter_period_only,0.0
1841,14987,SE_Hydro_Reservoir,2050,1,22,22,inter_period_only,0.0
1838,14988,SE_Hydro_Reservoir,2050,1,23,23,inter_period_only,0.0
1835,14989,SE_Hydro_Reservoir,2050,1,24,24,inter_period_only,0.0
1832,14990,SE_Hydro_Reservoir,2050,1,25,25,inter_period_only,0.0
1829,14991,SE_Hydro_Reservoir,2050,1,26,26,inter_period_only,0.0
1826,14992,SE_Hydro_Reservoir,2050,1,27,27,inter_period_only,0.0
1823,14993,SE_Hydro_Reservoir,2050,1,28,28,inter_period_only,0.0
1820,14994,SE_Hydro_Reservoir,2050,1,29,29,inter_period_only,0.0
1817,14995,SE_Hydro_Reservoir,2050,1,30,30,inter_period_only,0.0
1814,14996,SE_Hydro_Reservoir,2050,1,31,31,inter_period_only,0.0
1811,14997,SE_Hydro_Reservoir,2050,1,32,32,inter_period_only,0.0
1808,14998,SE_Hydro_Reservoir,2050,1,33,33,inter_period_only,0.0
1805,14999,SE_Hydro_Reservoir,2050,1,34,34,inter_period_only,0.0
1802,15000,SE_Hydro_Reservoir,2050,1,35,35,inter_period_only,0.0
1799,15001,SE_Hydro_Reservoir,2050,1,36,36,inter_period_only,0.0
1796,15002,SE_Hydro_Reservoir,2050,1,37,37,inter_period_only,0.0
1793,15003,SE_Hydro_Reservoir,2050,1,38,38,inter_period_only,0.0
1790,15004,SE_Hydro_Reservoir,2050,1,39,39,inter_period_only,0.0
1787,15005,SE_Hydro_Reservoir,2050,1,40,40,inter_period_only,0.0
1784,15006,SE_Hydro_Reservoir,2050,1,41,41,inter_period_only,0.0
1781,15007,SE_Hydro_Reservoir,2050,1,42,42,inter_period_only,0.0
1778,15008,SE_Hydro_Reservoir,2050,1,43,43,inter_period_only,0.0
1775,15009,SE_Hydro_Reservoir,2050,1,44,44,inter_period_only,0.0
1772,15010,SE_Hydro_Reservoir,2050,1,45,45,inter_period_only,0.0
1769,15011,SE_Hydro_Reservoir,2050,1,46,46,inter_period_only,0.0
1766,15012,SE_Hydro_Reservoir,2050,1,47,47,inter_period_only,0.0
1763,15013,SE_Hydro_Reservoir,2050,1,48,48,inter_period_only,0.0
1760,15014,SE_Hydro_Reservoir,2050,1,49,49,inter_period_only,0.0
1757,15015,SE_Hydro_Reservoir,2050,1,50,50,inter_period_only,0.0
1754,15016,SE_Hydro_Reservoir,2050,1,51,51,inter_period_only,0.0
1751,15017,SE_Hydro_Reservoir,2050,1,52,52,inter_period_only,0.0
1748,15018,SE_Hydro_Reservoir,2050,1,53,53,inter_period_only,0.0
1745,15019,SE_Hydro_Reservoir,2050,1,54,54,inter_period_only,0.0
1742,15020,SE_Hydro_Reservoir,2050,1,55,55,inter_period_only,0.0
1739,15021,SE_Hydro_Reservoir,2050,1,56,56,inter_period_only,0.0
1736,15022,SE_Hydro_Reservoir,2050,1,57,57,inter_period_only,0.0
1733,15023,SE_Hydro_Reservoir,2050,1,58,58,inter_period_only,0.0
1730,15024,SE_Hydro_Reservoir,2050,1,59,59,inter_period_only,0.0
1727,15025,SE_Hydro_Reservoir,2050,1,60,60,inter_period_only,0.0
1724,15026,SE_Hydro_Reservoir,2050,1,61,61,inter_period_only,0.0
1721,15027,SE_Hydro_Reservoir,2050,1,62,62,inter_period_only,0.0
1718,15028,SE_Hydro_Reservoir,2050,1,63,63,inter_period_only,0.0
1715,15029,SE_Hydro_Reservoir,2050,1,64,64,inter_period_only,0.0
1712,15030,SE_Hydro_Reservoir,2050,1,65,65,inter_period_only,0.0
1709,15031,SE_Hydro_Reservoir,2050,1,66,66,inter_period_only,0.0
1706,15032,SE_Hydro_Reservoir,2050,1,67,67,inter_period_only,0.0
1703,15033,SE_Hydro_Reservoir,2050,1,68,68,inter_period_only,0.0
1700,15034,SE_Hydro_Reservoir,2050,1,69,69,inter_period_only,0.0
1697,15035,SE_Hydro_Reservoir,2050,1,70,70,inter_period_only,0.0
1694,15036,SE_Hydro_Reservoir,2050,1,71,71,inter_period_only,0.0
1691,15037,SE_Hydro_Reservoir,2050,1,72,72,inter_period_only,0.0
1688,15038,SE_Hydro_Reservoir,2050,1,73,73,inter_period_only,0.0
1685,15039,SE_Hydro_Reservoir,2050,1,74,74,inter_period_only,0.0
1682,15040,SE_Hydro_Reservoir,2050,1,75,75,inter_period_only,0.0
1679,15041,SE_Hydro_Reservoir,2050,1,76,76,inter_period_only,0.0
1676,15042,SE_Hydro_Reservoir,2050,1,77,77,inter_period_only,0.0
1673,15043,SE_Hydro_Reservoir,2050,1,78,78,inter_period_only,0.0
1670,15044,SE_Hydro_Reservoir,2050,1,79,79,inter_period_only,0.0
1667,15045,SE_Hydro_Reservoir,2050,1,80,80,inter_period_only,0.0
1664,15046,SE_Hydro_Reservoir,2050,1,81,81,inter_period_only,0.0
1662,15047,SE_Hydro_Reservoir,2050,1,82,82,inter_period_only,0.0
1660,15048,SE_Hydro_Reservoir,2050,1,83,83,inter_period_only,0.0
1658,15049,SE_Hydro_Reservoir,2050,1,84,84,inter_period_only,0.0
1656,15050,SE_Hydro_Reservoir,2050,1,85,85,inter_period_only,0.0
1654,15051,SE_Hydro_Reservoir,2050,1,86,86,inter_period_only,0.0
1652,15052,SE_Hydro_Reservoir,2050,1,87,87,inter_period_only,0.0
1650,15053,SE_Hydro_Reservoir,2050,1,88,88,inter_period_only,0.0
1648,15054,SE_Hydro_Reservoir,2050,1,89,89,inter_period_only,0.0
1646,15055,SE_Hydro_Reservoir,2050,1,90,90,inter_period_only,0.0
1644,15056,SE_Hydro_Reservoir,2050,1,91,91,inter_period_only,0.0
1642,15057,SE_Hydro_Reservoir,2050,1,92,92,inter_period_only,0.0
1640,15058,SE_Hydro_Reservoir,2050,1,93,93,inter_period_only,0.0
1638,15059,SE_Hydro_Reservoir,2050,1,94,94,inter_period_only,0.0
1636,15060,SE_Hydro_Reservoir,2050,1,95,95,inter_period_only,0.0
1634,15061,SE_Hydro_Reservoir,2050,1,96,96,inter_period_only,0.0
1632,15062,SE_Hydro_Reservoir,2050,1,97,97,inter_period_only,0.0
1630,15063,SE_Hydro_Reservoir,2050,1,98,98,inter_period_only,0.0
1628,15064,SE_Hydro_Reservoir,2050,1,99,99,inter_period_only,0.0
1626,15065,SE_Hydro_Reservoir,2050,1,100,100,inter_period_only,0.0
1624,15066,SE_Hydro_Reservoir,2050,1,101,101,inter_period_only,0.0
1622,15067,SE_Hydro_Reservoir,2050,1,102,102,inter_period_only,0.0
1620,15068,SE_Hydro_Reservoir,2050,1,103,103,inter_period_only,0.0
1618,15069,SE_Hydro_Reservoir,2050,1,104,104,inter_period_only,0.0
1616,15070,SE_Hydro_Reservoir,2050,1,105,105,inter_period_only,0.0
1614,15071,SE_Hydro_Reservoir,2050,1,106,106,inter_period_only,0.0
1612,15072,SE_Hydro_Reservoir,2050,1,107,107,inter_period_only,0.0
1610,15073,SE_Hydro_Reservoir,2050,1,108,108,inter_period_only,0.0
1608,15074,SE_Hydro_Reservoir,2050,1,109,109,inter_period_only,0.0
1606,15075,SE_Hydro_Reservoir,2050,1,110,110,inter_period_only,0.0
1604,15076,SE_Hydro_Reservoir,2050,1,111,111,inter_period_only,0.0
1602,15077,SE_Hydro_Reservoir,2050,1,112,112,inter_period_only,0.0
1600,15078,SE_Hydro_Reservoir,2050,1,113,113,inter_period_only,0.0
1598,15079,SE_Hydro_Reservoir,2050,1,114,114,inter_period_only,0.0
1596,15080,SE_Hydro_Reservoir,2050,1,115,115,inter_period_only,0.0
1594,15081,SE_Hydro_Reservoir,2050,1,116,116,inter_period_only,0.0
1592,15082,SE_Hydro_Reservoir,2050,1,117,117,inter_period_only,0.0
1590,15083,SE_Hydro_Reservoir,2050,1,118,118,inter_period_only,0.0
1588,15084,SE_Hydro_Reservoir,2050,1,119,119,inter_period_only,0.0
1586,15085,SE_Hydro_Reservoir,2050,1,120,120,inter_period_only,0.0
1584,15086,SE_Hydro_Reservoir,2050,1,121,121,inter_period_only,0.0
1582,15087,SE_Hydro_Reservoir,2050,1,122,122,inter_period_only,0.0
1580,15088,SE_Hydro_Reservoir,2050,1,123,123,inter_period_only,0.0
1578,15089,SE_Hydro_Reservoir,2050,1,124,124,inter_period_only,0.0
1576,15090,SE_Hydro_Reservoir,2050,1,125,125,inter_period_only,0.0
1574,15091,SE_Hydro_Reservoir,2050,1,126,126,inter_period_only,0.0
1572,15092,SE_Hydro_Reservoir,2050,1,127,127,inter_period_only,0.0
1570,15093,SE_Hydro_Reservoir,2050,1,128,128,inter_period_only,0.0
1568,15094,SE_Hydro_Reservoir,2050,1,129,129,inter_period_only,0.0
1566,15095,SE_Hydro_Reservoir,2050,1,130,130,inter_period_only,0.0
1564,15096,SE_Hydro_Reservoir,2050,1,131,131,inter_period_only,0.0
1562,15097,SE_Hydro_Reservoir,2050,1,132,132,inter_period_only,0.0
1560,15098,SE_Hydro_Reservoir,2050,1,133,133,inter_period_only,0.0
1558,15099,SE_Hydro_Reservoir,2050,1,134,134,inter_period_only,0.0
1556,15100,SE_Hydro_Reservoir,2050,1,135,135,inter_period_only,0.0
1554,15101,SE_Hydro_Reservoir,2050,1,136,136,inter_period_only,0.0
1552,15102,SE_Hydro_Reservoir,2050,1,137,137,inter_period_only,0.0
1550,15103,SE_Hydro_Reservoir,2050,1,138,138,inter_period_only,0.0
1548,15104,SE_Hydro_Reservoir,2050,1,139,139,inter_period_only,0.0
1546,15105,SE_Hydro_Reservoir,2050,1,140,140,inter_period_only,0.0
1544,15106,SE_Hydro_Reservoir,2050,1,141,141,inter_period_only,0.0
1542,15107,SE_Hydro_Reservoir,2050,1,142,142,inter_period_only,0.0
1540,15108,SE_Hydro_Reservoir,2050,1,143,143,inter_period_only,0.0
1538,15109,SE_Hydro_Reservoir,2050,1,144,144,inter_period_only,0.0
1536,15110,SE_Hydro_Reservoir,2050,1,145,145,inter_period_only,0.0
1534,15111,SE_Hydro_Reservoir,2050,1,146,146,inter_period_only,0.0
1532,15112,SE_Hydro_Reservoir,2050,1,147,147,inter_period_only,0.0
1530,15113,SE_Hydro_Reservoir,2050,1,148,148,inter_period_only,0.0
1528,15114,SE_Hydro_Reservoir,2050,1,149,149,inter_period_only,0.0
1526,15115,SE_Hydro_Reservoir,2050,1,150,150,inter_period_only,0.0
1524,15116,SE_Hydro_Reservoir,2050,1,151,151,inter_period_only,0.0
1522,15117,SE_Hydro_Reservoir,2050,1,152,152,inter_period_only,0.0
1520,15118,SE_Hydro_Reservoir,2050,1,153,153,inter_period_only,0.0
1518,15119,SE_Hydro_Reservoir,2050,1,154,154,inter_period_only,0.0
1516,15120,SE_Hydro_Reservoir,2050,1,155,155,inter_period_only,0.0
1514,15121,SE_Hydro_Reservoir,2050,1,156,156,inter_period_only,0.0
1512,15122,SE_Hydro_Reservoir,2050,1,157,157,inter_period_only,0.0
1510,15123,SE_Hydro_Reservoir,2050,1,158,158,inter_period_only,0.0
1508,15124,SE_Hydro_Reservoir,2050,1,159,159,inter_period_only,0.0
1506,15125,SE_Hydro_Reservoir,2050,1,160,160,inter_period_only,0.0
1504,15126,SE_Hydro_Reservoir,2050,1,161,161,inter_period_only,0.0
1502,15127,SE_Hydro_Reservoir,2050,1,162,162,inter_period_only,0.0
1500,15128,SE_Hydro_Reservoir,2050,1,163,163,inter_period_only,0.0
1498,15129,SE_Hydro_Reservoir,2050,1,164,164,inter_period_only,0.0
1496,15130,SE_Hydro_Reservoir,2050,1,165,165,inter_period_only,0.0
1494,15131,SE_Hydro_Reservoir,2050,1,166,166,inter_period_only,0.0
1492,15132,SE_Hydro_Reservoir,2050,1,167,167,inter_period_only,0.0
1490,15133,SE_Hydro_Reservoir,2050,1,168,168,inter_period_only,0.0
1488,15134,SE_Hydro_Reservoir,2050,1,169,169,inter_period_only,0.0
1486,15135,SE_Hydro_Reservoir,2050,1,170,170,inter_period_only,0.0
1484,15136,SE_Hydro_Reservoir,2050,1,171,171,inter_period_only,0.0
1482,15137,SE_Hydro_Reservoir,2050,1,172,172,inter_period_only,0.0
1480,15138,SE_Hydro_Reservoir,2050,1,173,173,inter_period_only,0.0
1478,15139,SE_Hydro_Reservoir,2050,1,174,174,inter_period_only,0.0
1476,15140,SE_Hydro_Reservoir,2050,1,175,175,inter_period_only,0.0
1474,15141,SE_Hydro_Reservoir,2050,1,176,176,inter_period_only,0.0
1472,15142,SE_Hydro_Reservoir,2050,1,177,177,inter_period_only,0.0
1470,15143,SE_Hydro_Reservoir,2050,1,178,178,inter_period_only,0.0
1468,15144,SE_Hydro_Reservoir,2050,1,179,179,inter_period_only,0.0
1466,15145,SE_Hydro_Reservoir,2050,1,180,180,inter_period_only,0.0
1464,15146,SE_Hydro_Reservoir,2050,1,181,181,inter_period_only,0.0
1462,15147,SE_Hydro_Reservoir,2050,1,182,182,inter_period_only,0.0
1460,15148,SE_Hydro_Reservoir,2050,1,183,183,inter_period_only,0.0
1458,15149,SE_Hydro_Reservoir,2050,1,184,184,inter_period_only,0.0
1456,15150,SE_Hydro_Reservoir,2050,1,185,185,inter_period_only,0.0
1454,15151,SE_Hydro_Reservoir,2050,1,186,186,inter_period_only,0.0
1452,15152,SE_Hydro_Reservoir,2050,1,187,187,inter_period_only,0.0
1450,15153,SE_Hydro_Reservoir,2050,1,188,188,inter_period_only,0.0
1448,15154,SE_Hydro_Reservoir,2050,1,189,189,inter_period_only,0.0
1446,15155,SE_Hydro_Reservoir,2050,1,190,190,inter_period_only,0.0
1444,15156,SE_Hydro_Reservoir,2050,1,191,191,inter_period_only,0.0
1442,15157,SE_Hydro_Reservoir,2050,1,192,192,inter_period_only,0.0
1440,15158,SE_Hydro_Reservoir,2050,1,193,193,inter_period_only,0.0
1438,15159,SE_Hydro_Reservoir,2050,1,194,194,inter_period_only,0.0
1436,15160,SE_Hydro_Reservoir,2050,1,195,195,inter_period_only,0.0
1434,15161,SE_Hydro_Reservoir,2050,1,196,196,inter_period_only,0.0
1432,15162,SE_Hydro_Reservoir,2050,1,197,197,inter_period_only,0.0
1430,15163,SE_Hydro_Reservoir,2050,1,198,198,inter_period_only,0.0
1428,15164,SE_Hydro_Reservoir,2050,1,199,199,inter_period_only,0.0
1426,15165,SE_Hydro_Reservoir,2050,1,200,200,inter_period_only,0.0
1424,15166,SE_Hydro_Reservoir,2050,1,201,201,inter_period_only,0.0
1422,15167,SE_Hydro_Reservoir,2050,1,202,202,inter_period_only,0.0
1420,15168,SE_Hydro_Reservoir,2050,1,203,203,inter_period_only,0.0
1418,15169,SE_Hydro_Reservoir,2050,1,204,204,inter_period_only,-0.0
1416,15170,SE_Hydro_Reservoir,2050,1,205,205,inter_period_only,0.0
1414,15171,SE_Hydro_Reservoir,2050,1,206,206,inter_period_only,0.0
1412,15172,SE_Hydro_Reservoir,2050,1,207,207,inter_period_only,0.0
1410,15173,SE_Hydro_Reservoir,2050,1,208,208,inter_period_only,0.0
1408,15174,SE_Hydro_Reservoir,2050,1,209,209,inter_period_only,0.0
1406,15175,SE_Hydro_Reservoir,2050,1,210,210,inter_period_only,0.0
1404,15176,SE_Hydro_Reservoir,2050,1,211,211,inter_period_only,0.0
1402,15177,SE_Hydro_Reservoir,2050,1,212,212,inter_period_only,0.0
1400,15178,SE_Hydro_Reservoir,2050,1,213,213,inter_period_only,0.0
1398,15179,SE_Hydro_Reservoir,2050,1,214,214,inter_period_only,0.0
1396,15180,SE_Hydro_Reservoir,2050,1,215,215,inter_period_only,0.0
1394,15181,SE_Hydro_Reservoir,2050,1,216,216,inter_period_only,0.0
1392,15182,SE_Hydro_Reservoir,2050,1,217,217,inter_period_only,0.0
1390,15183,SE_Hydro_Reservoir,2050,1,218,218,inter_period_only,0.0
1388,15184,SE_Hydro_Reservoir,2050,1,219,219,inter_period_only,0.0
1386,15185,SE_Hydro_Reservoir,2050,1,220,220,inter_period_only,0.0
1384,15186,SE_Hydro_Reservoir,2050,1,221,221,inter_period_only,0.0
1382,15187,SE_Hydro_Reservoir,2050,1,222,222,inter_period_only,0.0
1380,15188,SE_Hydro_Reservoir,2050,1,223,223,inter_period_only,0.0
1378,15189,SE_Hydro_Reservoir,2050,1,224,224,inter_period_only,0.0
1375,15190,SE_Hydro_Reservoir,2050,1,225,225,inter_period_only,0.0
1372,15191,SE_Hydro_Reservoir,2050,1,226,226,inter_period_only,0.0
1369,15192,SE_Hydro_Reservoir,2050,1,227,227,inter_period_only,0.0
1366,15193,SE_Hydro_Reservoir,2050,1,228,228,inter_period_only,0.0
1363,15194,SE_Hydro_Reservoir,2050,1,229,229,inter_period_only,0.0
1360,15195,SE_Hydro_Reservoir,2050,1,230,230,inter_period_only,0.0
1357,15196,SE_Hydro_Reservoir,2050,1,231,231,inter_period_only,0.0
1354,15197,SE_Hydro_Reservoir,2050,1,232,232,inter_period_only,0.0
1351,15198,SE_Hydro_Reservoir,2050,1,233,233,inter_period_only,0.0
1348,15199,SE_Hydro_Reservoir,2050,1,234,234,inter_period_only,0.0
1345,15200,SE_Hydro_Reservoir,2050,1,235,235,inter_period_only,0.0
1342,15201,SE_Hydro_Reservoir,2050,1,236,236,inter_period_only,0.0
1339,15202,SE_Hydro_Reservoir,2050,1,237,237,inter_period_only,0.0
1336,15203,SE_Hydro_Reservoir,2050,1,238,238,inter_period_only,0.0
1333,15204,SE_Hydro_Reservoir,2050,1,239,239,inter_period_only,0.0
1330,15205,SE_Hydro_Reservoir,2050,1,240,240,inter_period_only,0.0
1327,15206,SE_Hydro_Reservoir,2050,1,241,241,inter_period_only,0.0
1324,15207,SE_Hydro_Reservoir,2050,1,242,242,inter_period_only,0.0
1321,15208,SE_Hydro_Reservoir,2050,1,243,243,inter_period_only,0.0
1318,15209,SE_Hydro_Reservoir,2050,1,244,244,inter_period_only,0.0
1315,15210,SE_Hydro_Reservoir,2050,1,245,245,inter_period_only,0.0
1312,15211,SE_Hydro_Reservoir,2050,1,246,246,inter_period_only,0.0
1309,15212,SE_Hydro_Reservoir,2050,1,247,247,inter_period_only,0.0
1306,15213,SE_Hydro_Reservoir,2050,1,248,248,inter_period_only,0.0
1303,15214,SE_Hydro_Reservoir,2050,1,249,249,inter_period_only,0.0
1300,15215,SE_Hydro_Reservoir,2050,1,250,250,inter_period_only,0.0
1297,15216,SE_Hydro_Reservoir,2050,1,251,251,inter_period_only,0.0
1294,15217,SE_Hydro_Reservoir,2050,1,252,252,inter_period_only,0.0
1291,15218,SE_Hydro_Reservoir,2050,1,253,253,inter_period_only,0.0
1288,15219,SE_Hydro_Reservoir,2050,1,254,254,inter_period_only,0.0
1285,15220,SE_Hydro_Reservoir,2050,1,255,255,inter_period_only,0.0
1282,15221,SE_Hydro_Reservoir,2050,1,256,256,inter_period_only,0.0
1279,15222,SE_Hydro_Reservoir,2050,1,257,257,inter_period_only,0.0
1276,15223,SE_Hydro_Reservoir,2050,1,258,258,inter_period_only,0.0
1273,15224,SE_Hydro_Reservoir,2050,1,259,259,inter_period_only,0.0
1270,15225,SE_Hydro_Reservoir,2050,1,260,260,inter_period_only,0.0
1267,15226,SE_Hydro_Reservoir,2050,1,261,261,inter_period_only,0.0
1264,15227,SE_Hydro_Reservoir,2050,1,262,262,inter_period_only,0.0
1261,15228,SE_Hydro_Reservoir,2050,1,263,263,inter_period_only,0.0
1258,15229,SE_Hydro_Reservoir,2050,1,264,264,inter_period_only,0.0
1255,15230,SE_Hydro_Reservoir,2050,1,265,265,inter_period_only,0.0
1252,15231,SE_Hydro_Reservoir,2050,1,266,266,inter_period_only,0.0
1249,15232,SE_Hydro_Reservoir,2050,1,267,267,inter_period_only,0.0
1246,15233,SE_Hydro_Reservoir,2050,1,268,268,inter_period_only,0.0
1243,15234,SE_Hydro_Reservoir,2050,1,269,269,inter_period_only,0.0
1240,15235,SE_Hydro_Reservoir,2050,1,270,270,inter_period_only,0.0
1237,15236,SE_Hydro_Reservoir,2050,1,271,271,inter_period_only,0.0
1234,15237,SE_Hydro_Reservoir,2050,1,272,272,inter_period_only,0.0
1231,15238,SE_Hydro_Reservoir,2050,1,273,273,inter_period_only,0.0
1228,15239,SE_Hydro_Reservoir,2050,1,274,274,inter_period_only,0.0
1225,15240,SE_Hydro_Reservoir,2050,1,275,275,inter_period_only,0.0
1222,15241,SE_Hydro_Reservoir,2050,1,276,276,inter_period_only,0.0
1219,15242,SE_Hydro_Reservoir,2050,1,277,277,inter_period_only,0.0
1216,15243,SE_Hydro_Reservoir,2050,1,278,278,inter_period_only,0.0
1213,15244,SE_Hydro_Reservoir,2050,1,279,279,inter_period_only,0.0
1210,15245,SE_Hydro_Reservoir,2050,1,280,280,inter_period_only,0.0
1207,15246,SE_Hydro_Reservoir,2050,1,281,281,inter_period_only,0.0
1204,15247,SE_Hydro_Reservoir,2050,1,282,282,inter_period_only,0.0
1201,15248,SE_Hydro_Reservoir,2050,1,283,283,inter_period_only,0.0
1198,15249,SE_Hydro_Reservoir,2050,1,284,284,inter_period_only,0.0
1195,15250,SE_Hydro_Reservoir,2050,1,285,285,inter_period_only,0.0
1192,15251,SE_Hydro_Reservoir,2050,1,286,286,inter_period_only,0.0
1189,15252,SE_Hydro_Reservoir,2050,1,287,287,inter_period_only,0.0
1186,15253,SE_Hydro_Reservoir,2050,1,288,288,inter_period_only,0.0
1183,15254,SE_Hydro_Reservoir,2050,1,289,289,inter_period_only,0.0
1180,15255,SE_Hydro_Reservoir,2050,1,290,290,inter_period_only,0.0
1177,15256,SE_Hydro_Reservoir,2050,1,291,291,inter_period_only,0.0
1174,15257,SE_Hydro_Reservoir,2050,1,292,292,inter_period_only,0.0
1171,15258,SE_Hydro_Reservoir,2050,1,293,293,inter_period_only,0.0
1168,15259,SE_Hydro_Reservoir,2050,1,294,294,inter_period_only,0.0
1165,15260,SE_Hydro_Reservoir,2050,1,295,295,inter_period_only,0.0
1162,15261,SE_Hydro_Reservoir,2050,1,296,296,inter_period_only,0.0
1159,15262,SE_Hydro_Reservoir,2050,1,297,297,inter_period_only,0.0
1156,15263,SE_Hydro_Reservoir,2050,1,298,298,inter_period_only,0.0
1153,15264,SE_Hydro_Reservoir,2050,1,299,299,inter_period_only,0.0
1150,15265,SE_Hydro_Reservoir,2050,1,300,300,inter_period_only,0.0
1147,15266,SE_Hydro_Reservoir,2050,1,301,301,inter_period_only,0.0
1144,15267,SE_Hydro_Reservoir,2050,1,302,302,inter_period_only,0.0
1141,15268,SE_Hydro_Reservoir,2050,1,303,303,inter_period_only,0.0
1138,15269,SE_Hydro_Reservoir,2050,1,304,304,inter_period_only,0.0
1135,15270,SE_Hydro_Reservoir,2050,1,305,305,inter_period_only,0.0
1132,15271,SE_Hydro_Reservoir,2050,1,306,306,inter_period_only,0.0
1129,15272,SE_Hydro_Reservoir,2050,1,307,307,inter_period_only,0.0
1126,15273,SE_Hydro_Reservoir,2050,1,308,308,inter_period_only,0.0
1123,15274,SE_Hydro_Reservoir,2050,1,309,309,inter_period_only,0.0
1120,15275,SE_Hydro_Reservoir,2050,1,310,310,inter_period_only,0.0
1117,15276,SE_Hydro_Reservoir,2050,1,311,311,inter_period_only,0.0
1114,15277,SE_Hydro_Reservoir,2050,1,312,312,inter_period_only,0.0
1111,15278,SE_Hydro_Reservoir,2050,1,313,313,inter_period_only,0.0
1108,15279,SE_Hydro_Reservoir,2050,1,314,314,inter_period_only,0.0
1105,15280,SE_Hydro_Reservoir,2050,1,315,315,inter_period_only,0.0
1102,15281,SE_Hydro_Reservoir,2050,1,316,316,inter_period_only,0.0
1099,15282,SE_Hydro_Reservoir,2050,1,317,317,inter_period_only,0.0
1096,15283,SE_Hydro_Reservoir,2050,1,318,318,inter_period_only,0.0
1093,15284,SE_Hydro_Reservoir,2050,1,319,319,inter_period_only,0.0
1090,15285,SE_Hydro_Reservoir,2050,1,320,320,inter_period_only,0.0
1087,15286,SE_Hydro_Reservoir,2050,1,321,321,inter_period_only,0.0
1084,15287,SE_Hydro_Reservoir,2050,1,322,322,inter_period_only,0.0
1081,15288,SE_Hydro_Reservoir,2050,1,323,323,inter_period_only,0.0
1078,15289,SE_Hydro_Reservoir,2050,1,324,324,inter_period_only,0.0
1075,15290,SE_Hydro_Reservoir,2050,1,325,325,inter_period_only,0.0
1072,15291,SE_Hydro_Reservoir,2050,1,326,326,inter_period_only,0.0
1069,15292,SE_Hydro_Reservoir,2050,1,327,327,inter_period_only,0.0
1066,15293,SE_Hydro_Reservoir,2050,1,328,328,inter_period_only,0.0
1063,15294,SE_Hydro_Reservoir,2050,1,329,329,inter_period_only,0.0
1060,15295,SE_Hydro_Reservoir,2050,1,330,330,inter_period_only,0.0
1057,15296,SE_Hydro_Reservoir,2050,1,331,331,inter_period_only,0.0
1054,15297,SE_Hydro_Reservoir,2050,1,332,332,inter_period_only,0.0
1051,15298,SE_Hydro_Reservoir,2050,1,333,333,inter_period_only,0.0
1048,15299,SE_Hydro_Reservoir,2050,1,334,334,inter_period_only,0.0
1045,15300,SE_Hydro_Reservoir,2050,1,335,335,inter_period_only,0.0
1042,15301,SE_Hydro_Reservoir,2050,1,336,336,inter_period_only,0.0
1039,15302,SE_Hydro_Reservoir,2050,1,337,337,inter_period_only,0.0
1036,15303,SE_Hydro_Reservoir,2050,1,338,338,inter_period_only,0.0
1033,15304,SE_Hydro_Reservoir,2050,1,339,339,inter_period_only,0.0
1030,15305,SE_Hydro_Reservoir,2050,1,340,340,inter_period_only,0.0
1027,15306,SE_Hydro_Reservoir,2050,1,341,341,inter_period_only,0.0
1024,15307,SE_Hydro_Reservoir,2050,1,342,342,inter_period_only,0.0
1021,15308,SE_Hydro_Reservoir,2050,1,343,343,inter_period_only,0.0
1018,15309,SE_Hydro_Reservoir,2050,1,344,344,inter_period_only,0.0
1015,15310,SE_Hydro_Reservoir,2050,1,345,345,inter_period_only,0.0
1012,15311,SE_Hydro_Reservoir,2050,1,346,346,inter_period_only,0.0
1009,15312,SE_Hydro_Reservoir,2050,1,347,347,inter_period_only,0.0
1006,15313,SE_Hydro_Reservoir,2050,1,348,348,inter_period_only,0.0
1003,15314,SE_Hydro_Reservoir,2050,1,349,349,inter_period_only,0.0
1000,15315,SE_Hydro_Reservoir,2050,1,350,350,inter_period_only,0.0
997,15316,SE_Hydro_Reservoir,2050,1,351,351,inter_period_only,0.0
994,15317,SE_Hydro_Reservoir,2050,1,352,352,inter_period_only,0.0
991,15318,SE_Hydro_Reservoir,2050,1,353,353,inter_period_only,0.0
988,15319,SE_Hydro_Reservoir,2050,1,354,354,inter_period_only,0.0
985,15320,SE_Hydro_Reservoir,2050,1,355,355,inter_period_only,0.0
982,15321,SE_Hydro_Reservoir,2050,1,356,356,inter_period_only,0.0
979,15322,SE_Hydro_Reservoir,2050,1,357,357,inter_period_only,0.0
976,15323,SE_Hydro_Reservoir,2050,1,358,358,inter_period_only,0.0
973,15324,SE_Hydro_Reservoir,2050,1,359,359,inter_period_only,0.0
970,15325,SE_Hydro_Reservoir,2050,1,360,360,inter_period_only,0.0
967,15326,SE_Hydro_Reservoir,2050,1,361,361,inter_period_only,0.0
964,15327,SE_Hydro_Reservoir,2050,1,362,362,inter_period_only,0.0
961,15328,SE_Hydro_Reservoir,2050,1,363,363,inter_period_only,0.0
958,15329,SE_Hydro_Reservoir,2050,1,364,364,inter_period_only,0.0
955,15330,SE_Hydro_Reservoir,2050,1,365,365,inter_period_only,0.0
1905,15696,SK_Hydro_Reservoir,2050,1,1,1,inter_period_only,0.0
1902,15697,SK_Hydro_Reservoir,2050,1,2,2,inter_period_only,0.0
1899,15698,SK_Hydro_Reservoir,2050,1,3,3,inter_period_only,0.0
1896,15699,SK_Hydro_Reservoir,2050,1,4,4,inter_period_only,0.0
1893,15700,SK_Hydro_Reservoir,2050,1,5,5,inter_period_only,0.0
1890,15701,SK_Hydro_Reservoir,2050,1,6,6,inter_period_only,0.0
1887,15702,SK_Hydro_Reservoir,2050,1,7,7,inter_period_only,0.0
1884,15703,SK_Hydro_Reservoir,2050,1,8,8,inter_period_only,0.0
1881,15704,SK_Hydro_Reservoir,2050,1,9,9,inter_period_only,0.0
1878,15705,SK_Hydro_Reservoir,2050,1,10,10,inter_period_only,0.0
1875,15706,SK_Hydro_Reservoir,2050,1,11,11,inter_period_only,0.0
1872,15707,SK_Hydro_Reservoir,2050,1,12,12,inter_period_only,0.0
1869,15708,SK_Hydro_Reservoir,2050,1,13,13,inter_period_only,0.0
1866,15709,SK_Hydro_Reservoir,2050,1,14,14,inter_period_only,0.0
1863,15710,SK_Hydro_Reservoir,2050,1,15,15,inter_period_only,0.0
1860,15711,SK_Hydro_Reservoir,2050,1,16,16,inter_period_only,0.0
1857,15712,SK_Hydro_Reservoir,2050,1,17,17,inter_period_only,0.0
1854,15713,SK_Hydro_Reservoir,2050,1,18,18,inter_period_only,0.0
1851,15714,SK_Hydro_Reservoir,2050,1,19,19,inter_period_only,0.0
1848,15715,SK_Hydro_Reservoir,2050,1,20,20,inter_period_only,0.0
1845,15716,SK_Hydro_Reservoir,2050,1,21,21,inter_period_only,0.0
1842,15717,SK_Hydro_Reservoir,2050,1,22,22,inter_period_only,0.0
1839,15718,SK_Hydro_Reservoir,2050,1,23,23,inter_period_only,0.0
1836,15719,SK_Hydro_Reservoir,2050,1,24,24,inter_period_only,0.0
1833,15720,SK_Hydro_Reservoir,2050,1,25,25,inter_period_only,0.0
1830,15721,SK_Hydro_Reservoir,2050,1,26,26,inter_period_only,0.0
1827,15722,SK_Hydro_Reservoir,2050,1,27,27,inter_period_only,0.0
1824,15723,SK_Hydro_Reservoir,2050,1,28,28,inter_period_only,0.0
1821,15724,SK_Hydro_Reservoir,2050,1,29,29,inter_period_only,0.0
1818,15725,SK_Hydro_Reservoir,2050,1,30,30,inter_period_only,0.0
1815,15726,SK_Hydro_Reservoir,2050,1,31,31,inter_period_only,0.0
1812,15727,SK_Hydro_Reservoir,2050,1,32,32,inter_period_only,0.0
1809,15728,SK_Hydro_Reservoir,2050,1,33,33,inter_period_only,0.0
1806,15729,SK_Hydro_Reservoir,2050,1,34,34,inter_period_only,0.0
1803,15730,SK_Hydro_Reservoir,2050,1,35,35,inter_period_only,0.0
1800,15731,SK_Hydro_Reservoir,2050,1,36,36,inter_period_only,0.0
1797,15732,SK_Hydro_Reservoir,2050,1,37,37,inter_period_only,0.0
1794,15733,SK_Hydro_Reservoir,2050,1,38,38,inter_period_only,0.0
1791,15734,SK_Hydro_Reservoir,2050,1,39,39,inter_period_only,0.0
1788,15735,SK_Hydro_Reservoir,2050,1,40,40,inter_period_only,0.0
1785,15736,SK_Hydro_Reservoir,2050,1,41,41,inter_period_only,0.0
1782,15737,SK_Hydro_Reservoir,2050,1,42,42,inter_period_only,0.0
1779,15738,SK_Hydro_Reservoir,2050,1,43,43,inter_period_only,0.0
1776,15739,SK_Hydro_Reservoir,2050,1,44,44,inter_period_only,0.0
1773,15740,SK_Hydro_Reservoir,2050,1,45,45,inter_period_only,0.0
1770,15741,SK_Hydro_Reservoir,2050,1,46,46,inter_period_only,0.0
1767,15742,SK_Hydro_Reservoir,2050,1,47,47,inter_period_only,0.0
1764,15743,SK_Hydro_Reservoir,2050,1,48,48,inter_period_only,0.0
1761,15744,SK_Hydro_Reservoir,2050,1,49,49,inter_period_only,0.0
1758,15745,SK_Hydro_Reservoir,2050,1,50,50,inter_period_only,0.0
1755,15746,SK_Hydro_Reservoir,2050,1,51,51,inter_period_only,0.0
1752,15747,SK_Hydro_Reservoir,2050,1,52,52,inter_period_only,0.0
1749,15748,SK_Hydro_Reservoir,2050,1,53,53,inter_period_only,0.0
1746,15749,SK_Hydro_Reservoir,2050,1,54,54,inter_period_only,0.0
1743,15750,SK_Hydro_Reservoir,2050,1,55,55,inter_period_only,0.0
1740,15751,SK_Hydro_Reservoir,2050,1,56,56,inter_period_only,0.0
1737,15752,SK_Hydro_Reservoir,2050,1,57,57,inter_period_only,0.0
1734,15753,SK_Hydro_Reservoir,2050,1,58,58,inter_period_only,0.0
1731,15754,SK_Hydro_Reservoir,2050,1,59,59,inter_period_only,0.0
1728,15755,SK_Hydro_Reservoir,2050,1,60,60,inter_period_only,0.0
1725,15756,SK_Hydro_Reservoir,2050,1,61,61,inter_period_only,0.0
1722,15757,SK_Hydro_Reservoir,2050,1,62,62,inter_period_only,0.0
1719,15758,SK_Hydro_Reservoir,2050,1,63,63,inter_period_only,0.0
1716,15759,SK_Hydro_Reservoir,2050,1,64,64,inter_period_only,0.0
1713,15760,SK_Hydro_Reservoir,2050,1,65,65,inter_period_only,0.0
1710,15761,SK_Hydro_Reservoir,2050,1,66,66,inter_period_only,0.0
1707,15762,SK_Hydro_Reservoir,2050,1,67,67,inter_period_only,0.0
1704,15763,SK_Hydro_Reservoir,2050,1,68,68,inter_period_only,0.0
1701,15764,SK_Hydro_Reservoir,2050,1,69,69,inter_period_only,0.0
1698,15765,SK_Hydro_Reservoir,2050,1,70,70,inter_period_only,0.0
1695,15766,SK_Hydro_Reservoir,2050,1,71,71,inter_period_only,0.0
1692,15767,SK_Hydro_Reservoir,2050,1,72,72,inter_period_only,0.0
1689,15768,SK_Hydro_Reservoir,2050,1,73,73,inter_period_only,0.0
1686,15769,SK_Hydro_Reservoir,2050,1,74,74,inter_period_only,0.0
1683,15770,SK_Hydro_Reservoir,2050,1,75,75,inter_period_only,0.0
1680,15771,SK_Hydro_Reservoir,2050,1,76,76,inter_period_only,0.0
1677,15772,SK_Hydro_Reservoir,2050,1,77,77,inter_period_only,0.0
1674,15773,SK_Hydro_Reservoir,2050,1,78,78,inter_period_only,0.0
1671,15774,SK_Hydro_Reservoir,2050,1,79,79,inter_period_only,0.0
1668,15775,SK_Hydro_Reservoir,2050,1,80,80,inter_period_only,0.0
1665,15776,SK_Hydro_Reservoir,2050,1,81,81,inter_period_only,0.0
2189,15777,SK_Hydro_Reservoir,2050,1,82,82,inter_period_only,0.0
2188,15778,SK_Hydro_Reservoir,2050,1,83,83,inter_period_only,0.0
2187,15779,SK_Hydro_Reservoir,2050,1,84,84,inter_period_only,0.0
2186,15780,SK_Hydro_Reservoir,2050,1,85,85,inter_period_only,0.0
2185,15781,SK_Hydro_Reservoir,2050,1,86,86,inter_period_only,0.0
2184,15782,SK_Hydro_Reservoir,2050,1,87,87,inter_period_only,0.0
2183,15783,SK_Hydro_Reservoir,2050,1,88,88,inter_period_only,0.0
2182,15784,SK_Hydro_Reservoir,2050,1,89,89,inter_period_only,0.0
2181,15785,SK_Hydro_Reservoir,2050,1,90,90,inter_period_only,0.0
2180,15786,SK_Hydro_Reservoir,2050,1,91,91,inter_period_only,0.0
2179,15787,SK_Hydro_Reservoir,2050,1,92,92,inter_period_only,0.0
2178,15788,SK_Hydro_Reservoir,2050,1,93,93,inter_period_only,0.0
2177,15789,SK_Hydro_Reservoir,2050,1,94,94,inter_period_only,0.0
2176,15790,SK_Hydro_Reservoir,2050,1,95,95,inter_period_only,0.0
2175,15791,SK_Hydro_Reservoir,2050,1,96,96,inter_period_only,0.0
2174,15792,SK_Hydro_Reservoir,2050,1,97,97,inter_period_only,0.0
2173,15793,SK_Hydro_Reservoir,2050,1,98,98,inter_period_only,0.0
2172,15794,SK_Hydro_Reservoir,2050,1,99,99,inter_period_only,0.0
2171,15795,SK_Hydro_Reservoir,2050,1,100,100,inter_period_only,0.0
2170,15796,SK_Hydro_Reservoir,2050,1,101,101,inter_period_only,0.0
2169,15797,SK_Hydro_Reservoir,2050,1,102,102,inter_period_only,0.0
2168,15798,SK_Hydro_Reservoir,2050,1,103,103,inter_period_only,0.0
2167,15799,SK_Hydro_Reservoir,2050,1,104,104,inter_period_only,0.0
2166,15800,SK_Hydro_Reservoir,2050,1,105,105,inter_period_only,0.0
2165,15801,SK_Hydro_Reservoir,2050,1,106,106,inter_period_only,0.0
2164,15802,SK_Hydro_Reservoir,2050,1,107,107,inter_period_only,0.0
2163,15803,SK_Hydro_Reservoir,2050,1,108,108,inter_period_only,0.0
2162,15804,SK_Hydro_Reservoir,2050,1,109,109,inter_period_only,0.0
2161,15805,SK_Hydro_Reservoir,2050,1,110,110,inter_period_only,0.0
2160,15806,SK_Hydro_Reservoir,2050,1,111,111,inter_period_only,0.0
2159,15807,SK_Hydro_Reservoir,2050,1,112,112,inter_period_only,0.0
2158,15808,SK_Hydro_Reservoir,2050,1,113,113,inter_period_only,0.0
2157,15809,SK_Hydro_Reservoir,2050,1,114,114,inter_period_only,0.0
2156,15810,SK_Hydro_Reservoir,2050,1,115,115,inter_period_only,0.0
2155,15811,SK_Hydro_Reservoir,2050,1,116,116,inter_period_only,0.0
2154,15812,SK_Hydro_Reservoir,2050,1,117,117,inter_period_only,0.0
2153,15813,SK_Hydro_Reservoir,2050,1,118,118,inter_period_only,0.0
2152,15814,SK_Hydro_Reservoir,2050,1,119,119,inter_period_only,0.0
2151,15815,SK_Hydro_Reservoir,2050,1,120,120,inter_period_only,2.3092638912203256e-14
2150,15816,SK_Hydro_Reservoir,2050,1,121,121,inter_period_only,0.0
2149,15817,SK_Hydro_Reservoir,2050,1,122,122,inter_period_only,0.0
2148,15818,SK_Hydro_Reservoir,2050,1,123,123,inter_period_only,0.0
2147,15819,SK_Hydro_Reservoir,2050,1,124,124,inter_period_only,0.0
2146,15820,SK_Hydro_Reservoir,2050,1,125,125,inter_period_only,0.0
2145,15821,SK_Hydro_Reservoir,2050,1,126,126,inter_period_only,0.0
2144,15822,SK_Hydro_Reservoir,2050,1,127,127,inter_period_only,0.0
2143,15823,SK_Hydro_Reservoir,2050,1,128,128,inter_period_only,0.0
2142,15824,SK_Hydro_Reservoir,2050,1,129,129,inter_period_only,0.0
2141,15825,SK_Hydro_Reservoir,2050,1,130,130,inter_period_only,0.0
2140,15826,SK_Hydro_Reservoir,2050,1,131,131,inter_period_only,0.0
2139,15827,SK_Hydro_Reservoir,2050,1,132,132,inter_period_only,0.0
2138,15828,SK_Hydro_Reservoir,2050,1,133,133,inter_period_only,0.0
2137,15829,SK_Hydro_Reservoir,2050,1,134,134,inter_period_only,0.0
2136,15830,SK_Hydro_Reservoir,2050,1,135,135,inter_period_only,0.0
2135,15831,SK_Hydro_Reservoir,2050,1,136,136,inter_period_only,0.0
2134,15832,SK_Hydro_Reservoir,2050,1,137,137,inter_period_only,0.0
2133,15833,SK_Hydro_Reservoir,2050,1,138,138,inter_period_only,0.0
2132,15834,SK_Hydro_Reservoir,2050,1,139,139,inter_period_only,0.0
2131,15835,SK_Hydro_Reservoir,2050,1,140,140,inter_period_only,0.0
2130,15836,SK_Hydro_Reservoir,2050,1,141,141,inter_period_only,0.0
2129,15837,SK_Hydro_Reservoir,2050,1,142,142,inter_period_only,0.0
2128,15838,SK_Hydro_Reservoir,2050,1,143,143,inter_period_only,0.0
2127,15839,SK_Hydro_Reservoir,2050,1,144,144,inter_period_only,0.0
2126,15840,SK_Hydro_Reservoir,2050,1,145,145,inter_period_only,0.0
2125,15841,SK_Hydro_Reservoir,2050,1,146,146,inter_period_only,0.0
2124,15842,SK_Hydro_Reservoir,2050,1,147,147,inter_period_only,0.0
2123,15843,SK_Hydro_Reservoir,2050,1,148,148,inter_period_only,0.0
2122,15844,SK_Hydro_Reservoir,2050,1,149,149,inter_period_only,0.0
2121,15845,SK_Hydro_Reservoir,2050,1,150,150,inter_period_only,0.0
2120,15846,SK_Hydro_Reservoir,2050,1,151,151,inter_period_only,0.0
2119,15847,SK_Hydro_Reservoir,2050,1,152,152,inter_period_only,0.0
2118,15848,SK_Hydro_Reservoir,2050,1,153,153,inter_period_only,0.0
2117,15849,SK_Hydro_Reservoir,2050,1,154,154,inter_period_only,0.0
2116,15850,SK_Hydro_Reservoir,2050,1,155,155,inter_period_only,0.0
2115,15851,SK_Hydro_Reservoir,2050,1,156,156,inter_period_only,0.0
2114,15852,SK_Hydro_Reservoir,2050,1,157,157,inter_period_only,0.0
2113,15853,SK_Hydro_Reservoir,2050,1,158,158,inter_period_only,0.0
2112,15854,SK_Hydro_Reservoir,2050,1,159,159,inter_period_only,0.0
2111,15855,SK_Hydro_Reservoir,2050,1,160,160,inter_period_only,0.0
2110,15856,SK_Hydro_Reservoir,2050,1,161,161,inter_period_only,0.0
2109,15857,SK_Hydro_Reservoir,2050,1,162,162,inter_period_only,0.0
2108,15858,SK_Hydro_Reservoir,2050,1,163,163,inter_period_only,0.0
2107,15859,SK_Hydro_Reservoir,2050,1,164,164,inter_period_only,0.0
2106,15860,SK_Hydro_Reservoir,2050,1,165,165,inter_period_only,0.0
2105,15861,SK_Hydro_Reservoir,2050,1,166,166,inter_period_only,0.0
2104,15862,SK_Hydro_Reservoir,2050,1,167,167,inter_period_only,0.0
2103,15863,SK_Hydro_Reservoir,2050,1,168,168,inter_period_only,0.0
2102,15864,SK_Hydro_Reservoir,2050,1,169,169,inter_period_only,0.0
2101,15865,SK_Hydro_Reservoir,2050,1,170,170,inter_period_only,0.0
2100,15866,SK_Hydro_Reservoir,2050,1,171,171,inter_period_only,0.0
2099,15867,SK_Hydro_Reservoir,2050,1,172,172,inter_period_only,0.0
2098,15868,SK_Hydro_Reservoir,2050,1,173,173,inter_period_only,0.0
2097,15869,SK_Hydro_Reservoir,2050,1,174,174,inter_period_only,0.0
2096,15870,SK_Hydro_Reservoir,2050,1,175,175,inter_period_only,0.0
2095,15871,SK_Hydro_Reservoir,2050,1,176,176,inter_period_only,0.0
2094,15872,SK_Hydro_Reservoir,2050,1,177,177,inter_period_only,0.0
2093,15873,SK_Hydro_Reservoir,2050,1,178,178,inter_period_only,0.0
2092,15874,SK_Hydro_Reservoir,2050,1,179,179,inter_period_only,0.0
2091,15875,SK_Hydro_Reservoir,2050,1,180,180,inter_period_only,0.0
2090,15876,SK_Hydro_Reservoir,2050,1,181,181,inter_period_only,0.0
2089,15877,SK_Hydro_Reservoir,2050,1,182,182,inter_period_only,0.0
2088,15878,SK_Hydro_Reservoir,2050,1,183,183,inter_period_only,0.0
2087,15879,SK_Hydro_Reservoir,2050,1,184,184,inter_period_only,0.0
2086,15880,SK_Hydro_Reservoir,2050,1,185,185,inter_period_only,0.0
2085,15881,SK_Hydro_Reservoir,2050,1,186,186,inter_period_only,0.0
2084,15882,SK_Hydro_Reservoir,2050,1,187,187,inter_period_only,0.0
2083,15883,SK_Hydro_Reservoir,2050,1,188,188,inter_period_only,0.0
2082,15884,SK_Hydro_Reservoir,2050,1,189,189,inter_period_only,0.0
2081,15885,SK_Hydro_Reservoir,2050,1,190,190,inter_period_only,0.0
2080,15886,SK_Hydro_Reservoir,2050,1,191,191,inter_period_only,0.0
2079,15887,SK_Hydro_Reservoir,2050,1,192,192,inter_period_only,0.0
2078,15888,SK_Hydro_Reservoir,2050,1,193,193,inter_period_only,0.0
2077,15889,SK_Hydro_Reservoir,2050,1,194,194,inter_period_only,0.0
2076,15890,SK_Hydro_Reservoir,2050,1,195,195,inter_period_only,0.0
2075,15891,SK_Hydro_Reservoir,2050,1,196,196,inter_period_only,0.0
2074,15892,SK_Hydro_Reservoir,2050,1,197,197,inter_period_only,0.0
2073,15893,SK_Hydro_Reservoir,2050,1,198,198,inter_period_only,0.0
2072,15894,SK_Hydro_Reservoir,2050,1,199,199,inter_period_only,0.0
2071,15895,SK_Hydro_Reservoir,2050,1,200,200,inter_period_only,0.0
2070,15896,SK_Hydro_Reservoir,2050,1,201,201,inter_period_only,0.0
2069,15897,SK_Hydro_Reservoir,2050,1,202,202,inter_period_only,0.0
2068,15898,SK_Hydro_Reservoir,2050,1,203,203,inter_period_only,0.0
2067,15899,SK_Hydro_Reservoir,2050,1,204,204,inter_period_only,0.0
2066,15900,SK_Hydro_Reservoir,2050,1,205,205,inter_period_only,-1.5987211554602254e-14
2065,15901,SK_Hydro_Reservoir,2050,1,206,206,inter_period_only,0.0
2064,15902,SK_Hydro_Reservoir,2050,1,207,207,inter_period_only,0.0
2063,15903,SK_Hydro_Reservoir,2050,1,208,208,inter_period_only,0.0
2062,15904,SK_Hydro_Reservoir,2050,1,209,209,inter_period_only,0.0
2061,15905,SK_Hydro_Reservoir,2050,1,210,210,inter_period_only,0.0
2060,15906,SK_Hydro_Reservoir,2050,1,211,211,inter_period_only,0.0
2059,15907,SK_Hydro_Reservoir,2050,1,212,212,inter_period_only,0.0
2058,15908,SK_Hydro_Reservoir,2050,1,213,213,inter_period_only,0.0
2057,15909,SK_Hydro_Reservoir,2050,1,214,214,inter_period_only,0.0
2056,15910,SK_Hydro_Reservoir,2050,1,215,215,inter_period_only,0.0
2055,15911,SK_Hydro_Reservoir,2050,1,216,216,inter_period_only,0.0
2054,15912,SK_Hydro_Reservoir,2050,1,217,217,inter_period_only,0.0
2053,15913,SK_Hydro_Reservoir,2050,1,218,218,inter_period_only,0.0
2052,15914,SK_Hydro_Reservoir,2050,1,219,219,inter_period_only,0.0
2051,15915,SK_Hydro_Reservoir,2050,1,220,220,inter_period_only,0.0
2050,15916,SK_Hydro_Reservoir,2050,1,221,221,inter_period_only,0.0
2049,15917,SK_Hydro_Reservoir,2050,1,222,222,inter_period_only,0.0
2048,15918,SK_Hydro_Reservoir,2050,1,223,223,inter_period_only,0.0
2047,15919,SK_Hydro_Reservoir,2050,1,224,224,inter_period_only,0.0
2046,15920,SK_Hydro_Reservoir,2050,1,225,225,inter_period_only,0.0
2045,15921,SK_Hydro_Reservoir,2050,1,226,226,inter_period_only,0.0
2044,15922,SK_Hydro_Reservoir,2050,1,227,227,inter_period_only,0.0
2043,15923,SK_Hydro_Reservoir,2050,1,228,228,inter_period_only,0.0
2042,15924,SK_Hydro_Reservoir,2050,1,229,229,inter_period_only,0.0
2041,15925,SK_Hydro_Reservoir,2050,1,230,230,inter_period_only,0.0
2040,15926,SK_Hydro_Reservoir,2050,1,231,231,inter_period_only,0.0
2039,15927,SK_Hydro_Reservoir,2050,1,232,232,inter_period_only,0.0
2038,15928,SK_Hydro_Reservoir,2050,1,233,233,inter_period_only,0.0
2037,15929,SK_Hydro_Reservoir,2050,1,234,234,inter_period_only,0.0
2036,15930,SK_Hydro_Reservoir,2050,1,235,235,inter_period_only,0.0
2035,15931,SK_Hydro_Reservoir,2050,1,236,236,inter_period_only,0.0
2034,15932,SK_Hydro_Reservoir,2050,1,237,237,inter_period_only,0.0
2033,15933,SK_Hydro_Reservoir,2050,1,238,238,inter_period_only,0.0
2032,15934,SK_Hydro_Reservoir,2050,1,239,239,inter_period_only,0.0
2031,15935,SK_Hydro_Reservoir,2050,1,240,240,inter_period_only,0.0
2030,15936,SK_Hydro_Reservoir,2050,1,241,241,inter_period_only,0.0
2029,15937,SK_Hydro_Reservoir,2050,1,242,242,inter_period_only,0.0
2028,15938,SK_Hydro_Reservoir,2050,1,243,243,inter_period_only,0.0
2027,15939,SK_Hydro_Reservoir,2050,1,244,244,inter_period_only,0.0
2026,15940,SK_Hydro_Reservoir,2050,1,245,245,inter_period_only,0.0
2025,15941,SK_Hydro_Reservoir,2050,1,246,246,inter_period_only,0.0
2024,15942,SK_Hydro_Reservoir,2050,1,247,247,inter_period_only,0.0
2023,15943,SK_Hydro_Reservoir,2050,1,248,248,inter_period_only,0.0
2022,15944,SK_Hydro_Reservoir,2050,1,249,249,inter_period_only,0.0
2021,15945,SK_Hydro_Reservoir,2050,1,250,250,inter_period_only,0.0
2020,15946,SK_Hydro_Reservoir,2050,1,251,251,inter_period_only,0.0
2019,15947,SK_Hydro_Reservoir,2050,1,252,252,inter_period_only,0.0
2018,15948,SK_Hydro_Reservoir,2050,1,253,253,inter_period_only,0.0
2017,15949,SK_Hydro_Reservoir,2050,1,254,254,inter_period_only,0.0
2016,15950,SK_Hydro_Reservoir,2050,1,255,255,inter_period_only,0.0
2015,15951,SK_Hydro_Reservoir,2050,1,256,256,inter_period_only,0.0
2014,15952,SK_Hydro_Reservoir,2050,1,257,257,inter_period_only,0.0
2013,15953,SK_Hydro_Reservoir,2050,1,258,258,inter_period_only,0.0
2012,15954,SK_Hydro_Reservoir,2050,1,259,259,inter_period_only,0.0
2011,15955,SK_Hydro_Reservoir,2050,1,260,260,inter_period_only,0.0
2010,15956,SK_Hydro_Reservoir,2050,1,261,261,inter_period_only,0.0
2009,15957,SK_Hydro_Reservoir,2050,1,262,262,inter_period_only,0.0
2008,15958,SK_Hydro_Reservoir,2050,1,263,263,inter_period_only,0.0
2007,15959,SK_Hydro_Reservoir,2050,1,264,264,inter_period_only,0.0
2006,15960,SK_Hydro_Reservoir,2050,1,265,265,inter_period_only,0.0
2005,15961,SK_Hydro_Reservoir,2050,1,266,266,inter_period_only,0.0
2004,15962,SK_Hydro_Reservoir,2050,1,267,267,inter_period_only,0.0
2003,15963,SK_Hydro_Reservoir,2050,1,268,268,inter_period_only,0.0
2002,15964,SK_Hydro_Reservoir,2050,1,269,269,inter_period_only,0.0
2001,15965,SK_Hydro_Reservoir,2050,1,270,270,inter_period_only,0.0
2000,15966,SK_Hydro_Reservoir,2050,1,271,271,inter_period_only,0.0
1999,15967,SK_Hydro_Reservoir,2050,1,272,272,inter_period_only,0.0
1998,15968,SK_Hydro_Reservoir,2050,1,273,273,inter_period_only,0.0
1997,15969,SK_Hydro_Reservoir,2050,1,274,274,inter_period_only,0.0
1996,15970,SK_Hydro_Reservoir,2050,1,275,275,inter_period_only,0.0
1995,15971,SK_Hydro_Reservoir,2050,1,276,276,inter_period_only,0.0
1994,15972,SK_Hydro_Reservoir,2050,1,277,277,inter_period_only,0.0
1993,15973,SK_Hydro_Reservoir,2050,1,278,278,inter_period_only,0.0
1992,15974,SK_Hydro_Reservoir,2050,1,279,279,inter_period_only,0.0
1991,15975,SK_Hydro_Reservoir,2050,1,280,280,inter_period_only,0.0
1990,15976,SK_Hydro_Reservoir,2050,1,281,281,inter_period_only,0.0
1989,15977,SK_Hydro_Reservoir,2050,1,282,282,inter_period_only,0.0
1988,15978,SK_Hydro_Reservoir,2050,1,283,283,inter_period_only,0.0
1987,15979,SK_Hydro_Reservoir,2050,1,284,284,inter_period_only,0.0
1986,15980,SK_Hydro_Reservoir,2050,1,285,285,inter_period_only,0.0
1985,15981,SK_Hydro_Reservoir,2050,1,286,286,inter_period_only,0.0
1984,15982,SK_Hydro_Reservoir,2050,1,287,287,inter_period_only,0.0
1983,15983,SK_Hydro_Reservoir,2050,1,288,288,inter_period_only,0.0
1982,15984,SK_Hydro_Reservoir,2050,1,289,289,inter_period_only,0.0
1981,15985,SK_Hydro_Reservoir,2050,1,290,290,inter_period_only,0.0
1980,15986,SK_Hydro_Reservoir,2050,1,291,291,inter_period_only,0.0
1979,15987,SK_Hydro_Reservoir,2050,1,292,292,inter_period_only,0.0
1978,15988,SK_Hydro_Reservoir,2050,1,293,293,inter_period_only,0.0
1977,15989,SK_Hydro_Reservoir,2050,1,294,294,inter_period_only,0.0
1976,15990,SK_Hydro_Reservoir,2050,1,295,295,inter_period_only,0.0
1975,15991,SK_Hydro_Reservoir,2050,1,296,296,inter_period_only,0.0
1974,15992,SK_Hydro_Reservoir,2050,1,297,297,inter_period_only,0.0
1973,15993,SK_Hydro_Reservoir,2050,1,298,298,inter_period_only,0.0
1972,15994,SK_Hydro_Reservoir,2050,1,299,299,inter_period_only,0.0
1971,15995,SK_Hydro_Reservoir,2050,1,300,300,inter_period_only,0.0
1970,15996,SK_Hydro_Reservoir,2050,1,301,301,inter_period_only,0.0
1969,15997,SK_Hydro_Reservoir,2050,1,302,302,inter_period_only,0.0
1968,15998,SK_Hydro_Reservoir,2050,1,303,303,inter_period_only,0.0
1967,15999,SK_Hydro_Reservoir,2050,1,304,304,inter_period_only,0.0
1966,16000,SK_Hydro_Reservoir,2050,1,305,305,inter_period_only,0.0
1965,16001,SK_Hydro_Reservoir,2050,1,306,306,inter_period_only,0.0
1964,16002,SK_Hydro_Reservoir,2050,1,307,307,inter_period_only,0.0
1963,16003,SK_Hydro_Reservoir,2050,1,308,308,inter_period_only,0.0
1962,16004,SK_Hydro_Reservoir,2050,1,309,309,inter_period_only,0.0
1961,16005,SK_Hydro_Reservoir,2050,1,310,310,inter_period_only,0.0
1960,16006,SK_Hydro_Reservoir,2050,1,311,311,inter_period_only,0.0
1959,16007,SK_Hydro_Reservoir,2050,1,312,312,inter_period_only,0.0
1958,16008,SK_Hydro_Reservoir,2050,1,313,313,inter_period_only,0.0
1957,16009,SK_Hydro_Reservoir,2050,1,314,314,inter_period_only,0.0
1956,16010,SK_Hydro_Reservoir,2050,1,315,315,inter_period_only,0.0
1955,16011,SK_Hydro_Reservoir,2050,1,316,316,inter_period_only,0.0
1954,16012,SK_Hydro_Reservoir,2050,1,317,317,inter_period_only,0.0
1953,16013,SK_Hydro_Reservoir,2050,1,318,318,inter_period_only,0.0
1952,16014,SK_Hydro_Reservoir,2050,1,319,319,inter_period_only,0.0
1951,16015,SK_Hydro_Reservoir,2050,1,320,320,inter_period_only,0.0
1950,16016,SK_Hydro_Reservoir,2050,1,321,321,inter_period_only,0.0
1949,16017,SK_Hydro_Reservoir,2050,1,322,322,inter_period_only,0.0
1948,16018,SK_Hydro_Reservoir,2050,1,323,323,inter_period_only,0.0
1947,16019,SK_Hydro_Reservoir,2050,1,324,324,inter_period_only,0.0
1946,16020,SK_Hydro_Reservoir,2050,1,325,325,inter_period_only,0.0
1945,16021,SK_Hydro_Reservoir,2050,1,326,326,inter_period_only,0.0
1944,16022,SK_Hydro_Reservoir,2050,1,327,327,inter_period_only,0.0
1943,16023,SK_Hydro_Reservoir,2050,1,328,328,inter_period_only,0.0
1942,16024,SK_Hydro_Reservoir,2050,1,329,329,inter_period_only,0.0
1941,16025,SK_Hydro_Reservoir,2050,1,330,330,inter_period_only,0.0
1940,16026,SK_Hydro_Reservoir,2050,1,331,331,inter_period_only,0.0
1939,16027,SK_Hydro_Reservoir,2050,1,332,332,inter_period_only,0.0
1938,16028,SK_Hydro_Reservoir,2050,1,333,333,inter_period_only,0.0
1937,16029,SK_Hydro_Reservoir,2050,1,334,334,inter_period_only,0.0
1936,16030,SK_Hydro_Reservoir,2050,1,335,335,inter_period_only,0.0
1935,16031,SK_Hydro_Reservoir,2050,1,336,336,inter_period_only,0.0
1934,16032,SK_Hydro_Reservoir,2050,1,337,337,inter_period_only,0.0
1933,16033,SK_Hydro_Reservoir,2050,1,338,338,inter_period_only,0.0
1932,16034,SK_Hydro_Reservoir,2050,1,339,339,inter_period_only,0.0
1931,16035,SK_Hydro_Reservoir,2050,1,340,340,inter_period_only,0.0
1930,16036,SK_Hydro_Reservoir,2050,1,341,341,inter_period_only,0.0
1929,16037,SK_Hydro_Reservoir,2050,1,342,342,inter_period_only,0.0
1928,16038,SK_Hydro_Reservoir,2050,1,343,343,inter_period_only,0.0
1927,16039,SK_Hydro_Reservoir,2050,1,344,344,inter_period_only,0.0
1926,16040,SK_Hydro_Reservoir,2050,1,345,345,inter_period_only,0.0
1925,16041,SK_Hydro_Reservoir,2050,1,346,346,inter_period_only,0.0
1924,16042,SK_Hydro_Reservoir,2050,1,347,347,inter_period_only,0.0
1923,16043,SK_Hydro_Reservoir,2050,1,348,348,inter_period_only,0.0
1922,16044,SK_Hydro_Reservoir,2050,1,349,349,inter_period_only,0.0
1921,16045,SK_Hydro_Reservoir,2050,1,350,350,inter_period_only,0.0
1920,16046,SK_Hydro_Reservoir,2050,1,351,351,inter_period_only,0.0
1919,16047,SK_Hydro_Reservoir,2050,1,352,352,inter_period_only,0.0
1918,16048,SK_Hydro_Reservoir,2050,1,353,353,inter_period_only,0.0
1917,16049,SK_Hydro_Reservoir,2050,1,354,354,inter_period_only,0.0
1916,16050,SK_Hydro_Reservoir,2050,1,355,355,inter_period_only,0.0
1915,16051,SK_Hydro_Reservoir,2050,1,356,356,inter_period_only,0.0
1914,16052,SK_Hydro_Reservoir,2050,1,357,357,inter_period_only,0.0
1913,16053,SK_Hydro_Reservoir,2050,1,358,358,inter_period_only,0.0
1912,16054,SK_Hydro_Reservoir,2050,1,359,359,inter_period_only,0.0
1911,16055,SK_Hydro_Reservoir,2050,1,360,360,inter_period_only,0.0
1910,16056,SK_Hydro_Reservoir,2050,1,361,361,inter_period_only,0.0
1909,16057,SK_Hydro_Reservoir,2050,1,362,362,inter_period_only,0.0
1908,16058,SK_Hydro_Reservoir,2050,1,363,363,inter_period_only,0.0
1907,16059,SK_Hydro_Reservoir,2050,1,364,364,inter_period_only,0.0
1906,16060,SK_Hydro_Reservoir,2050,1,365,365,inter_period_only,0.0
