scenario,probability,description
1995,0.3333333333333333,
2008,0.3333333333333333,
2009,0.3333333333333333,
