id,asset,milestone_year,scenario,period_block_start,period_block_end,solution
1,AT_Hydro_Reservoir,2050,1,1,1,380.9400617993934
2,AT_Hydro_Reservoir,2050,1,2,2,383.3801235987868
3,AT_Hydro_Reservoir,2050,1,3,3,385.8201853981802
4,AT_Hydro_Reservoir,2050,1,4,4,388.26024719757356
5,AT_Hydro_Reservoir,2050,1,5,5,389.29726755271145
6,AT_Hydro_Reservoir,2050,1,6,6,387.3614696126614
7,AT_Hydro_Reservoir,2050,1,7,7,389.8015314120548
8,AT_Hydro_Reservoir,2050,1,8,8,392.2415932114483
9,AT_Hydro_Reservoir,2050,1,9,9,394.6816550108417
10,AT_Hydro_Reservoir,2050,1,10,10,397.12171681023517
11,AT_Hydro_Reservoir,2050,1,11,11,399.5617786096286
12,AT_Hydro_Reservoir,2050,1,12,12,402.00184040902207
13,AT_Hydro_Reservoir,2050,1,13,13,404.4419022084155
14,AT_Hydro_Reservoir,2050,1,14,14,406.88196400780896
15,AT_Hydro_Reservoir,2050,1,15,15,409.3220258072024
16,AT_Hydro_Reservoir,2050,1,16,16,411.76208760659586
17,AT_Hydro_Reservoir,2050,1,17,17,414.2021494059893
18,AT_Hydro_Reservoir,2050,1,18,18,410.70849866145477
19,AT_Hydro_Reservoir,2050,1,19,19,400.83835216078455
20,AT_Hydro_Reservoir,2050,1,20,20,394.5779170274259
21,AT_Hydro_Reservoir,2050,1,21,21,388.32901453084617
22,AT_Hydro_Reservoir,2050,1,22,22,378.45886803017595
23,AT_Hydro_Reservoir,2050,1,23,23,372.14659370161985
24,AT_Hydro_Reservoir,2050,1,24,24,373.58868840162916
25,AT_Hydro_Reservoir,2050,1,25,25,368.5422120269459
26,AT_Hydro_Reservoir,2050,1,26,26,369.3301437638721
27,AT_Hydro_Reservoir,2050,1,27,27,367.73729038131
28,AT_Hydro_Reservoir,2050,1,28,28,370.17735218070345
29,AT_Hydro_Reservoir,2050,1,29,29,372.6174139800969
30,AT_Hydro_Reservoir,2050,1,30,30,375.05747577949035
31,AT_Hydro_Reservoir,2050,1,31,31,373.50545967059236
32,AT_Hydro_Reservoir,2050,1,32,32,375.79206805232377
33,AT_Hydro_Reservoir,2050,1,33,33,373.51095854050686
34,AT_Hydro_Reservoir,2050,1,34,34,366.4804555847751
35,AT_Hydro_Reservoir,2050,1,35,35,357.3350242338888
36,AT_Hydro_Reservoir,2050,1,36,36,350.73323594045326
37,AT_Hydro_Reservoir,2050,1,37,37,353.1732977398467
38,AT_Hydro_Reservoir,2050,1,38,38,355.61335953924015
39,AT_Hydro_Reservoir,2050,1,39,39,358.0534213386336
40,AT_Hydro_Reservoir,2050,1,40,40,358.57879378736857
41,AT_Hydro_Reservoir,2050,1,41,41,355.75292836254664
42,AT_Hydro_Reservoir,2050,1,42,42,348.4429374390363
43,AT_Hydro_Reservoir,2050,1,43,43,342.58022358921687
44,AT_Hydro_Reservoir,2050,1,44,44,337.92924971077673
45,AT_Hydro_Reservoir,2050,1,45,45,331.66595815042524
46,AT_Hydro_Reservoir,2050,1,46,46,335.19231292352424
47,AT_Hydro_Reservoir,2050,1,47,47,338.61665156438573
48,AT_Hydro_Reservoir,2050,1,48,48,341.06395379075377
49,AT_Hydro_Reservoir,2050,1,49,49,343.89613246323347
50,AT_Hydro_Reservoir,2050,1,50,50,346.3361942626269
51,AT_Hydro_Reservoir,2050,1,51,51,349.6177672029261
52,AT_Hydro_Reservoir,2050,1,52,52,348.9412023966238
53,AT_Hydro_Reservoir,2050,1,53,53,350.2742726132757
54,AT_Hydro_Reservoir,2050,1,54,54,352.71433441266913
55,AT_Hydro_Reservoir,2050,1,55,55,353.8870409272845
56,AT_Hydro_Reservoir,2050,1,56,56,348.0255705429156
57,AT_Hydro_Reservoir,2050,1,57,57,344.06545453796787
58,AT_Hydro_Reservoir,2050,1,58,58,338.3326748201514
59,AT_Hydro_Reservoir,2050,1,59,59,334.9328652907885
60,AT_Hydro_Reservoir,2050,1,60,60,337.372927090182
61,AT_Hydro_Reservoir,2050,1,61,61,339.8129888895754
62,AT_Hydro_Reservoir,2050,1,62,62,342.3624635811717
63,AT_Hydro_Reservoir,2050,1,63,63,340.098691205945
64,AT_Hydro_Reservoir,2050,1,64,64,335.3172922930471
65,AT_Hydro_Reservoir,2050,1,65,65,336.97231775435876
66,AT_Hydro_Reservoir,2050,1,66,66,339.4123795537522
67,AT_Hydro_Reservoir,2050,1,67,67,342.2257728343561
68,AT_Hydro_Reservoir,2050,1,68,68,338.2753101966481
69,AT_Hydro_Reservoir,2050,1,69,69,344.2427030113488
70,AT_Hydro_Reservoir,2050,1,70,70,340.7428762094828
71,AT_Hydro_Reservoir,2050,1,71,71,338.60026604442
72,AT_Hydro_Reservoir,2050,1,72,72,343.0757449579752
73,AT_Hydro_Reservoir,2050,1,73,73,345.29816078962085
74,AT_Hydro_Reservoir,2050,1,74,74,346.61999891458606
75,AT_Hydro_Reservoir,2050,1,75,75,351.2670708848301
76,AT_Hydro_Reservoir,2050,1,76,76,357.9563273987917
77,AT_Hydro_Reservoir,2050,1,77,77,350.00444075563416
78,AT_Hydro_Reservoir,2050,1,78,78,341.918623041149
79,AT_Hydro_Reservoir,2050,1,79,79,334.0588868649031
80,AT_Hydro_Reservoir,2050,1,80,80,333.3212366911323
81,AT_Hydro_Reservoir,2050,1,81,81,329.68371340982765
82,AT_Hydro_Reservoir,2050,1,82,82,334.0723790368436
83,AT_Hydro_Reservoir,2050,1,83,83,326.17231616208846
84,AT_Hydro_Reservoir,2050,1,84,84,320.318799433854
85,AT_Hydro_Reservoir,2050,1,85,85,321.9900664211333
86,AT_Hydro_Reservoir,2050,1,86,86,319.98252598237343
87,AT_Hydro_Reservoir,2050,1,87,87,318.25572537778214
88,AT_Hydro_Reservoir,2050,1,88,88,320.6957871771756
89,AT_Hydro_Reservoir,2050,1,89,89,323.13584897656904
90,AT_Hydro_Reservoir,2050,1,90,90,325.5759107759625
91,AT_Hydro_Reservoir,2050,1,91,91,327.6952424969195
92,AT_Hydro_Reservoir,2050,1,92,92,330.8454335934364
93,AT_Hydro_Reservoir,2050,1,93,93,322.9846076625579
94,AT_Hydro_Reservoir,2050,1,94,94,316.14811302905275
95,AT_Hydro_Reservoir,2050,1,95,95,307.4938397308674
96,AT_Hydro_Reservoir,2050,1,96,96,299.35380316667454
97,AT_Hydro_Reservoir,2050,1,97,97,306.2704327695709
98,AT_Hydro_Reservoir,2050,1,98,98,311.73119899110725
99,AT_Hydro_Reservoir,2050,1,99,99,318.7051933721974
100,AT_Hydro_Reservoir,2050,1,100,100,320.3894611556136
101,AT_Hydro_Reservoir,2050,1,101,101,318.5704760791292
102,AT_Hydro_Reservoir,2050,1,102,102,324.1233184632006
103,AT_Hydro_Reservoir,2050,1,103,103,330.89527234932746
104,AT_Hydro_Reservoir,2050,1,104,104,337.11837658095305
105,AT_Hydro_Reservoir,2050,1,105,105,344.6923621169925
106,AT_Hydro_Reservoir,2050,1,106,106,352.53338538426976
107,AT_Hydro_Reservoir,2050,1,107,107,356.4852054991121
108,AT_Hydro_Reservoir,2050,1,108,108,353.7537356402214
109,AT_Hydro_Reservoir,2050,1,109,109,359.31838145575034
110,AT_Hydro_Reservoir,2050,1,110,110,367.12605625442575
111,AT_Hydro_Reservoir,2050,1,111,111,372.95253979088477
112,AT_Hydro_Reservoir,2050,1,112,112,377.5996899645362
113,AT_Hydro_Reservoir,2050,1,113,113,387.54121435061074
114,AT_Hydro_Reservoir,2050,1,114,114,392.0786337411589
115,AT_Hydro_Reservoir,2050,1,115,115,388.89256703204524
116,AT_Hydro_Reservoir,2050,1,116,116,380.9140196872672
117,AT_Hydro_Reservoir,2050,1,117,117,371.26325693490855
118,AT_Hydro_Reservoir,2050,1,118,118,366.6015657242622
119,AT_Hydro_Reservoir,2050,1,119,119,374.8971392585024
120,AT_Hydro_Reservoir,2050,1,120,120,384.83866364457697
121,AT_Hydro_Reservoir,2050,1,121,121,394.7801880306515
122,AT_Hydro_Reservoir,2050,1,122,122,404.72171241672606
123,AT_Hydro_Reservoir,2050,1,123,123,409.15182274082304
124,AT_Hydro_Reservoir,2050,1,124,124,419.0933471268976
125,AT_Hydro_Reservoir,2050,1,125,125,429.03487151297213
126,AT_Hydro_Reservoir,2050,1,126,126,438.4636645616789
127,AT_Hydro_Reservoir,2050,1,127,127,448.40518894775346
128,AT_Hydro_Reservoir,2050,1,128,128,458.346713333828
129,AT_Hydro_Reservoir,2050,1,129,129,468.28823771990255
130,AT_Hydro_Reservoir,2050,1,130,130,478.22976210597704
131,AT_Hydro_Reservoir,2050,1,131,131,488.17128649205154
132,AT_Hydro_Reservoir,2050,1,132,132,498.112810878126
133,AT_Hydro_Reservoir,2050,1,133,133,508.0543352642005
134,AT_Hydro_Reservoir,2050,1,134,134,511.47049101356663
135,AT_Hydro_Reservoir,2050,1,135,135,513.6366092159105
136,AT_Hydro_Reservoir,2050,1,136,136,520.757887890772
137,AT_Hydro_Reservoir,2050,1,137,137,530.6994122768465
138,AT_Hydro_Reservoir,2050,1,138,138,540.640936662921
139,AT_Hydro_Reservoir,2050,1,139,139,550.5824610489956
140,AT_Hydro_Reservoir,2050,1,140,140,549.1528311158621
141,AT_Hydro_Reservoir,2050,1,141,141,545.5092714770556
142,AT_Hydro_Reservoir,2050,1,142,142,551.5134757213698
143,AT_Hydro_Reservoir,2050,1,143,143,558.9435508621347
144,AT_Hydro_Reservoir,2050,1,144,144,557.7514245065045
145,AT_Hydro_Reservoir,2050,1,145,145,553.5324800652177
146,AT_Hydro_Reservoir,2050,1,146,146,557.3769499872485
147,AT_Hydro_Reservoir,2050,1,147,147,564.4597766467077
148,AT_Hydro_Reservoir,2050,1,148,148,574.4013010327822
149,AT_Hydro_Reservoir,2050,1,149,149,581.2877430613198
150,AT_Hydro_Reservoir,2050,1,150,150,591.2292674473942
151,AT_Hydro_Reservoir,2050,1,151,151,601.0520617325353
152,AT_Hydro_Reservoir,2050,1,152,152,610.9935861186098
153,AT_Hydro_Reservoir,2050,1,153,153,620.9351105046843
154,AT_Hydro_Reservoir,2050,1,154,154,630.8766348907589
155,AT_Hydro_Reservoir,2050,1,155,155,640.8181592768333
156,AT_Hydro_Reservoir,2050,1,156,156,647.2758797109229
157,AT_Hydro_Reservoir,2050,1,157,157,657.2174040969974
158,AT_Hydro_Reservoir,2050,1,158,158,667.1589284830719
159,AT_Hydro_Reservoir,2050,1,159,159,677.1004528691465
160,AT_Hydro_Reservoir,2050,1,160,160,681.760626422003
161,AT_Hydro_Reservoir,2050,1,161,161,691.7021508080776
162,AT_Hydro_Reservoir,2050,1,162,162,695.9474950506323
163,AT_Hydro_Reservoir,2050,1,163,163,692.3030799580606
164,AT_Hydro_Reservoir,2050,1,164,164,687.2457775834175
165,AT_Hydro_Reservoir,2050,1,165,165,697.187301969492
166,AT_Hydro_Reservoir,2050,1,166,166,704.6284982821821
167,AT_Hydro_Reservoir,2050,1,167,167,702.0277317417308
168,AT_Hydro_Reservoir,2050,1,168,168,705.6262023836218
169,AT_Hydro_Reservoir,2050,1,169,169,715.1123461463231
170,AT_Hydro_Reservoir,2050,1,170,170,717.1548982067809
171,AT_Hydro_Reservoir,2050,1,171,171,707.2847517061107
172,AT_Hydro_Reservoir,2050,1,172,172,697.4146052054405
173,AT_Hydro_Reservoir,2050,1,173,173,688.6428579341864
174,AT_Hydro_Reservoir,2050,1,174,174,691.6197057144196
175,AT_Hydro_Reservoir,2050,1,175,175,701.5612301004942
176,AT_Hydro_Reservoir,2050,1,176,176,707.5690777928824
177,AT_Hydro_Reservoir,2050,1,177,177,700.6782423614202
178,AT_Hydro_Reservoir,2050,1,178,178,690.8080958607499
179,AT_Hydro_Reservoir,2050,1,179,179,680.9379493600795
180,AT_Hydro_Reservoir,2050,1,180,180,674.402300808827
181,AT_Hydro_Reservoir,2050,1,181,181,666.8206623480366
182,AT_Hydro_Reservoir,2050,1,182,182,662.8714512035314
183,AT_Hydro_Reservoir,2050,1,183,183,661.3326885657913
184,AT_Hydro_Reservoir,2050,1,184,184,658.0828318713158
185,AT_Hydro_Reservoir,2050,1,185,185,651.801540624657
186,AT_Hydro_Reservoir,2050,1,186,186,641.9313941239868
187,AT_Hydro_Reservoir,2050,1,187,187,651.8729185100613
188,AT_Hydro_Reservoir,2050,1,188,188,661.8144428961358
189,AT_Hydro_Reservoir,2050,1,189,189,669.9309354887457
190,AT_Hydro_Reservoir,2050,1,190,190,678.9370644935339
191,AT_Hydro_Reservoir,2050,1,191,191,688.8785888796083
192,AT_Hydro_Reservoir,2050,1,192,192,684.9479013761684
193,AT_Hydro_Reservoir,2050,1,193,193,675.2886528291036
194,AT_Hydro_Reservoir,2050,1,194,194,665.4185063284333
195,AT_Hydro_Reservoir,2050,1,195,195,655.548359827763
196,AT_Hydro_Reservoir,2050,1,196,196,648.9945286666637
197,AT_Hydro_Reservoir,2050,1,197,197,643.60178985992
198,AT_Hydro_Reservoir,2050,1,198,198,641.7343798248532
199,AT_Hydro_Reservoir,2050,1,199,199,649.0405428188747
200,AT_Hydro_Reservoir,2050,1,200,200,646.4878444174255
201,AT_Hydro_Reservoir,2050,1,201,201,642.936624163519
202,AT_Hydro_Reservoir,2050,1,202,202,647.27812440213
203,AT_Hydro_Reservoir,2050,1,203,203,650.7076293050305
204,AT_Hydro_Reservoir,2050,1,204,204,652.1908918105734
205,AT_Hydro_Reservoir,2050,1,205,205,646.1325361434739
206,AT_Hydro_Reservoir,2050,1,206,206,653.1706062246716
207,AT_Hydro_Reservoir,2050,1,207,207,661.5795052411787
208,AT_Hydro_Reservoir,2050,1,208,208,658.2042612499299
209,AT_Hydro_Reservoir,2050,1,209,209,653.918965738866
210,AT_Hydro_Reservoir,2050,1,210,210,659.8284215205138
211,AT_Hydro_Reservoir,2050,1,211,211,663.1742715971797
212,AT_Hydro_Reservoir,2050,1,212,212,664.7488624500352
213,AT_Hydro_Reservoir,2050,1,213,213,657.2605214093163
214,AT_Hydro_Reservoir,2050,1,214,214,647.390374908646
215,AT_Hydro_Reservoir,2050,1,215,215,637.920201103781
216,AT_Hydro_Reservoir,2050,1,216,216,631.6019521006885
217,AT_Hydro_Reservoir,2050,1,217,217,626.0906584312036
218,AT_Hydro_Reservoir,2050,1,218,218,616.2205119305332
219,AT_Hydro_Reservoir,2050,1,219,219,606.3503654298629
220,AT_Hydro_Reservoir,2050,1,220,220,596.4802189291926
221,AT_Hydro_Reservoir,2050,1,221,221,586.6100724285222
222,AT_Hydro_Reservoir,2050,1,222,222,576.7399259278519
223,AT_Hydro_Reservoir,2050,1,223,223,566.8697794271816
224,AT_Hydro_Reservoir,2050,1,224,224,556.9996329265113
225,AT_Hydro_Reservoir,2050,1,225,225,552.7680886102326
226,AT_Hydro_Reservoir,2050,1,226,226,549.315767421067
227,AT_Hydro_Reservoir,2050,1,227,227,545.3747686458531
228,AT_Hydro_Reservoir,2050,1,228,228,547.0861198953478
229,AT_Hydro_Reservoir,2050,1,229,229,555.151833854781
230,AT_Hydro_Reservoir,2050,1,230,230,561.0460508571128
231,AT_Hydro_Reservoir,2050,1,231,231,554.2479348539579
232,AT_Hydro_Reservoir,2050,1,232,232,544.3777883532875
233,AT_Hydro_Reservoir,2050,1,233,233,534.5076418526171
234,AT_Hydro_Reservoir,2050,1,234,234,525.3725931129807
235,AT_Hydro_Reservoir,2050,1,235,235,523.6176308459844
236,AT_Hydro_Reservoir,2050,1,236,236,529.2367498793892
237,AT_Hydro_Reservoir,2050,1,237,237,536.5617909553489
238,AT_Hydro_Reservoir,2050,1,238,238,540.3116945180243
239,AT_Hydro_Reservoir,2050,1,239,239,544.9961619941705
240,AT_Hydro_Reservoir,2050,1,240,240,549.67798383904
241,AT_Hydro_Reservoir,2050,1,241,241,552.5418680591026
242,AT_Hydro_Reservoir,2050,1,242,242,542.6717215584323
243,AT_Hydro_Reservoir,2050,1,243,243,532.801575057762
244,AT_Hydro_Reservoir,2050,1,244,244,534.5264415950037
245,AT_Hydro_Reservoir,2050,1,245,245,541.1728816500588
246,AT_Hydro_Reservoir,2050,1,246,246,531.3027351493885
247,AT_Hydro_Reservoir,2050,1,247,247,521.4325886487181
248,AT_Hydro_Reservoir,2050,1,248,248,525.7267356750962
249,AT_Hydro_Reservoir,2050,1,249,249,528.4657951351837
250,AT_Hydro_Reservoir,2050,1,250,250,533.8196948786232
251,AT_Hydro_Reservoir,2050,1,251,251,537.2552077956224
252,AT_Hydro_Reservoir,2050,1,252,252,527.385061294952
253,AT_Hydro_Reservoir,2050,1,253,253,517.5149147942817
254,AT_Hydro_Reservoir,2050,1,254,254,513.179959724538
255,AT_Hydro_Reservoir,2050,1,255,255,517.8989487687044
256,AT_Hydro_Reservoir,2050,1,256,256,519.4831424758125
257,AT_Hydro_Reservoir,2050,1,257,257,524.8343384306344
258,AT_Hydro_Reservoir,2050,1,258,258,530.0173125520005
259,AT_Hydro_Reservoir,2050,1,259,259,523.7487152272528
260,AT_Hydro_Reservoir,2050,1,260,260,526.9957706501193
261,AT_Hydro_Reservoir,2050,1,261,261,534.1192332405722
262,AT_Hydro_Reservoir,2050,1,262,262,531.9823826851347
263,AT_Hydro_Reservoir,2050,1,263,263,522.1122361844643
264,AT_Hydro_Reservoir,2050,1,264,264,512.242089683794
265,AT_Hydro_Reservoir,2050,1,265,265,504.8366556964904
266,AT_Hydro_Reservoir,2050,1,266,266,496.07125445813824
267,AT_Hydro_Reservoir,2050,1,267,267,489.7787669359464
268,AT_Hydro_Reservoir,2050,1,268,268,480.8894205464637
269,AT_Hydro_Reservoir,2050,1,269,269,471.0192740457934
270,AT_Hydro_Reservoir,2050,1,270,270,463.6776307834957
271,AT_Hydro_Reservoir,2050,1,271,271,457.8339519019813
272,AT_Hydro_Reservoir,2050,1,272,272,450.4971548360312
273,AT_Hydro_Reservoir,2050,1,273,273,446.2952134831512
274,AT_Hydro_Reservoir,2050,1,274,274,453.22341253989816
275,AT_Hydro_Reservoir,2050,1,275,275,461.3412390111583
276,AT_Hydro_Reservoir,2050,1,276,276,451.47109251048795
277,AT_Hydro_Reservoir,2050,1,277,277,441.6009460098176
278,AT_Hydro_Reservoir,2050,1,278,278,433.36119837129297
279,AT_Hydro_Reservoir,2050,1,279,279,440.10746726784475
280,AT_Hydro_Reservoir,2050,1,280,280,444.50117008029144
281,AT_Hydro_Reservoir,2050,1,281,281,436.87411920277805
282,AT_Hydro_Reservoir,2050,1,282,282,427.0039727021077
283,AT_Hydro_Reservoir,2050,1,283,283,417.1338262014374
284,AT_Hydro_Reservoir,2050,1,284,284,409.9999605718446
285,AT_Hydro_Reservoir,2050,1,285,285,401.5778963846542
286,AT_Hydro_Reservoir,2050,1,286,286,397.75452784637446
287,AT_Hydro_Reservoir,2050,1,287,287,394.2390961551926
288,AT_Hydro_Reservoir,2050,1,288,288,398.5254298692033
289,AT_Hydro_Reservoir,2050,1,289,289,400.9384077060836
290,AT_Hydro_Reservoir,2050,1,290,290,391.0682612054133
291,AT_Hydro_Reservoir,2050,1,291,291,381.198114704743
292,AT_Hydro_Reservoir,2050,1,292,292,371.32796820407265
293,AT_Hydro_Reservoir,2050,1,293,293,361.4578217034024
294,AT_Hydro_Reservoir,2050,1,294,294,354.7806975588463
295,AT_Hydro_Reservoir,2050,1,295,295,359.7194472321534
296,AT_Hydro_Reservoir,2050,1,296,296,366.2170519647681
297,AT_Hydro_Reservoir,2050,1,297,297,360.26175497086524
298,AT_Hydro_Reservoir,2050,1,298,298,365.7463289414425
299,AT_Hydro_Reservoir,2050,1,299,299,361.84864207415876
300,AT_Hydro_Reservoir,2050,1,300,300,356.89009670890016
301,AT_Hydro_Reservoir,2050,1,301,301,354.0524623867382
302,AT_Hydro_Reservoir,2050,1,302,302,346.014286155495
303,AT_Hydro_Reservoir,2050,1,303,303,338.760668437339
304,AT_Hydro_Reservoir,2050,1,304,304,338.12474526961256
305,AT_Hydro_Reservoir,2050,1,305,305,342.0730815979371
306,AT_Hydro_Reservoir,2050,1,306,306,343.578015428779
307,AT_Hydro_Reservoir,2050,1,307,307,334.20311587351495
308,AT_Hydro_Reservoir,2050,1,308,308,324.3329693728446
309,AT_Hydro_Reservoir,2050,1,309,309,314.67007999516
310,AT_Hydro_Reservoir,2050,1,310,310,308.502242529608
311,AT_Hydro_Reservoir,2050,1,311,311,309.7317584308307
312,AT_Hydro_Reservoir,2050,1,312,312,313.9306629950478
313,AT_Hydro_Reservoir,2050,1,313,313,316.37072479444123
314,AT_Hydro_Reservoir,2050,1,314,314,319.2190728531217
315,AT_Hydro_Reservoir,2050,1,315,315,323.18326883284783
316,AT_Hydro_Reservoir,2050,1,316,316,326.50844780641717
317,AT_Hydro_Reservoir,2050,1,317,317,329.66337184517187
318,AT_Hydro_Reservoir,2050,1,318,318,332.10343364456526
319,AT_Hydro_Reservoir,2050,1,319,319,330.0657706668125
320,AT_Hydro_Reservoir,2050,1,320,320,330.15742914281634
321,AT_Hydro_Reservoir,2050,1,321,321,332.023478283643
322,AT_Hydro_Reservoir,2050,1,322,322,334.7515794466557
323,AT_Hydro_Reservoir,2050,1,323,323,337.1916412460491
324,AT_Hydro_Reservoir,2050,1,324,324,336.54354372750623
325,AT_Hydro_Reservoir,2050,1,325,325,335.6452550370384
326,AT_Hydro_Reservoir,2050,1,326,326,333.7071151978736
327,AT_Hydro_Reservoir,2050,1,327,327,325.5462298163508
328,AT_Hydro_Reservoir,2050,1,328,328,328.4244080822342
329,AT_Hydro_Reservoir,2050,1,329,329,330.47570888620356
330,AT_Hydro_Reservoir,2050,1,330,330,327.938799312858
331,AT_Hydro_Reservoir,2050,1,331,331,330.3788611122514
332,AT_Hydro_Reservoir,2050,1,332,332,332.8189229116448
333,AT_Hydro_Reservoir,2050,1,333,333,335.2589847110382
334,AT_Hydro_Reservoir,2050,1,334,334,337.6990465104316
335,AT_Hydro_Reservoir,2050,1,335,335,340.13910830982496
336,AT_Hydro_Reservoir,2050,1,336,336,342.01585462285834
337,AT_Hydro_Reservoir,2050,1,337,337,343.4443427934383
338,AT_Hydro_Reservoir,2050,1,338,338,345.8844045928317
339,AT_Hydro_Reservoir,2050,1,339,339,348.3244663922251
340,AT_Hydro_Reservoir,2050,1,340,340,350.76452819161847
341,AT_Hydro_Reservoir,2050,1,341,341,353.20458999101186
342,AT_Hydro_Reservoir,2050,1,342,342,354.79019198698523
343,AT_Hydro_Reservoir,2050,1,343,343,357.2302537863786
344,AT_Hydro_Reservoir,2050,1,344,344,359.670315585772
345,AT_Hydro_Reservoir,2050,1,345,345,362.1103773851654
346,AT_Hydro_Reservoir,2050,1,346,346,364.14163036929426
347,AT_Hydro_Reservoir,2050,1,347,347,359.708980129073
348,AT_Hydro_Reservoir,2050,1,348,348,353.9517334053186
349,AT_Hydro_Reservoir,2050,1,349,349,347.8325820117269
350,AT_Hydro_Reservoir,2050,1,350,350,348.6072455922291
351,AT_Hydro_Reservoir,2050,1,351,351,351.0473073916225
352,AT_Hydro_Reservoir,2050,1,352,352,353.4873691910159
353,AT_Hydro_Reservoir,2050,1,353,353,355.9274309904093
354,AT_Hydro_Reservoir,2050,1,354,354,358.36749278980267
355,AT_Hydro_Reservoir,2050,1,355,355,360.80755458919606
356,AT_Hydro_Reservoir,2050,1,356,356,363.24761638858945
357,AT_Hydro_Reservoir,2050,1,357,357,365.68767818798284
358,AT_Hydro_Reservoir,2050,1,358,358,368.12773998737623
359,AT_Hydro_Reservoir,2050,1,359,359,370.5678017867696
360,AT_Hydro_Reservoir,2050,1,360,360,372.87794593801374
361,AT_Hydro_Reservoir,2050,1,361,361,373.06181554699015
362,AT_Hydro_Reservoir,2050,1,362,362,372.83853299347413
363,AT_Hydro_Reservoir,2050,1,363,363,373.6198764012132
364,AT_Hydro_Reservoir,2050,1,364,364,376.0599382006066
365,AT_Hydro_Reservoir,2050,1,365,365,378.5
366,AT_Pump_Hydro_Closed,2050,1,1,1,0.9154302226023985
367,AT_Pump_Hydro_Closed,2050,1,2,2,0.9308604452047969
368,AT_Pump_Hydro_Closed,2050,1,3,3,0.9462906678071954
369,AT_Pump_Hydro_Closed,2050,1,4,4,0.9617208904095939
370,AT_Pump_Hydro_Closed,2050,1,5,5,0.9751534375623389
371,AT_Pump_Hydro_Closed,2050,1,6,6,0.9843532329678775
372,AT_Pump_Hydro_Closed,2050,1,7,7,0.9997834555702759
373,AT_Pump_Hydro_Closed,2050,1,8,8,1.0152136781726744
374,AT_Pump_Hydro_Closed,2050,1,9,9,1.0306439007750727
375,AT_Pump_Hydro_Closed,2050,1,10,10,1.046074123377471
376,AT_Pump_Hydro_Closed,2050,1,11,11,1.0615043459798694
377,AT_Pump_Hydro_Closed,2050,1,12,12,1.0769345685822678
378,AT_Pump_Hydro_Closed,2050,1,13,13,1.0923647911846661
379,AT_Pump_Hydro_Closed,2050,1,14,14,1.1077950137870645
380,AT_Pump_Hydro_Closed,2050,1,15,15,1.1232252363894628
381,AT_Pump_Hydro_Closed,2050,1,16,16,1.1386554589918612
382,AT_Pump_Hydro_Closed,2050,1,17,17,1.1540856815942595
383,AT_Pump_Hydro_Closed,2050,1,18,18,1.1610673783723966
384,AT_Pump_Hydro_Closed,2050,1,19,19,1.1589701066859857
385,AT_Pump_Hydro_Closed,2050,1,20,20,1.1620124064700657
386,AT_Pump_Hydro_Closed,2050,1,21,21,1.1650711266282245
387,AT_Pump_Hydro_Closed,2050,1,22,22,1.1629738549418136
388,AT_Pump_Hydro_Closed,2050,1,23,23,1.1659423451545512
389,AT_Pump_Hydro_Closed,2050,1,24,24,1.1799516443892448
390,AT_Pump_Hydro_Closed,2050,1,25,25,1.1847224003205223
391,AT_Pump_Hydro_Closed,2050,1,26,26,1.1978002906529532
392,AT_Pump_Hydro_Closed,2050,1,27,27,1.207488376640278
393,AT_Pump_Hydro_Closed,2050,1,28,28,1.2229185992426763
394,AT_Pump_Hydro_Closed,2050,1,29,29,1.2383488218450747
395,AT_Pump_Hydro_Closed,2050,1,30,30,1.253779044447473
396,AT_Pump_Hydro_Closed,2050,1,31,31,1.2635252752739004
397,AT_Pump_Hydro_Closed,2050,1,32,32,1.2787370081614127
398,AT_Pump_Hydro_Closed,2050,1,33,33,1.2874451427879887
399,AT_Pump_Hydro_Closed,2050,1,34,34,1.289391006262492
400,AT_Pump_Hydro_Closed,2050,1,35,35,1.288325596940976
401,AT_Pump_Hydro_Closed,2050,1,36,36,1.2908818720033062
402,AT_Pump_Hydro_Closed,2050,1,37,37,1.3063120946057045
403,AT_Pump_Hydro_Closed,2050,1,38,38,1.3217423172081029
404,AT_Pump_Hydro_Closed,2050,1,39,39,1.3371725398105012
405,AT_Pump_Hydro_Closed,2050,1,40,40,1.3498765935422778
406,AT_Pump_Hydro_Closed,2050,1,41,41,1.3578090949771766
407,AT_Pump_Hydro_Closed,2050,1,42,42,1.3593570184948875
408,AT_Pump_Hydro_Closed,2050,1,43,43,1.362965600940954
409,AT_Pump_Hydro_Closed,2050,1,44,44,1.3682994803852655
410,AT_Pump_Hydro_Closed,2050,1,45,45,1.3713377131376119
411,AT_Pump_Hydro_Closed,2050,1,46,46,1.38186252444901
412,AT_Pump_Hydro_Closed,2050,1,47,47,1.3928480135877115
413,AT_Pump_Hydro_Closed,2050,1,48,48,1.406078623534207
414,AT_Pump_Hydro_Closed,2050,1,49,49,1.4197381502164546
415,AT_Pump_Hydro_Closed,2050,1,50,50,1.435168372818853
416,AT_Pump_Hydro_Closed,2050,1,51,51,1.446798554040131
417,AT_Pump_Hydro_Closed,2050,1,52,52,1.4577912680561476
418,AT_Pump_Hydro_Closed,2050,1,53,53,1.4699771590194033
419,AT_Pump_Hydro_Closed,2050,1,54,54,1.4854073816218016
420,AT_Pump_Hydro_Closed,2050,1,55,55,1.499033121150122
421,AT_Pump_Hydro_Closed,2050,1,56,56,1.5026434740644903
422,AT_Pump_Hydro_Closed,2050,1,57,57,1.5089610092794319
423,AT_Pump_Hydro_Closed,2050,1,58,58,1.512754594261694
424,AT_Pump_Hydro_Closed,2050,1,59,59,1.5198699038368588
425,AT_Pump_Hydro_Closed,2050,1,60,60,1.5353001264392572
426,AT_Pump_Hydro_Closed,2050,1,61,61,1.5507303490416555
427,AT_Pump_Hydro_Closed,2050,1,62,62,1.5656664920082797
428,AT_Pump_Hydro_Closed,2050,1,63,63,1.5743993115593637
429,AT_Pump_Hydro_Closed,2050,1,64,64,1.5795474895118033
430,AT_Pump_Hydro_Closed,2050,1,65,65,1.593859963364803
431,AT_Pump_Hydro_Closed,2050,1,66,66,1.6092901859672013
432,AT_Pump_Hydro_Closed,2050,1,67,67,1.6230345425025767
433,AT_Pump_Hydro_Closed,2050,1,68,68,1.6293658223540868
434,AT_Pump_Hydro_Closed,2050,1,69,69,1.6288675525438352
435,AT_Pump_Hydro_Closed,2050,1,70,70,1.6317686349181506
436,AT_Pump_Hydro_Closed,2050,1,71,71,1.6406739673865554
437,AT_Pump_Hydro_Closed,2050,1,72,72,1.6469127855194532
438,AT_Pump_Hydro_Closed,2050,1,73,73,1.6551263393858922
439,AT_Pump_Hydro_Closed,2050,1,74,74,1.666400199612732
440,AT_Pump_Hydro_Closed,2050,1,75,75,1.6718641489596635
441,AT_Pump_Hydro_Closed,2050,1,76,76,1.6681061339180323
442,AT_Pump_Hydro_Closed,2050,1,77,77,1.668740114853629
443,AT_Pump_Hydro_Closed,2050,1,78,78,1.6691834023394831
444,AT_Pump_Hydro_Closed,2050,1,79,79,1.6699485887545593
445,AT_Pump_Hydro_Closed,2050,1,80,80,1.6808543283341295
446,AT_Pump_Hydro_Closed,2050,1,81,81,1.6876311768265924
447,AT_Pump_Hydro_Closed,2050,1,82,82,1.6916594799169808
448,AT_Pump_Hydro_Closed,2050,1,83,83,1.6923672484589734
449,AT_Pump_Hydro_Closed,2050,1,84,84,1.6959889259309018
450,AT_Pump_Hydro_Closed,2050,1,85,85,1.7103245247584509
451,AT_Pump_Hydro_Closed,2050,1,86,86,1.7194221719138747
452,AT_Pump_Hydro_Closed,2050,1,87,87,1.7289195414557998
453,AT_Pump_Hydro_Closed,2050,1,88,88,1.7443497640581982
454,AT_Pump_Hydro_Closed,2050,1,89,89,1.7597799866605965
455,AT_Pump_Hydro_Closed,2050,1,90,90,1.7752102092629949
456,AT_Pump_Hydro_Closed,2050,1,91,91,1.7901837706553625
457,AT_Pump_Hydro_Closed,2050,1,92,92,1.7978113833378695
458,AT_Pump_Hydro_Closed,2050,1,93,93,1.79857501814085
459,AT_Pump_Hydro_Closed,2050,1,94,94,1.8
460,AT_Pump_Hydro_Closed,2050,1,95,95,1.7996339102800516
461,AT_Pump_Hydro_Closed,2050,1,96,96,1.8
462,AT_Pump_Hydro_Closed,2050,1,97,97,1.7952152283238993
463,AT_Pump_Hydro_Closed,2050,1,98,98,1.788191258417046
464,AT_Pump_Hydro_Closed,2050,1,99,99,1.778970146241727
465,AT_Pump_Hydro_Closed,2050,1,100,100,1.7715153343223922
466,AT_Pump_Hydro_Closed,2050,1,101,101,1.7764267943067718
467,AT_Pump_Hydro_Closed,2050,1,102,102,1.777800524419489
468,AT_Pump_Hydro_Closed,2050,1,103,103,1.7736690699531585
469,AT_Pump_Hydro_Closed,2050,1,104,104,1.7720160751265586
470,AT_Pump_Hydro_Closed,2050,1,105,105,1.7642628582016162
471,AT_Pump_Hydro_Closed,2050,1,106,106,1.7553037696254299
472,AT_Pump_Hydro_Closed,2050,1,107,107,1.7523295496766496
473,AT_Pump_Hydro_Closed,2050,1,108,108,1.7541256747873029
474,AT_Pump_Hydro_Closed,2050,1,109,109,1.7450409447192143
475,AT_Pump_Hydro_Closed,2050,1,110,110,1.7362324489926337
476,AT_Pump_Hydro_Closed,2050,1,111,111,1.7256298070344045
477,AT_Pump_Hydro_Closed,2050,1,112,112,1.7143291202049085
478,AT_Pump_Hydro_Closed,2050,1,113,113,1.6958847250361935
479,AT_Pump_Hydro_Closed,2050,1,114,114,1.6818993970596512
480,AT_Pump_Hydro_Closed,2050,1,115,115,1.6779452886117197
481,AT_Pump_Hydro_Closed,2050,1,116,116,1.6742872094014425
482,AT_Pump_Hydro_Closed,2050,1,117,117,1.6720089184943832
483,AT_Pump_Hydro_Closed,2050,1,118,118,1.6674478355554714
484,AT_Pump_Hydro_Closed,2050,1,119,119,1.656436118392099
485,AT_Pump_Hydro_Closed,2050,1,120,120,1.637991723223384
486,AT_Pump_Hydro_Closed,2050,1,121,121,1.619547328054669
487,AT_Pump_Hydro_Closed,2050,1,122,122,1.601102932885954
488,AT_Pump_Hydro_Closed,2050,1,123,123,1.5872061484032984
489,AT_Pump_Hydro_Closed,2050,1,124,124,1.5687617532345834
490,AT_Pump_Hydro_Closed,2050,1,125,125,1.5503173580658685
491,AT_Pump_Hydro_Closed,2050,1,126,126,1.5341883217850911
492,AT_Pump_Hydro_Closed,2050,1,127,127,1.5157439266163761
493,AT_Pump_Hydro_Closed,2050,1,128,128,1.4972995314476611
494,AT_Pump_Hydro_Closed,2050,1,129,129,1.4788551362789462
495,AT_Pump_Hydro_Closed,2050,1,130,130,1.4604107411102312
496,AT_Pump_Hydro_Closed,2050,1,131,131,1.4419663459415162
497,AT_Pump_Hydro_Closed,2050,1,132,132,1.4235219507728012
498,AT_Pump_Hydro_Closed,2050,1,133,133,1.4050775556040862
499,AT_Pump_Hydro_Closed,2050,1,134,134,1.3920174113388728
500,AT_Pump_Hydro_Closed,2050,1,135,135,1.3799887054745645
501,AT_Pump_Hydro_Closed,2050,1,136,136,1.3638713681878014
502,AT_Pump_Hydro_Closed,2050,1,137,137,1.3454269730190864
503,AT_Pump_Hydro_Closed,2050,1,138,138,1.3269825778503714
504,AT_Pump_Hydro_Closed,2050,1,139,139,1.3085381826816564
505,AT_Pump_Hydro_Closed,2050,1,140,140,1.2994764218629193
506,AT_Pump_Hydro_Closed,2050,1,141,141,1.2922414318646076
507,AT_Pump_Hydro_Closed,2050,1,142,142,1.2770458216628273
508,AT_Pump_Hydro_Closed,2050,1,143,143,1.260673688403131
509,AT_Pump_Hydro_Closed,2050,1,144,144,1.2514159572227253
510,AT_Pump_Hydro_Closed,2050,1,145,145,1.2446557321480667
511,AT_Pump_Hydro_Closed,2050,1,146,146,1.2312421747502709
512,AT_Pump_Hydro_Closed,2050,1,147,147,1.2151565652187042
513,AT_Pump_Hydro_Closed,2050,1,148,148,1.1967121700499892
514,AT_Pump_Hydro_Closed,2050,1,149,149,1.1807886025708094
515,AT_Pump_Hydro_Closed,2050,1,150,150,1.1623442074020944
516,AT_Pump_Hydro_Closed,2050,1,151,151,1.144435965915488
517,AT_Pump_Hydro_Closed,2050,1,152,152,1.125991570746773
518,AT_Pump_Hydro_Closed,2050,1,153,153,1.107547175578058
519,AT_Pump_Hydro_Closed,2050,1,154,154,1.089102780409343
520,AT_Pump_Hydro_Closed,2050,1,155,155,1.070658385240628
521,AT_Pump_Hydro_Closed,2050,1,156,156,1.0550885670683108
522,AT_Pump_Hydro_Closed,2050,1,157,157,1.0366441718995958
523,AT_Pump_Hydro_Closed,2050,1,158,158,1.0181997767308808
524,AT_Pump_Hydro_Closed,2050,1,159,159,0.9997553815621658
525,AT_Pump_Hydro_Closed,2050,1,160,160,0.9856687659425624
526,AT_Pump_Hydro_Closed,2050,1,161,161,0.9672243707738474
527,AT_Pump_Hydro_Closed,2050,1,162,162,0.9534800415771483
528,AT_Pump_Hydro_Closed,2050,1,163,163,0.9462457574359252
529,AT_Pump_Hydro_Closed,2050,1,164,164,0.9401772832356521
530,AT_Pump_Hydro_Closed,2050,1,165,165,0.9217328880669371
531,AT_Pump_Hydro_Closed,2050,1,166,166,0.9053515784398476
532,AT_Pump_Hydro_Closed,2050,1,167,167,0.8972561528102984
533,AT_Pump_Hydro_Closed,2050,1,168,168,0.8840455757987602
534,AT_Pump_Hydro_Closed,2050,1,169,169,0.867657558886804
535,AT_Pump_Hydro_Closed,2050,1,170,170,0.8557308106509658
536,AT_Pump_Hydro_Closed,2050,1,171,171,0.8536335389645547
537,AT_Pump_Hydro_Closed,2050,1,172,172,0.8515362672781437
538,AT_Pump_Hydro_Closed,2050,1,173,173,0.8485326778995612
539,AT_Pump_Hydro_Closed,2050,1,174,174,0.8358350180335297
540,AT_Pump_Hydro_Closed,2050,1,175,175,0.8173906228648147
541,AT_Pump_Hydro_Closed,2050,1,176,176,0.8021920063595326
542,AT_Pump_Hydro_Closed,2050,1,177,177,0.7976364278387835
543,AT_Pump_Hydro_Closed,2050,1,178,178,0.7955391561523725
544,AT_Pump_Hydro_Closed,2050,1,179,179,0.7934418844659614
545,AT_Pump_Hydro_Closed,2050,1,180,180,0.7885932320382577
546,AT_Pump_Hydro_Closed,2050,1,181,181,0.7846076530136105
547,AT_Pump_Hydro_Closed,2050,1,182,182,0.7776248639999997
548,AT_Pump_Hydro_Closed,2050,1,183,183,0.7686531514062891
549,AT_Pump_Hydro_Closed,2050,1,184,184,0.7610933068975672
550,AT_Pump_Hydro_Closed,2050,1,185,185,0.7560347776608555
551,AT_Pump_Hydro_Closed,2050,1,186,186,0.7539375059744444
552,AT_Pump_Hydro_Closed,2050,1,187,187,0.7354931108057294
553,AT_Pump_Hydro_Closed,2050,1,188,188,0.7170487156370144
554,AT_Pump_Hydro_Closed,2050,1,189,189,0.7068456805643308
555,AT_Pump_Hydro_Closed,2050,1,190,190,0.6926252831346968
556,AT_Pump_Hydro_Closed,2050,1,191,191,0.6741808879659819
557,AT_Pump_Hydro_Closed,2050,1,192,192,0.6671828146157008
558,AT_Pump_Hydro_Closed,2050,1,193,193,0.6649115255579401
559,AT_Pump_Hydro_Closed,2050,1,194,194,0.662814253871529
560,AT_Pump_Hydro_Closed,2050,1,195,195,0.660716982185118
561,AT_Pump_Hydro_Closed,2050,1,196,196,0.6558833327003813
562,AT_Pump_Hydro_Closed,2050,1,197,197,0.6500916358000826
563,AT_Pump_Hydro_Closed,2050,1,198,198,0.6413910986976744
564,AT_Pump_Hydro_Closed,2050,1,199,199,0.6251212085640302
565,AT_Pump_Hydro_Closed,2050,1,200,200,0.6169861206662994
566,AT_Pump_Hydro_Closed,2050,1,201,201,0.6096749390466011
567,AT_Pump_Hydro_Closed,2050,1,202,202,0.595851269043663
568,AT_Pump_Hydro_Closed,2050,1,203,203,0.5827801100456457
569,AT_Pump_Hydro_Closed,2050,1,204,204,0.5713148461272497
570,AT_Pump_Hydro_Closed,2050,1,205,205,0.5660723669618075
571,AT_Pump_Hydro_Closed,2050,1,206,206,0.5534920479048966
572,AT_Pump_Hydro_Closed,2050,1,207,207,0.5419685828855351
573,AT_Pump_Hydro_Closed,2050,1,208,208,0.5408103752360731
574,AT_Pump_Hydro_Closed,2050,1,209,209,0.5355846929176731
575,AT_Pump_Hydro_Closed,2050,1,210,210,0.5218129315571547
576,AT_Pump_Hydro_Closed,2050,1,211,211,0.5088107983259273
577,AT_Pump_Hydro_Closed,2050,1,212,212,0.4972701770194801
578,AT_Pump_Hydro_Closed,2050,1,213,213,0.49320761587377854
579,AT_Pump_Hydro_Closed,2050,1,214,214,0.49111034418736754
580,AT_Pump_Hydro_Closed,2050,1,215,215,0.48868304465599294
581,AT_Pump_Hydro_Closed,2050,1,216,216,0.4836550102226478
582,AT_Pump_Hydro_Closed,2050,1,217,217,0.4779611360144248
583,AT_Pump_Hydro_Closed,2050,1,218,218,0.4758638643280138
584,AT_Pump_Hydro_Closed,2050,1,219,219,0.4737665926416028
585,AT_Pump_Hydro_Closed,2050,1,220,220,0.4716693209551918
586,AT_Pump_Hydro_Closed,2050,1,221,221,0.4695720492687808
587,AT_Pump_Hydro_Closed,2050,1,222,222,0.4674747775823698
588,AT_Pump_Hydro_Closed,2050,1,223,223,0.46537750589595883
589,AT_Pump_Hydro_Closed,2050,1,224,224,0.46328023420954784
590,AT_Pump_Hydro_Closed,2050,1,225,225,0.45653040561853425
591,AT_Pump_Hydro_Closed,2050,1,226,226,0.44913761981548117
592,AT_Pump_Hydro_Closed,2050,1,227,227,0.44214805456297285
593,AT_Pump_Hydro_Closed,2050,1,228,228,0.4304945887062538
594,AT_Pump_Hydro_Closed,2050,1,229,229,0.4140041084473127
595,AT_Pump_Hydro_Closed,2050,1,230,230,0.39889925157151124
596,AT_Pump_Hydro_Closed,2050,1,231,231,0.3942671678457035
597,AT_Pump_Hydro_Closed,2050,1,232,232,0.3921698961592925
598,AT_Pump_Hydro_Closed,2050,1,233,233,0.3900726244728815
599,AT_Pump_Hydro_Closed,2050,1,234,234,0.38736880455841444
600,AT_Pump_Hydro_Closed,2050,1,235,235,0.3840660566780715
601,AT_Pump_Hydro_Closed,2050,1,236,236,0.3745583808496063
602,AT_Pump_Hydro_Closed,2050,1,237,237,0.36792933115658655
603,AT_Pump_Hydro_Closed,2050,1,238,238,0.35947491943628673
604,AT_Pump_Hydro_Closed,2050,1,239,239,0.35218277538519627
605,AT_Pump_Hydro_Closed,2050,1,240,240,0.3415852602359877
606,AT_Pump_Hydro_Closed,2050,1,241,241,0.3289808095332653
607,AT_Pump_Hydro_Closed,2050,1,242,242,0.3268835378468543
608,AT_Pump_Hydro_Closed,2050,1,243,243,0.3247862661604433
609,AT_Pump_Hydro_Closed,2050,1,244,244,0.31500381681500733
610,AT_Pump_Hydro_Closed,2050,1,245,245,0.3000517639276842
611,AT_Pump_Hydro_Closed,2050,1,246,246,0.2979544922412732
612,AT_Pump_Hydro_Closed,2050,1,247,247,0.2958572205548622
613,AT_Pump_Hydro_Closed,2050,1,248,248,0.2912888842914044
614,AT_Pump_Hydro_Closed,2050,1,249,249,0.28623036917982214
615,AT_Pump_Hydro_Closed,2050,1,250,250,0.27572241496641214
616,AT_Pump_Hydro_Closed,2050,1,251,251,0.2626462986001388
617,AT_Pump_Hydro_Closed,2050,1,252,252,0.2605490269137278
618,AT_Pump_Hydro_Closed,2050,1,253,253,0.2584517552273168
619,AT_Pump_Hydro_Closed,2050,1,254,254,0.2565414053076008
620,AT_Pump_Hydro_Closed,2050,1,255,255,0.2547724415371655
621,AT_Pump_Hydro_Closed,2050,1,256,256,0.25063510410708667
622,AT_Pump_Hydro_Closed,2050,1,257,257,0.2529194160745829
623,AT_Pump_Hydro_Closed,2050,1,258,258,0.2545661588890523
624,AT_Pump_Hydro_Closed,2050,1,259,259,0.25759683719935444
625,AT_Pump_Hydro_Closed,2050,1,260,260,0.2609553474839801
626,AT_Pump_Hydro_Closed,2050,1,261,261,0.2552365728297963
627,AT_Pump_Hydro_Closed,2050,1,262,262,0.2508508263411829
628,AT_Pump_Hydro_Closed,2050,1,263,263,0.2487535546547719
629,AT_Pump_Hydro_Closed,2050,1,264,264,0.2466562829683609
630,AT_Pump_Hydro_Closed,2050,1,265,265,0.2457477550524406
631,AT_Pump_Hydro_Closed,2050,1,266,266,0.24522343938788427
632,AT_Pump_Hydro_Closed,2050,1,267,267,0.24822010240867592
633,AT_Pump_Hydro_Closed,2050,1,268,268,0.24531354711258369
634,AT_Pump_Hydro_Closed,2050,1,269,269,0.2432162754261727
635,AT_Pump_Hydro_Closed,2050,1,270,270,0.24471913177899104
636,AT_Pump_Hydro_Closed,2050,1,271,271,0.24835481655266414
637,AT_Pump_Hydro_Closed,2050,1,272,272,0.24986457300633647
638,AT_Pump_Hydro_Closed,2050,1,273,273,0.2522926145045302
639,AT_Pump_Hydro_Closed,2050,1,274,274,0.2474555982397932
640,AT_Pump_Hydro_Closed,2050,1,275,275,0.23724653972449297
641,AT_Pump_Hydro_Closed,2050,1,276,276,0.23514926803808198
642,AT_Pump_Hydro_Closed,2050,1,277,277,0.23305199635167098
643,AT_Pump_Hydro_Closed,2050,1,278,278,0.23327611566435388
644,AT_Pump_Hydro_Closed,2050,1,279,279,0.22838625303505233
645,AT_Pump_Hydro_Closed,2050,1,280,280,0.2249530965052227
646,AT_Pump_Hydro_Closed,2050,1,281,281,0.22100498844342573
647,AT_Pump_Hydro_Closed,2050,1,282,282,0.21890771675701473
648,AT_Pump_Hydro_Closed,2050,1,283,283,0.21681044507060374
649,AT_Pump_Hydro_Closed,2050,1,284,284,0.21860913892525846
650,AT_Pump_Hydro_Closed,2050,1,285,285,0.21531701696466715
651,AT_Pump_Hydro_Closed,2050,1,286,286,0.21099477584572846
652,AT_Pump_Hydro_Closed,2050,1,287,287,0.20674775537161186
653,AT_Pump_Hydro_Closed,2050,1,288,288,0.2010354829812957
654,AT_Pump_Hydro_Closed,2050,1,289,289,0.19485317682529235
655,AT_Pump_Hydro_Closed,2050,1,290,290,0.19275590513888136
656,AT_Pump_Hydro_Closed,2050,1,291,291,0.19065863345247036
657,AT_Pump_Hydro_Closed,2050,1,292,292,0.18856136176605937
658,AT_Pump_Hydro_Closed,2050,1,293,293,0.18646409007964837
659,AT_Pump_Hydro_Closed,2050,1,294,294,0.18891310061256786
660,AT_Pump_Hydro_Closed,2050,1,295,295,0.1930599107230576
661,AT_Pump_Hydro_Closed,2050,1,296,296,0.19016734435403695
662,AT_Pump_Hydro_Closed,2050,1,297,297,0.19301413119981795
663,AT_Pump_Hydro_Closed,2050,1,298,298,0.1873806452809801
664,AT_Pump_Hydro_Closed,2050,1,299,299,0.19087313748029544
665,AT_Pump_Hydro_Closed,2050,1,300,300,0.19273771638620418
666,AT_Pump_Hydro_Closed,2050,1,301,301,0.19273439892979474
667,AT_Pump_Hydro_Closed,2050,1,302,302,0.19324551920978822
668,AT_Pump_Hydro_Closed,2050,1,303,303,0.19487370790342526
669,AT_Pump_Hydro_Closed,2050,1,304,304,0.20193369432892933
670,AT_Pump_Hydro_Closed,2050,1,305,305,0.19949719701419985
671,AT_Pump_Hydro_Closed,2050,1,306,306,0.1968579290765187
672,AT_Pump_Hydro_Closed,2050,1,307,307,0.19546579883008755
673,AT_Pump_Hydro_Closed,2050,1,308,308,0.19336852714367656
674,AT_Pump_Hydro_Closed,2050,1,309,309,0.19156635184807388
675,AT_Pump_Hydro_Closed,2050,1,310,310,0.19474049384424919
676,AT_Pump_Hydro_Closed,2050,1,311,311,0.20316125038281999
677,AT_Pump_Hydro_Closed,2050,1,312,312,0.21064900500788353
678,AT_Pump_Hydro_Closed,2050,1,313,313,0.22607922761028199
679,AT_Pump_Hydro_Closed,2050,1,314,314,0.23966573762800317
680,AT_Pump_Hydro_Closed,2050,1,315,315,0.24821337404216592
681,AT_Pump_Hydro_Closed,2050,1,316,316,0.25341523582850084
682,AT_Pump_Hydro_Closed,2050,1,317,317,0.2656173299376157
683,AT_Pump_Hydro_Closed,2050,1,318,318,0.2810475525400142
684,AT_Pump_Hydro_Closed,2050,1,319,319,0.29010231068679626
685,AT_Pump_Hydro_Closed,2050,1,320,320,0.30218883472332086
686,AT_Pump_Hydro_Closed,2050,1,321,321,0.3140879636039688
687,AT_Pump_Hydro_Closed,2050,1,322,322,0.3282174767469931
688,AT_Pump_Hydro_Closed,2050,1,323,323,0.34364769934939154
689,AT_Pump_Hydro_Closed,2050,1,324,324,0.3546809455978009
690,AT_Pump_Hydro_Closed,2050,1,325,325,0.3653579651902402
691,AT_Pump_Hydro_Closed,2050,1,326,326,0.3745544261580212
692,AT_Pump_Hydro_Closed,2050,1,327,327,0.3748908309597479
693,AT_Pump_Hydro_Closed,2050,1,328,328,0.3883426356642913
694,AT_Pump_Hydro_Closed,2050,1,329,329,0.4032193334228435
695,AT_Pump_Hydro_Closed,2050,1,330,330,0.41156325535632493
696,AT_Pump_Hydro_Closed,2050,1,331,331,0.4269934779587234
697,AT_Pump_Hydro_Closed,2050,1,332,332,0.44242370056112185
698,AT_Pump_Hydro_Closed,2050,1,333,333,0.4578539231635203
699,AT_Pump_Hydro_Closed,2050,1,334,334,0.47328414576591876
700,AT_Pump_Hydro_Closed,2050,1,335,335,0.4887143683683172
701,AT_Pump_Hydro_Closed,2050,1,336,336,0.5013286698352728
702,AT_Pump_Hydro_Closed,2050,1,337,337,0.515318595850517
703,AT_Pump_Hydro_Closed,2050,1,338,338,0.5307488184529154
704,AT_Pump_Hydro_Closed,2050,1,339,339,0.5461790410553139
705,AT_Pump_Hydro_Closed,2050,1,340,340,0.5616092636577124
706,AT_Pump_Hydro_Closed,2050,1,341,341,0.5770394862601108
707,AT_Pump_Hydro_Closed,2050,1,342,342,0.5912531137440997
708,AT_Pump_Hydro_Closed,2050,1,343,343,0.6066833363464982
709,AT_Pump_Hydro_Closed,2050,1,344,344,0.6221135589488966
710,AT_Pump_Hydro_Closed,2050,1,345,345,0.6375437815512951
711,AT_Pump_Hydro_Closed,2050,1,346,346,0.6523919348661474
712,AT_Pump_Hydro_Closed,2050,1,347,347,0.6580366674031702
713,AT_Pump_Hydro_Closed,2050,1,348,348,0.6617954158256931
714,AT_Pump_Hydro_Closed,2050,1,349,349,0.6650388779200691
715,AT_Pump_Hydro_Closed,2050,1,350,350,0.6780978768145749
716,AT_Pump_Hydro_Closed,2050,1,351,351,0.6935280994169734
717,AT_Pump_Hydro_Closed,2050,1,352,352,0.7089583220193718
718,AT_Pump_Hydro_Closed,2050,1,353,353,0.7243885446217703
719,AT_Pump_Hydro_Closed,2050,1,354,354,0.7398187672241687
720,AT_Pump_Hydro_Closed,2050,1,355,355,0.7552489898265672
721,AT_Pump_Hydro_Closed,2050,1,356,356,0.7706792124289656
722,AT_Pump_Hydro_Closed,2050,1,357,357,0.7861094350313641
723,AT_Pump_Hydro_Closed,2050,1,358,358,0.8015396576337626
724,AT_Pump_Hydro_Closed,2050,1,359,359,0.816969880236161
725,AT_Pump_Hydro_Closed,2050,1,360,360,0.8322151237723692
726,AT_Pump_Hydro_Closed,2050,1,361,361,0.8444329396657937
727,AT_Pump_Hydro_Closed,2050,1,362,362,0.8560710450434568
728,AT_Pump_Hydro_Closed,2050,1,363,363,0.8691395547952031
729,AT_Pump_Hydro_Closed,2050,1,364,364,0.8845697773976016
730,AT_Pump_Hydro_Closed,2050,1,365,365,0.9
731,AT_Pump_Hydro_Open,2050,1,1,1,874.152890242765
732,AT_Pump_Hydro_Open,2050,1,2,2,882.0057804855302
733,AT_Pump_Hydro_Open,2050,1,3,3,889.8586707282952
734,AT_Pump_Hydro_Open,2050,1,4,4,897.7115609710603
735,AT_Pump_Hydro_Open,2050,1,5,5,906.5518553879331
736,AT_Pump_Hydro_Open,2050,1,6,6,917.484299830416
737,AT_Pump_Hydro_Open,2050,1,7,7,925.3371900731811
738,AT_Pump_Hydro_Open,2050,1,8,8,933.1900803159463
739,AT_Pump_Hydro_Open,2050,1,9,9,941.0429705587113
740,AT_Pump_Hydro_Open,2050,1,10,10,948.8958608014764
741,AT_Pump_Hydro_Open,2050,1,11,11,956.7487510442415
742,AT_Pump_Hydro_Open,2050,1,12,12,964.6016412870066
743,AT_Pump_Hydro_Open,2050,1,13,13,972.4545315297717
744,AT_Pump_Hydro_Open,2050,1,14,14,980.3074217725367
745,AT_Pump_Hydro_Open,2050,1,15,15,988.1603120153019
746,AT_Pump_Hydro_Open,2050,1,16,16,996.0132022580669
747,AT_Pump_Hydro_Open,2050,1,17,17,1003.866092500832
748,AT_Pump_Hydro_Open,2050,1,18,18,1015.8948911302073
749,AT_Pump_Hydro_Open,2050,1,19,19,1032.4112111735546
750,AT_Pump_Hydro_Open,2050,1,20,20,1046.3871614466434
751,AT_Pump_Hydro_Open,2050,1,21,21,1060.3549955135143
752,AT_Pump_Hydro_Open,2050,1,22,22,1076.8713155568616
753,AT_Pump_Hydro_Open,2050,1,23,23,1090.8837481718867
754,AT_Pump_Hydro_Open,2050,1,24,24,1099.4389675465447
755,AT_Pump_Hydro_Open,2050,1,25,25,1112.560582439579
756,AT_Pump_Hydro_Open,2050,1,26,26,1121.57617541399
757,AT_Pump_Hydro_Open,2050,1,27,27,1132.2672692613517
758,AT_Pump_Hydro_Open,2050,1,28,28,1140.1201595041168
759,AT_Pump_Hydro_Open,2050,1,29,29,1147.973049746882
760,AT_Pump_Hydro_Open,2050,1,30,30,1155.825939989647
761,AT_Pump_Hydro_Open,2050,1,31,31,1166.488294205232
762,AT_Pump_Hydro_Open,2050,1,32,32,1174.449178795385
763,AT_Pump_Hydro_Open,2050,1,33,33,1185.624639642498
764,AT_Pump_Hydro_Open,2050,1,34,34,1200.1425326965862
765,AT_Pump_Hydro_Open,2050,1,35,35,1216.1488273469806
766,AT_Pump_Hydro_Open,2050,1,36,36,1230.3650082536583
767,AT_Pump_Hydro_Open,2050,1,37,37,1238.2178984964232
768,AT_Pump_Hydro_Open,2050,1,38,38,1246.0707887391884
769,AT_Pump_Hydro_Open,2050,1,39,39,1253.9236789819536
770,AT_Pump_Hydro_Open,2050,1,40,40,1263.1240506299896
771,AT_Pump_Hydro_Open,2050,1,41,41,1274.6828887925578
772,AT_Pump_Hydro_Open,2050,1,42,42,1289.3974742445273
773,AT_Pump_Hydro_Open,2050,1,43,43,1303.0935242644155
774,AT_Pump_Hydro_Open,2050,1,44,44,1315.9368003975653
775,AT_Pump_Hydro_Open,2050,1,45,45,1329.9147609091594
776,AT_Pump_Hydro_Open,2050,1,46,46,1331.8386300657814
777,AT_Pump_Hydro_Open,2050,1,47,47,1334.319306468518
778,AT_Pump_Hydro_Open,2050,1,48,48,1340.3981855893833
779,AT_Pump_Hydro_Open,2050,1,49,49,1346.1108896530639
780,AT_Pump_Hydro_Open,2050,1,50,50,1353.963779895829
781,AT_Pump_Hydro_Open,2050,1,51,51,1357.2236759653601
782,AT_Pump_Hydro_Open,2050,1,52,52,1367.2699227423873
783,AT_Pump_Hydro_Open,2050,1,53,53,1374.5665889236845
784,AT_Pump_Hydro_Open,2050,1,54,54,1382.4194791664497
785,AT_Pump_Hydro_Open,2050,1,55,55,1391.1642831181011
786,AT_Pump_Hydro_Open,2050,1,56,56,1404.8594580369856
787,AT_Pump_Hydro_Open,2050,1,57,57,1417.216536167365
788,AT_Pump_Hydro_Open,2050,1,58,58,1430.8211437677692
789,AT_Pump_Hydro_Open,2050,1,59,59,1442.7839007217947
790,AT_Pump_Hydro_Open,2050,1,60,60,1450.6367909645599
791,AT_Pump_Hydro_Open,2050,1,61,61,1458.489681207325
792,AT_Pump_Hydro_Open,2050,1,62,62,1465.7453924563292
793,AT_Pump_Hydro_Open,2050,1,63,63,1476.9086521235654
794,AT_Pump_Hydro_Open,2050,1,64,64,1489.8437161536153
795,AT_Pump_Hydro_Open,2050,1,65,65,1498.2490834170853
796,AT_Pump_Hydro_Open,2050,1,66,66,1506.1019736598505
797,AT_Pump_Hydro_Open,2050,1,67,67,1511.917208980972
798,AT_Pump_Hydro_Open,2050,1,68,68,1524.2674934594988
799,AT_Pump_Hydro_Open,2050,1,69,69,1512.8681005026194
800,AT_Pump_Hydro_Open,2050,1,70,70,1521.6419865161088
801,AT_Pump_Hydro_Open,2050,1,71,71,1532.7199770898696
802,AT_Pump_Hydro_Open,2050,1,72,72,1529.463496949988
803,AT_Pump_Hydro_Open,2050,1,73,73,1531.9410759268478
804,AT_Pump_Hydro_Open,2050,1,74,74,1538.5284195385254
805,AT_Pump_Hydro_Open,2050,1,75,75,1534.335379118894
806,AT_Pump_Hydro_Open,2050,1,76,76,1518.996031474064
807,AT_Pump_Hydro_Open,2050,1,77,77,1534.1623573329302
808,AT_Pump_Hydro_Open,2050,1,78,78,1549.4229384965224
809,AT_Pump_Hydro_Open,2050,1,79,79,1564.5244125607057
810,AT_Pump_Hydro_Open,2050,1,80,80,1574.6136487640697
811,AT_Pump_Hydro_Open,2050,1,81,81,1586.7436991019586
812,AT_Pump_Hydro_Open,2050,1,82,82,1581.8778638913022
813,AT_Pump_Hydro_Open,2050,1,83,83,1597.0077182649904
814,AT_Pump_Hydro_Open,2050,1,84,84,1610.6972957203795
815,AT_Pump_Hydro_Open,2050,1,85,85,1619.0912328506915
816,AT_Pump_Hydro_Open,2050,1,86,86,1630.0741667801221
817,AT_Pump_Hydro_Open,2050,1,87,87,1640.8595272984244
818,AT_Pump_Hydro_Open,2050,1,88,88,1648.7124175411896
819,AT_Pump_Hydro_Open,2050,1,89,89,1656.5653077839547
820,AT_Pump_Hydro_Open,2050,1,90,90,1664.41819802672
821,AT_Pump_Hydro_Open,2050,1,91,91,1672.4968052071467
822,AT_Pump_Hydro_Open,2050,1,92,92,1672.7950697995002
823,AT_Pump_Hydro_Open,2050,1,93,93,1687.897310789192
824,AT_Pump_Hydro_Open,2050,1,94,94,1701.640624434586
825,AT_Pump_Hydro_Open,2050,1,95,95,1717.3012617892755
826,AT_Pump_Hydro_Open,2050,1,96,96,1732.6
827,AT_Pump_Hydro_Open,2050,1,97,97,1716.019642911726
828,AT_Pump_Hydro_Open,2050,1,98,98,1700.3307391623473
829,AT_Pump_Hydro_Open,2050,1,99,99,1680.0935971233669
830,AT_Pump_Hydro_Open,2050,1,100,100,1671.0215937434266
831,AT_Pump_Hydro_Open,2050,1,101,101,1678.3061335761963
832,AT_Pump_Hydro_Open,2050,1,102,102,1669.1693698583586
833,AT_Pump_Hydro_Open,2050,1,103,103,1653.3786573651814
834,AT_Pump_Hydro_Open,2050,1,104,104,1640.583583482793
835,AT_Pump_Hydro_Open,2050,1,105,105,1620.4153571151924
836,AT_Pump_Hydro_Open,2050,1,106,106,1598.7896304436877
837,AT_Pump_Hydro_Open,2050,1,107,107,1589.1239774784376
838,AT_Pump_Hydro_Open,2050,1,108,108,1595.5969853019476
839,AT_Pump_Hydro_Open,2050,1,109,109,1578.0670649643048
840,AT_Pump_Hydro_Open,2050,1,110,110,1556.6233552793005
841,AT_Pump_Hydro_Open,2050,1,111,111,1537.3957502495746
842,AT_Pump_Hydro_Open,2050,1,112,112,1519.7834357487254
843,AT_Pump_Hydro_Open,2050,1,113,113,1486.6931081580658
844,AT_Pump_Hydro_Open,2050,1,114,114,1467.134174957246
845,AT_Pump_Hydro_Open,2050,1,115,115,1469.8424745485693
846,AT_Pump_Hydro_Open,2050,1,116,116,1481.6223999017589
847,AT_Pump_Hydro_Open,2050,1,117,117,1497.589402708749
848,AT_Pump_Hydro_Open,2050,1,118,118,1502.5320856706155
849,AT_Pump_Hydro_Open,2050,1,119,119,1478.4254094000885
850,AT_Pump_Hydro_Open,2050,1,120,120,1445.3350818094289
851,AT_Pump_Hydro_Open,2050,1,121,121,1412.2447542187692
852,AT_Pump_Hydro_Open,2050,1,122,122,1379.1544266281096
853,AT_Pump_Hydro_Open,2050,1,123,123,1359.8641857086125
854,AT_Pump_Hydro_Open,2050,1,124,124,1326.7738581179528
855,AT_Pump_Hydro_Open,2050,1,125,125,1293.6835305272932
856,AT_Pump_Hydro_Open,2050,1,126,126,1263.391706640851
857,AT_Pump_Hydro_Open,2050,1,127,127,1230.3013790501914
858,AT_Pump_Hydro_Open,2050,1,128,128,1197.2110514595317
859,AT_Pump_Hydro_Open,2050,1,129,129,1164.1207238688721
860,AT_Pump_Hydro_Open,2050,1,130,130,1131.0303962782125
861,AT_Pump_Hydro_Open,2050,1,131,131,1097.9400686875529
862,AT_Pump_Hydro_Open,2050,1,132,132,1064.8497410968932
863,AT_Pump_Hydro_Open,2050,1,133,133,1031.7594135062336
864,AT_Pump_Hydro_Open,2050,1,134,134,1015.0080239331527
865,AT_Pump_Hydro_Open,2050,1,135,135,1001.3866163024784
866,AT_Pump_Hydro_Open,2050,1,136,136,975.3579311162999
867,AT_Pump_Hydro_Open,2050,1,137,137,942.2676035256404
868,AT_Pump_Hydro_Open,2050,1,138,138,909.1772759349809
869,AT_Pump_Hydro_Open,2050,1,139,139,876.0869483443214
870,AT_Pump_Hydro_Open,2050,1,140,140,871.4689716588181
871,AT_Pump_Hydro_Open,2050,1,141,141,872.3944764607478
872,AT_Pump_Hydro_Open,2050,1,142,142,849.1628454944731
873,AT_Pump_Hydro_Open,2050,1,143,143,822.3609616436156
874,AT_Pump_Hydro_Open,2050,1,144,144,817.1482972940389
875,AT_Pump_Hydro_Open,2050,1,145,145,819.514514053772
876,AT_Pump_Hydro_Open,2050,1,146,146,801.6906641939498
877,AT_Pump_Hydro_Open,2050,1,147,147,775.7582594068242
878,AT_Pump_Hydro_Open,2050,1,148,148,742.6679318161647
879,AT_Pump_Hydro_Open,2050,1,149,149,717.2272565374967
880,AT_Pump_Hydro_Open,2050,1,150,150,684.1369289468372
881,AT_Pump_Hydro_Open,2050,1,151,151,651.6946339671169
882,AT_Pump_Hydro_Open,2050,1,152,152,618.6043063764574
883,AT_Pump_Hydro_Open,2050,1,153,153,585.5139787857979
884,AT_Pump_Hydro_Open,2050,1,154,154,552.4236511951384
885,AT_Pump_Hydro_Open,2050,1,155,155,519.3333236044789
886,AT_Pump_Hydro_Open,2050,1,156,156,494.9661287601694
887,AT_Pump_Hydro_Open,2050,1,157,157,461.8758011695099
888,AT_Pump_Hydro_Open,2050,1,158,158,428.7854735788504
889,AT_Pump_Hydro_Open,2050,1,159,159,395.69514598819086
890,AT_Pump_Hydro_Open,2050,1,160,160,375.82884737079144
891,AT_Pump_Hydro_Open,2050,1,161,161,342.7385197801319
892,AT_Pump_Hydro_Open,2050,1,162,162,323.91091656313785
893,AT_Pump_Hydro_Open,2050,1,163,163,324.83856334459756
894,AT_Pump_Hydro_Open,2050,1,164,164,329.30395320431404
895,AT_Pump_Hydro_Open,2050,1,165,165,296.21362561365453
896,AT_Pump_Hydro_Open,2050,1,166,166,269.3838953453933
897,AT_Pump_Hydro_Open,2050,1,167,167,267.69833972334374
898,AT_Pump_Hydro_Open,2050,1,168,168,250.49045000529185
899,AT_Pump_Hydro_Open,2050,1,169,169,219.8856041249585
900,AT_Pump_Hydro_Open,2050,1,170,170,206.5735950349257
901,AT_Pump_Hydro_Open,2050,1,171,171,223.08991507827312
902,AT_Pump_Hydro_Open,2050,1,172,172,239.60623512162053
903,AT_Pump_Hydro_Open,2050,1,173,173,253.37226197432253
904,AT_Pump_Hydro_Open,2050,1,174,174,237.72086016866254
905,AT_Pump_Hydro_Open,2050,1,175,175,204.63053257800303
906,AT_Pump_Hydro_Open,2050,1,176,176,181.3897787444139
907,AT_Pump_Hydro_Open,2050,1,177,177,190.44617098827467
908,AT_Pump_Hydro_Open,2050,1,178,178,206.9624910316221
909,AT_Pump_Hydro_Open,2050,1,179,179,223.4788110749695
910,AT_Pump_Hydro_Open,2050,1,180,180,231.64584721598038
911,AT_Pump_Hydro_Open,2050,1,181,181,242.43194830955375
912,AT_Pump_Hydro_Open,2050,1,182,182,244.12277707777972
913,AT_Pump_Hydro_Open,2050,1,183,183,239.77805890003728
914,AT_Pump_Hydro_Open,2050,1,184,184,239.7177668278144
915,AT_Pump_Hydro_Open,2050,1,185,185,247.24791508318148
916,AT_Pump_Hydro_Open,2050,1,186,186,263.7642351265289
917,AT_Pump_Hydro_Open,2050,1,187,187,230.67390753586938
918,AT_Pump_Hydro_Open,2050,1,188,188,197.58357994520986
919,AT_Pump_Hydro_Open,2050,1,189,189,174.45433306505265
920,AT_Pump_Hydro_Open,2050,1,190,190,146.4694227731993
921,AT_Pump_Hydro_Open,2050,1,191,191,113.3790951825398
922,AT_Pump_Hydro_Open,2050,1,192,192,115.02354241432322
923,AT_Pump_Hydro_Open,2050,1,193,193,131.0117928904415
924,AT_Pump_Hydro_Open,2050,1,194,194,147.52811293378895
925,AT_Pump_Hydro_Open,2050,1,195,195,164.04443297713635
926,AT_Pump_Hydro_Open,2050,1,196,196,172.25699674299497
927,AT_Pump_Hydro_Open,2050,1,197,197,177.56228935427382
928,AT_Pump_Hydro_Open,2050,1,198,198,174.04047479370828
929,AT_Pump_Hydro_Open,2050,1,199,199,147.54885584863388
930,AT_Pump_Hydro_Open,2050,1,200,200,145.7429419161954
931,AT_Pump_Hydro_Open,2050,1,201,201,146.4372371772609
932,AT_Pump_Hydro_Open,2050,1,202,202,127.3688679672557
933,AT_Pump_Hydro_Open,2050,1,203,203,110.58405331057739
934,AT_Pump_Hydro_Open,2050,1,204,204,98.67245512150575
935,AT_Pump_Hydro_Open,2050,1,205,205,105.64439267352104
936,AT_Pump_Hydro_Open,2050,1,206,206,82.60027816715399
937,AT_Pump_Hydro_Open,2050,1,207,207,57.87506786370807
938,AT_Pump_Hydro_Open,2050,1,208,208,63.170063508876865
939,AT_Pump_Hydro_Open,2050,1,209,209,66.88690825350909
940,AT_Pump_Hydro_Open,2050,1,210,210,44.96965015411752
941,AT_Pump_Hydro_Open,2050,1,211,211,28.39429968204185
942,AT_Pump_Hydro_Open,2050,1,212,212,16.254023499577436
943,AT_Pump_Hydro_Open,2050,1,213,213,26.806516218111913
944,AT_Pump_Hydro_Open,2050,1,214,214,43.32283626145933
945,AT_Pump_Hydro_Open,2050,1,215,215,58.83766053509272
946,AT_Pump_Hydro_Open,2050,1,216,216,66.46034769902742
947,AT_Pump_Hydro_Open,2050,1,217,217,72.06249105726903
948,AT_Pump_Hydro_Open,2050,1,218,218,88.57881110061645
949,AT_Pump_Hydro_Open,2050,1,219,219,105.09513114396387
950,AT_Pump_Hydro_Open,2050,1,220,220,121.61145118731129
951,AT_Pump_Hydro_Open,2050,1,221,221,138.1277712306587
952,AT_Pump_Hydro_Open,2050,1,222,222,154.64409127400612
953,AT_Pump_Hydro_Open,2050,1,223,223,171.16041131735355
954,AT_Pump_Hydro_Open,2050,1,224,224,187.67673136070096
955,AT_Pump_Hydro_Open,2050,1,225,225,190.07449707773955
956,AT_Pump_Hydro_Open,2050,1,226,226,190.52115794774417
957,AT_Pump_Hydro_Open,2050,1,227,227,192.19142367956545
958,AT_Pump_Hydro_Open,2050,1,228,228,179.7087117255225
959,AT_Pump_Hydro_Open,2050,1,229,229,151.64033310164393
960,AT_Pump_Hydro_Open,2050,1,230,230,128.684100328104
961,AT_Pump_Hydro_Open,2050,1,231,231,137.50833143648288
962,AT_Pump_Hydro_Open,2050,1,232,232,154.0246514798303
963,AT_Pump_Hydro_Open,2050,1,233,233,170.54097152317772
964,AT_Pump_Hydro_Open,2050,1,234,234,185.21667267998038
965,AT_Pump_Hydro_Open,2050,1,235,235,185.8081876616605
966,AT_Pump_Hydro_Open,2050,1,236,236,167.8393051504774
967,AT_Pump_Hydro_Open,2050,1,237,237,149.02982544590327
968,AT_Pump_Hydro_Open,2050,1,238,238,135.34981514702434
969,AT_Pump_Hydro_Open,2050,1,239,239,120.87731690641829
970,AT_Pump_Hydro_Open,2050,1,240,240,103.76393571708434
971,AT_Pump_Hydro_Open,2050,1,241,241,88.39538453805275
972,AT_Pump_Hydro_Open,2050,1,242,242,104.91170458140017
973,AT_Pump_Hydro_Open,2050,1,243,243,121.4280246247476
974,AT_Pump_Hydro_Open,2050,1,244,244,110.41803941670798
975,AT_Pump_Hydro_Open,2050,1,245,245,86.19743613995954
976,AT_Pump_Hydro_Open,2050,1,246,246,102.71375618330696
977,AT_Pump_Hydro_Open,2050,1,247,247,119.23007622665438
978,AT_Pump_Hydro_Open,2050,1,248,248,107.65736395394424
979,AT_Pump_Hydro_Open,2050,1,249,249,98.55900900388684
980,AT_Pump_Hydro_Open,2050,1,250,250,80.27837800555312
981,AT_Pump_Hydro_Open,2050,1,251,251,63.47851982023597
982,AT_Pump_Hydro_Open,2050,1,252,252,79.99483986358338
983,AT_Pump_Hydro_Open,2050,1,253,253,96.5111599069308
984,AT_Pump_Hydro_Open,2050,1,254,254,102.97328275688466
985,AT_Pump_Hydro_Open,2050,1,255,255,92.8581350234823
986,AT_Pump_Hydro_Open,2050,1,256,256,86.62606072702383
987,AT_Pump_Hydro_Open,2050,1,257,257,78.5898895380017
988,AT_Pump_Hydro_Open,2050,1,258,258,70.353488390184
989,AT_Pump_Hydro_Open,2050,1,259,259,84.33518288549831
990,AT_Pump_Hydro_Open,2050,1,260,260,81.03771181853261
991,AT_Pump_Hydro_Open,2050,1,261,261,63.32845380369724
992,AT_Pump_Hydro_Open,2050,1,262,262,63.75708030854177
993,AT_Pump_Hydro_Open,2050,1,263,263,80.27340035188918
994,AT_Pump_Hydro_Open,2050,1,264,264,96.7897203952366
995,AT_Pump_Hydro_Open,2050,1,265,265,109.71400131226119
996,AT_Pump_Hydro_Open,2050,1,266,266,125.45284604452313
997,AT_Pump_Hydro_Open,2050,1,267,267,139.45135350054733
998,AT_Pump_Hydro_Open,2050,1,268,268,153.51183800164216
999,AT_Pump_Hydro_Open,2050,1,269,269,170.02815804498957
1000,AT_Pump_Hydro_Open,2050,1,270,270,184.76501914075172
1001,AT_Pump_Hydro_Open,2050,1,271,271,198.44767311504535
1002,AT_Pump_Hydro_Open,2050,1,272,272,213.1811236526079
1003,AT_Pump_Hydro_Open,2050,1,273,273,222.87067667004987
1004,AT_Pump_Hydro_Open,2050,1,274,274,206.22717314016566
1005,AT_Pump_Hydro_Open,2050,1,275,275,183.09064590854297
1006,AT_Pump_Hydro_Open,2050,1,276,276,199.6069659518904
1007,AT_Pump_Hydro_Open,2050,1,277,277,216.1232859952378
1008,AT_Pump_Hydro_Open,2050,1,278,278,231.49219685225367
1009,AT_Pump_Hydro_Open,2050,1,279,279,215.14177096315606
1010,AT_Pump_Hydro_Open,2050,1,280,280,204.2941794211551
1011,AT_Pump_Hydro_Open,2050,1,281,281,215.1939891346353
1012,AT_Pump_Hydro_Open,2050,1,282,282,231.71030917798274
1013,AT_Pump_Hydro_Open,2050,1,283,283,248.22662922133014
1014,AT_Pump_Hydro_Open,2050,1,284,284,262.8172647706846
1015,AT_Pump_Hydro_Open,2050,1,285,285,275.7077165326293
1016,AT_Pump_Hydro_Open,2050,1,286,286,279.29617748464693
1017,AT_Pump_Hydro_Open,2050,1,287,287,282.3771838096425
1018,AT_Pump_Hydro_Open,2050,1,288,288,269.9032196711057
1019,AT_Pump_Hydro_Open,2050,1,289,289,260.5064477567418
1020,AT_Pump_Hydro_Open,2050,1,290,290,277.02276780008924
1021,AT_Pump_Hydro_Open,2050,1,291,291,293.5390878434367
1022,AT_Pump_Hydro_Open,2050,1,292,292,310.05540788678405
1023,AT_Pump_Hydro_Open,2050,1,293,293,326.5717279301315
1024,AT_Pump_Hydro_Open,2050,1,294,294,340.8409271807509
1025,AT_Pump_Hydro_Open,2050,1,295,295,335.0559007189752
1026,AT_Pump_Hydro_Open,2050,1,296,296,320.76259450155726
1027,AT_Pump_Hydro_Open,2050,1,297,297,334.01954270090613
1028,AT_Pump_Hydro_Open,2050,1,298,298,319.3997533884535
1029,AT_Pump_Hydro_Open,2050,1,299,299,329.3804619415939
1030,AT_Pump_Hydro_Open,2050,1,300,300,340.0137528537756
1031,AT_Pump_Hydro_Open,2050,1,301,301,345.2421183681431
1032,AT_Pump_Hydro_Open,2050,1,302,302,360.46917137074894
1033,AT_Pump_Hydro_Open,2050,1,303,303,375.144083626675
1034,AT_Pump_Hydro_Open,2050,1,304,304,381.967486884707
1035,AT_Pump_Hydro_Open,2050,1,305,305,372.7386722197176
1036,AT_Pump_Hydro_Open,2050,1,306,306,367.85182781827893
1037,AT_Pump_Hydro_Open,2050,1,307,307,384.0196129675858
1038,AT_Pump_Hydro_Open,2050,1,308,308,400.5359330109332
1039,AT_Pump_Hydro_Open,2050,1,309,309,416.90639382169167
1040,AT_Pump_Hydro_Open,2050,1,310,310,430.8171775780826
1041,AT_Pump_Hydro_Open,2050,1,311,311,435.29096617542933
1042,AT_Pump_Hydro_Open,2050,1,312,312,433.5440374998441
1043,AT_Pump_Hydro_Open,2050,1,313,313,441.3969277426092
1044,AT_Pump_Hydro_Open,2050,1,314,314,447.0213787897875
1045,AT_Pump_Hydro_Open,2050,1,315,315,446.5554969222277
1046,AT_Pump_Hydro_Open,2050,1,316,316,444.5895066104392
1047,AT_Pump_Hydro_Open,2050,1,317,317,448.540656352755
1048,AT_Pump_Hydro_Open,2050,1,318,318,456.3935465955201
1049,AT_Pump_Hydro_Open,2050,1,319,319,467.39767955713774
1050,AT_Pump_Hydro_Open,2050,1,320,320,476.90328166632463
1051,AT_Pump_Hydro_Open,2050,1,321,321,482.98789425995903
1052,AT_Pump_Hydro_Open,2050,1,322,322,489.26865663126017
1053,AT_Pump_Hydro_Open,2050,1,323,323,497.1215468740253
1054,AT_Pump_Hydro_Open,2050,1,324,324,507.1477595181519
1055,AT_Pump_Hydro_Open,2050,1,325,325,517.350046652804
1056,AT_Pump_Hydro_Open,2050,1,326,326,528.2841392297529
1057,AT_Pump_Hydro_Open,2050,1,327,327,543.5975500001091
1058,AT_Pump_Hydro_Open,2050,1,328,328,549.059186841736
1059,AT_Pump_Hydro_Open,2050,1,329,329,557.1856714470794
1060,AT_Pump_Hydro_Open,2050,1,330,330,568.5411540957754
1061,AT_Pump_Hydro_Open,2050,1,331,331,576.3940443385404
1062,AT_Pump_Hydro_Open,2050,1,332,332,584.2469345813055
1063,AT_Pump_Hydro_Open,2050,1,333,333,592.0998248240705
1064,AT_Pump_Hydro_Open,2050,1,334,334,599.9527150668356
1065,AT_Pump_Hydro_Open,2050,1,335,335,607.8056053096007
1066,AT_Pump_Hydro_Open,2050,1,336,336,614.442952906504
1067,AT_Pump_Hydro_Open,2050,1,337,337,623.0077480096686
1068,AT_Pump_Hydro_Open,2050,1,338,338,630.8606382524338
1069,AT_Pump_Hydro_Open,2050,1,339,339,638.7135284951988
1070,AT_Pump_Hydro_Open,2050,1,340,340,646.5664187379639
1071,AT_Pump_Hydro_Open,2050,1,341,341,654.4193089807289
1072,AT_Pump_Hydro_Open,2050,1,342,342,662.8735336886721
1073,AT_Pump_Hydro_Open,2050,1,343,343,670.7264239314371
1074,AT_Pump_Hydro_Open,2050,1,344,344,678.5793141742023
1075,AT_Pump_Hydro_Open,2050,1,345,345,686.4322044169674
1076,AT_Pump_Hydro_Open,2050,1,346,346,694.572797872105
1077,AT_Pump_Hydro_Open,2050,1,347,347,707.2624266040564
1078,AT_Pump_Hydro_Open,2050,1,348,348,720.8842530998043
1079,AT_Pump_Hydro_Open,2050,1,349,349,734.7607735556551
1080,AT_Pump_Hydro_Open,2050,1,350,350,743.7857041252523
1081,AT_Pump_Hydro_Open,2050,1,351,351,751.6385943680175
1082,AT_Pump_Hydro_Open,2050,1,352,352,759.4914846107825
1083,AT_Pump_Hydro_Open,2050,1,353,353,767.3443748535476
1084,AT_Pump_Hydro_Open,2050,1,354,354,775.1972650963128
1085,AT_Pump_Hydro_Open,2050,1,355,355,783.0501553390778
1086,AT_Pump_Hydro_Open,2050,1,356,356,790.9030455818429
1087,AT_Pump_Hydro_Open,2050,1,357,357,798.7559358246081
1088,AT_Pump_Hydro_Open,2050,1,358,358,806.6088260673731
1089,AT_Pump_Hydro_Open,2050,1,359,359,814.4617163101382
1090,AT_Pump_Hydro_Open,2050,1,360,360,822.4060373717134
1091,AT_Pump_Hydro_Open,2050,1,361,361,831.8467449918821
1092,AT_Pump_Hydro_Open,2050,1,362,362,841.5739899387904
1093,AT_Pump_Hydro_Open,2050,1,363,363,850.5942195144697
1094,AT_Pump_Hydro_Open,2050,1,364,364,858.4471097572349
1095,AT_Pump_Hydro_Open,2050,1,365,365,866.3
1096,BG_Hydro_Reservoir,2050,1,1,1,426.7168584689344
1097,BG_Hydro_Reservoir,2050,1,2,2,431.9337169378688
1098,BG_Hydro_Reservoir,2050,1,3,3,437.15057540680317
1099,BG_Hydro_Reservoir,2050,1,4,4,442.36743387573756
1100,BG_Hydro_Reservoir,2050,1,5,5,447.43951112092327
1101,BG_Hydro_Reservoir,2050,1,6,6,452.2048203283425
1102,BG_Hydro_Reservoir,2050,1,7,7,457.42167879727685
1103,BG_Hydro_Reservoir,2050,1,8,8,462.6385372662112
1104,BG_Hydro_Reservoir,2050,1,9,9,467.8553957351455
1105,BG_Hydro_Reservoir,2050,1,10,10,473.07225420407985
1106,BG_Hydro_Reservoir,2050,1,11,11,478.2891126730142
1107,BG_Hydro_Reservoir,2050,1,12,12,483.5059711419485
1108,BG_Hydro_Reservoir,2050,1,13,13,488.72282961088285
1109,BG_Hydro_Reservoir,2050,1,14,14,493.9396880798172
1110,BG_Hydro_Reservoir,2050,1,15,15,499.1565465487515
1111,BG_Hydro_Reservoir,2050,1,16,16,504.37340501768585
1112,BG_Hydro_Reservoir,2050,1,17,17,509.5902634866202
1113,BG_Hydro_Reservoir,2050,1,18,18,514.194816334078
1114,BG_Hydro_Reservoir,2050,1,19,19,518.1413723257904
1115,BG_Hydro_Reservoir,2050,1,20,20,522.4604179765062
1116,BG_Hydro_Reservoir,2050,1,21,21,526.7806536913306
1117,BG_Hydro_Reservoir,2050,1,22,22,530.7272096830428
1118,BG_Hydro_Reservoir,2050,1,23,23,535.0409059963249
1119,BG_Hydro_Reservoir,2050,1,24,24,540.1547832607473
1120,BG_Hydro_Reservoir,2050,1,25,25,544.5990985072979
1121,BG_Hydro_Reservoir,2050,1,26,26,549.6454720534844
1122,BG_Hydro_Reservoir,2050,1,27,27,554.4461700463983
1123,BG_Hydro_Reservoir,2050,1,28,28,559.6630285153326
1124,BG_Hydro_Reservoir,2050,1,29,29,564.8798869842669
1125,BG_Hydro_Reservoir,2050,1,30,30,570.0967454532013
1126,BG_Hydro_Reservoir,2050,1,31,31,574.9016574844675
1127,BG_Hydro_Reservoir,2050,1,32,32,580.1026809446155
1128,BG_Hydro_Reservoir,2050,1,33,33,584.8323571120133
1129,BG_Hydro_Reservoir,2050,1,34,34,589.0719387083
1130,BG_Hydro_Reservoir,2050,1,35,35,593.0932787676422
1131,BG_Hydro_Reservoir,2050,1,36,36,597.3770998507239
1132,BG_Hydro_Reservoir,2050,1,37,37,602.5939583196582
1133,BG_Hydro_Reservoir,2050,1,38,38,607.8108167885925
1134,BG_Hydro_Reservoir,2050,1,39,39,613.0276752575269
1135,BG_Hydro_Reservoir,2050,1,40,40,618.0469550530572
1136,BG_Hydro_Reservoir,2050,1,41,41,622.7204173231022
1137,BG_Hydro_Reservoir,2050,1,42,42,626.9311582816704
1138,BG_Hydro_Reservoir,2050,1,43,43,631.2912451820066
1139,BG_Hydro_Reservoir,2050,1,44,44,635.7763727193387
1140,BG_Hydro_Reservoir,2050,1,45,45,640.0951236125495
1141,BG_Hydro_Reservoir,2050,1,46,46,642.7446677873611
1142,BG_Hydro_Reservoir,2050,1,47,47,645.6353140229094
1143,BG_Hydro_Reservoir,2050,1,48,48,649.9351888055298
1144,BG_Hydro_Reservoir,2050,1,49,49,654.2253292733276
1145,BG_Hydro_Reservoir,2050,1,50,50,659.4421877422619
1146,BG_Hydro_Reservoir,2050,1,51,51,662.670242423447
1147,BG_Hydro_Reservoir,2050,1,52,52,667.5654931339024
1148,BG_Hydro_Reservoir,2050,1,53,53,671.9753635157149
1149,BG_Hydro_Reservoir,2050,1,54,54,677.1922219846492
1150,BG_Hydro_Reservoir,2050,1,55,55,682.2783008178104
1151,BG_Hydro_Reservoir,2050,1,56,56,686.6385160325669
1152,BG_Hydro_Reservoir,2050,1,57,57,691.1949338719569
1153,BG_Hydro_Reservoir,2050,1,58,58,695.5684288029078
1154,BG_Hydro_Reservoir,2050,1,59,59,700.1826652174664
1155,BG_Hydro_Reservoir,2050,1,60,60,705.3995236864007
1156,BG_Hydro_Reservoir,2050,1,61,61,710.616382155335
1157,BG_Hydro_Reservoir,2050,1,62,62,715.5746572688458
1158,BG_Hydro_Reservoir,2050,1,63,63,720.3061224723851
1159,BG_Hydro_Reservoir,2050,1,64,64,724.7777913223966
1160,BG_Hydro_Reservoir,2050,1,65,65,729.913641121074
1161,BG_Hydro_Reservoir,2050,1,66,66,735.1304995900083
1162,BG_Hydro_Reservoir,2050,1,67,67,739.4650369251805
1163,BG_Hydro_Reservoir,2050,1,68,68,744.0224509050108
1164,BG_Hydro_Reservoir,2050,1,69,69,740.9029143544597
1165,BG_Hydro_Reservoir,2050,1,70,70,743.8158941835622
1166,BG_Hydro_Reservoir,2050,1,71,71,748.5598622344919
1167,BG_Hydro_Reservoir,2050,1,72,72,748.9662730818568
1168,BG_Hydro_Reservoir,2050,1,73,73,751.2924416756191
1169,BG_Hydro_Reservoir,2050,1,74,74,755.3290484391857
1170,BG_Hydro_Reservoir,2050,1,75,75,755.329921077363
1171,BG_Hydro_Reservoir,2050,1,76,76,750.5043521410928
1172,BG_Hydro_Reservoir,2050,1,77,77,754.6488552503158
1173,BG_Hydro_Reservoir,2050,1,78,78,758.7795378808322
1174,BG_Hydro_Reservoir,2050,1,79,79,762.9335500871836
1175,BG_Hydro_Reservoir,2050,1,80,80,767.8224973386134
1176,BG_Hydro_Reservoir,2050,1,81,81,772.412203837788
1177,BG_Hydro_Reservoir,2050,1,82,82,771.9430100262257
1178,BG_Hydro_Reservoir,2050,1,83,83,776.0928608809761
1179,BG_Hydro_Reservoir,2050,1,84,84,780.4538968413159
1180,BG_Hydro_Reservoir,2050,1,85,85,785.5914226189993
1181,BG_Hydro_Reservoir,2050,1,86,86,790.3493286475598
1182,BG_Hydro_Reservoir,2050,1,87,87,795.1362044951605
1183,BG_Hydro_Reservoir,2050,1,88,88,800.3530629640949
1184,BG_Hydro_Reservoir,2050,1,89,89,805.5699214330292
1185,BG_Hydro_Reservoir,2050,1,90,90,810.7867799019635
1186,BG_Hydro_Reservoir,2050,1,91,91,815.9705419193006
1187,BG_Hydro_Reservoir,2050,1,92,92,817.6005457910865
1188,BG_Hydro_Reservoir,2050,1,93,93,821.7544455445877
1189,BG_Hydro_Reservoir,2050,1,94,94,825.6830234620738
1190,BG_Hydro_Reservoir,2050,1,95,95,829.7550466029566
1191,BG_Hydro_Reservoir,2050,1,96,96,833.8801343371546
1192,BG_Hydro_Reservoir,2050,1,97,97,828.5171982306541
1193,BG_Hydro_Reservoir,2050,1,98,98,822.9349637001296
1194,BG_Hydro_Reservoir,2050,1,99,99,815.7017159638015
1195,BG_Hydro_Reservoir,2050,1,100,100,811.7838281904033
1196,BG_Hydro_Reservoir,2050,1,101,101,814.711273019983
1197,BG_Hydro_Reservoir,2050,1,102,102,812.5714733101839
1198,BG_Hydro_Reservoir,2050,1,103,103,807.5504597279613
1199,BG_Hydro_Reservoir,2050,1,104,104,803.8265819989873
1200,BG_Hydro_Reservoir,2050,1,105,105,796.9100693488332
1201,BG_Hydro_Reservoir,2050,1,106,106,789.3624472272276
1202,BG_Hydro_Reservoir,2050,1,107,107,786.1984822317557
1203,BG_Hydro_Reservoir,2050,1,108,108,788.2775718844447
1204,BG_Hydro_Reservoir,2050,1,109,109,781.7888475150671
1205,BG_Hydro_Reservoir,2050,1,110,110,774.3200402272134
1206,BG_Hydro_Reservoir,2050,1,111,111,767.0731611515339
1207,BG_Hydro_Reservoir,2050,1,112,112,760.1120188719817
1208,BG_Hydro_Reservoir,2050,1,113,113,747.6001314208179
1209,BG_Hydro_Reservoir,2050,1,114,114,739.5776763318555
1210,BG_Hydro_Reservoir,2050,1,115,115,739.4907067117315
1211,BG_Hydro_Reservoir,2050,1,116,116,741.8658264575149
1212,BG_Hydro_Reservoir,2050,1,117,117,745.63013053143
1213,BG_Hydro_Reservoir,2050,1,118,118,746.0113335118185
1214,BG_Hydro_Reservoir,2050,1,119,119,737.389440060085
1215,BG_Hydro_Reservoir,2050,1,120,120,724.8775526089212
1216,BG_Hydro_Reservoir,2050,1,121,121,712.3656651577573
1217,BG_Hydro_Reservoir,2050,1,122,122,699.8537777065935
1218,BG_Hydro_Reservoir,2050,1,123,123,691.9204690713142
1219,BG_Hydro_Reservoir,2050,1,124,124,679.4085816201504
1220,BG_Hydro_Reservoir,2050,1,125,125,666.8966941689865
1221,BG_Hydro_Reservoir,2050,1,126,126,655.5965815551198
1222,BG_Hydro_Reservoir,2050,1,127,127,643.0846941039559
1223,BG_Hydro_Reservoir,2050,1,128,128,630.5728066527921
1224,BG_Hydro_Reservoir,2050,1,129,129,618.0609192016284
1225,BG_Hydro_Reservoir,2050,1,130,130,605.5490317504647
1226,BG_Hydro_Reservoir,2050,1,131,131,593.037144299301
1227,BG_Hydro_Reservoir,2050,1,132,132,580.5252568481372
1228,BG_Hydro_Reservoir,2050,1,133,133,568.0133693969735
1229,BG_Hydro_Reservoir,2050,1,134,134,560.9223982968399
1230,BG_Hydro_Reservoir,2050,1,135,135,554.8698894438709
1231,BG_Hydro_Reservoir,2050,1,136,136,544.700906576493
1232,BG_Hydro_Reservoir,2050,1,137,137,532.1890191253293
1233,BG_Hydro_Reservoir,2050,1,138,138,519.6771316741656
1234,BG_Hydro_Reservoir,2050,1,139,139,507.1652442230019
1235,BG_Hydro_Reservoir,2050,1,140,140,504.09988459439114
1236,BG_Hydro_Reservoir,2050,1,141,141,502.8737356540472
1237,BG_Hydro_Reservoir,2050,1,142,142,493.63275661036226
1238,BG_Hydro_Reservoir,2050,1,143,143,483.20724267104794
1239,BG_Hydro_Reservoir,2050,1,144,144,479.9445781699626
1240,BG_Hydro_Reservoir,2050,1,145,145,479.1964271876731
1241,BG_Hydro_Reservoir,2050,1,146,146,471.7496362969281
1242,BG_Hydro_Reservoir,2050,1,147,147,461.6125972430923
1243,BG_Hydro_Reservoir,2050,1,148,148,449.1007097919286
1244,BG_Hydro_Reservoir,2050,1,149,149,439.12681625769847
1245,BG_Hydro_Reservoir,2050,1,150,150,426.61492880653475
1246,BG_Hydro_Reservoir,2050,1,151,151,414.3836447401368
1247,BG_Hydro_Reservoir,2050,1,152,152,401.8717572889731
1248,BG_Hydro_Reservoir,2050,1,153,153,389.35986983780936
1249,BG_Hydro_Reservoir,2050,1,154,154,376.84798238664564
1250,BG_Hydro_Reservoir,2050,1,155,155,364.3360949354819
1251,BG_Hydro_Reservoir,2050,1,156,156,354.718359655409
1252,BG_Hydro_Reservoir,2050,1,157,157,342.2064722042453
1253,BG_Hydro_Reservoir,2050,1,158,158,329.6945847530816
1254,BG_Hydro_Reservoir,2050,1,159,159,317.18269730191787
1255,BG_Hydro_Reservoir,2050,1,160,160,309.05826482552146
1256,BG_Hydro_Reservoir,2050,1,161,161,296.54637737435775
1257,BG_Hydro_Reservoir,2050,1,162,162,288.766562208691
1258,BG_Hydro_Reservoir,2050,1,163,163,287.54112393215183
1259,BG_Hydro_Reservoir,2050,1,164,164,287.48943448053825
1260,BG_Hydro_Reservoir,2050,1,165,165,274.97754702937453
1261,BG_Hydro_Reservoir,2050,1,166,166,264.54279423382246
1262,BG_Hydro_Reservoir,2050,1,167,167,262.4503503035196
1263,BG_Hydro_Reservoir,2050,1,168,168,255.20792204641168
1264,BG_Hydro_Reservoir,2050,1,169,169,243.7722683663867
1265,BG_Hydro_Reservoir,2050,1,170,170,237.82241144869926
1266,BG_Hydro_Reservoir,2050,1,171,171,241.76896744041147
1267,BG_Hydro_Reservoir,2050,1,172,172,245.7155234321237
1268,BG_Hydro_Reservoir,2050,1,173,173,248.74958992719576
1269,BG_Hydro_Reservoir,2050,1,174,174,242.02357165740693
1270,BG_Hydro_Reservoir,2050,1,175,175,229.51168420624322
1271,BG_Hydro_Reservoir,2050,1,176,176,220.26767838685595
1272,BG_Hydro_Reservoir,2050,1,177,177,221.73918706874713
1273,BG_Hydro_Reservoir,2050,1,178,178,225.68574306045934
1274,BG_Hydro_Reservoir,2050,1,179,179,229.63229905217156
1275,BG_Hydro_Reservoir,2050,1,180,180,230.80873806462404
1276,BG_Hydro_Reservoir,2050,1,181,181,232.8541278014431
1277,BG_Hydro_Reservoir,2050,1,182,182,231.88189727356058
1278,BG_Hydro_Reservoir,2050,1,183,183,228.90719907662833
1279,BG_Hydro_Reservoir,2050,1,184,184,227.35398344516034
1280,BG_Hydro_Reservoir,2050,1,185,185,228.3191164382531
1281,BG_Hydro_Reservoir,2050,1,186,186,232.26567242996532
1282,BG_Hydro_Reservoir,2050,1,187,187,219.7537849788016
1283,BG_Hydro_Reservoir,2050,1,188,188,207.2418975276379
1284,BG_Hydro_Reservoir,2050,1,189,189,199.04323894198643
1285,BG_Hydro_Reservoir,2050,1,190,190,188.74203865456371
1286,BG_Hydro_Reservoir,2050,1,191,191,176.23015120339994
1287,BG_Hydro_Reservoir,2050,1,192,192,175.24253225620788
1288,BG_Hydro_Reservoir,2050,1,193,193,179.01388586032346
1289,BG_Hydro_Reservoir,2050,1,194,194,182.96044185203567
1290,BG_Hydro_Reservoir,2050,1,195,195,186.90699784374794
1291,BG_Hydro_Reservoir,2050,1,196,196,188.09854196558354
1292,BG_Hydro_Reservoir,2050,1,197,197,188.32551460047284
1293,BG_Hydro_Reservoir,2050,1,198,198,185.62383853440832
1294,BG_Hydro_Reservoir,2050,1,199,199,175.30126397212695
1295,BG_Hydro_Reservoir,2050,1,200,200,173.16888768318074
1296,BG_Hydro_Reservoir,2050,1,201,201,171.86602827492038
1297,BG_Hydro_Reservoir,2050,1,202,202,164.00633201129727
1298,BG_Hydro_Reservoir,2050,1,203,203,156.90427117069123
1299,BG_Hydro_Reservoir,2050,1,204,204,151.4190411671284
1300,BG_Hydro_Reservoir,2050,1,205,205,152.1989715769281
1301,BG_Hydro_Reservoir,2050,1,206,206,143.53944607750486
1302,BG_Hydro_Reservoir,2050,1,207,207,134.64972236491667
1303,BG_Hydro_Reservoir,2050,1,208,208,135.81616280124126
1304,BG_Hydro_Reservoir,2050,1,209,209,135.737658148072
1305,BG_Hydro_Reservoir,2050,1,210,210,127.13421718081389
1306,BG_Hydro_Reservoir,2050,1,211,211,120.10165215578945
1307,BG_Hydro_Reservoir,2050,1,212,212,114.54055159857319
1308,BG_Hydro_Reservoir,2050,1,213,213,116.50843498469652
1309,BG_Hydro_Reservoir,2050,1,214,214,120.45499097640874
1310,BG_Hydro_Reservoir,2050,1,215,215,124.06927171328564
1311,BG_Hydro_Reservoir,2050,1,216,216,125.06510717198665
1312,BG_Hydro_Reservoir,2050,1,217,217,125.39056864784558
1313,BG_Hydro_Reservoir,2050,1,218,218,129.3371246395578
1314,BG_Hydro_Reservoir,2050,1,219,219,133.28368063127004
1315,BG_Hydro_Reservoir,2050,1,220,220,137.23023662298226
1316,BG_Hydro_Reservoir,2050,1,221,221,141.1767926146945
1317,BG_Hydro_Reservoir,2050,1,222,222,145.12334860640675
1318,BG_Hydro_Reservoir,2050,1,223,223,149.06990459811897
1319,BG_Hydro_Reservoir,2050,1,224,224,153.0164605898312
1320,BG_Hydro_Reservoir,2050,1,225,225,152.27877688872798
1321,BG_Hydro_Reservoir,2050,1,226,226,150.8937575923443
1322,BG_Hydro_Reservoir,2050,1,227,227,149.91470468101477
1323,BG_Hydro_Reservoir,2050,1,228,228,144.2399911294086
1324,BG_Hydro_Reservoir,2050,1,229,229,133.45508229100872
1325,BG_Hydro_Reservoir,2050,1,230,230,124.3054745815214
1326,BG_Hydro_Reservoir,2050,1,231,231,125.69995707639524
1327,BG_Hydro_Reservoir,2050,1,232,232,129.64651306810748
1328,BG_Hydro_Reservoir,2050,1,233,233,133.5930690598197
1329,BG_Hydro_Reservoir,2050,1,234,234,136.9289463766174
1330,BG_Hydro_Reservoir,2050,1,235,235,136.41396642900057
1331,BG_Hydro_Reservoir,2050,1,236,236,129.72301443216517
1332,BG_Hydro_Reservoir,2050,1,237,237,123.39485012474736
1333,BG_Hydro_Reservoir,2050,1,238,238,118.05363777530712
1334,BG_Hydro_Reservoir,2050,1,239,239,112.73893910115939
1335,BG_Hydro_Reservoir,2050,1,240,240,106.05288537522671
1336,BG_Hydro_Reservoir,2050,1,241,241,99.42071100062486
1337,BG_Hydro_Reservoir,2050,1,242,242,103.36726699233711
1338,BG_Hydro_Reservoir,2050,1,243,243,107.31382298404935
1339,BG_Hydro_Reservoir,2050,1,244,244,102.40950389522015
1340,BG_Hydro_Reservoir,2050,1,245,245,92.95620076640643
1341,BG_Hydro_Reservoir,2050,1,246,246,96.90275675811864
1342,BG_Hydro_Reservoir,2050,1,247,247,100.84931274983089
1343,BG_Hydro_Reservoir,2050,1,248,248,96.85626120780194
1344,BG_Hydro_Reservoir,2050,1,249,249,93.41866988722305
1345,BG_Hydro_Reservoir,2050,1,250,250,86.44177525767924
1346,BG_Hydro_Reservoir,2050,1,251,251,79.33472329033734
1347,BG_Hydro_Reservoir,2050,1,252,252,83.28127928204958
1348,BG_Hydro_Reservoir,2050,1,253,253,87.2278352737618
1349,BG_Hydro_Reservoir,2050,1,254,254,88.55035194266048
1350,BG_Hydro_Reservoir,2050,1,255,255,85.51245636482179
1351,BG_Hydro_Reservoir,2050,1,256,256,83.0210862259668
1352,BG_Hydro_Reservoir,2050,1,257,257,81.3578520217009
1353,BG_Hydro_Reservoir,2050,1,258,258,79.51195682869587
1354,BG_Hydro_Reservoir,2050,1,259,259,83.83016021487083
1355,BG_Hydro_Reservoir,2050,1,260,260,83.64002340449903
1356,BG_Hydro_Reservoir,2050,1,261,261,77.78826402628135
1357,BG_Hydro_Reservoir,2050,1,262,262,77.00993440166198
1358,BG_Hydro_Reservoir,2050,1,263,263,80.95649039337422
1359,BG_Hydro_Reservoir,2050,1,264,264,84.90304638508644
1360,BG_Hydro_Reservoir,2050,1,265,265,88.1402629227646
1361,BG_Hydro_Reservoir,2050,1,266,266,92.20081866242708
1362,BG_Hydro_Reservoir,2050,1,267,267,96.51655679567901
1363,BG_Hydro_Reservoir,2050,1,268,268,99.64831815189444
1364,BG_Hydro_Reservoir,2050,1,269,269,103.59487414360666
1365,BG_Hydro_Reservoir,2050,1,270,270,107.80234886626779
1366,BG_Hydro_Reservoir,2050,1,271,271,112.16440000366671
1367,BG_Hydro_Reservoir,2050,1,272,272,116.37237481008557
1368,BG_Hydro_Reservoir,2050,1,273,273,119.4316054864308
1369,BG_Hydro_Reservoir,2050,1,274,274,114.04132645774929
1370,BG_Hydro_Reservoir,2050,1,275,275,105.83951542077209
1371,BG_Hydro_Reservoir,2050,1,276,276,109.78607141248432
1372,BG_Hydro_Reservoir,2050,1,277,277,113.73262740419656
1373,BG_Hydro_Reservoir,2050,1,278,278,117.84742585476572
1374,BG_Hydro_Reservoir,2050,1,279,279,112.52399895198714
1375,BG_Hydro_Reservoir,2050,1,280,280,108.95377000649673
1376,BG_Hydro_Reservoir,2050,1,281,281,111.036885874368
1377,BG_Hydro_Reservoir,2050,1,282,282,114.98344186608023
1378,BG_Hydro_Reservoir,2050,1,283,283,118.92999785779247
1379,BG_Hydro_Reservoir,2050,1,284,284,123.15891335831067
1380,BG_Hydro_Reservoir,2050,1,285,285,125.90248243421539
1381,BG_Hydro_Reservoir,2050,1,286,286,125.97369533245273
1382,BG_Hydro_Reservoir,2050,1,287,287,125.9258452156399
1383,BG_Hydro_Reservoir,2050,1,288,288,121.46155628986023
1384,BG_Hydro_Reservoir,2050,1,289,289,117.71643651397989
1385,BG_Hydro_Reservoir,2050,1,290,290,121.66299250569212
1386,BG_Hydro_Reservoir,2050,1,291,291,125.60954849740435
1387,BG_Hydro_Reservoir,2050,1,292,292,129.5561044891166
1388,BG_Hydro_Reservoir,2050,1,293,293,133.5026604808288
1389,BG_Hydro_Reservoir,2050,1,294,294,137.77870758348973
1390,BG_Hydro_Reservoir,2050,1,295,295,137.09023733307555
1391,BG_Hydro_Reservoir,2050,1,296,296,132.71761283228994
1392,BG_Hydro_Reservoir,2050,1,297,297,136.80653191078744
1393,BG_Hydro_Reservoir,2050,1,298,298,131.79011384957593
1394,BG_Hydro_Reservoir,2050,1,299,299,135.14288384650027
1395,BG_Hydro_Reservoir,2050,1,300,300,138.3374109467944
1396,BG_Hydro_Reservoir,2050,1,301,301,139.72105019230844
1397,BG_Hydro_Reservoir,2050,1,302,302,143.8566489942417
1398,BG_Hydro_Reservoir,2050,1,303,303,148.0732071592018
1399,BG_Hydro_Reservoir,2050,1,304,304,151.31544773947152
1400,BG_Hydro_Reservoir,2050,1,305,305,148.37648726915108
1401,BG_Hydro_Reservoir,2050,1,306,306,146.5459175734374
1402,BG_Hydro_Reservoir,2050,1,307,307,150.54357858354183
1403,BG_Hydro_Reservoir,2050,1,308,308,154.49013457525405
1404,BG_Hydro_Reservoir,2050,1,309,309,158.45807763291458
1405,BG_Hydro_Reservoir,2050,1,310,310,162.78667852785793
1406,BG_Hydro_Reservoir,2050,1,311,311,165.68351685450585
1407,BG_Hydro_Reservoir,2050,1,312,312,166.74357574860454
1408,BG_Hydro_Reservoir,2050,1,313,313,171.96043421753888
1409,BG_Hydro_Reservoir,2050,1,314,314,176.21236041227638
1410,BG_Hydro_Reservoir,2050,1,315,315,177.82712298070857
1411,BG_Hydro_Reservoir,2050,1,316,316,178.36435742078842
1412,BG_Hydro_Reservoir,2050,1,317,317,181.89173055762095
1413,BG_Hydro_Reservoir,2050,1,318,318,187.1085890265553
1414,BG_Hydro_Reservoir,2050,1,319,319,191.8633866807512
1415,BG_Hydro_Reservoir,2050,1,320,320,196.83791110573583
1416,BG_Hydro_Reservoir,2050,1,321,321,200.86855471044086
1417,BG_Hydro_Reservoir,2050,1,322,322,205.4046690400044
1418,BG_Hydro_Reservoir,2050,1,323,323,210.62152750893875
1419,BG_Hydro_Reservoir,2050,1,324,324,215.5197157867594
1420,BG_Hydro_Reservoir,2050,1,325,325,220.392086591981
1421,BG_Hydro_Reservoir,2050,1,326,326,225.15715413653191
1422,BG_Hydro_Reservoir,2050,1,327,327,229.28009046080615
1423,BG_Hydro_Reservoir,2050,1,328,328,233.46151678193465
1424,BG_Hydro_Reservoir,2050,1,329,329,238.6382586221738
1425,BG_Hydro_Reservoir,2050,1,330,330,243.34153853014902
1426,BG_Hydro_Reservoir,2050,1,331,331,248.55839699908339
1427,BG_Hydro_Reservoir,2050,1,332,332,253.77525546801778
1428,BG_Hydro_Reservoir,2050,1,333,333,258.9921139369522
1429,BG_Hydro_Reservoir,2050,1,334,334,264.2089724058866
1430,BG_Hydro_Reservoir,2050,1,335,335,269.425830874821
1431,BG_Hydro_Reservoir,2050,1,336,336,273.74824841899806
1432,BG_Hydro_Reservoir,2050,1,337,337,278.8607216122935
1433,BG_Hydro_Reservoir,2050,1,338,338,284.0775800812279
1434,BG_Hydro_Reservoir,2050,1,339,339,289.2944385501623
1435,BG_Hydro_Reservoir,2050,1,340,340,294.5112970190967
1436,BG_Hydro_Reservoir,2050,1,341,341,299.72815548803106
1437,BG_Hydro_Reservoir,2050,1,342,342,304.8568414111795
1438,BG_Hydro_Reservoir,2050,1,343,343,310.0736998801139
1439,BG_Hydro_Reservoir,2050,1,344,344,315.2905583490483
1440,BG_Hydro_Reservoir,2050,1,345,345,320.5074168179827
1441,BG_Hydro_Reservoir,2050,1,346,346,325.68208990401513
1442,BG_Hydro_Reservoir,2050,1,347,347,330.18974647186457
1443,BG_Hydro_Reservoir,2050,1,348,348,334.56071662845784
1444,BG_Hydro_Reservoir,2050,1,349,349,338.8943414869532
1445,BG_Hydro_Reservoir,2050,1,350,350,343.93934587905545
1446,BG_Hydro_Reservoir,2050,1,351,351,349.15620434798984
1447,BG_Hydro_Reservoir,2050,1,352,352,354.37306281692423
1448,BG_Hydro_Reservoir,2050,1,353,353,359.5899212858586
1449,BG_Hydro_Reservoir,2050,1,354,354,364.806779754793
1450,BG_Hydro_Reservoir,2050,1,355,355,370.0236382237274
1451,BG_Hydro_Reservoir,2050,1,356,356,375.2404966926618
1452,BG_Hydro_Reservoir,2050,1,357,357,380.4573551615962
1453,BG_Hydro_Reservoir,2050,1,358,358,385.6742136305306
1454,BG_Hydro_Reservoir,2050,1,359,359,390.89107209946496
1455,BG_Hydro_Reservoir,2050,1,360,360,396.0945242387698
1456,BG_Hydro_Reservoir,2050,1,361,361,401.0785640210731
1457,BG_Hydro_Reservoir,2050,1,362,362,406.02058937210006
1458,BG_Hydro_Reservoir,2050,1,363,363,411.0662830621312
1459,BG_Hydro_Reservoir,2050,1,364,364,416.2831415310656
1460,BG_Hydro_Reservoir,2050,1,365,365,421.5
1461,BG_Pump_Hydro_Closed,2050,1,1,1,4.584566201215931
1462,BG_Pump_Hydro_Closed,2050,1,2,2,4.469132402431861
1463,BG_Pump_Hydro_Closed,2050,1,3,3,4.353698603647793
1464,BG_Pump_Hydro_Closed,2050,1,4,4,4.238264804863723
1465,BG_Pump_Hydro_Closed,2050,1,5,5,4.152855794278103
1466,BG_Pump_Hydro_Closed,2050,1,6,6,4.131064462294145
1467,BG_Pump_Hydro_Closed,2050,1,7,7,4.015630663510075
1468,BG_Pump_Hydro_Closed,2050,1,8,8,3.9001968647260057
1469,BG_Pump_Hydro_Closed,2050,1,9,9,3.7847630659419362
1470,BG_Pump_Hydro_Closed,2050,1,10,10,3.669329267157867
1471,BG_Pump_Hydro_Closed,2050,1,11,11,3.5538954683737973
1472,BG_Pump_Hydro_Closed,2050,1,12,12,3.438461669589728
1473,BG_Pump_Hydro_Closed,2050,1,13,13,3.3230278708056584
1474,BG_Pump_Hydro_Closed,2050,1,14,14,3.207594072021589
1475,BG_Pump_Hydro_Closed,2050,1,15,15,3.0921602732375195
1476,BG_Pump_Hydro_Closed,2050,1,16,16,2.97672647445345
1477,BG_Pump_Hydro_Closed,2050,1,17,17,2.8612926756693806
1478,BG_Pump_Hydro_Closed,2050,1,18,18,2.872839062033303
1479,BG_Pump_Hydro_Closed,2050,1,19,19,3.0208411000175706
1480,BG_Pump_Hydro_Closed,2050,1,20,20,3.091596083251758
1481,BG_Pump_Hydro_Closed,2050,1,21,21,3.1621042705141797
1482,BG_Pump_Hydro_Closed,2050,1,22,22,3.3101063084984474
1483,BG_Pump_Hydro_Closed,2050,1,23,23,3.3819706394732547
1484,BG_Pump_Hydro_Closed,2050,1,24,24,3.2878931241480234
1485,BG_Pump_Hydro_Closed,2050,1,25,25,3.3326696483993326
1486,BG_Pump_Hydro_Closed,2050,1,26,26,3.25259108121227
1487,BG_Pump_Hydro_Closed,2050,1,27,27,3.223460808711235
1488,BG_Pump_Hydro_Closed,2050,1,28,28,3.1080270099271656
1489,BG_Pump_Hydro_Closed,2050,1,29,29,2.992593211143096
1490,BG_Pump_Hydro_Closed,2050,1,30,30,2.8771594123590267
1491,BG_Pump_Hydro_Closed,2050,1,31,31,2.847155230895869
1492,BG_Pump_Hydro_Closed,2050,1,32,32,2.735005302579413
1493,BG_Pump_Hydro_Closed,2050,1,33,33,2.720603564714158
1494,BG_Pump_Hydro_Closed,2050,1,34,34,2.807837835399085
1495,BG_Pump_Hydro_Closed,2050,1,35,35,2.9403311234703975
1496,BG_Pump_Hydro_Closed,2050,1,36,36,3.0183909916558767
1497,BG_Pump_Hydro_Closed,2050,1,37,37,2.902957192871807
1498,BG_Pump_Hydro_Closed,2050,1,38,38,2.7875233940877377
1499,BG_Pump_Hydro_Closed,2050,1,39,39,2.6720895953036683
1500,BG_Pump_Hydro_Closed,2050,1,40,40,2.597629740984819
1501,BG_Pump_Hydro_Closed,2050,1,41,41,2.5948856636789106
1502,BG_Pump_Hydro_Closed,2050,1,42,42,2.6881009173710892
1503,BG_Pump_Hydro_Closed,2050,1,43,43,2.750344749812711
1504,BG_Pump_Hydro_Closed,2050,1,44,44,2.7866576048472105
1505,BG_Pump_Hydro_Closed,2050,1,45,45,2.857473715010909
1506,BG_Pump_Hydro_Closed,2050,1,46,46,2.7529086825837488
1507,BG_Pump_Hydro_Closed,2050,1,47,47,2.6473229407045684
1508,BG_Pump_Hydro_Closed,2050,1,48,48,2.5434190752345383
1509,BG_Pump_Hydro_Closed,2050,1,49,49,2.431908552013634
1510,BG_Pump_Hydro_Closed,2050,1,50,50,2.3164747532295644
1511,BG_Pump_Hydro_Closed,2050,1,51,51,2.209460587268896
1512,BG_Pump_Hydro_Closed,2050,1,52,52,2.160721934314459
1513,BG_Pump_Hydro_Closed,2050,1,53,53,2.077797943528745
1514,BG_Pump_Hydro_Closed,2050,1,54,54,1.9623641447446756
1515,BG_Pump_Hydro_Closed,2050,1,55,55,1.8740514792339218
1516,BG_Pump_Hydro_Closed,2050,1,56,56,1.9362687017796352
1517,BG_Pump_Hydro_Closed,2050,1,57,57,1.9577973454055817
1518,BG_Pump_Hydro_Closed,2050,1,58,58,2.0172606150854127
1519,BG_Pump_Hydro_Closed,2050,1,59,59,2.026798819423532
1520,BG_Pump_Hydro_Closed,2050,1,60,60,1.9113650206394628
1521,BG_Pump_Hydro_Closed,2050,1,61,61,1.7959312218553936
1522,BG_Pump_Hydro_Closed,2050,1,62,62,1.68159213986557
1523,BG_Pump_Hydro_Closed,2050,1,63,63,1.6668193909683777
1524,BG_Pump_Hydro_Closed,2050,1,64,64,1.7059233139726793
1525,BG_Pump_Hydro_Closed,2050,1,65,65,1.6072891256887054
1526,BG_Pump_Hydro_Closed,2050,1,66,66,1.4918553269046362
1527,BG_Pump_Hydro_Closed,2050,1,67,67,1.3801568488316218
1528,BG_Pump_Hydro_Closed,2050,1,68,68,1.401478912453843
1529,BG_Pump_Hydro_Closed,2050,1,69,69,1.3213373760675287
1530,BG_Pump_Hydro_Closed,2050,1,70,70,1.354545526379701
1531,BG_Pump_Hydro_Closed,2050,1,71,71,1.337179931980529
1532,BG_Pump_Hydro_Closed,2050,1,72,72,1.2421112405737214
1533,BG_Pump_Hydro_Closed,2050,1,73,73,1.1678543583157595
1534,BG_Pump_Hydro_Closed,2050,1,74,74,1.0899085002248081
1535,BG_Pump_Hydro_Closed,2050,1,75,75,0.9965566613492816
1536,BG_Pump_Hydro_Closed,2050,1,76,76,0.9236376405077725
1537,BG_Pump_Hydro_Closed,2050,1,77,77,1.0305893259402976
1538,BG_Pump_Hydro_Closed,2050,1,78,78,1.1404071077852005
1539,BG_Pump_Hydro_Closed,2050,1,79,79,1.2453867928447238
1540,BG_Pump_Hydro_Closed,2050,1,80,80,1.197955353748991
1541,BG_Pump_Hydro_Closed,2050,1,81,81,1.2125805817692148
1542,BG_Pump_Hydro_Closed,2050,1,82,82,1.1304041267277354
1543,BG_Pump_Hydro_Closed,2050,1,83,83,1.2362467945497708
1544,BG_Pump_Hydro_Closed,2050,1,84,84,1.2982938105475466
1545,BG_Pump_Hydro_Closed,2050,1,85,85,1.1993120570656999
1546,BG_Pump_Hydro_Closed,2050,1,86,86,1.1790559992800957
1547,BG_Pump_Hydro_Closed,2050,1,87,87,1.152792168813016
1548,BG_Pump_Hydro_Closed,2050,1,88,88,1.0373583700289468
1549,BG_Pump_Hydro_Closed,2050,1,89,89,0.9219245712448775
1550,BG_Pump_Hydro_Closed,2050,1,90,90,0.8064907724608081
1551,BG_Pump_Hydro_Closed,2050,1,91,91,0.6979205290715902
1552,BG_Pump_Hydro_Closed,2050,1,92,92,0.6138922426171485
1553,BG_Pump_Hydro_Closed,2050,1,93,93,0.7188952481938018
1554,BG_Pump_Hydro_Closed,2050,1,94,94,0.8061924926983111
1555,BG_Pump_Hydro_Closed,2050,1,95,95,0.928175103009764
1556,BG_Pump_Hydro_Closed,2050,1,96,96,1.0391531566951802
1557,BG_Pump_Hydro_Closed,2050,1,97,97,0.9685090884118656
1558,BG_Pump_Hydro_Closed,2050,1,98,98,0.9298995652917659
1559,BG_Pump_Hydro_Closed,2050,1,99,99,0.8819167485212793
1560,BG_Pump_Hydro_Closed,2050,1,100,100,0.8979706232585034
1561,BG_Pump_Hydro_Closed,2050,1,101,101,0.897233343135966
1562,BG_Pump_Hydro_Closed,2050,1,102,102,0.8129440750762185
1563,BG_Pump_Hydro_Closed,2050,1,103,103,0.7408524722868843
1564,BG_Pump_Hydro_Closed,2050,1,104,104,0.6632694239996607
1565,BG_Pump_Hydro_Closed,2050,1,105,105,0.5992024470016637
1566,BG_Pump_Hydro_Closed,2050,1,106,106,0.5378072821018356
1567,BG_Pump_Hydro_Closed,2050,1,107,107,0.49871606189331974
1568,BG_Pump_Hydro_Closed,2050,1,108,108,0.527108441792177
1569,BG_Pump_Hydro_Closed,2050,1,109,109,0.49795415373686436
1570,BG_Pump_Hydro_Closed,2050,1,110,110,0.4362253249706878
1571,BG_Pump_Hydro_Closed,2050,1,111,111,0.41146488134696724
1572,BG_Pump_Hydro_Closed,2050,1,112,112,0.4067543334310906
1573,BG_Pump_Hydro_Closed,2050,1,113,113,0.3663754656493013
1574,BG_Pump_Hydro_Closed,2050,1,114,114,0.37738197569514553
1575,BG_Pump_Hydro_Closed,2050,1,115,115,0.4424843934473013
1576,BG_Pump_Hydro_Closed,2050,1,116,116,0.5725000049271944
1577,BG_Pump_Hydro_Closed,2050,1,117,117,0.7184160144561362
1578,BG_Pump_Hydro_Closed,2050,1,118,118,0.8071967709566231
1579,BG_Pump_Hydro_Closed,2050,1,119,119,0.750349551011496
1580,BG_Pump_Hydro_Closed,2050,1,120,120,0.7099706832297068
1581,BG_Pump_Hydro_Closed,2050,1,121,121,0.6695918154479176
1582,BG_Pump_Hydro_Closed,2050,1,122,122,0.6292129476661283
1583,BG_Pump_Hydro_Closed,2050,1,123,123,0.6412398148161526
1584,BG_Pump_Hydro_Closed,2050,1,124,124,0.6008609470343633
1585,BG_Pump_Hydro_Closed,2050,1,125,125,0.5604820792525741
1586,BG_Pump_Hydro_Closed,2050,1,126,126,0.5149731432068748
1587,BG_Pump_Hydro_Closed,2050,1,127,127,0.47459427542508553
1588,BG_Pump_Hydro_Closed,2050,1,128,128,0.43421540764329625
1589,BG_Pump_Hydro_Closed,2050,1,129,129,0.39383653986150696
1590,BG_Pump_Hydro_Closed,2050,1,130,130,0.3534576720797177
1591,BG_Pump_Hydro_Closed,2050,1,131,131,0.3130788042979284
1592,BG_Pump_Hydro_Closed,2050,1,132,132,0.2726999365161391
1593,BG_Pump_Hydro_Closed,2050,1,133,133,0.23232106873434982
1594,BG_Pump_Hydro_Closed,2050,1,134,134,0.25398920654172474
1595,BG_Pump_Hydro_Closed,2050,1,135,135,0.28754342940955735
1596,BG_Pump_Hydro_Closed,2050,1,136,136,0.27398110045471746
1597,BG_Pump_Hydro_Closed,2050,1,137,137,0.23360223267292818
1598,BG_Pump_Hydro_Closed,2050,1,138,138,0.1932233648911389
1599,BG_Pump_Hydro_Closed,2050,1,139,139,0.1528444971093496
1600,BG_Pump_Hydro_Closed,2050,1,140,140,0.22058918753239642
1601,BG_Pump_Hydro_Closed,2050,1,141,141,0.30938521106314787
1602,BG_Pump_Hydro_Closed,2050,1,142,142,0.3064446764151868
1603,BG_Pump_Hydro_Closed,2050,1,143,143,0.2899461308092243
1604,BG_Pump_Hydro_Closed,2050,1,144,144,0.35543249888739975
1605,BG_Pump_Hydro_Closed,2050,1,145,145,0.44969961624334515
1606,BG_Pump_Hydro_Closed,2050,1,146,146,0.46729509343263065
1607,BG_Pump_Hydro_Closed,2050,1,147,147,0.45409838863596597
1608,BG_Pump_Hydro_Closed,2050,1,148,148,0.4137195208541767
1609,BG_Pump_Hydro_Closed,2050,1,149,149,0.4023901555092441
1610,BG_Pump_Hydro_Closed,2050,1,150,150,0.36201128772745483
1611,BG_Pump_Hydro_Closed,2050,1,151,151,0.3204444810030286
1612,BG_Pump_Hydro_Closed,2050,1,152,152,0.2800656132212393
1613,BG_Pump_Hydro_Closed,2050,1,153,153,0.23968674543945
1614,BG_Pump_Hydro_Closed,2050,1,154,154,0.19930787765766073
1615,BG_Pump_Hydro_Closed,2050,1,155,155,0.15892900987587144
1616,BG_Pump_Hydro_Closed,2050,1,156,156,0.15167617915264087
1617,BG_Pump_Hydro_Closed,2050,1,157,157,0.1112973113708516
1618,BG_Pump_Hydro_Closed,2050,1,158,158,0.07091844358906232
1619,BG_Pump_Hydro_Closed,2050,1,159,159,0.030539575807273053
1620,BG_Pump_Hydro_Closed,2050,1,160,160,0.04037886778178927
1621,BG_Pump_Hydro_Closed,2050,1,161,161,0.0
1622,BG_Pump_Hydro_Closed,2050,1,162,162,0.01378373066723013
1623,BG_Pump_Hydro_Closed,2050,1,163,163,0.10258788835062504
1624,BG_Pump_Hydro_Closed,2050,1,164,164,0.20482660122441626
1625,BG_Pump_Hydro_Closed,2050,1,165,165,0.16444773344262698
1626,BG_Pump_Hydro_Closed,2050,1,166,166,0.14784344125665844
1627,BG_Pump_Hydro_Closed,2050,1,167,167,0.22672398065092622
1628,BG_Pump_Hydro_Closed,2050,1,168,168,0.24665856227392752
1629,BG_Pump_Hydro_Closed,2050,1,169,169,0.2017234415118543
1630,BG_Pump_Hydro_Closed,2050,1,170,170,0.23645260322576178
1631,BG_Pump_Hydro_Closed,2050,1,171,171,0.38445464121002954
1632,BG_Pump_Hydro_Closed,2050,1,172,172,0.5324566791942973
1633,BG_Pump_Hydro_Closed,2050,1,173,173,0.6700144975610953
1634,BG_Pump_Hydro_Closed,2050,1,174,174,0.6958598314065327
1635,BG_Pump_Hydro_Closed,2050,1,175,175,0.6554809636247435
1636,BG_Pump_Hydro_Closed,2050,1,176,176,0.6525057849504302
1637,BG_Pump_Hydro_Closed,2050,1,177,177,0.7721787980389843
1638,BG_Pump_Hydro_Closed,2050,1,178,178,0.920180836023252
1639,BG_Pump_Hydro_Closed,2050,1,179,179,1.0681828740075197
1640,BG_Pump_Hydro_Closed,2050,1,180,180,1.1844785633664094
1641,BG_Pump_Hydro_Closed,2050,1,181,181,1.3107201340044368
1642,BG_Pump_Hydro_Closed,2050,1,182,182,1.4024224700729562
1643,BG_Pump_Hydro_Closed,2050,1,183,183,1.471204857813912
1644,BG_Pump_Hydro_Closed,2050,1,184,184,1.5562573244442992
1645,BG_Pump_Hydro_Closed,2050,1,185,185,1.6701344364049702
1646,BG_Pump_Hydro_Closed,2050,1,186,186,1.8181364743892379
1647,BG_Pump_Hydro_Closed,2050,1,187,187,1.7777576066074485
1648,BG_Pump_Hydro_Closed,2050,1,188,188,1.7373787388256592
1649,BG_Pump_Hydro_Closed,2050,1,189,189,1.6787397472676542
1650,BG_Pump_Hydro_Closed,2050,1,190,190,1.6290018998214255
1651,BG_Pump_Hydro_Closed,2050,1,191,191,1.5886230320396362
1652,BG_Pump_Hydro_Closed,2050,1,192,192,1.6801492345401239
1653,BG_Pump_Hydro_Closed,2050,1,193,193,1.8261459319475388
1654,BG_Pump_Hydro_Closed,2050,1,194,194,1.9741479699318065
1655,BG_Pump_Hydro_Closed,2050,1,195,195,2.1221500079160744
1656,BG_Pump_Hydro_Closed,2050,1,196,196,2.238618588119543
1657,BG_Pump_Hydro_Closed,2050,1,197,197,2.344046825959062
1658,BG_Pump_Hydro_Closed,2050,1,198,198,2.4159541845689563
1659,BG_Pump_Hydro_Closed,2050,1,199,199,2.4006338678247796
1660,BG_Pump_Hydro_Closed,2050,1,200,200,2.4790573473569335
1661,BG_Pump_Hydro_Closed,2050,1,201,201,2.5669753542345317
1662,BG_Pump_Hydro_Closed,2050,1,202,202,2.579844777686815
1663,BG_Pump_Hydro_Closed,2050,1,203,203,2.6013859839673943
1664,BG_Pump_Hydro_Closed,2050,1,204,204,2.6414331965182396
1665,BG_Pump_Hydro_Closed,2050,1,205,205,2.7531905071433806
1666,BG_Pump_Hydro_Closed,2050,1,206,206,2.722080548964433
1667,BG_Pump_Hydro_Closed,2050,1,207,207,2.6663671927364216
1668,BG_Pump_Hydro_Closed,2050,1,208,208,2.719310546010572
1669,BG_Pump_Hydro_Closed,2050,1,209,209,2.8063842094671028
1670,BG_Pump_Hydro_Closed,2050,1,210,210,2.797229422503605
1671,BG_Pump_Hydro_Closed,2050,1,211,211,2.819566067595372
1672,BG_Pump_Hydro_Closed,2050,1,212,212,2.8587448770273065
1673,BG_Pump_Hydro_Closed,2050,1,213,213,2.984099321455777
1674,BG_Pump_Hydro_Closed,2050,1,214,214,3.132101359440045
1675,BG_Pump_Hydro_Closed,2050,1,215,215,3.276300224075218
1676,BG_Pump_Hydro_Closed,2050,1,216,216,3.390528751909487
1677,BG_Pump_Hydro_Closed,2050,1,217,217,3.4970842784342393
1678,BG_Pump_Hydro_Closed,2050,1,218,218,3.645086316418507
1679,BG_Pump_Hydro_Closed,2050,1,219,219,3.7930883544027747
1680,BG_Pump_Hydro_Closed,2050,1,220,220,3.9410903923870424
1681,BG_Pump_Hydro_Closed,2050,1,221,221,4.08909243037131
1682,BG_Pump_Hydro_Closed,2050,1,222,222,4.237094468355578
1683,BG_Pump_Hydro_Closed,2050,1,223,223,4.385096506339846
1684,BG_Pump_Hydro_Closed,2050,1,224,224,4.5330985443241145
1685,BG_Pump_Hydro_Closed,2050,1,225,225,4.627485468630067
1686,BG_Pump_Hydro_Closed,2050,1,226,226,4.71446308559801
1687,BG_Pump_Hydro_Closed,2050,1,227,227,4.80608733367615
1688,BG_Pump_Hydro_Closed,2050,1,228,228,4.843965745603044
1689,BG_Pump_Hydro_Closed,2050,1,229,229,4.819275752134943
1690,BG_Pump_Hydro_Closed,2050,1,230,230,4.817381040243974
1691,BG_Pump_Hydro_Closed,2050,1,231,231,4.93617242300531
1692,BG_Pump_Hydro_Closed,2050,1,232,232,5.084174460989578
1693,BG_Pump_Hydro_Closed,2050,1,233,233,5.232176498973846
1694,BG_Pump_Hydro_Closed,2050,1,234,234,5.373188799300862
1695,BG_Pump_Hydro_Closed,2050,1,235,235,5.4149957443626695
1696,BG_Pump_Hydro_Closed,2050,1,236,236,5.387322145883768
1697,BG_Pump_Hydro_Closed,2050,1,237,237,5.3207643867137895
1698,BG_Pump_Hydro_Closed,2050,1,238,238,5.313450338084356
1699,BG_Pump_Hydro_Closed,2050,1,239,239,5.287027129391004
1700,BG_Pump_Hydro_Closed,2050,1,240,240,5.278117643203804
1701,BG_Pump_Hydro_Closed,2050,1,241,241,5.305037100373072
1702,BG_Pump_Hydro_Closed,2050,1,242,242,5.45303913835734
1703,BG_Pump_Hydro_Closed,2050,1,243,243,5.601041176341608
1704,BG_Pump_Hydro_Closed,2050,1,244,244,5.628839183650496
1705,BG_Pump_Hydro_Closed,2050,1,245,245,5.615702136310163
1706,BG_Pump_Hydro_Closed,2050,1,246,246,5.763704174294431
1707,BG_Pump_Hydro_Closed,2050,1,247,247,5.911706212278699
1708,BG_Pump_Hydro_Closed,2050,1,248,248,5.87629526638226
1709,BG_Pump_Hydro_Closed,2050,1,249,249,5.865047371025016
1710,BG_Pump_Hydro_Closed,2050,1,250,250,5.8463416704678615
1711,BG_Pump_Hydro_Closed,2050,1,251,251,5.867825749051125
1712,BG_Pump_Hydro_Closed,2050,1,252,252,6.015827787035393
1713,BG_Pump_Hydro_Closed,2050,1,253,253,6.163829825019661
1714,BG_Pump_Hydro_Closed,2050,1,254,254,6.234062642415374
1715,BG_Pump_Hydro_Closed,2050,1,255,255,6.177956965559336
1716,BG_Pump_Hydro_Closed,2050,1,256,256,6.177857988175849
1717,BG_Pump_Hydro_Closed,2050,1,257,257,6.091551172383337
1718,BG_Pump_Hydro_Closed,2050,1,258,258,6.01094895230626
1719,BG_Pump_Hydro_Closed,2050,1,259,259,6.081878604698435
1720,BG_Pump_Hydro_Closed,2050,1,260,260,6.019079390454049
1721,BG_Pump_Hydro_Closed,2050,1,261,261,5.950504763353794
1722,BG_Pump_Hydro_Closed,2050,1,262,262,6.003335349230728
1723,BG_Pump_Hydro_Closed,2050,1,263,263,6.151337387214996
1724,BG_Pump_Hydro_Closed,2050,1,264,264,6.299339425199264
1725,BG_Pump_Hydro_Closed,2050,1,265,265,6.406867001695236
1726,BG_Pump_Hydro_Closed,2050,1,266,266,6.531227726267031
1727,BG_Pump_Hydro_Closed,2050,1,267,267,6.6026686237982695
1728,BG_Pump_Hydro_Closed,2050,1,268,268,6.741344643074817
1729,BG_Pump_Hydro_Closed,2050,1,269,269,6.889346681059085
1730,BG_Pump_Hydro_Closed,2050,1,270,270,6.983239288062505
1731,BG_Pump_Hydro_Closed,2050,1,271,271,7.045075776234959
1732,BG_Pump_Hydro_Closed,2050,1,272,272,7.138864675668301
1733,BG_Pump_Hydro_Closed,2050,1,273,273,7.184313326493692
1734,BG_Pump_Hydro_Closed,2050,1,274,274,7.113785014911215
1735,BG_Pump_Hydro_Closed,2050,1,275,275,7.055159369306602
1736,BG_Pump_Hydro_Closed,2050,1,276,276,7.20316140729087
1737,BG_Pump_Hydro_Closed,2050,1,277,277,7.351163445275138
1738,BG_Pump_Hydro_Closed,2050,1,278,278,7.464275294722689
1739,BG_Pump_Hydro_Closed,2050,1,279,279,7.396550033109232
1740,BG_Pump_Hydro_Closed,2050,1,280,280,7.353755889003587
1741,BG_Pump_Hydro_Closed,2050,1,281,281,7.480429267349515
1742,BG_Pump_Hydro_Closed,2050,1,282,282,7.628431305333783
1743,BG_Pump_Hydro_Closed,2050,1,283,283,7.776433343318051
1744,BG_Pump_Hydro_Closed,2050,1,284,284,7.865879553217608
1745,BG_Pump_Hydro_Closed,2050,1,285,285,8.000112381154091
1746,BG_Pump_Hydro_Closed,2050,1,286,286,8.076001557801458
1747,BG_Pump_Hydro_Closed,2050,1,287,287,8.147221491611255
1748,BG_Pump_Hydro_Closed,2050,1,288,288,8.117967446065093
1749,BG_Pump_Hydro_Closed,2050,1,289,289,8.117184763154038
1750,BG_Pump_Hydro_Closed,2050,1,290,290,8.265186801138306
1751,BG_Pump_Hydro_Closed,2050,1,291,291,8.413188839122574
1752,BG_Pump_Hydro_Closed,2050,1,292,292,8.561190877106842
1753,BG_Pump_Hydro_Closed,2050,1,293,293,8.70919291509111
1754,BG_Pump_Hydro_Closed,2050,1,294,294,8.788864954451501
1755,BG_Pump_Hydro_Closed,2050,1,295,295,8.698431459782233
1756,BG_Pump_Hydro_Closed,2050,1,296,296,8.623594891387931
1757,BG_Pump_Hydro_Closed,2050,1,297,297,8.69115094730721
1758,BG_Pump_Hydro_Closed,2050,1,298,298,8.644859046104628
1759,BG_Pump_Hydro_Closed,2050,1,299,299,8.680459017343692
1760,BG_Pump_Hydro_Closed,2050,1,300,300,8.73938211542025
1761,BG_Pump_Hydro_Closed,2050,1,301,301,8.778761629613577
1762,BG_Pump_Hydro_Closed,2050,1,302,302,8.887559893860015
1763,BG_Pump_Hydro_Closed,2050,1,303,303,8.97956877295951
1764,BG_Pump_Hydro_Closed,2050,1,304,304,8.951060510862483
1765,BG_Pump_Hydro_Closed,2050,1,305,305,8.909174427702876
1766,BG_Pump_Hydro_Closed,2050,1,306,306,8.902253910689875
1767,BG_Pump_Hydro_Closed,2050,1,307,307,9.039657769480915
1768,BG_Pump_Hydro_Closed,2050,1,308,308,9.187659807465183
1769,BG_Pump_Hydro_Closed,2050,1,309,309,9.331226587142758
1770,BG_Pump_Hydro_Closed,2050,1,310,310,9.4
1771,BG_Pump_Hydro_Closed,2050,1,311,311,9.338420457978902
1772,BG_Pump_Hydro_Closed,2050,1,312,312,9.240584537052957
1773,BG_Pump_Hydro_Closed,2050,1,313,313,9.125150738268887
1774,BG_Pump_Hydro_Closed,2050,1,314,314,9.013801995787624
1775,BG_Pump_Hydro_Closed,2050,1,315,315,8.913617727934522
1776,BG_Pump_Hydro_Closed,2050,1,316,316,8.839988179413265
1777,BG_Pump_Hydro_Closed,2050,1,317,317,8.731706843956369
1778,BG_Pump_Hydro_Closed,2050,1,318,318,8.6162730451723
1779,BG_Pump_Hydro_Closed,2050,1,319,319,8.596661603308032
1780,BG_Pump_Hydro_Closed,2050,1,320,320,8.531483135667585
1781,BG_Pump_Hydro_Closed,2050,1,321,321,8.44268222227731
1782,BG_Pump_Hydro_Closed,2050,1,322,322,8.330130364756371
1783,BG_Pump_Hydro_Closed,2050,1,323,323,8.214696565972302
1784,BG_Pump_Hydro_Closed,2050,1,324,324,8.165348719120521
1785,BG_Pump_Hydro_Closed,2050,1,325,325,8.121354910082038
1786,BG_Pump_Hydro_Closed,2050,1,326,326,8.099613694240546
1787,BG_Pump_Hydro_Closed,2050,1,327,327,8.211037908178092
1788,BG_Pump_Hydro_Closed,2050,1,328,328,8.099987628045673
1789,BG_Pump_Hydro_Closed,2050,1,329,329,7.992873231796157
1790,BG_Pump_Hydro_Closed,2050,1,330,330,7.983945560787582
1791,BG_Pump_Hydro_Closed,2050,1,331,331,7.8685117620035125
1792,BG_Pump_Hydro_Closed,2050,1,332,332,7.753077963219443
1793,BG_Pump_Hydro_Closed,2050,1,333,333,7.637644164435374
1794,BG_Pump_Hydro_Closed,2050,1,334,334,7.522210365651304
1795,BG_Pump_Hydro_Closed,2050,1,335,335,7.406776566867235
1796,BG_Pump_Hydro_Closed,2050,1,336,336,7.314045820843258
1797,BG_Pump_Hydro_Closed,2050,1,337,337,7.220259482350976
1798,BG_Pump_Hydro_Closed,2050,1,338,338,7.104825683566906
1799,BG_Pump_Hydro_Closed,2050,1,339,339,6.989391884782837
1800,BG_Pump_Hydro_Closed,2050,1,340,340,6.873958085998767
1801,BG_Pump_Hydro_Closed,2050,1,341,341,6.758524287214698
1802,BG_Pump_Hydro_Closed,2050,1,342,342,6.6613757463086545
1803,BG_Pump_Hydro_Closed,2050,1,343,343,6.545941947524585
1804,BG_Pump_Hydro_Closed,2050,1,344,344,6.430508148740516
1805,BG_Pump_Hydro_Closed,2050,1,345,345,6.315074349956446
1806,BG_Pump_Hydro_Closed,2050,1,346,346,6.20838897278332
1807,BG_Pump_Hydro_Closed,2050,1,347,347,6.240029748441207
1808,BG_Pump_Hydro_Closed,2050,1,348,348,6.300016606839071
1809,BG_Pump_Hydro_Closed,2050,1,349,349,6.367748148121663
1810,BG_Pump_Hydro_Closed,2050,1,350,350,6.287953516657274
1811,BG_Pump_Hydro_Closed,2050,1,351,351,6.172519717873205
1812,BG_Pump_Hydro_Closed,2050,1,352,352,6.057085919089135
1813,BG_Pump_Hydro_Closed,2050,1,353,353,5.941652120305066
1814,BG_Pump_Hydro_Closed,2050,1,354,354,5.826218321520996
1815,BG_Pump_Hydro_Closed,2050,1,355,355,5.710784522736927
1816,BG_Pump_Hydro_Closed,2050,1,356,356,5.5953507239528575
1817,BG_Pump_Hydro_Closed,2050,1,357,357,5.479916925168788
1818,BG_Pump_Hydro_Closed,2050,1,358,358,5.364483126384719
1819,BG_Pump_Hydro_Closed,2050,1,359,359,5.249049327600649
1820,BG_Pump_Hydro_Closed,2050,1,360,360,5.1363957388274075
1821,BG_Pump_Hydro_Closed,2050,1,361,361,5.06924397257317
1822,BG_Pump_Hydro_Closed,2050,1,362,362,5.010805175913256
1823,BG_Pump_Hydro_Closed,2050,1,363,363,4.930867597568139
1824,BG_Pump_Hydro_Closed,2050,1,364,364,4.81543379878407
1825,BG_Pump_Hydro_Closed,2050,1,365,365,4.7
1826,BG_Pump_Hydro_Open,2050,1,1,1,128.13395395852038
1827,BG_Pump_Hydro_Open,2050,1,2,2,128.61790791704072
1828,BG_Pump_Hydro_Open,2050,1,3,3,129.1018618755611
1829,BG_Pump_Hydro_Open,2050,1,4,4,129.58581583408147
1830,BG_Pump_Hydro_Open,2050,1,5,5,129.8248178640446
1831,BG_Pump_Hydro_Open,2050,1,6,6,129.54480630560823
1832,BG_Pump_Hydro_Open,2050,1,7,7,130.0287602641286
1833,BG_Pump_Hydro_Open,2050,1,8,8,130.51271422264898
1834,BG_Pump_Hydro_Open,2050,1,9,9,130.99666818116935
1835,BG_Pump_Hydro_Open,2050,1,10,10,131.48062213968973
1836,BG_Pump_Hydro_Open,2050,1,11,11,131.9645760982101
1837,BG_Pump_Hydro_Open,2050,1,12,12,132.44853005673048
1838,BG_Pump_Hydro_Open,2050,1,13,13,132.93248401525085
1839,BG_Pump_Hydro_Open,2050,1,14,14,133.41643797377122
1840,BG_Pump_Hydro_Open,2050,1,15,15,133.9003919322916
1841,BG_Pump_Hydro_Open,2050,1,16,16,134.38434589081197
1842,BG_Pump_Hydro_Open,2050,1,17,17,134.86829984933235
1843,BG_Pump_Hydro_Open,2050,1,18,18,134.3163084071733
1844,BG_Pump_Hydro_Open,2050,1,19,19,132.6510676456181
1845,BG_Pump_Hydro_Open,2050,1,20,20,131.61603332919532
1846,BG_Pump_Hydro_Open,2050,1,21,21,130.5830124540946
1847,BG_Pump_Hydro_Open,2050,1,22,22,128.9177716925394
1848,BG_Pump_Hydro_Open,2050,1,23,23,127.87368695861797
1849,BG_Pump_Hydro_Open,2050,1,24,24,128.18340945260704
1850,BG_Pump_Hydro_Open,2050,1,25,25,127.36031580290079
1851,BG_Pump_Hydro_Open,2050,1,26,26,127.55583035238905
1852,BG_Pump_Hydro_Open,2050,1,27,27,127.33569224322878
1853,BG_Pump_Hydro_Open,2050,1,28,28,127.81964620174914
1854,BG_Pump_Hydro_Open,2050,1,29,29,128.3036001602695
1855,BG_Pump_Hydro_Open,2050,1,30,30,128.78755411878987
1856,BG_Pump_Hydro_Open,2050,1,31,31,128.5745456414605
1857,BG_Pump_Hydro_Open,2050,1,32,32,129.03170872309417
1858,BG_Pump_Hydro_Open,2050,1,33,33,128.69141046692434
1859,BG_Pump_Hydro_Open,2050,1,34,34,127.521932796043
1860,BG_Pump_Hydro_Open,2050,1,35,35,125.9832174299571
1861,BG_Pump_Hydro_Open,2050,1,36,36,124.88858750057344
1862,BG_Pump_Hydro_Open,2050,1,37,37,125.3725414590938
1863,BG_Pump_Hydro_Open,2050,1,38,38,125.85649541761416
1864,BG_Pump_Hydro_Open,2050,1,39,39,126.34044937613452
1865,BG_Pump_Hydro_Open,2050,1,40,40,126.49012464962254
1866,BG_Pump_Hydro_Open,2050,1,41,41,126.05471942991299
1867,BG_Pump_Hydro_Open,2050,1,42,42,124.83644696612217
1868,BG_Pump_Hydro_Open,2050,1,43,43,123.87084936935587
1869,BG_Pump_Hydro_Open,2050,1,44,44,123.11680506926118
1870,BG_Pump_Hydro_Open,2050,1,45,45,122.08127205958631
1871,BG_Pump_Hydro_Open,2050,1,46,46,122.72360382516311
1872,BG_Pump_Hydro_Open,2050,1,47,47,123.3510619869339
1873,BG_Pump_Hydro_Open,2050,1,48,48,123.82556824387936
1874,BG_Pump_Hydro_Open,2050,1,49,49,124.36669150384277
1875,BG_Pump_Hydro_Open,2050,1,50,50,124.85064546236313
1876,BG_Pump_Hydro_Open,2050,1,51,51,125.45728887238164
1877,BG_Pump_Hydro_Open,2050,1,52,52,125.397122269971
1878,BG_Pump_Hydro_Open,2050,1,53,53,125.6797246990541
1879,BG_Pump_Hydro_Open,2050,1,54,54,126.16367865757447
1880,BG_Pump_Hydro_Open,2050,1,55,55,126.42636964311241
1881,BG_Pump_Hydro_Open,2050,1,56,56,125.46098913847939
1882,BG_Pump_Hydro_Open,2050,1,57,57,124.82755921450577
1883,BG_Pump_Hydro_Open,2050,1,58,58,123.8846463476524
1884,BG_Pump_Hydro_Open,2050,1,59,59,123.34903830366638
1885,BG_Pump_Hydro_Open,2050,1,60,60,123.83299226218674
1886,BG_Pump_Hydro_Open,2050,1,61,61,124.3169462207071
1887,BG_Pump_Hydro_Open,2050,1,62,62,124.81685220538455
1888,BG_Pump_Hydro_Open,2050,1,63,63,124.47958077715396
1889,BG_Pump_Hydro_Open,2050,1,64,64,123.70276604226324
1890,BG_Pump_Hydro_Open,2050,1,65,65,124.04966334733412
1891,BG_Pump_Hydro_Open,2050,1,66,66,124.53361730585448
1892,BG_Pump_Hydro_Open,2050,1,67,67,125.0720017198141
1893,BG_Pump_Hydro_Open,2050,1,68,68,124.44025714229419
1894,BG_Pump_Hydro_Open,2050,1,69,69,125.4384839208447
1895,BG_Pump_Hydro_Open,2050,1,70,70,124.86567757145522
1896,BG_Pump_Hydro_Open,2050,1,71,71,124.54955941504667
1897,BG_Pump_Hydro_Open,2050,1,72,72,125.33027024007463
1898,BG_Pump_Hydro_Open,2050,1,73,73,125.74274810196599
1899,BG_Pump_Hydro_Open,2050,1,74,74,126.01904634525025
1900,BG_Pump_Hydro_Open,2050,1,75,75,126.82477485213965
1901,BG_Pump_Hydro_Open,2050,1,76,76,127.92824689366246
1902,BG_Pump_Hydro_Open,2050,1,77,77,126.59790817901074
1903,BG_Pump_Hydro_Open,2050,1,78,78,125.24418692327322
1904,BG_Pump_Hydro_Open,2050,1,79,79,123.92993642517409
1905,BG_Pump_Hydro_Open,2050,1,80,80,123.85910514950714
1906,BG_Pump_Hydro_Open,2050,1,81,81,123.28199552178597
1907,BG_Pump_Hydro_Open,2050,1,82,82,124.03743440781093
1908,BG_Pump_Hydro_Open,2050,1,83,83,122.71614341734957
1909,BG_Pump_Hydro_Open,2050,1,84,84,121.75215151275913
1910,BG_Pump_Hydro_Open,2050,1,85,85,122.10188436707539
1911,BG_Pump_Hydro_Open,2050,1,86,86,121.80934754540435
1912,BG_Pump_Hydro_Open,2050,1,87,87,121.5658240754657
1913,BG_Pump_Hydro_Open,2050,1,88,88,122.04977803398606
1914,BG_Pump_Hydro_Open,2050,1,89,89,122.53373199250642
1915,BG_Pump_Hydro_Open,2050,1,90,90,123.01768595102678
1916,BG_Pump_Hydro_Open,2050,1,91,91,123.44564480578103
1917,BG_Pump_Hydro_Open,2050,1,92,92,124.01085648127795
1918,BG_Pump_Hydro_Open,2050,1,93,93,122.696415726861
1919,BG_Pump_Hydro_Open,2050,1,94,94,121.55694554975511
1920,BG_Pump_Hydro_Open,2050,1,95,95,120.10397969073331
1921,BG_Pump_Hydro_Open,2050,1,96,96,118.7407925622274
1922,BG_Pump_Hydro_Open,2050,1,97,97,119.87741482388492
1923,BG_Pump_Hydro_Open,2050,1,98,98,120.75905702044716
1924,BG_Pump_Hydro_Open,2050,1,99,99,121.8837949653905
1925,BG_Pump_Hydro_Open,2050,1,100,100,122.13008686716509
1926,BG_Pump_Hydro_Open,2050,1,101,101,121.8488769412632
1927,BG_Pump_Hydro_Open,2050,1,102,102,122.78666368226712
1928,BG_Pump_Hydro_Open,2050,1,103,103,123.90219271832999
1929,BG_Pump_Hydro_Open,2050,1,104,104,124.9377013484916
1930,BG_Pump_Hydro_Open,2050,1,105,105,126.17016386104534
1931,BG_Pump_Hydro_Open,2050,1,106,106,127.44155956316993
1932,BG_Pump_Hydro_Open,2050,1,107,107,128.0898038805987
1933,BG_Pump_Hydro_Open,2050,1,108,108,127.64048355240229
1934,BG_Pump_Hydro_Open,2050,1,109,109,128.52955601747894
1935,BG_Pump_Hydro_Open,2050,1,110,110,129.79608962673015
1936,BG_Pump_Hydro_Open,2050,1,111,111,130.72171081778683
1937,BG_Pump_Hydro_Open,2050,1,112,112,131.4461920390013
1938,BG_Pump_Hydro_Open,2050,1,113,113,133.0238336333182
1939,BG_Pump_Hydro_Open,2050,1,114,114,133.71690184462994
1940,BG_Pump_Hydro_Open,2050,1,115,115,133.1634803276483
1941,BG_Pump_Hydro_Open,2050,1,116,116,131.8078668338835
1942,BG_Pump_Hydro_Open,2050,1,117,117,130.1785360009069
1943,BG_Pump_Hydro_Open,2050,1,118,118,129.374732379815
1944,BG_Pump_Hydro_Open,2050,1,119,119,130.71239995906765
1945,BG_Pump_Hydro_Open,2050,1,120,120,132.29004155338455
1946,BG_Pump_Hydro_Open,2050,1,121,121,133.86768314770146
1947,BG_Pump_Hydro_Open,2050,1,122,122,135.44532474201836
1948,BG_Pump_Hydro_Open,2050,1,123,123,136.12082802000322
1949,BG_Pump_Hydro_Open,2050,1,124,124,137.69846961432012
1950,BG_Pump_Hydro_Open,2050,1,125,125,139.27611120863702
1951,BG_Pump_Hydro_Open,2050,1,126,126,140.77899832438592
1952,BG_Pump_Hydro_Open,2050,1,127,127,142.35663991870283
1953,BG_Pump_Hydro_Open,2050,1,128,128,143.93428151301973
1954,BG_Pump_Hydro_Open,2050,1,129,129,145.51192310733663
1955,BG_Pump_Hydro_Open,2050,1,130,130,147.08956470165353
1956,BG_Pump_Hydro_Open,2050,1,131,131,148.66720629597043
1957,BG_Pump_Hydro_Open,2050,1,132,132,150.24484789028733
1958,BG_Pump_Hydro_Open,2050,1,133,133,151.82248948460423
1959,BG_Pump_Hydro_Open,2050,1,134,134,152.33202314706054
1960,BG_Pump_Hydro_Open,2050,1,135,135,152.6369438453409
1961,BG_Pump_Hydro_Open,2050,1,136,136,153.75295223827874
1962,BG_Pump_Hydro_Open,2050,1,137,137,155.33059383259564
1963,BG_Pump_Hydro_Open,2050,1,138,138,156.90823542691254
1964,BG_Pump_Hydro_Open,2050,1,139,139,158.48587702122944
1965,BG_Pump_Hydro_Open,2050,1,140,140,158.20222605125633
1966,BG_Pump_Hydro_Open,2050,1,141,141,157.55618699091417
1967,BG_Pump_Hydro_Open,2050,1,142,142,158.48934654784387
1968,BG_Pump_Hydro_Open,2050,1,143,143,159.65590043068804
1969,BG_Pump_Hydro_Open,2050,1,144,144,159.4111253417724
1970,BG_Pump_Hydro_Open,2050,1,145,145,158.670904158455
1971,BG_Pump_Hydro_Open,2050,1,146,146,159.250546620984
1972,BG_Pump_Hydro_Open,2050,1,147,147,160.36026097829966
1973,BG_Pump_Hydro_Open,2050,1,148,148,161.93790257261657
1974,BG_Pump_Hydro_Open,2050,1,149,149,163.0154716223395
1975,BG_Pump_Hydro_Open,2050,1,150,150,164.5931132166564
1976,BG_Pump_Hydro_Open,2050,1,151,151,166.15344436759145
1977,BG_Pump_Hydro_Open,2050,1,152,152,167.73108596190835
1978,BG_Pump_Hydro_Open,2050,1,153,153,169.30872755622525
1979,BG_Pump_Hydro_Open,2050,1,154,154,170.88636915054215
1980,BG_Pump_Hydro_Open,2050,1,155,155,172.46401074485905
1981,BG_Pump_Hydro_Open,2050,1,156,156,173.47140430548947
1982,BG_Pump_Hydro_Open,2050,1,157,157,175.04904589980637
1983,BG_Pump_Hydro_Open,2050,1,158,158,176.62668749412327
1984,BG_Pump_Hydro_Open,2050,1,159,159,178.20432908844018
1985,BG_Pump_Hydro_Open,2050,1,160,160,178.9174903706158
1986,BG_Pump_Hydro_Open,2050,1,161,161,180.4951319649327
1987,BG_Pump_Hydro_Open,2050,1,162,162,181.14039172286203
1988,BG_Pump_Hydro_Open,2050,1,163,163,180.49421263718142
1989,BG_Pump_Hydro_Open,2050,1,164,164,179.6167644544086
1990,BG_Pump_Hydro_Open,2050,1,165,165,181.1944060487255
1991,BG_Pump_Hydro_Open,2050,1,166,166,182.36278030565217
1992,BG_Pump_Hydro_Open,2050,1,167,167,181.88743130768853
1993,BG_Pump_Hydro_Open,2050,1,168,168,182.42680726621177
1994,BG_Pump_Hydro_Open,2050,1,169,169,183.93805592027073
1995,BG_Pump_Hydro_Open,2050,1,170,170,184.22275063844089
1996,BG_Pump_Hydro_Open,2050,1,171,171,182.5575098768857
1997,BG_Pump_Hydro_Open,2050,1,172,172,180.8922691153305
1998,BG_Pump_Hydro_Open,2050,1,173,173,179.40682033099623
1999,BG_Pump_Hydro_Open,2050,1,174,174,179.84444566880703
2000,BG_Pump_Hydro_Open,2050,1,175,175,181.42208726312393
2001,BG_Pump_Hydro_Open,2050,1,176,176,182.355843199508
2002,BG_Pump_Hydro_Open,2050,1,177,177,181.17827232476955
2003,BG_Pump_Hydro_Open,2050,1,178,178,179.51303156321435
2004,BG_Pump_Hydro_Open,2050,1,179,179,177.84779080165916
2005,BG_Pump_Hydro_Open,2050,1,180,180,176.7283588528828
2006,BG_Pump_Hydro_Open,2050,1,181,181,175.4377135702361
2007,BG_Pump_Hydro_Open,2050,1,182,182,174.74164380422846
2008,BG_Pump_Hydro_Open,2050,1,183,183,174.440129397888
2009,BG_Pump_Hydro_Open,2050,1,184,184,173.85853378297375
2010,BG_Pump_Hydro_Open,2050,1,185,185,172.78073642523566
2011,BG_Pump_Hydro_Open,2050,1,186,186,171.11549566368046
2012,BG_Pump_Hydro_Open,2050,1,187,187,172.69313725799736
2013,BG_Pump_Hydro_Open,2050,1,188,188,174.27077885231427
2014,BG_Pump_Hydro_Open,2050,1,189,189,175.58233704164394
2015,BG_Pump_Hydro_Open,2050,1,190,190,177.02360118272784
2016,BG_Pump_Hydro_Open,2050,1,191,191,178.60124277704475
2017,BG_Pump_Hydro_Open,2050,1,192,192,177.90820506164607
2018,BG_Pump_Hydro_Open,2050,1,193,193,176.27748522750517
2019,BG_Pump_Hydro_Open,2050,1,194,194,174.61224446594997
2020,BG_Pump_Hydro_Open,2050,1,195,195,172.94700370439477
2021,BG_Pump_Hydro_Open,2050,1,196,196,171.82459552685944
2022,BG_Pump_Hydro_Open,2050,1,197,197,170.89224127920224
2023,BG_Pump_Hydro_Open,2050,1,198,198,170.53693207422077
2024,BG_Pump_Hydro_Open,2050,1,199,199,171.68320334099232
2025,BG_Pump_Hydro_Open,2050,1,200,200,171.21572239821398
2026,BG_Pump_Hydro_Open,2050,1,201,201,170.58479795206847
2027,BG_Pump_Hydro_Open,2050,1,202,202,171.24579704792666
2028,BG_Pump_Hydro_Open,2050,1,203,203,171.75751577264808
2029,BG_Pump_Hydro_Open,2050,1,204,204,171.95066292575794
2030,BG_Pump_Hydro_Open,2050,1,205,205,170.90935687971086
2031,BG_Pump_Hydro_Open,2050,1,206,206,172.02855683702447
2032,BG_Pump_Hydro_Open,2050,1,207,207,173.3827468847083
2033,BG_Pump_Hydro_Open,2050,1,208,208,172.81115528422913
2034,BG_Pump_Hydro_Open,2050,1,209,209,172.06724615599757
2035,BG_Pump_Hydro_Open,2050,1,210,210,172.99141940466083
2036,BG_Pump_Hydro_Open,2050,1,211,211,173.4894450511189
2037,BG_Pump_Hydro_Open,2050,1,212,212,173.69754132627833
2038,BG_Pump_Hydro_Open,2050,1,213,213,172.4221674742509
2039,BG_Pump_Hydro_Open,2050,1,214,214,170.7569267126957
2040,BG_Pump_Hydro_Open,2050,1,215,215,169.15715566368888
2041,BG_Pump_Hydro_Open,2050,1,216,216,168.0733088587872
2042,BG_Pump_Hydro_Open,2050,1,217,217,167.1215489045248
2043,BG_Pump_Hydro_Open,2050,1,218,218,165.4563081429696
2044,BG_Pump_Hydro_Open,2050,1,219,219,163.7910673814144
2045,BG_Pump_Hydro_Open,2050,1,220,220,162.1258266198592
2046,BG_Pump_Hydro_Open,2050,1,221,221,160.460585858304
2047,BG_Pump_Hydro_Open,2050,1,222,222,158.7953450967488
2048,BG_Pump_Hydro_Open,2050,1,223,223,157.1301043351936
2049,BG_Pump_Hydro_Open,2050,1,224,224,155.4648635736384
2050,BG_Pump_Hydro_Open,2050,1,225,225,154.72257997405484
2051,BG_Pump_Hydro_Open,2050,1,226,226,154.1078438662829
2052,BG_Pump_Hydro_Open,2050,1,227,227,153.41311834567625
2053,BG_Pump_Hydro_Open,2050,1,228,228,153.6436003085335
2054,BG_Pump_Hydro_Open,2050,1,229,229,154.91616761058035
2055,BG_Pump_Hydro_Open,2050,1,230,230,155.83132385580376
2056,BG_Pump_Hydro_Open,2050,1,231,231,154.66892980283987
2057,BG_Pump_Hydro_Open,2050,1,232,232,153.00368904128467
2058,BG_Pump_Hydro_Open,2050,1,233,233,151.33844827972948
2059,BG_Pump_Hydro_Open,2050,1,234,234,149.79353232937902
2060,BG_Pump_Hydro_Open,2050,1,235,235,149.48324271778736
2061,BG_Pump_Hydro_Open,2050,1,236,236,150.37939944781192
2062,BG_Pump_Hydro_Open,2050,1,237,237,151.57556670796077
2063,BG_Pump_Hydro_Open,2050,1,238,238,152.16338944752084
2064,BG_Pump_Hydro_Open,2050,1,239,239,152.9135581534038
2065,BG_Pump_Hydro_Open,2050,1,240,240,153.64726165775937
2066,BG_Pump_Hydro_Open,2050,1,241,241,154.06639650386816
2067,BG_Pump_Hydro_Open,2050,1,242,242,152.40115574231297
2068,BG_Pump_Hydro_Open,2050,1,243,243,150.73591498075777
2069,BG_Pump_Hydro_Open,2050,1,244,244,150.97773231736366
2070,BG_Pump_Hydro_Open,2050,1,245,245,152.01976570763932
2071,BG_Pump_Hydro_Open,2050,1,246,246,150.35452494608413
2072,BG_Pump_Hydro_Open,2050,1,247,247,148.68928418452893
2073,BG_Pump_Hydro_Open,2050,1,248,248,149.38720468085364
2074,BG_Pump_Hydro_Open,2050,1,249,249,149.8219844369928
2075,BG_Pump_Hydro_Open,2050,1,250,250,150.66881940293428
2076,BG_Pump_Hydro_Open,2050,1,251,251,151.1815215521748
2077,BG_Pump_Hydro_Open,2050,1,252,252,149.5162807906196
2078,BG_Pump_Hydro_Open,2050,1,253,253,147.8510400290644
2079,BG_Pump_Hydro_Open,2050,1,254,254,147.11487359300193
2080,BG_Pump_Hydro_Open,2050,1,255,255,147.897602628391
2081,BG_Pump_Hydro_Open,2050,1,256,256,148.1431938495281
2082,BG_Pump_Hydro_Open,2050,1,257,257,149.05158122955083
2083,BG_Pump_Hydro_Open,2050,1,258,258,149.92866995841888
2084,BG_Pump_Hydro_Open,2050,1,259,259,148.8922106345381
2085,BG_Pump_Hydro_Open,2050,1,260,260,149.4529720981266
2086,BG_Pump_Hydro_Open,2050,1,261,261,150.61974990326001
2087,BG_Pump_Hydro_Open,2050,1,262,262,150.24017393674674
2088,BG_Pump_Hydro_Open,2050,1,263,263,148.57493317519155
2089,BG_Pump_Hydro_Open,2050,1,264,264,146.90969241363635
2090,BG_Pump_Hydro_Open,2050,1,265,265,145.6635088410125
2091,BG_Pump_Hydro_Open,2050,1,266,266,144.1911415570564
2092,BG_Pump_Hydro_Open,2050,1,267,267,143.15051133005545
2093,BG_Pump_Hydro_Open,2050,1,268,268,141.64581328059103
2094,BG_Pump_Hydro_Open,2050,1,269,269,139.98057251903583
2095,BG_Pump_Hydro_Open,2050,1,270,270,138.75677398795665
2096,BG_Pump_Hydro_Open,2050,1,271,271,137.79449963742476
2097,BG_Pump_Hydro_Open,2050,1,272,272,136.57154718622894
2098,BG_Pump_Hydro_Open,2050,1,273,273,135.87871390296016
2099,BG_Pump_Hydro_Open,2050,1,274,274,137.01702295149198
2100,BG_Pump_Hydro_Open,2050,1,275,275,138.32877561577519
2101,BG_Pump_Hydro_Open,2050,1,276,276,136.66353485422
2102,BG_Pump_Hydro_Open,2050,1,277,277,134.9982940926648
2103,BG_Pump_Hydro_Open,2050,1,278,278,133.61769876851642
2104,BG_Pump_Hydro_Open,2050,1,279,279,134.72524471418294
2105,BG_Pump_Hydro_Open,2050,1,280,280,135.44536158304194
2106,BG_Pump_Hydro_Open,2050,1,281,281,134.1472829483186
2107,BG_Pump_Hydro_Open,2050,1,282,282,132.4820421867634
2108,BG_Pump_Hydro_Open,2050,1,283,283,130.8168014252082
2109,BG_Pump_Hydro_Open,2050,1,284,284,129.6292780391367
2110,BG_Pump_Hydro_Open,2050,1,285,285,128.20106728939015
2111,BG_Pump_Hydro_Open,2050,1,286,286,127.5389954603517
2112,BG_Pump_Hydro_Open,2050,1,287,287,126.92892461008903
2113,BG_Pump_Hydro_Open,2050,1,288,288,127.6199901224835
2114,BG_Pump_Hydro_Open,2050,1,289,289,127.99464373518745
2115,BG_Pump_Hydro_Open,2050,1,290,290,126.32940297363226
2116,BG_Pump_Hydro_Open,2050,1,291,291,124.66416221207706
2117,BG_Pump_Hydro_Open,2050,1,292,292,122.99892145052186
2118,BG_Pump_Hydro_Open,2050,1,293,293,121.33368068896667
2119,BG_Pump_Hydro_Open,2050,1,294,294,120.22589814595428
2120,BG_Pump_Hydro_Open,2050,1,295,295,121.07415226618794
2121,BG_Pump_Hydro_Open,2050,1,296,296,122.1496821322729
2122,BG_Pump_Hydro_Open,2050,1,297,297,121.16486721214943
2123,BG_Pump_Hydro_Open,2050,1,298,298,122.05724146888475
2124,BG_Pump_Hydro_Open,2050,1,299,299,121.42058661614256
2125,BG_Pump_Hydro_Open,2050,1,300,300,120.598151050496
2126,BG_Pump_Hydro_Open,2050,1,301,301,120.12230640464016
2127,BG_Pump_Hydro_Open,2050,1,302,302,118.77690270306125
2128,BG_Pump_Hydro_Open,2050,1,303,303,117.56847223319515
2129,BG_Pump_Hydro_Open,2050,1,304,304,117.49605817334866
2130,BG_Pump_Hydro_Open,2050,1,305,305,118.14632472463151
2131,BG_Pump_Hydro_Open,2050,1,306,306,118.38588659758776
2132,BG_Pump_Hydro_Open,2050,1,307,307,116.80710920807763
2133,BG_Pump_Hydro_Open,2050,1,308,308,115.14186844652244
2134,BG_Pump_Hydro_Open,2050,1,309,309,113.5128119560666
2135,BG_Pump_Hydro_Open,2050,1,310,310,112.4939439313824
2136,BG_Pump_Hydro_Open,2050,1,311,311,112.7409317580257
2137,BG_Pump_Hydro_Open,2050,1,312,312,113.48131898712096
2138,BG_Pump_Hydro_Open,2050,1,313,313,113.96527294564132
2139,BG_Pump_Hydro_Open,2050,1,314,314,114.50875364691194
2140,BG_Pump_Hydro_Open,2050,1,315,315,115.21492116566313
2141,BG_Pump_Hydro_Open,2050,1,316,316,115.79771774031438
2142,BG_Pump_Hydro_Open,2050,1,317,317,116.38589617285605
2143,BG_Pump_Hydro_Open,2050,1,318,318,116.86985013137641
2144,BG_Pump_Hydro_Open,2050,1,319,319,116.57205432462723
2145,BG_Pump_Hydro_Open,2050,1,320,320,116.64600904509972
2146,BG_Pump_Hydro_Open,2050,1,321,321,117.01659404415817
2147,BG_Pump_Hydro_Open,2050,1,322,322,117.54254315855286
2148,BG_Pump_Hydro_Open,2050,1,323,323,118.02649711707322
2149,BG_Pump_Hydro_Open,2050,1,324,324,117.97130051541775
2150,BG_Pump_Hydro_Open,2050,1,325,325,117.87242394242435
2151,BG_Pump_Hydro_Open,2050,1,326,326,117.59200352029619
2152,BG_Pump_Hydro_Open,2050,1,327,327,116.2251764722184
2153,BG_Pump_Hydro_Open,2050,1,328,328,116.77300631586145
2154,BG_Pump_Hydro_Open,2050,1,329,329,117.18908789900273
2155,BG_Pump_Hydro_Open,2050,1,330,330,116.80413043575598
2156,BG_Pump_Hydro_Open,2050,1,331,331,117.28808439427634
2157,BG_Pump_Hydro_Open,2050,1,332,332,117.7720383527967
2158,BG_Pump_Hydro_Open,2050,1,333,333,118.25599231131706
2159,BG_Pump_Hydro_Open,2050,1,334,334,118.73994626983742
2160,BG_Pump_Hydro_Open,2050,1,335,335,119.22390022835778
2161,BG_Pump_Hydro_Open,2050,1,336,336,119.59974551789266
2162,BG_Pump_Hydro_Open,2050,1,337,337,119.90709249714669
2163,BG_Pump_Hydro_Open,2050,1,338,338,120.39104645566705
2164,BG_Pump_Hydro_Open,2050,1,339,339,120.87500041418741
2165,BG_Pump_Hydro_Open,2050,1,340,340,121.35895437270777
2166,BG_Pump_Hydro_Open,2050,1,341,341,121.84290833122813
2167,BG_Pump_Hydro_Open,2050,1,342,342,122.17768524470878
2168,BG_Pump_Hydro_Open,2050,1,343,343,122.66163920322914
2169,BG_Pump_Hydro_Open,2050,1,344,344,123.1455931617495
2170,BG_Pump_Hydro_Open,2050,1,345,345,123.62954712026986
2171,BG_Pump_Hydro_Open,2050,1,346,346,124.0421286270924
2172,BG_Pump_Hydro_Open,2050,1,347,347,123.32620066094518
2173,BG_Pump_Hydro_Open,2050,1,348,348,122.37901618806399
2174,BG_Pump_Hydro_Open,2050,1,349,349,121.36864808850272
2175,BG_Pump_Hydro_Open,2050,1,350,350,121.5618461985745
2176,BG_Pump_Hydro_Open,2050,1,351,351,122.04580015709486
2177,BG_Pump_Hydro_Open,2050,1,352,352,122.52975411561522
2178,BG_Pump_Hydro_Open,2050,1,353,353,123.01370807413558
2179,BG_Pump_Hydro_Open,2050,1,354,354,123.49766203265594
2180,BG_Pump_Hydro_Open,2050,1,355,355,123.9816159911763
2181,BG_Pump_Hydro_Open,2050,1,356,356,124.46556994969666
2182,BG_Pump_Hydro_Open,2050,1,357,357,124.94952390821702
2183,BG_Pump_Hydro_Open,2050,1,358,358,125.43347786673738
2184,BG_Pump_Hydro_Open,2050,1,359,359,125.91743182525774
2185,BG_Pump_Hydro_Open,2050,1,360,360,126.37870393172162
2186,BG_Pump_Hydro_Open,2050,1,361,361,126.46875746021476
2187,BG_Pump_Hydro_Open,2050,1,362,362,126.48772776602257
2188,BG_Pump_Hydro_Open,2050,1,363,363,126.68209208295927
2189,BG_Pump_Hydro_Open,2050,1,364,364,127.16604604147965
2190,BG_Pump_Hydro_Open,2050,1,365,365,127.65
2191,CH_Pump_Hydro_Closed,2050,1,1,1,35.307329483038785
2192,CH_Pump_Hydro_Closed,2050,1,2,2,35.61465896607757
2193,CH_Pump_Hydro_Closed,2050,1,3,3,35.92198844911636
2194,CH_Pump_Hydro_Closed,2050,1,4,4,36.22931793215515
2195,CH_Pump_Hydro_Closed,2050,1,5,5,36.580673377694914
2196,CH_Pump_Hydro_Closed,2050,1,6,6,37.02531272965239
2197,CH_Pump_Hydro_Closed,2050,1,7,7,37.33264221269118
2198,CH_Pump_Hydro_Closed,2050,1,8,8,37.63997169572996
2199,CH_Pump_Hydro_Closed,2050,1,9,9,37.94730117876875
2200,CH_Pump_Hydro_Closed,2050,1,10,10,38.25463066180753
2201,CH_Pump_Hydro_Closed,2050,1,11,11,38.56196014484632
2202,CH_Pump_Hydro_Closed,2050,1,12,12,38.8692896278851
2203,CH_Pump_Hydro_Closed,2050,1,13,13,39.17661911092389
2204,CH_Pump_Hydro_Closed,2050,1,14,14,39.48394859396267
2205,CH_Pump_Hydro_Closed,2050,1,15,15,39.79127807700146
2206,CH_Pump_Hydro_Closed,2050,1,16,16,40.09860756004024
2207,CH_Pump_Hydro_Closed,2050,1,17,17,40.40593704307903
2208,CH_Pump_Hydro_Closed,2050,1,18,18,40.89946017493702
2209,CH_Pump_Hydro_Closed,2050,1,19,19,41.593071026367774
2210,CH_Pump_Hydro_Closed,2050,1,20,20,42.173412937706104
2211,CH_Pump_Hydro_Closed,2050,1,21,21,42.75339296705125
2212,CH_Pump_Hydro_Closed,2050,1,22,22,43.447003818482
2213,CH_Pump_Hydro_Closed,2050,1,23,23,44.02897238915616
2214,CH_Pump_Hydro_Closed,2050,1,24,24,44.3676170284753
2215,CH_Pump_Hydro_Closed,2050,1,25,25,44.909866192798944
2216,CH_Pump_Hydro_Closed,2050,1,26,26,45.2690377767783
2217,CH_Pump_Hydro_Closed,2050,1,27,27,45.70291588979327
2218,CH_Pump_Hydro_Closed,2050,1,28,28,46.01024537283205
2219,CH_Pump_Hydro_Closed,2050,1,29,29,46.31757485587084
2220,CH_Pump_Hydro_Closed,2050,1,30,30,46.62490433890962
2221,CH_Pump_Hydro_Closed,2050,1,31,31,47.05750102129663
2222,CH_Pump_Hydro_Closed,2050,1,32,32,47.369645710927706
2223,CH_Pump_Hydro_Closed,2050,1,33,33,47.825120576242256
2224,CH_Pump_Hydro_Closed,2050,1,34,34,48.429626404626525
2225,CH_Pump_Hydro_Closed,2050,1,35,35,49.10049645810088
2226,CH_Pump_Hydro_Closed,2050,1,36,36,49.691549672007405
2227,CH_Pump_Hydro_Closed,2050,1,37,37,49.99887915504619
2228,CH_Pump_Hydro_Closed,2050,1,38,38,50.306208638084975
2229,CH_Pump_Hydro_Closed,2050,1,39,39,50.61353812112376
2230,CH_Pump_Hydro_Closed,2050,1,40,40,50.98094853897614
2231,CH_Pump_Hydro_Closed,2050,1,41,41,51.4535172709732
2232,CH_Pump_Hydro_Closed,2050,1,42,42,52.066793137362595
2233,CH_Pump_Hydro_Closed,2050,1,43,43,52.634654973798916
2234,CH_Pump_Hydro_Closed,2050,1,44,44,53.164493686428536
2235,CH_Pump_Hydro_Closed,2050,1,45,45,53.74492522943683
2236,CH_Pump_Hydro_Closed,2050,1,46,46,53.81099755007931
2237,CH_Pump_Hydro_Closed,2050,1,47,47,53.8997268547749
2238,CH_Pump_Hydro_Closed,2050,1,48,48,54.13587072123612
2239,CH_Pump_Hydro_Closed,2050,1,49,49,54.3561141175392
2240,CH_Pump_Hydro_Closed,2050,1,50,50,54.663443600577985
2241,CH_Pump_Hydro_Closed,2050,1,51,51,54.78388004933039
2242,CH_Pump_Hydro_Closed,2050,1,52,52,55.189005992077234
2243,CH_Pump_Hydro_Closed,2050,1,53,53,55.47750816809789
2244,CH_Pump_Hydro_Closed,2050,1,54,54,55.78483765113668
2245,CH_Pump_Hydro_Closed,2050,1,55,55,56.13193540792924
2246,CH_Pump_Hydro_Closed,2050,1,56,56,56.69975822572964
2247,CH_Pump_Hydro_Closed,2050,1,57,57,57.20791854606629
2248,CH_Pump_Hydro_Closed,2050,1,58,58,57.77170318631814
2249,CH_Pump_Hydro_Closed,2050,1,59,59,58.26228167970011
2250,CH_Pump_Hydro_Closed,2050,1,60,60,58.569611162738894
2251,CH_Pump_Hydro_Closed,2050,1,61,61,58.87694064577768
2252,CH_Pump_Hydro_Closed,2050,1,62,62,59.15997038230113
2253,CH_Pump_Hydro_Closed,2050,1,63,63,59.614901226533114
2254,CH_Pump_Hydro_Closed,2050,1,64,64,60.14883253934909
2255,CH_Pump_Hydro_Closed,2050,1,65,65,60.48079563568832
2256,CH_Pump_Hydro_Closed,2050,1,66,66,60.7881251187271
2257,CH_Pump_Hydro_Closed,2050,1,67,67,61.012540603452145
2258,CH_Pump_Hydro_Closed,2050,1,68,68,61.52039801129404
2259,CH_Pump_Hydro_Closed,2050,1,69,69,61.044334899347504
2260,CH_Pump_Hydro_Closed,2050,1,70,70,61.40730965427272
2261,CH_Pump_Hydro_Closed,2050,1,71,71,61.85843855598686
2262,CH_Pump_Hydro_Closed,2050,1,72,72,61.713717837890265
2263,CH_Pump_Hydro_Closed,2050,1,73,73,61.80610687012203
2264,CH_Pump_Hydro_Closed,2050,1,74,74,62.06619058642329
2265,CH_Pump_Hydro_Closed,2050,1,75,75,61.88336039422926
2266,CH_Pump_Hydro_Closed,2050,1,76,76,61.24697700779313
2267,CH_Pump_Hydro_Closed,2050,1,77,77,61.88039488566652
2268,CH_Pump_Hydro_Closed,2050,1,78,78,62.51801537946984
2269,CH_Pump_Hydro_Closed,2050,1,79,79,63.14854167276651
2270,CH_Pump_Hydro_Closed,2050,1,80,80,63.55558440999476
2271,CH_Pump_Hydro_Closed,2050,1,81,81,64.05362211049551
2272,CH_Pump_Hydro_Closed,2050,1,82,82,63.84461690813024
2273,CH_Pump_Hydro_Closed,2050,1,83,83,64.47640861074439
2274,CH_Pump_Hydro_Closed,2050,1,84,84,65.04398185119399
2275,CH_Pump_Hydro_Closed,2050,1,85,85,65.37543530555783
2276,CH_Pump_Hydro_Closed,2050,1,86,86,65.8223258615484
2277,CH_Pump_Hydro_Closed,2050,1,87,87,66.26040709728531
2278,CH_Pump_Hydro_Closed,2050,1,88,88,66.5677365803241
2279,CH_Pump_Hydro_Closed,2050,1,89,89,66.87506606336288
2280,CH_Pump_Hydro_Closed,2050,1,90,90,67.18239554640166
2281,CH_Pump_Hydro_Closed,2050,1,91,91,67.49978920143194
2282,CH_Pump_Hydro_Closed,2050,1,92,92,67.50183615759346
2283,CH_Pump_Hydro_Closed,2050,1,93,93,68.13239664624251
2284,CH_Pump_Hydro_Closed,2050,1,94,94,68.70522014462308
2285,CH_Pump_Hydro_Closed,2050,1,95,95,69.36067817580914
2286,CH_Pump_Hydro_Closed,2050,1,96,96,70.0
2287,CH_Pump_Hydro_Closed,2050,1,97,97,69.31311883113364
2288,CH_Pump_Hydro_Closed,2050,1,98,98,68.6665809431508
2289,CH_Pump_Hydro_Closed,2050,1,99,99,67.83283061515853
2290,CH_Pump_Hydro_Closed,2050,1,100,100,67.46361302732775
2291,CH_Pump_Hydro_Closed,2050,1,101,101,67.76155228821338
2292,CH_Pump_Hydro_Closed,2050,1,102,102,67.3775575804494
2293,CH_Pump_Hydro_Closed,2050,1,103,103,66.7228077552816
2294,CH_Pump_Hydro_Closed,2050,1,104,104,66.18995314018356
2295,CH_Pump_Hydro_Closed,2050,1,105,105,65.35707836650404
2296,CH_Pump_Hydro_Closed,2050,1,106,106,64.46489660396367
2297,CH_Pump_Hydro_Closed,2050,1,107,107,64.06472644221718
2298,CH_Pump_Hydro_Closed,2050,1,108,108,64.3329845929857
2299,CH_Pump_Hydro_Closed,2050,1,109,109,63.612268979651894
2300,CH_Pump_Hydro_Closed,2050,1,110,110,62.727493650826815
2301,CH_Pump_Hydro_Closed,2050,1,111,111,61.93785264422074
2302,CH_Pump_Hydro_Closed,2050,1,112,112,61.216720389248806
2303,CH_Pump_Hydro_Closed,2050,1,113,113,59.85803377783453
2304,CH_Pump_Hydro_Closed,2050,1,114,114,59.05916016930468
2305,CH_Pump_Hydro_Closed,2050,1,115,115,59.177831711546446
2306,CH_Pump_Hydro_Closed,2050,1,116,116,59.67549118812599
2307,CH_Pump_Hydro_Closed,2050,1,117,117,60.34637600536088
2308,CH_Pump_Hydro_Closed,2050,1,118,118,60.559323442810815
2309,CH_Pump_Hydro_Closed,2050,1,119,119,59.56618962568807
2310,CH_Pump_Hydro_Closed,2050,1,120,120,58.20750301427379
2311,CH_Pump_Hydro_Closed,2050,1,121,121,56.84881640285951
2312,CH_Pump_Hydro_Closed,2050,1,122,122,55.490129791445234
2313,CH_Pump_Hydro_Closed,2050,1,123,123,54.70237236418434
2314,CH_Pump_Hydro_Closed,2050,1,124,124,53.343685752770064
2315,CH_Pump_Hydro_Closed,2050,1,125,125,51.984999141355786
2316,CH_Pump_Hydro_Closed,2050,1,126,126,50.74018614462857
2317,CH_Pump_Hydro_Closed,2050,1,127,127,49.38149953321429
2318,CH_Pump_Hydro_Closed,2050,1,128,128,48.02281292180001
2319,CH_Pump_Hydro_Closed,2050,1,129,129,46.66412631038573
2320,CH_Pump_Hydro_Closed,2050,1,130,130,45.305439698971455
2321,CH_Pump_Hydro_Closed,2050,1,131,131,43.94675308755718
2322,CH_Pump_Hydro_Closed,2050,1,132,132,42.5880664761429
2323,CH_Pump_Hydro_Closed,2050,1,133,133,41.22937986472862
2324,CH_Pump_Hydro_Closed,2050,1,134,134,40.54665832328758
2325,CH_Pump_Hydro_Closed,2050,1,135,135,39.99342857993265
2326,CH_Pump_Hydro_Closed,2050,1,136,136,38.926892143574754
2327,CH_Pump_Hydro_Closed,2050,1,137,137,37.568205532160476
2328,CH_Pump_Hydro_Closed,2050,1,138,138,36.2095189207462
2329,CH_Pump_Hydro_Closed,2050,1,139,139,34.85083230933192
2330,CH_Pump_Hydro_Closed,2050,1,140,140,34.670087290645384
2331,CH_Pump_Hydro_Closed,2050,1,141,141,34.718683973819545
2332,CH_Pump_Hydro_Closed,2050,1,142,142,33.76786564285149
2333,CH_Pump_Hydro_Closed,2050,1,143,143,32.669340879656765
2334,CH_Pump_Hydro_Closed,2050,1,144,144,32.463992787745696
2335,CH_Pump_Hydro_Closed,2050,1,145,145,32.57219377068034
2336,CH_Pump_Hydro_Closed,2050,1,146,146,31.84510302409324
2337,CH_Pump_Hydro_Closed,2050,1,147,147,30.782549844579382
2338,CH_Pump_Hydro_Closed,2050,1,148,148,29.423863233165104
2339,CH_Pump_Hydro_Closed,2050,1,149,149,28.381653601759137
2340,CH_Pump_Hydro_Closed,2050,1,150,150,27.02296699034486
2341,CH_Pump_Hydro_Closed,2050,1,151,151,25.69064940453932
2342,CH_Pump_Hydro_Closed,2050,1,152,152,24.331962793125044
2343,CH_Pump_Hydro_Closed,2050,1,153,153,22.973276181710766
2344,CH_Pump_Hydro_Closed,2050,1,154,154,21.614589570296488
2345,CH_Pump_Hydro_Closed,2050,1,155,155,20.25590295888221
2346,CH_Pump_Hydro_Closed,2050,1,156,156,19.258104737578016
2347,CH_Pump_Hydro_Closed,2050,1,157,157,17.899418126163738
2348,CH_Pump_Hydro_Closed,2050,1,158,158,16.54073151474946
2349,CH_Pump_Hydro_Closed,2050,1,159,159,15.182044903335184
2350,CH_Pump_Hydro_Closed,2050,1,160,160,14.370455151008112
2351,CH_Pump_Hydro_Closed,2050,1,161,161,13.011768539593836
2352,CH_Pump_Hydro_Closed,2050,1,162,162,12.24315109111298
2353,CH_Pump_Hydro_Closed,2050,1,163,163,12.291836391022283
2354,CH_Pump_Hydro_Closed,2050,1,164,164,12.48688314630086
2355,CH_Pump_Hydro_Closed,2050,1,165,165,11.128196534886584
2356,CH_Pump_Hydro_Closed,2050,1,166,166,10.028519725857022
2357,CH_Pump_Hydro_Closed,2050,1,167,167,9.969093131122873
2358,CH_Pump_Hydro_Closed,2050,1,168,168,9.267485530373314
2359,CH_Pump_Hydro_Closed,2050,1,169,169,8.009935389197377
2360,CH_Pump_Hydro_Closed,2050,1,170,170,7.469505902869514
2361,CH_Pump_Hydro_Closed,2050,1,171,171,8.163116754300273
2362,CH_Pump_Hydro_Closed,2050,1,172,172,8.856727605731031
2363,CH_Pump_Hydro_Closed,2050,1,173,173,9.436554921961314
2364,CH_Pump_Hydro_Closed,2050,1,174,174,8.799341436635935
2365,CH_Pump_Hydro_Closed,2050,1,175,175,7.4406548252216576
2366,CH_Pump_Hydro_Closed,2050,1,176,176,6.489459068276714
2367,CH_Pump_Hydro_Closed,2050,1,177,177,6.874442112223903
2368,CH_Pump_Hydro_Closed,2050,1,178,178,7.568052963654662
2369,CH_Pump_Hydro_Closed,2050,1,179,179,8.26166381508542
2370,CH_Pump_Hydro_Closed,2050,1,180,180,8.609852934014516
2371,CH_Pump_Hydro_Closed,2050,1,181,181,9.066396489567254
2372,CH_Pump_Hydro_Closed,2050,1,182,182,9.146655712122676
2373,CH_Pump_Hydro_Closed,2050,1,183,183,8.977215785977684
2374,CH_Pump_Hydro_Closed,2050,1,184,184,8.985028652461978
2375,CH_Pump_Hydro_Closed,2050,1,185,185,9.306868815068384
2376,CH_Pump_Hydro_Closed,2050,1,186,186,10.000479666499142
2377,CH_Pump_Hydro_Closed,2050,1,187,187,8.641793055084866
2378,CH_Pump_Hydro_Closed,2050,1,188,188,7.283106443670589
2379,CH_Pump_Hydro_Closed,2050,1,189,189,6.329745101251052
2380,CH_Pump_Hydro_Closed,2050,1,190,190,5.178802478677977
2381,CH_Pump_Hydro_Closed,2050,1,191,191,3.8201158672637003
2382,CH_Pump_Hydro_Closed,2050,1,192,192,3.8984562197864983
2383,CH_Pump_Hydro_Closed,2050,1,193,193,4.570220083268669
2384,CH_Pump_Hydro_Closed,2050,1,194,194,5.263830934699428
2385,CH_Pump_Hydro_Closed,2050,1,195,195,5.957441786130186
2386,CH_Pump_Hydro_Closed,2050,1,196,196,6.307514447556524
2387,CH_Pump_Hydro_Closed,2050,1,197,197,6.537309172477909
2388,CH_Pump_Hydro_Closed,2050,1,198,198,6.401913937644417
2389,CH_Pump_Hydro_Closed,2050,1,199,199,5.316225274233062
2390,CH_Pump_Hydro_Closed,2050,1,200,200,5.251819285268005
2391,CH_Pump_Hydro_Closed,2050,1,201,201,5.290850501378109
2392,CH_Pump_Hydro_Closed,2050,1,202,202,4.512272221836027
2393,CH_Pump_Hydro_Closed,2050,1,203,203,3.828167837217017
2394,CH_Pump_Hydro_Closed,2050,1,204,204,3.345675338693442
2395,CH_Pump_Hydro_Closed,2050,1,205,205,3.644421531744113
2396,CH_Pump_Hydro_Closed,2050,1,206,206,2.69787036166459
2397,CH_Pump_Hydro_Closed,2050,1,207,207,1.6795678424138818
2398,CH_Pump_Hydro_Closed,2050,1,208,208,1.90259789495386
2399,CH_Pump_Hydro_Closed,2050,1,209,209,2.0651869662717988
2400,CH_Pump_Hydro_Closed,2050,1,210,210,1.1673917856992444
2401,CH_Pump_Hydro_Closed,2050,1,211,211,0.4919532318734888
2402,CH_Pump_Hydro_Closed,2050,1,212,212,0.0
2403,CH_Pump_Hydro_Closed,2050,1,213,213,0.44687884531210853
2404,CH_Pump_Hydro_Closed,2050,1,214,214,1.1404896967428666
2405,CH_Pump_Hydro_Closed,2050,1,215,215,1.792667245879174
2406,CH_Pump_Hydro_Closed,2050,1,216,216,2.118335874554664
2407,CH_Pump_Hydro_Closed,2050,1,217,217,2.3604117364585395
2408,CH_Pump_Hydro_Closed,2050,1,218,218,3.054022587889298
2409,CH_Pump_Hydro_Closed,2050,1,219,219,3.7476334393200563
2410,CH_Pump_Hydro_Closed,2050,1,220,220,4.441244290750815
2411,CH_Pump_Hydro_Closed,2050,1,221,221,5.134855142181573
2412,CH_Pump_Hydro_Closed,2050,1,222,222,5.8284659936123315
2413,CH_Pump_Hydro_Closed,2050,1,223,223,6.52207684504309
2414,CH_Pump_Hydro_Closed,2050,1,224,224,7.215687696473848
2415,CH_Pump_Hydro_Closed,2050,1,225,225,7.325193904577329
2416,CH_Pump_Hydro_Closed,2050,1,226,226,7.353980134244549
2417,CH_Pump_Hydro_Closed,2050,1,227,227,7.433388634780757
2418,CH_Pump_Hydro_Closed,2050,1,228,228,6.9272683487176145
2419,CH_Pump_Hydro_Closed,2050,1,229,229,5.775938151691858
2420,CH_Pump_Hydro_Closed,2050,1,230,230,4.83651343507145
2421,CH_Pump_Hydro_Closed,2050,1,231,231,5.211891643133819
2422,CH_Pump_Hydro_Closed,2050,1,232,232,5.905502494564577
2423,CH_Pump_Hydro_Closed,2050,1,233,233,6.5991133459953355
2424,CH_Pump_Hydro_Closed,2050,1,234,234,7.2165751800849005
2425,CH_Pump_Hydro_Closed,2050,1,235,235,7.245828354250335
2426,CH_Pump_Hydro_Closed,2050,1,236,236,6.507332681325693
2427,CH_Pump_Hydro_Closed,2050,1,237,237,5.729746522676301
2428,CH_Pump_Hydro_Closed,2050,1,238,238,5.169179802814931
2429,CH_Pump_Hydro_Closed,2050,1,239,239,4.573880899449296
2430,CH_Pump_Hydro_Closed,2050,1,240,240,3.872653738806992
2431,CH_Pump_Hydro_Closed,2050,1,241,241,3.2471421856032188
2432,CH_Pump_Hydro_Closed,2050,1,242,242,3.9407530370339767
2433,CH_Pump_Hydro_Closed,2050,1,243,243,4.634363888464735
2434,CH_Pump_Hydro_Closed,2050,1,244,244,4.187278129212906
2435,CH_Pump_Hydro_Closed,2050,1,245,245,3.194766153202657
2436,CH_Pump_Hydro_Closed,2050,1,246,246,3.8883770046334156
2437,CH_Pump_Hydro_Closed,2050,1,247,247,4.581987856064174
2438,CH_Pump_Hydro_Closed,2050,1,248,248,4.104240029515861
2439,CH_Pump_Hydro_Closed,2050,1,249,249,3.7306446033855245
2440,CH_Pump_Hydro_Closed,2050,1,250,250,2.980478409135202
2441,CH_Pump_Hydro_Closed,2050,1,251,251,2.295751652371929
2442,CH_Pump_Hydro_Closed,2050,1,252,252,2.9893625038026874
2443,CH_Pump_Hydro_Closed,2050,1,253,253,3.682973355233446
2444,CH_Pump_Hydro_Closed,2050,1,254,254,3.9558430702331684
2445,CH_Pump_Hydro_Closed,2050,1,255,255,3.5352265848026043
2446,CH_Pump_Hydro_Closed,2050,1,256,256,3.280245195970604
2447,CH_Pump_Hydro_Closed,2050,1,257,257,2.941034580993433
2448,CH_Pump_Hydro_Closed,2050,1,258,258,2.5943215334987713
2449,CH_Pump_Hydro_Closed,2050,1,259,259,3.1749195658045144
2450,CH_Pump_Hydro_Closed,2050,1,260,260,3.0324219436637563
2451,CH_Pump_Hydro_Closed,2050,1,261,261,2.299604788027965
2452,CH_Pump_Hydro_Closed,2050,1,262,262,2.3235261285831363
2453,CH_Pump_Hydro_Closed,2050,1,263,263,3.0171369800138947
2454,CH_Pump_Hydro_Closed,2050,1,264,264,3.710747831444653
2455,CH_Pump_Hydro_Closed,2050,1,265,265,4.252507761390895
2456,CH_Pump_Hydro_Closed,2050,1,266,266,4.911452870272797
2457,CH_Pump_Hydro_Closed,2050,1,267,267,5.492800551807451
2458,CH_Pump_Hydro_Closed,2050,1,268,268,6.084809999133762
2459,CH_Pump_Hydro_Closed,2050,1,269,269,6.778420850564521
2460,CH_Pump_Hydro_Closed,2050,1,270,270,7.3926899340012255
2461,CH_Pump_Hydro_Closed,2050,1,271,271,7.959954473184331
2462,CH_Pump_Hydro_Closed,2050,1,272,272,8.574071488084826
2463,CH_Pump_Hydro_Closed,2050,1,273,273,8.975987827678946
2464,CH_Pump_Hydro_Closed,2050,1,274,274,8.286537173715981
2465,CH_Pump_Hydro_Closed,2050,1,275,275,7.332879587294219
2466,CH_Pump_Hydro_Closed,2050,1,276,276,8.026490438724977
2467,CH_Pump_Hydro_Closed,2050,1,277,277,8.720101290155736
2468,CH_Pump_Hydro_Closed,2050,1,278,278,9.362551942819502
2469,CH_Pump_Hydro_Closed,2050,1,279,279,8.685430593729695
2470,CH_Pump_Hydro_Closed,2050,1,280,280,8.236456888711402
2471,CH_Pump_Hydro_Closed,2050,1,281,281,8.697704731356067
2472,CH_Pump_Hydro_Closed,2050,1,282,282,9.391315582786826
2473,CH_Pump_Hydro_Closed,2050,1,283,283,10.084926434217584
2474,CH_Pump_Hydro_Closed,2050,1,284,284,10.692675674421249
2475,CH_Pump_Hydro_Closed,2050,1,285,285,11.23627920567519
2476,CH_Pump_Hydro_Closed,2050,1,286,286,11.392264008448606
2477,CH_Pump_Hydro_Closed,2050,1,287,287,11.526923267937839
2478,CH_Pump_Hydro_Closed,2050,1,288,288,11.01304715153599
2479,CH_Pump_Hydro_Closed,2050,1,289,289,10.628507596914602
2480,CH_Pump_Hydro_Closed,2050,1,290,290,11.32211844834536
2481,CH_Pump_Hydro_Closed,2050,1,291,291,12.015729299776119
2482,CH_Pump_Hydro_Closed,2050,1,292,292,12.709340151206877
2483,CH_Pump_Hydro_Closed,2050,1,293,293,13.402951002637636
2484,CH_Pump_Hydro_Closed,2050,1,294,294,13.99636817619053
2485,CH_Pump_Hydro_Closed,2050,1,295,295,13.748758650355747
2486,CH_Pump_Hydro_Closed,2050,1,296,296,13.15493962367814
2487,CH_Pump_Hydro_Closed,2050,1,297,297,13.70547877189439
2488,CH_Pump_Hydro_Closed,2050,1,298,298,13.101752471342273
2489,CH_Pump_Hydro_Closed,2050,1,299,299,13.51439037163857
2490,CH_Pump_Hydro_Closed,2050,1,300,300,13.956545881378375
2491,CH_Pump_Hydro_Closed,2050,1,301,301,14.17521058703633
2492,CH_Pump_Hydro_Closed,2050,1,302,302,14.81133614128296
2493,CH_Pump_Hydro_Closed,2050,1,303,303,15.422843075874114
2494,CH_Pump_Hydro_Closed,2050,1,304,304,15.698559669201648
2495,CH_Pump_Hydro_Closed,2050,1,305,305,15.315923841312136
2496,CH_Pump_Hydro_Closed,2050,1,306,306,15.115154641873662
2497,CH_Pump_Hydro_Closed,2050,1,307,307,15.79322516587044
2498,CH_Pump_Hydro_Closed,2050,1,308,308,16.486836017301197
2499,CH_Pump_Hydro_Closed,2050,1,309,309,17.17394335854558
2500,CH_Pump_Hydro_Closed,2050,1,310,310,17.75137965261421
2501,CH_Pump_Hydro_Closed,2050,1,311,311,17.926970712054718
2502,CH_Pump_Hydro_Closed,2050,1,312,312,17.84367499101513
2503,CH_Pump_Hydro_Closed,2050,1,313,313,18.151004474053916
2504,CH_Pump_Hydro_Closed,2050,1,314,314,18.36765677630877
2505,CH_Pump_Hydro_Closed,2050,1,315,315,18.336487993816156
2506,CH_Pump_Hydro_Closed,2050,1,316,316,18.24715554141737
2507,CH_Pump_Hydro_Closed,2050,1,317,317,18.395719719379887
2508,CH_Pump_Hydro_Closed,2050,1,318,318,18.703049202418672
2509,CH_Pump_Hydro_Closed,2050,1,319,319,19.150884971950575
2510,CH_Pump_Hydro_Closed,2050,1,320,320,19.531904877375673
2511,CH_Pump_Hydro_Closed,2050,1,321,321,19.77010867865934
2512,CH_Pump_Hydro_Closed,2050,1,322,322,20.013466874754997
2513,CH_Pump_Hydro_Closed,2050,1,323,323,20.320796357793782
2514,CH_Pump_Hydro_Closed,2050,1,324,324,20.72502902703931
2515,CH_Pump_Hydro_Closed,2050,1,325,325,21.13711243169849
2516,CH_Pump_Hydro_Closed,2050,1,326,326,21.581825269983142
2517,CH_Pump_Hydro_Closed,2050,1,327,327,22.221801308098833
2518,CH_Pump_Hydro_Closed,2050,1,328,328,22.43182855494261
2519,CH_Pump_Hydro_Closed,2050,1,329,329,22.751356948481476
2520,CH_Pump_Hydro_Closed,2050,1,330,330,23.214858550256817
2521,CH_Pump_Hydro_Closed,2050,1,331,331,23.522188033295603
2522,CH_Pump_Hydro_Closed,2050,1,332,332,23.829517516334388
2523,CH_Pump_Hydro_Closed,2050,1,333,333,24.136846999373173
2524,CH_Pump_Hydro_Closed,2050,1,334,334,24.444176482411958
2525,CH_Pump_Hydro_Closed,2050,1,335,335,24.751505965450743
2526,CH_Pump_Hydro_Closed,2050,1,336,336,25.01184854456514
2527,CH_Pump_Hydro_Closed,2050,1,337,337,25.35092014244412
2528,CH_Pump_Hydro_Closed,2050,1,338,338,25.658249625482906
2529,CH_Pump_Hydro_Closed,2050,1,339,339,25.96557910852169
2530,CH_Pump_Hydro_Closed,2050,1,340,340,26.272908591560476
2531,CH_Pump_Hydro_Closed,2050,1,341,341,26.58023807459926
2532,CH_Pump_Hydro_Closed,2050,1,342,342,26.91437960614736
2533,CH_Pump_Hydro_Closed,2050,1,343,343,27.221709089186145
2534,CH_Pump_Hydro_Closed,2050,1,344,344,27.52903857222493
2535,CH_Pump_Hydro_Closed,2050,1,345,345,27.836368055263716
2536,CH_Pump_Hydro_Closed,2050,1,346,346,28.156525528270013
2537,CH_Pump_Hydro_Closed,2050,1,347,347,28.67951347512314
2538,CH_Pump_Hydro_Closed,2050,1,348,348,29.244065864246817
2539,CH_Pump_Hydro_Closed,2050,1,349,349,29.819974440665185
2540,CH_Pump_Hydro_Closed,2050,1,350,350,30.17956236541592
2541,CH_Pump_Hydro_Closed,2050,1,351,351,30.486891848454704
2542,CH_Pump_Hydro_Closed,2050,1,352,352,30.79422133149349
2543,CH_Pump_Hydro_Closed,2050,1,353,353,31.101550814532274
2544,CH_Pump_Hydro_Closed,2050,1,354,354,31.40888029757106
2545,CH_Pump_Hydro_Closed,2050,1,355,355,31.716209780609844
2546,CH_Pump_Hydro_Closed,2050,1,356,356,32.02353926364863
2547,CH_Pump_Hydro_Closed,2050,1,357,357,32.330868746687415
2548,CH_Pump_Hydro_Closed,2050,1,358,358,32.6381982297262
2549,CH_Pump_Hydro_Closed,2050,1,359,359,32.945527712764985
2550,CH_Pump_Hydro_Closed,2050,1,360,360,33.25693387474229
2551,CH_Pump_Hydro_Closed,2050,1,361,361,33.635060291953586
2552,CH_Pump_Hydro_Closed,2050,1,362,362,34.025962715113586
2553,CH_Pump_Hydro_Closed,2050,1,363,363,34.38534103392243
2554,CH_Pump_Hydro_Closed,2050,1,364,364,34.692670516961215
2555,CH_Pump_Hydro_Closed,2050,1,365,365,35.0
2556,CH_Pump_Hydro_Open,2050,1,1,1,5221.74612855928
2557,CH_Pump_Hydro_Open,2050,1,2,2,5163.492257118561
2558,CH_Pump_Hydro_Open,2050,1,3,3,5105.238385677841
2559,CH_Pump_Hydro_Open,2050,1,4,4,5046.984514237121
2560,CH_Pump_Hydro_Open,2050,1,5,5,4999.948596740698
2561,CH_Pump_Hydro_Open,2050,1,6,6,4976.681712480399
2562,CH_Pump_Hydro_Open,2050,1,7,7,4918.427841039679
2563,CH_Pump_Hydro_Open,2050,1,8,8,4860.173969598959
2564,CH_Pump_Hydro_Open,2050,1,9,9,4801.920098158239
2565,CH_Pump_Hydro_Open,2050,1,10,10,4743.666226717519
2566,CH_Pump_Hydro_Open,2050,1,11,11,4685.412355276799
2567,CH_Pump_Hydro_Open,2050,1,12,12,4627.158483836079
2568,CH_Pump_Hydro_Open,2050,1,13,13,4568.9046123953585
2569,CH_Pump_Hydro_Open,2050,1,14,14,4510.650740954638
2570,CH_Pump_Hydro_Open,2050,1,15,15,4452.396869513918
2571,CH_Pump_Hydro_Open,2050,1,16,16,4394.142998073198
2572,CH_Pump_Hydro_Open,2050,1,17,17,4335.889126632478
2573,CH_Pump_Hydro_Open,2050,1,18,18,4325.077983493907
2574,CH_Pump_Hydro_Open,2050,1,19,19,4365.249821657266
2575,CH_Pump_Hydro_Open,2050,1,20,20,4376.560377043492
2576,CH_Pump_Hydro_Open,2050,1,21,21,4387.778723757783
2577,CH_Pump_Hydro_Open,2050,1,22,22,4427.950561921142
2578,CH_Pump_Hydro_Open,2050,1,23,23,4439.67559523075
2579,CH_Pump_Hydro_Open,2050,1,24,24,4389.400924265289
2580,CH_Pump_Hydro_Open,2050,1,25,25,4391.005327705077
2581,CH_Pump_Hydro_Open,2050,1,26,26,4345.960986906964
2582,CH_Pump_Hydro_Open,2050,1,27,27,4319.952105061991
2583,CH_Pump_Hydro_Open,2050,1,28,28,4261.69823362127
2584,CH_Pump_Hydro_Open,2050,1,29,29,4203.44436218055
2585,CH_Pump_Hydro_Open,2050,1,30,30,4145.19049073983
2586,CH_Pump_Hydro_Open,2050,1,31,31,4118.855096333844
2587,CH_Pump_Hydro_Open,2050,1,32,32,4061.828154702628
2588,CH_Pump_Hydro_Open,2050,1,33,33,4041.322193381827
2589,CH_Pump_Hydro_Open,2050,1,34,34,4058.7897909571725
2590,CH_Pump_Hydro_Open,2050,1,35,35,4093.1672021588074
2591,CH_Pump_Hydro_Open,2050,1,36,36,4107.207031184213
2592,CH_Pump_Hydro_Open,2050,1,37,37,4048.953159743493
2593,CH_Pump_Hydro_Open,2050,1,38,38,3990.6992883027733
2594,CH_Pump_Hydro_Open,2050,1,39,39,3932.4454168620537
2595,CH_Pump_Hydro_Open,2050,1,40,40,3889.5003568903435
2596,CH_Pump_Hydro_Open,2050,1,41,41,3873.3499666526304
2597,CH_Pump_Hydro_Open,2050,1,42,42,3893.052197540741
2598,CH_Pump_Hydro_Open,2050,1,43,43,3901.182790524804
2599,CH_Pump_Hydro_Open,2050,1,44,44,3899.6249717751675
2600,CH_Pump_Hydro_Open,2050,1,45,45,3910.9583655932743
2601,CH_Pump_Hydro_Open,2050,1,46,46,3864.9276343394927
2602,CH_Pump_Hydro_Open,2050,1,47,47,3817.7490014460514
2603,CH_Pump_Hydro_Open,2050,1,48,48,3766.5986735395727
2604,CH_Pump_Hydro_Open,2050,1,49,49,3712.7569631138026
2605,CH_Pump_Hydro_Open,2050,1,50,50,3654.503091673083
2606,CH_Pump_Hydro_Open,2050,1,51,51,3605.7180365582885
2607,CH_Pump_Hydro_Open,2050,1,52,52,3572.3830111483835
2608,CH_Pump_Hydro_Open,2050,1,53,53,3528.3859068560305
2609,CH_Pump_Hydro_Open,2050,1,54,54,3470.132035415311
2610,CH_Pump_Hydro_Open,2050,1,55,55,3422.011245412711
2611,CH_Pump_Hydro_Open,2050,1,56,56,3430.1318963254166
2612,CH_Pump_Hydro_Open,2050,1,57,57,3423.050354924092
2613,CH_Pump_Hydro_Open,2050,1,58,58,3430.1420654755852
2614,CH_Pump_Hydro_Open,2050,1,59,59,3418.580619176558
2615,CH_Pump_Hydro_Open,2050,1,60,60,3360.326747735838
2616,CH_Pump_Hydro_Open,2050,1,61,61,3302.0728762951185
2617,CH_Pump_Hydro_Open,2050,1,62,62,3245.0501360059625
2618,CH_Pump_Hydro_Open,2050,1,63,63,3224.4055563994443
2619,CH_Pump_Hydro_Open,2050,1,64,64,3223.890545070586
2620,CH_Pump_Hydro_Open,2050,1,65,65,3171.913395904361
2621,CH_Pump_Hydro_Open,2050,1,66,66,3113.6595244636414
2622,CH_Pump_Hydro_Open,2050,1,67,67,3059.606437840177
2623,CH_Pump_Hydro_Open,2050,1,68,68,3052.4477133808978
2624,CH_Pump_Hydro_Open,2050,1,69,69,3033.883927883349
2625,CH_Pump_Hydro_Open,2050,1,70,70,3036.3172372329736
2626,CH_Pump_Hydro_Open,2050,1,71,71,3014.7039106952984
2627,CH_Pump_Hydro_Open,2050,1,72,72,2979.3528742424774
2628,CH_Pump_Hydro_Open,2050,1,73,73,2945.22117467144
2629,CH_Pump_Hydro_Open,2050,1,74,74,2904.2175622144114
2630,CH_Pump_Hydro_Open,2050,1,75,75,2870.7973179491332
2631,CH_Pump_Hydro_Open,2050,1,76,76,2860.356056858448
2632,CH_Pump_Hydro_Open,2050,1,77,77,2885.190535727916
2633,CH_Pump_Hydro_Open,2050,1,78,78,2911.095854376218
2634,CH_Pump_Hydro_Open,2050,1,79,79,2935.1935483859143
2635,CH_Pump_Hydro_Open,2050,1,80,80,2902.3469282485253
2636,CH_Pump_Hydro_Open,2050,1,81,81,2892.6861114227922
2637,CH_Pump_Hydro_Open,2050,1,82,82,2864.791986985535
2638,CH_Pump_Hydro_Open,2050,1,83,83,2889.212111275858
2639,CH_Pump_Hydro_Open,2050,1,84,84,2897.269169093313
2640,CH_Pump_Hydro_Open,2050,1,85,85,2845.162161546186
2641,CH_Pump_Hydro_Open,2050,1,86,86,2822.468891165698
2642,CH_Pump_Hydro_Open,2050,1,87,87,2797.530978231759
2643,CH_Pump_Hydro_Open,2050,1,88,88,2739.2771067910394
2644,CH_Pump_Hydro_Open,2050,1,89,89,2681.0232353503197
2645,CH_Pump_Hydro_Open,2050,1,90,90,2622.7693639096
2646,CH_Pump_Hydro_Open,2050,1,91,91,2567.0798751983993
2647,CH_Pump_Hydro_Open,2050,1,92,92,2531.709736219416
2648,CH_Pump_Hydro_Open,2050,1,93,93,2555.816143312628
2649,CH_Pump_Hydro_Open,2050,1,94,94,2574.3156704344683
2650,CH_Pump_Hydro_Open,2050,1,95,95,2604.766049803135
2651,CH_Pump_Hydro_Open,2050,1,96,96,2631.1048727940397
2652,CH_Pump_Hydro_Open,2050,1,97,97,2623.222049627615
2653,CH_Pump_Hydro_Open,2050,1,98,98,2627.5184699518904
2654,CH_Pump_Hydro_Open,2050,1,99,99,2633.817998629781
2655,CH_Pump_Hydro_Open,2050,1,100,100,2652.2806574942133
2656,CH_Pump_Hydro_Open,2050,1,101,101,2642.515481360205
2657,CH_Pump_Hydro_Open,2050,1,102,102,2619.287108913471
2658,CH_Pump_Hydro_Open,2050,1,103,103,2609.7763717215266
2659,CH_Pump_Hydro_Open,2050,1,104,104,2594.0898914925665
2660,CH_Pump_Hydro_Open,2050,1,105,105,2593.6037411556777
2661,CH_Pump_Hydro_Open,2050,1,106,106,2596.122341565714
2662,CH_Pump_Hydro_Open,2050,1,107,107,2592.397645544977
2663,CH_Pump_Hydro_Open,2050,1,108,108,2595.813495888945
2664,CH_Pump_Hydro_Open,2050,1,109,109,2606.4367157653605
2665,CH_Pump_Hydro_Open,2050,1,110,110,2608.580073937247
2666,CH_Pump_Hydro_Open,2050,1,111,111,2623.236820360039
2667,CH_Pump_Hydro_Open,2050,1,112,112,2644.143501561558
2668,CH_Pump_Hydro_Open,2050,1,113,113,2670.2972724636747
2669,CH_Pump_Hydro_Open,2050,1,114,114,2700.2748050135174
2670,CH_Pump_Hydro_Open,2050,1,115,115,2723.861961502161
2671,CH_Pump_Hydro_Open,2050,1,116,116,2762.6953681748
2672,CH_Pump_Hydro_Open,2050,1,117,117,2802.7119778287906
2673,CH_Pump_Hydro_Open,2050,1,118,118,2833.2558431378475
2674,CH_Pump_Hydro_Open,2050,1,119,119,2840.8891149759297
2675,CH_Pump_Hydro_Open,2050,1,120,120,2867.0428858780465
2676,CH_Pump_Hydro_Open,2050,1,121,121,2893.1966567801633
2677,CH_Pump_Hydro_Open,2050,1,122,122,2919.35042768228
2678,CH_Pump_Hydro_Open,2050,1,123,123,2949.403888492785
2679,CH_Pump_Hydro_Open,2050,1,124,124,2975.5576593949017
2680,CH_Pump_Hydro_Open,2050,1,125,125,3001.7114302970185
2681,CH_Pump_Hydro_Open,2050,1,126,126,3022.0958671736153
2682,CH_Pump_Hydro_Open,2050,1,127,127,3048.249638075732
2683,CH_Pump_Hydro_Open,2050,1,128,128,3074.403408977849
2684,CH_Pump_Hydro_Open,2050,1,129,129,3100.5571798799656
2685,CH_Pump_Hydro_Open,2050,1,130,130,3126.7109507820824
2686,CH_Pump_Hydro_Open,2050,1,131,131,3152.864721684199
2687,CH_Pump_Hydro_Open,2050,1,132,132,3179.018492586316
2688,CH_Pump_Hydro_Open,2050,1,133,133,3205.1722634884327
2689,CH_Pump_Hydro_Open,2050,1,134,134,3235.9431642114855
2690,CH_Pump_Hydro_Open,2050,1,135,135,3267.5985491617107
2691,CH_Pump_Hydro_Open,2050,1,136,136,3295.7478304021024
2692,CH_Pump_Hydro_Open,2050,1,137,137,3321.901601304219
2693,CH_Pump_Hydro_Open,2050,1,138,138,3348.055372206336
2694,CH_Pump_Hydro_Open,2050,1,139,139,3374.2091431084527
2695,CH_Pump_Hydro_Open,2050,1,140,140,3408.4087576446504
2696,CH_Pump_Hydro_Open,2050,1,141,141,3444.174873850657
2697,CH_Pump_Hydro_Open,2050,1,142,142,3473.1145591207114
2698,CH_Pump_Hydro_Open,2050,1,143,143,3501.0453464413426
2699,CH_Pump_Hydro_Open,2050,1,144,144,3535.076911490788
2700,CH_Pump_Hydro_Open,2050,1,145,145,3571.2501504936736
2701,CH_Pump_Hydro_Open,2050,1,146,146,3601.7179906159495
2702,CH_Pump_Hydro_Open,2050,1,147,147,3629.894479199999
2703,CH_Pump_Hydro_Open,2050,1,148,148,3656.0482501021156
2704,CH_Pump_Hydro_Open,2050,1,149,149,3684.363693799092
2705,CH_Pump_Hydro_Open,2050,1,150,150,3710.5174647012086
2706,CH_Pump_Hydro_Open,2050,1,151,151,3735.3352657468977
2707,CH_Pump_Hydro_Open,2050,1,152,152,3761.4890366490145
2708,CH_Pump_Hydro_Open,2050,1,153,153,3787.642807551131
2709,CH_Pump_Hydro_Open,2050,1,154,154,3813.796578453248
2710,CH_Pump_Hydro_Open,2050,1,155,155,3839.950349355365
2711,CH_Pump_Hydro_Open,2050,1,156,156,3868.569141930972
2712,CH_Pump_Hydro_Open,2050,1,157,157,3894.7229128330887
2713,CH_Pump_Hydro_Open,2050,1,158,158,3920.8766837352055
2714,CH_Pump_Hydro_Open,2050,1,159,159,3947.0304546373222
2715,CH_Pump_Hydro_Open,2050,1,160,160,3976.921130499827
2716,CH_Pump_Hydro_Open,2050,1,161,161,4003.074901401944
2717,CH_Pump_Hydro_Open,2050,1,162,162,4033.2590964333767
2718,CH_Pump_Hydro_Open,2050,1,163,163,4069.025817929492
2719,CH_Pump_Hydro_Open,2050,1,164,164,4105.7922506092755
2720,CH_Pump_Hydro_Open,2050,1,165,165,4131.946021511392
2721,CH_Pump_Hydro_Open,2050,1,166,166,4159.868939867463
2722,CH_Pump_Hydro_Open,2050,1,167,167,4194.89721099842
2723,CH_Pump_Hydro_Open,2050,1,168,168,4225.539111878868
2724,CH_Pump_Hydro_Open,2050,1,169,169,4246.568868051405
2725,CH_Pump_Hydro_Open,2050,1,170,170,4278.3116842182135
2726,CH_Pump_Hydro_Open,2050,1,171,171,4318.483522381573
2727,CH_Pump_Hydro_Open,2050,1,172,172,4358.655360544932
2728,CH_Pump_Hydro_Open,2050,1,173,173,4398.050008618386
2729,CH_Pump_Hydro_Open,2050,1,174,174,4429.131748780218
2730,CH_Pump_Hydro_Open,2050,1,175,175,4455.285519682335
2731,CH_Pump_Hydro_Open,2050,1,176,176,4484.222626971942
2732,CH_Pump_Hydro_Open,2050,1,177,177,4522.2864055375485
2733,CH_Pump_Hydro_Open,2050,1,178,178,4562.458243700908
2734,CH_Pump_Hydro_Open,2050,1,179,179,4602.630081864267
2735,CH_Pump_Hydro_Open,2050,1,180,180,4640.442542224279
2736,CH_Pump_Hydro_Open,2050,1,181,181,4678.995109614652
2737,CH_Pump_Hydro_Open,2050,1,182,182,4714.977494473105
2738,CH_Pump_Hydro_Open,2050,1,183,183,4749.254327614554
2739,CH_Pump_Hydro_Open,2050,1,184,184,4784.741872952605
2740,CH_Pump_Hydro_Open,2050,1,185,185,4822.374358699442
2741,CH_Pump_Hydro_Open,2050,1,186,186,4862.5461968628015
2742,CH_Pump_Hydro_Open,2050,1,187,187,4888.699967764918
2743,CH_Pump_Hydro_Open,2050,1,188,188,4914.853738667035
2744,CH_Pump_Hydro_Open,2050,1,189,189,4920.471963453042
2745,CH_Pump_Hydro_Open,2050,1,190,190,4936.100517721678
2746,CH_Pump_Hydro_Open,2050,1,191,191,4962.254288623795
2747,CH_Pump_Hydro_Open,2050,1,192,192,4998.22356678126
2748,CH_Pump_Hydro_Open,2050,1,193,193,5038.246180696155
2749,CH_Pump_Hydro_Open,2050,1,194,194,5078.418018859514
2750,CH_Pump_Hydro_Open,2050,1,195,195,5118.589857022873
2751,CH_Pump_Hydro_Open,2050,1,196,196,5156.415182781734
2752,CH_Pump_Hydro_Open,2050,1,197,197,5193.418958919015
2753,CH_Pump_Hydro_Open,2050,1,198,198,5227.928331826913
2754,CH_Pump_Hydro_Open,2050,1,199,199,5255.946795185444
2755,CH_Pump_Hydro_Open,2050,1,200,200,5290.9410549294
2756,CH_Pump_Hydro_Open,2050,1,201,201,5326.641834914359
2757,CH_Pump_Hydro_Open,2050,1,202,202,5356.757993219965
2758,CH_Pump_Hydro_Open,2050,1,203,203,5387.519448534139
2759,CH_Pump_Hydro_Open,2050,1,204,204,5419.657999045825
2760,CH_Pump_Hydro_Open,2050,1,205,205,5457.13274312781
2761,CH_Pump_Hydro_Open,2050,1,206,206,5474.10139040663
2762,CH_Pump_Hydro_Open,2050,1,207,207,5483.009818477911
2763,CH_Pump_Hydro_Open,2050,1,208,208,5498.17632167635
2764,CH_Pump_Hydro_Open,2050,1,209,209,5529.601111130018
2765,CH_Pump_Hydro_Open,2050,1,210,210,5554.247084141408
2766,CH_Pump_Hydro_Open,2050,1,211,211,5585.06773077708
2767,CH_Pump_Hydro_Open,2050,1,212,212,5617.141660443669
2768,CH_Pump_Hydro_Open,2050,1,213,213,5655.628213739757
2769,CH_Pump_Hydro_Open,2050,1,214,214,5695.800051903116
2770,CH_Pump_Hydro_Open,2050,1,215,215,5735.6888829347445
2771,CH_Pump_Hydro_Open,2050,1,216,216,5773.347518738206
2772,CH_Pump_Hydro_Open,2050,1,217,217,5810.435180280689
2773,CH_Pump_Hydro_Open,2050,1,218,218,5850.607018444048
2774,CH_Pump_Hydro_Open,2050,1,219,219,5890.778856607407
2775,CH_Pump_Hydro_Open,2050,1,220,220,5930.950694770766
2776,CH_Pump_Hydro_Open,2050,1,221,221,5971.122532934125
2777,CH_Pump_Hydro_Open,2050,1,222,222,6011.294371097484
2778,CH_Pump_Hydro_Open,2050,1,223,223,6051.466209260843
2779,CH_Pump_Hydro_Open,2050,1,224,224,6091.638047424202
2780,CH_Pump_Hydro_Open,2050,1,225,225,6127.820201671853
2781,CH_Pump_Hydro_Open,2050,1,226,226,6163.451004028497
2782,CH_Pump_Hydro_Open,2050,1,227,227,6199.427578092607
2783,CH_Pump_Hydro_Open,2050,1,228,228,6231.404740734864
2784,CH_Pump_Hydro_Open,2050,1,229,229,6257.569657258207
2785,CH_Pump_Hydro_Open,2050,1,230,230,6286.587165775216
2786,CH_Pump_Hydro_Open,2050,1,231,231,6324.5853392139325
2787,CH_Pump_Hydro_Open,2050,1,232,232,6364.757177377292
2788,CH_Pump_Hydro_Open,2050,1,233,233,6404.929015540651
2789,CH_Pump_Hydro_Open,2050,1,234,234,6444.580723427434
2790,CH_Pump_Hydro_Open,2050,1,235,235,6461.217876919503
2791,CH_Pump_Hydro_Open,2050,1,236,236,6473.027488775901
2792,CH_Pump_Hydro_Open,2050,1,237,237,6469.740176038101
2793,CH_Pump_Hydro_Open,2050,1,238,238,6484.457266372728
2794,CH_Pump_Hydro_Open,2050,1,239,239,6492.24774643041
2795,CH_Pump_Hydro_Open,2050,1,240,240,6510.7585009574905
2796,CH_Pump_Hydro_Open,2050,1,241,241,6541.9201703082135
2797,CH_Pump_Hydro_Open,2050,1,242,242,6582.092008471573
2798,CH_Pump_Hydro_Open,2050,1,243,243,6622.263846634932
2799,CH_Pump_Hydro_Open,2050,1,244,244,6648.132124208906
2800,CH_Pump_Hydro_Open,2050,1,245,245,6674.110850393315
2801,CH_Pump_Hydro_Open,2050,1,246,246,6714.282688556674
2802,CH_Pump_Hydro_Open,2050,1,247,247,6754.454526720033
2803,CH_Pump_Hydro_Open,2050,1,248,248,6754.738133412546
2804,CH_Pump_Hydro_Open,2050,1,249,249,6761.868663760542
2805,CH_Pump_Hydro_Open,2050,1,250,250,6777.816587526131
2806,CH_Pump_Hydro_Open,2050,1,251,251,6808.573791773031
2807,CH_Pump_Hydro_Open,2050,1,252,252,6848.74562993639
2808,CH_Pump_Hydro_Open,2050,1,253,253,6888.917468099749
2809,CH_Pump_Hydro_Open,2050,1,254,254,6909.766570309707
2810,CH_Pump_Hydro_Open,2050,1,255,255,6899.541994792347
2811,CH_Pump_Hydro_Open,2050,1,256,256,6907.592499212043
2812,CH_Pump_Hydro_Open,2050,1,257,257,6882.095169280935
2813,CH_Pump_Hydro_Open,2050,1,258,258,6859.232769467886
2814,CH_Pump_Hydro_Open,2050,1,259,259,6870.608585283489
2815,CH_Pump_Hydro_Open,2050,1,260,260,6848.745283308445
2816,CH_Pump_Hydro_Open,2050,1,261,261,6843.189777600002
2817,CH_Pump_Hydro_Open,2050,1,262,262,6864.627815689034
2818,CH_Pump_Hydro_Open,2050,1,263,263,6904.799653852393
2819,CH_Pump_Hydro_Open,2050,1,264,264,6944.971492015752
2820,CH_Pump_Hydro_Open,2050,1,265,265,6972.956793336045
2821,CH_Pump_Hydro_Open,2050,1,266,266,7004.295691087272
2822,CH_Pump_Hydro_Open,2050,1,267,267,7015.862519888091
2823,CH_Pump_Hydro_Open,2050,1,268,268,7055.340377114302
2824,CH_Pump_Hydro_Open,2050,1,269,269,7095.512215277661
2825,CH_Pump_Hydro_Open,2050,1,270,270,7115.46752099845
2826,CH_Pump_Hydro_Open,2050,1,271,271,7123.445920760672
2827,CH_Pump_Hydro_Open,2050,1,272,272,7143.36247893936
2828,CH_Pump_Hydro_Open,2050,1,273,273,7149.702885096925
2829,CH_Pump_Hydro_Open,2050,1,274,274,7141.9502432533345
2830,CH_Pump_Hydro_Open,2050,1,275,275,7147.583477052681
2831,CH_Pump_Hydro_Open,2050,1,276,276,7187.75531521604
2832,CH_Pump_Hydro_Open,2050,1,277,277,7227.927153379399
2833,CH_Pump_Hydro_Open,2050,1,278,278,7255.063211722239
2834,CH_Pump_Hydro_Open,2050,1,279,279,7248.097011535538
2835,CH_Pump_Hydro_Open,2050,1,280,280,7244.365331019271
2836,CH_Pump_Hydro_Open,2050,1,281,281,7282.950030697514
2837,CH_Pump_Hydro_Open,2050,1,282,282,7323.121868860873
2838,CH_Pump_Hydro_Open,2050,1,283,283,7363.293707024232
2839,CH_Pump_Hydro_Open,2050,1,284,284,7381.58773614918
2840,CH_Pump_Hydro_Open,2050,1,285,285,7420.734960316769
2841,CH_Pump_Hydro_Open,2050,1,286,286,7447.670088599457
2842,CH_Pump_Hydro_Open,2050,1,287,287,7473.320183583572
2843,CH_Pump_Hydro_Open,2050,1,288,288,7477.337230258643
2844,CH_Pump_Hydro_Open,2050,1,289,289,7489.212128741469
2845,CH_Pump_Hydro_Open,2050,1,290,290,7529.383966904828
2846,CH_Pump_Hydro_Open,2050,1,291,291,7569.5558050681875
2847,CH_Pump_Hydro_Open,2050,1,292,292,7609.727643231547
2848,CH_Pump_Hydro_Open,2050,1,293,293,7649.899481394906
2849,CH_Pump_Hydro_Open,2050,1,294,294,7664.541654785607
2850,CH_Pump_Hydro_Open,2050,1,295,295,7634.403414123632
2851,CH_Pump_Hydro_Open,2050,1,296,296,7621.805656906042
2852,CH_Pump_Hydro_Open,2050,1,297,297,7632.717977262372
2853,CH_Pump_Hydro_Open,2050,1,298,298,7632.427914404142
2854,CH_Pump_Hydro_Open,2050,1,299,299,7634.2900571992905
2855,CH_Pump_Hydro_Open,2050,1,300,300,7645.014832872912
2856,CH_Pump_Hydro_Open,2050,1,301,301,7654.620916013975
2857,CH_Pump_Hydro_Open,2050,1,302,302,7680.145319353587
2858,CH_Pump_Hydro_Open,2050,1,303,303,7699.396820846678
2859,CH_Pump_Hydro_Open,2050,1,304,304,7678.668696546736
2860,CH_Pump_Hydro_Open,2050,1,305,305,7673.213246129721
2861,CH_Pump_Hydro_Open,2050,1,306,306,7676.677146175665
2862,CH_Pump_Hydro_Open,2050,1,307,307,7712.889259950721
2863,CH_Pump_Hydro_Open,2050,1,308,308,7753.06109811408
2864,CH_Pump_Hydro_Open,2050,1,309,309,7791.575821393342
2865,CH_Pump_Hydro_Open,2050,1,310,310,7802.146016345415
2866,CH_Pump_Hydro_Open,2050,1,311,311,7770.700305773449
2867,CH_Pump_Hydro_Open,2050,1,312,312,7732.237211039943
2868,CH_Pump_Hydro_Open,2050,1,313,313,7673.983339599223
2869,CH_Pump_Hydro_Open,2050,1,314,314,7620.323569661934
2870,CH_Pump_Hydro_Open,2050,1,315,315,7579.219496849075
2871,CH_Pump_Hydro_Open,2050,1,316,316,7551.11849062594
2872,CH_Pump_Hydro_Open,2050,1,317,317,7500.908362058982
2873,CH_Pump_Hydro_Open,2050,1,318,318,7442.654490618262
2874,CH_Pump_Hydro_Open,2050,1,319,319,7420.202063625895
2875,CH_Pump_Hydro_Open,2050,1,320,320,7380.724743962938
2876,CH_Pump_Hydro_Open,2050,1,321,321,7335.854671687571
2877,CH_Pump_Hydro_Open,2050,1,322,322,7280.841864679833
2878,CH_Pump_Hydro_Open,2050,1,323,323,7222.587993239113
2879,CH_Pump_Hydro_Open,2050,1,324,324,7189.025358926911
2880,CH_Pump_Hydro_Open,2050,1,325,325,7157.463116731004
2881,CH_Pump_Hydro_Open,2050,1,326,326,7134.21495701838
2882,CH_Pump_Hydro_Open,2050,1,327,327,7160.720475778364
2883,CH_Pump_Hydro_Open,2050,1,328,328,7107.396360046038
2884,CH_Pump_Hydro_Open,2050,1,329,329,7052.250809432092
2885,CH_Pump_Hydro_Open,2050,1,330,330,7033.790085848868
2886,CH_Pump_Hydro_Open,2050,1,331,331,6975.536214408148
2887,CH_Pump_Hydro_Open,2050,1,332,332,6917.282342967428
2888,CH_Pump_Hydro_Open,2050,1,333,333,6859.028471526708
2889,CH_Pump_Hydro_Open,2050,1,334,334,6800.774600085988
2890,CH_Pump_Hydro_Open,2050,1,335,335,6742.520728645268
2891,CH_Pump_Hydro_Open,2050,1,336,336,6695.296908455631
2892,CH_Pump_Hydro_Open,2050,1,337,337,6645.131027876302
2893,CH_Pump_Hydro_Open,2050,1,338,338,6586.877156435582
2894,CH_Pump_Hydro_Open,2050,1,339,339,6528.623284994862
2895,CH_Pump_Hydro_Open,2050,1,340,340,6470.369413554142
2896,CH_Pump_Hydro_Open,2050,1,341,341,6412.115542113422
2897,CH_Pump_Hydro_Open,2050,1,342,342,6360.693465101344
2898,CH_Pump_Hydro_Open,2050,1,343,343,6302.439593660624
2899,CH_Pump_Hydro_Open,2050,1,344,344,6244.185722219904
2900,CH_Pump_Hydro_Open,2050,1,345,345,6185.931850779184
2901,CH_Pump_Hydro_Open,2050,1,346,346,6130.946591595384
2902,CH_Pump_Hydro_Open,2050,1,347,347,6127.643176143299
2903,CH_Pump_Hydro_Open,2050,1,348,348,6134.930511526041
2904,CH_Pump_Hydro_Open,2050,1,349,349,6145.111439207915
2905,CH_Pump_Hydro_Open,2050,1,350,350,6100.173183349987
2906,CH_Pump_Hydro_Open,2050,1,351,351,6041.919311909267
2907,CH_Pump_Hydro_Open,2050,1,352,352,5983.665440468547
2908,CH_Pump_Hydro_Open,2050,1,353,353,5925.411569027827
2909,CH_Pump_Hydro_Open,2050,1,354,354,5867.157697587107
2910,CH_Pump_Hydro_Open,2050,1,355,355,5808.903826146387
2911,CH_Pump_Hydro_Open,2050,1,356,356,5750.6499547056665
2912,CH_Pump_Hydro_Open,2050,1,357,357,5692.396083264946
2913,CH_Pump_Hydro_Open,2050,1,358,358,5634.142211824226
2914,CH_Pump_Hydro_Open,2050,1,359,359,5575.888340383506
2915,CH_Pump_Hydro_Open,2050,1,360,360,5518.673219579457
2916,CH_Pump_Hydro_Open,2050,1,361,361,5478.458630004002
2917,CH_Pump_Hydro_Open,2050,1,362,362,5441.499406993705
2918,CH_Pump_Hydro_Open,2050,1,363,363,5396.507742881439
2919,CH_Pump_Hydro_Open,2050,1,364,364,5338.25387144072
2920,CH_Pump_Hydro_Open,2050,1,365,365,5280.0
2921,CZ_Hydro_Reservoir,2050,1,1,1,1.239023947034329
2922,CZ_Hydro_Reservoir,2050,1,2,2,1.228047894068658
2923,CZ_Hydro_Reservoir,2050,1,3,3,1.217071841102987
2924,CZ_Hydro_Reservoir,2050,1,4,4,1.2060957881373162
2925,CZ_Hydro_Reservoir,2050,1,5,5,1.193547379368039
2926,CZ_Hydro_Reservoir,2050,1,6,6,1.1776674025124145
2927,CZ_Hydro_Reservoir,2050,1,7,7,1.1666913495467435
2928,CZ_Hydro_Reservoir,2050,1,8,8,1.1557152965810724
2929,CZ_Hydro_Reservoir,2050,1,9,9,1.1447392436154014
2930,CZ_Hydro_Reservoir,2050,1,10,10,1.1337631906497303
2931,CZ_Hydro_Reservoir,2050,1,11,11,1.1227871376840592
2932,CZ_Hydro_Reservoir,2050,1,12,12,1.1118110847183882
2933,CZ_Hydro_Reservoir,2050,1,13,13,1.1008350317527171
2934,CZ_Hydro_Reservoir,2050,1,14,14,1.089858978787046
2935,CZ_Hydro_Reservoir,2050,1,15,15,1.078882925821375
2936,CZ_Hydro_Reservoir,2050,1,16,16,1.067906872855704
2937,CZ_Hydro_Reservoir,2050,1,17,17,1.056930819890033
2938,CZ_Hydro_Reservoir,2050,1,18,18,1.0393049937522496
2939,CZ_Hydro_Reservoir,2050,1,19,19,1.0145331776297226
2940,CZ_Hydro_Reservoir,2050,1,20,20,0.9938066807962107
2941,CZ_Hydro_Reservoir,2050,1,21,21,0.9730931083195983
2942,CZ_Hydro_Reservoir,2050,1,22,22,0.9483212921970712
2943,CZ_Hydro_Reservoir,2050,1,23,23,0.9275367003872799
2944,CZ_Hydro_Reservoir,2050,1,24,24,0.9154422489830248
2945,CZ_Hydro_Reservoir,2050,1,25,25,0.8960762074000378
2946,CZ_Hydro_Reservoir,2050,1,26,26,0.8832486508293467
2947,CZ_Hydro_Reservoir,2050,1,27,27,0.8677530039359548
2948,CZ_Hydro_Reservoir,2050,1,28,28,0.8567769509702838
2949,CZ_Hydro_Reservoir,2050,1,29,29,0.8458008980046129
2950,CZ_Hydro_Reservoir,2050,1,30,30,0.8348248450389419
2951,CZ_Hydro_Reservoir,2050,1,31,31,0.8193749635251203
2952,CZ_Hydro_Reservoir,2050,1,32,32,0.8082269388954391
2953,CZ_Hydro_Reservoir,2050,1,33,33,0.7919599794199195
2954,CZ_Hydro_Reservoir,2050,1,34,34,0.7703704855490527
2955,CZ_Hydro_Reservoir,2050,1,35,35,0.7464108407821115
2956,CZ_Hydro_Reservoir,2050,1,36,36,0.7253017974283069
2957,CZ_Hydro_Reservoir,2050,1,37,37,0.714325744462636
2958,CZ_Hydro_Reservoir,2050,1,38,38,0.703349691496965
2959,CZ_Hydro_Reservoir,2050,1,39,39,0.6923736385312941
2960,CZ_Hydro_Reservoir,2050,1,40,40,0.6792518378937092
2961,CZ_Hydro_Reservoir,2050,1,41,41,0.6623743831795286
2962,CZ_Hydro_Reservoir,2050,1,42,42,0.6404716736656216
2963,CZ_Hydro_Reservoir,2050,1,43,43,0.6201908937928958
2964,CZ_Hydro_Reservoir,2050,1,44,44,0.6012680826275523
2965,CZ_Hydro_Reservoir,2050,1,45,45,0.5805383846629704
2966,CZ_Hydro_Reservoir,2050,1,46,46,0.578178658925739
2967,CZ_Hydro_Reservoir,2050,1,47,47,0.5750097551866108
2968,CZ_Hydro_Reservoir,2050,1,48,48,0.5665760456701391
2969,CZ_Hydro_Reservoir,2050,1,49,49,0.5587102100878861
2970,CZ_Hydro_Reservoir,2050,1,50,50,0.5477341571222152
2971,CZ_Hydro_Reservoir,2050,1,51,51,0.5434328553810577
2972,CZ_Hydro_Reservoir,2050,1,52,52,0.5289640717115276
2973,CZ_Hydro_Reservoir,2050,1,53,53,0.5186604225679323
2974,CZ_Hydro_Reservoir,2050,1,54,54,0.5076843696022614
2975,CZ_Hydro_Reservoir,2050,1,55,55,0.4952880211453842
2976,CZ_Hydro_Reservoir,2050,1,56,56,0.47500863479537
2977,CZ_Hydro_Reservoir,2050,1,57,57,0.45686005192620405
2978,CZ_Hydro_Reservoir,2050,1,58,58,0.43672488620292355
2979,CZ_Hydro_Reservoir,2050,1,59,59,0.4192042257249962
2980,CZ_Hydro_Reservoir,2050,1,60,60,0.40822817275932527
2981,CZ_Hydro_Reservoir,2050,1,61,61,0.3972521197936543
2982,CZ_Hydro_Reservoir,2050,1,62,62,0.3871439149178168
2983,CZ_Hydro_Reservoir,2050,1,63,63,0.3708963847666745
2984,CZ_Hydro_Reservoir,2050,1,64,64,0.35182740930896117
2985,CZ_Hydro_Reservoir,2050,1,65,65,0.3399715844397031
2986,CZ_Hydro_Reservoir,2050,1,66,66,0.32899553147403215
2987,CZ_Hydro_Reservoir,2050,1,67,67,0.32098069273385216
2988,CZ_Hydro_Reservoir,2050,1,68,68,0.30284292816807007
2989,CZ_Hydro_Reservoir,2050,1,69,69,0.31984518216616065
2990,CZ_Hydro_Reservoir,2050,1,70,70,0.30688179806168836
2991,CZ_Hydro_Reservoir,2050,1,71,71,0.2907700515718977
2992,CZ_Hydro_Reservoir,2050,1,72,72,0.295938648646776
2993,CZ_Hydro_Reservoir,2050,1,73,73,0.29263904035278454
2994,CZ_Hydro_Reservoir,2050,1,74,74,0.28335033619916816
2995,CZ_Hydro_Reservoir,2050,1,75,75,0.2898799859203837
2996,CZ_Hydro_Reservoir,2050,1,76,76,0.31260796400738833
2997,CZ_Hydro_Reservoir,2050,1,77,77,0.2899858969404816
2998,CZ_Hydro_Reservoir,2050,1,78,78,0.267213736447506
2999,CZ_Hydro_Reservoir,2050,1,79,79,0.244694940258339
3000,CZ_Hydro_Reservoir,2050,1,80,80,0.23015769964304456
3001,CZ_Hydro_Reservoir,2050,1,81,81,0.21237063891087488
3002,CZ_Hydro_Reservoir,2050,1,82,82,0.21983511042391998
3003,CZ_Hydro_Reservoir,2050,1,83,83,0.19727112104484334
3004,CZ_Hydro_Reservoir,2050,1,84,84,0.17700064817164343
3005,CZ_Hydro_Reservoir,2050,1,85,85,0.1651630248015065
3006,CZ_Hydro_Reservoir,2050,1,86,86,0.14920264780184275
3007,CZ_Hydro_Reservoir,2050,1,87,87,0.13355688938266758
3008,CZ_Hydro_Reservoir,2050,1,88,88,0.12258083641699663
3009,CZ_Hydro_Reservoir,2050,1,89,89,0.11160478345132568
3010,CZ_Hydro_Reservoir,2050,1,90,90,0.10062873048565474
3011,CZ_Hydro_Reservoir,2050,1,91,91,0.08929324280600216
3012,CZ_Hydro_Reservoir,2050,1,92,92,0.08922013722880505
3013,CZ_Hydro_Reservoir,2050,1,93,93,0.06670011977705292
3014,CZ_Hydro_Reservoir,2050,1,94,94,0.04624213769203308
3015,CZ_Hydro_Reservoir,2050,1,95,95,0.02283292229253049
3016,CZ_Hydro_Reservoir,2050,1,96,96,0.0
3017,CZ_Hydro_Reservoir,2050,1,97,97,0.02453147031665568
3018,CZ_Hydro_Reservoir,2050,1,98,98,0.04762210917318575
3019,CZ_Hydro_Reservoir,2050,1,99,99,0.07739890660148063
3020,CZ_Hydro_Reservoir,2050,1,100,100,0.090585249024008
3021,CZ_Hydro_Reservoir,2050,1,101,101,0.07994456113523629
3022,CZ_Hydro_Reservoir,2050,1,102,102,0.09365865784109238
3023,CZ_Hydro_Reservoir,2050,1,103,103,0.11704258016851438
3024,CZ_Hydro_Reservoir,2050,1,104,104,0.13607310213630142
3025,CZ_Hydro_Reservoir,2050,1,105,105,0.16581862976771292
3026,CZ_Hydro_Reservoir,2050,1,106,106,0.1976822641441547
3027,CZ_Hydro_Reservoir,2050,1,107,107,0.21197405563510108
3028,CZ_Hydro_Reservoir,2050,1,108,108,0.20239340739336775
3029,CZ_Hydro_Reservoir,2050,1,109,109,0.2281332507267182
3030,CZ_Hydro_Reservoir,2050,1,110,110,0.2597323696133282
3031,CZ_Hydro_Reservoir,2050,1,111,111,0.28793383413497287
3032,CZ_Hydro_Reservoir,2050,1,112,112,0.3136885575268278
3033,CZ_Hydro_Reservoir,2050,1,113,113,0.36221307936305197
3034,CZ_Hydro_Reservoir,2050,1,114,114,0.39074427966768926
3035,CZ_Hydro_Reservoir,2050,1,115,115,0.38650601030191245
3036,CZ_Hydro_Reservoir,2050,1,116,116,0.36873245756692885
3037,CZ_Hydro_Reservoir,2050,1,117,117,0.34477228552282563
3038,CZ_Hydro_Reservoir,2050,1,118,118,0.3371670198996135
3039,CZ_Hydro_Reservoir,2050,1,119,119,0.3726360847968544
3040,CZ_Hydro_Reservoir,2050,1,120,120,0.4211606066330786
3041,CZ_Hydro_Reservoir,2050,1,121,121,0.46968512846930277
3042,CZ_Hydro_Reservoir,2050,1,122,122,0.5182096503055269
3043,CZ_Hydro_Reservoir,2050,1,123,123,0.5463438441362731
3044,CZ_Hydro_Reservoir,2050,1,124,124,0.5948683659724973
3045,CZ_Hydro_Reservoir,2050,1,125,125,0.6433928878087214
3046,CZ_Hydro_Reservoir,2050,1,126,126,0.6878504948346938
3047,CZ_Hydro_Reservoir,2050,1,127,127,0.736375016670918
3048,CZ_Hydro_Reservoir,2050,1,128,128,0.7848995385071421
3049,CZ_Hydro_Reservoir,2050,1,129,129,0.8334240603433662
3050,CZ_Hydro_Reservoir,2050,1,130,130,0.8819485821795904
3051,CZ_Hydro_Reservoir,2050,1,131,131,0.9304731040158145
3052,CZ_Hydro_Reservoir,2050,1,132,132,0.9789976258520386
3053,CZ_Hydro_Reservoir,2050,1,133,133,1.0275221476882628
3054,CZ_Hydro_Reservoir,2050,1,134,134,1.0519050598825863
3055,CZ_Hydro_Reservoir,2050,1,135,135,1.0716632650024054
3056,CZ_Hydro_Reservoir,2050,1,136,136,1.1097538520151873
3057,CZ_Hydro_Reservoir,2050,1,137,137,1.1582783738514115
3058,CZ_Hydro_Reservoir,2050,1,138,138,1.2068028956876358
3059,CZ_Hydro_Reservoir,2050,1,139,139,1.25532741752386
3060,CZ_Hydro_Reservoir,2050,1,140,140,1.2617825967626648
3061,CZ_Hydro_Reservoir,2050,1,141,141,1.2600470009350162
3062,CZ_Hydro_Reservoir,2050,1,142,142,1.2940047984695897
3063,CZ_Hydro_Reservoir,2050,1,143,143,1.333237825726544
3064,CZ_Hydro_Reservoir,2050,1,144,144,1.3405716861519394
3065,CZ_Hydro_Reservoir,2050,1,145,145,1.3367073653328447
3066,CZ_Hydro_Reservoir,2050,1,146,146,1.3626748919966698
3067,CZ_Hydro_Reservoir,2050,1,147,147,1.4006232198364506
3068,CZ_Hydro_Reservoir,2050,1,148,148,1.4491477416726748
3069,CZ_Hydro_Reservoir,2050,1,149,149,1.4863695142228879
3070,CZ_Hydro_Reservoir,2050,1,150,150,1.5348940360591121
3071,CZ_Hydro_Reservoir,2050,1,151,151,1.5824768069807384
3072,CZ_Hydro_Reservoir,2050,1,152,152,1.6310013288169627
3073,CZ_Hydro_Reservoir,2050,1,153,153,1.679525850653187
3074,CZ_Hydro_Reservoir,2050,1,154,154,1.7280503724894112
3075,CZ_Hydro_Reservoir,2050,1,155,155,1.7765748943256354
3076,CZ_Hydro_Reservoir,2050,1,156,156,1.8122105450864994
3077,CZ_Hydro_Reservoir,2050,1,157,157,1.8607350669227236
3078,CZ_Hydro_Reservoir,2050,1,158,158,1.9092595887589479
3079,CZ_Hydro_Reservoir,2050,1,159,159,1.957784110595172
3080,CZ_Hydro_Reservoir,2050,1,160,160,1.9867694588925673
3081,CZ_Hydro_Reservoir,2050,1,161,161,2.0352939807287913
3082,CZ_Hydro_Reservoir,2050,1,162,162,2.062744603888822
3083,CZ_Hydro_Reservoir,2050,1,163,163,2.0610058431777754
3084,CZ_Hydro_Reservoir,2050,1,164,164,2.0540398876321118
3085,CZ_Hydro_Reservoir,2050,1,165,165,2.102564409468336
3086,CZ_Hydro_Reservoir,2050,1,166,166,2.1418385812193916
3087,CZ_Hydro_Reservoir,2050,1,167,167,2.143960959602754
3088,CZ_Hydro_Reservoir,2050,1,168,168,2.169018373915238
3089,CZ_Hydro_Reservoir,2050,1,169,169,2.213930878957236
3090,CZ_Hydro_Reservoir,2050,1,170,170,2.2332319320403737
3091,CZ_Hydro_Reservoir,2050,1,171,171,2.2084601159178465
3092,CZ_Hydro_Reservoir,2050,1,172,172,2.1836882997953193
3093,CZ_Hydro_Reservoir,2050,1,173,173,2.162980181358524
3094,CZ_Hydro_Reservoir,2050,1,174,174,2.1857378058344303
3095,CZ_Hydro_Reservoir,2050,1,175,175,2.2342623276706544
3096,CZ_Hydro_Reservoir,2050,1,176,176,2.2682336047044025
3097,CZ_Hydro_Reservoir,2050,1,177,177,2.254484210277717
3098,CZ_Hydro_Reservoir,2050,1,178,178,2.22971239415519
3099,CZ_Hydro_Reservoir,2050,1,179,179,2.2049405780326627
3100,CZ_Hydro_Reservoir,2050,1,180,180,2.1925052523566237
3101,CZ_Hydro_Reservoir,2050,1,181,181,2.1762001253725973
3102,CZ_Hydro_Reservoir,2050,1,182,182,2.1733337245670463
3103,CZ_Hydro_Reservoir,2050,1,183,183,2.179385150500796
3104,CZ_Hydro_Reservoir,2050,1,184,184,2.1791061195549286
3105,CZ_Hydro_Reservoir,2050,1,185,185,2.1676118280332712
3106,CZ_Hydro_Reservoir,2050,1,186,186,2.142840011910744
3107,CZ_Hydro_Reservoir,2050,1,187,187,2.191364533746968
3108,CZ_Hydro_Reservoir,2050,1,188,188,2.239889055583192
3109,CZ_Hydro_Reservoir,2050,1,189,189,2.2739376749553193
3110,CZ_Hydro_Reservoir,2050,1,190,190,2.3150427686186434
3111,CZ_Hydro_Reservoir,2050,1,191,191,2.3635672904548675
3112,CZ_Hydro_Reservoir,2050,1,192,192,2.3607694207219105
3113,CZ_Hydro_Reservoir,2050,1,193,193,2.3367778541689757
3114,CZ_Hydro_Reservoir,2050,1,194,194,2.3120060380464484
3115,CZ_Hydro_Reservoir,2050,1,195,195,2.2872342219239212
3116,CZ_Hydro_Reservoir,2050,1,196,196,2.2747316268729807
3117,CZ_Hydro_Reservoir,2050,1,197,197,2.2665246724115025
3118,CZ_Hydro_Reservoir,2050,1,198,198,2.2713602165126985
3119,CZ_Hydro_Reservoir,2050,1,199,199,2.3101348116345326
3120,CZ_Hydro_Reservoir,2050,1,200,200,2.312435025526142
3121,CZ_Hydro_Reservoir,2050,1,201,201,2.3110410535222097
3122,CZ_Hydro_Reservoir,2050,1,202,202,2.3388474206487126
3123,CZ_Hydro_Reservoir,2050,1,203,203,2.3632797200993916
3124,CZ_Hydro_Reservoir,2050,1,204,204,2.380511595046662
3125,CZ_Hydro_Reservoir,2050,1,205,205,2.3698420881519953
3126,CZ_Hydro_Reservoir,2050,1,206,206,2.4036474870834077
3127,CZ_Hydro_Reservoir,2050,1,207,207,2.4400154341995046
3128,CZ_Hydro_Reservoir,2050,1,208,208,2.432050075180219
3129,CZ_Hydro_Reservoir,2050,1,209,209,2.42624332263315
3130,CZ_Hydro_Reservoir,2050,1,210,210,2.458307436225027
3131,CZ_Hydro_Reservoir,2050,1,211,211,2.482430241718804
3132,CZ_Hydro_Reservoir,2050,1,212,212,2.5
3133,CZ_Hydro_Reservoir,2050,1,213,213,2.4840400412388535
3134,CZ_Hydro_Reservoir,2050,1,214,214,2.4592682251163263
3135,CZ_Hydro_Reservoir,2050,1,215,215,2.4359761697900293
3136,CZ_Hydro_Reservoir,2050,1,216,216,2.4243451473373336
3137,CZ_Hydro_Reservoir,2050,1,217,217,2.415699580840766
3138,CZ_Hydro_Reservoir,2050,1,218,218,2.390927764718239
3139,CZ_Hydro_Reservoir,2050,1,219,219,2.3661559485957118
3140,CZ_Hydro_Reservoir,2050,1,220,220,2.3413841324731846
3141,CZ_Hydro_Reservoir,2050,1,221,221,2.3166123163506573
3142,CZ_Hydro_Reservoir,2050,1,222,222,2.29184050022813
3143,CZ_Hydro_Reservoir,2050,1,223,223,2.267068684105603
3144,CZ_Hydro_Reservoir,2050,1,224,224,2.2422968679830757
3145,CZ_Hydro_Reservoir,2050,1,225,225,2.238385931979381
3146,CZ_Hydro_Reservoir,2050,1,226,226,2.237357852348409
3147,CZ_Hydro_Reservoir,2050,1,227,227,2.234521834472116
3148,CZ_Hydro_Reservoir,2050,1,228,228,2.252597558974371
3149,CZ_Hydro_Reservoir,2050,1,229,229,2.293716494582434
3150,CZ_Hydro_Reservoir,2050,1,230,230,2.327267377318877
3151,CZ_Hydro_Reservoir,2050,1,231,231,2.313861012745221
3152,CZ_Hydro_Reservoir,2050,1,232,232,2.289089196622694
3153,CZ_Hydro_Reservoir,2050,1,233,233,2.2643173805001666
3154,CZ_Hydro_Reservoir,2050,1,234,234,2.2422651721398252
3155,CZ_Hydro_Reservoir,2050,1,235,235,2.2412204159196305
3156,CZ_Hydro_Reservoir,2050,1,236,236,2.267595261381225
3157,CZ_Hydro_Reservoir,2050,1,237,237,2.2953661956187035
3158,CZ_Hydro_Reservoir,2050,1,238,238,2.3153864356137523
3159,CZ_Hydro_Reservoir,2050,1,239,239,2.3366471107339537
3160,CZ_Hydro_Reservoir,2050,1,240,240,2.3616909378997506
3161,CZ_Hydro_Reservoir,2050,1,241,241,2.3840306362284567
3162,CZ_Hydro_Reservoir,2050,1,242,242,2.3592588201059295
3163,CZ_Hydro_Reservoir,2050,1,243,243,2.3344870039834023
3164,CZ_Hydro_Reservoir,2050,1,244,244,2.3504543525281107
3165,CZ_Hydro_Reservoir,2050,1,245,245,2.3859012088141913
3166,CZ_Hydro_Reservoir,2050,1,246,246,2.361129392691664
3167,CZ_Hydro_Reservoir,2050,1,247,247,2.336357576569137
3168,CZ_Hydro_Reservoir,2050,1,248,248,2.3534199989458626
3169,CZ_Hydro_Reservoir,2050,1,249,249,2.366762692736231
3170,CZ_Hydro_Reservoir,2050,1,250,250,2.393554342530886
3171,CZ_Hydro_Reservoir,2050,1,251,251,2.4180088695581454
3172,CZ_Hydro_Reservoir,2050,1,252,252,2.393237053435618
3173,CZ_Hydro_Reservoir,2050,1,253,253,2.368465237313091
3174,CZ_Hydro_Reservoir,2050,1,254,254,2.358719890348816
3175,CZ_Hydro_Reservoir,2050,1,255,255,2.3737419076856217
3176,CZ_Hydro_Reservoir,2050,1,256,256,2.3828483858581926
3177,CZ_Hydro_Reservoir,2050,1,257,257,2.3949630506788058
3178,CZ_Hydro_Reservoir,2050,1,258,258,2.407345659517901
3179,CZ_Hydro_Reservoir,2050,1,259,259,2.3866100155069816
3180,CZ_Hydro_Reservoir,2050,1,260,260,2.3916992162977233
3181,CZ_Hydro_Reservoir,2050,1,261,261,2.41787125757043
3182,CZ_Hydro_Reservoir,2050,1,262,262,2.4170169239791734
3183,CZ_Hydro_Reservoir,2050,1,263,263,2.3922451078566462
3184,CZ_Hydro_Reservoir,2050,1,264,264,2.367473291734119
3185,CZ_Hydro_Reservoir,2050,1,265,265,2.3481247228074684
3186,CZ_Hydro_Reservoir,2050,1,266,266,2.324590968918829
3187,CZ_Hydro_Reservoir,2050,1,267,267,2.3038285517211627
3188,CZ_Hydro_Reservoir,2050,1,268,268,2.2826853571737944
3189,CZ_Hydro_Reservoir,2050,1,269,269,2.257913541051267
3190,CZ_Hydro_Reservoir,2050,1,270,270,2.2359753594999563
3191,CZ_Hydro_Reservoir,2050,1,271,271,2.2157159116719884
3192,CZ_Hydro_Reservoir,2050,1,272,272,2.193783161139828
3193,CZ_Hydro_Reservoir,2050,1,273,273,2.1794290061543236
3194,CZ_Hydro_Reservoir,2050,1,274,274,2.204052243795858
3195,CZ_Hydro_Reservoir,2050,1,275,275,2.238111443310921
3196,CZ_Hydro_Reservoir,2050,1,276,276,2.2133396271883936
3197,CZ_Hydro_Reservoir,2050,1,277,277,2.1885678110658664
3198,CZ_Hydro_Reservoir,2050,1,278,278,2.1656231448993037
3199,CZ_Hydro_Reservoir,2050,1,279,279,2.1898060502239396
3200,CZ_Hydro_Reservoir,2050,1,280,280,2.2058408254031643
3201,CZ_Hydro_Reservoir,2050,1,281,281,2.189367688165855
3202,CZ_Hydro_Reservoir,2050,1,282,282,2.1645958720433276
3203,CZ_Hydro_Reservoir,2050,1,283,283,2.1398240559208004
3204,CZ_Hydro_Reservoir,2050,1,284,284,2.118118725913527
3205,CZ_Hydro_Reservoir,2050,1,285,285,2.098704314083029
3206,CZ_Hydro_Reservoir,2050,1,286,286,2.0931334282696925
3207,CZ_Hydro_Reservoir,2050,1,287,287,2.08832416900222
3208,CZ_Hydro_Reservoir,2050,1,288,288,2.1066768874451434
3209,CZ_Hydro_Reservoir,2050,1,289,289,2.1204104429673354
3210,CZ_Hydro_Reservoir,2050,1,290,290,2.095638626844808
3211,CZ_Hydro_Reservoir,2050,1,291,291,2.070866810722281
3212,CZ_Hydro_Reservoir,2050,1,292,292,2.0460949945997537
3213,CZ_Hydro_Reservoir,2050,1,293,293,2.0213231784772265
3214,CZ_Hydro_Reservoir,2050,1,294,294,2.000129707993195
3215,CZ_Hydro_Reservoir,2050,1,295,295,2.008972905344437
3216,CZ_Hydro_Reservoir,2050,1,296,296,2.03018072772578
3217,CZ_Hydro_Reservoir,2050,1,297,297,2.0105186152894863
3218,CZ_Hydro_Reservoir,2050,1,298,298,2.032080268880633
3219,CZ_Hydro_Reservoir,2050,1,299,299,2.017343201012908
3220,CZ_Hydro_Reservoir,2050,1,300,300,2.001551932807915
3221,CZ_Hydro_Reservoir,2050,1,301,301,1.9937424790344165
3222,CZ_Hydro_Reservoir,2050,1,302,302,1.9710237092398941
3223,CZ_Hydro_Reservoir,2050,1,303,303,1.9491841758616386
3224,CZ_Hydro_Reservoir,2050,1,304,304,1.9393371546713696
3225,CZ_Hydro_Reservoir,2050,1,305,305,1.9530027199531381
3226,CZ_Hydro_Reservoir,2050,1,306,306,1.960173048504512
3227,CZ_Hydro_Reservoir,2050,1,307,307,1.9359562440760556
3228,CZ_Hydro_Reservoir,2050,1,308,308,1.9111844279535286
3229,CZ_Hydro_Reservoir,2050,1,309,309,1.8866448800519435
3230,CZ_Hydro_Reservoir,2050,1,310,310,1.866022155263778
3231,CZ_Hydro_Reservoir,2050,1,311,311,1.8597510459980457
3232,CZ_Hydro_Reservoir,2050,1,312,312,1.862725893178031
3233,CZ_Hydro_Reservoir,2050,1,313,313,1.85174984021236
3234,CZ_Hydro_Reservoir,2050,1,314,314,1.8440122579889726
3235,CZ_Hydro_Reservoir,2050,1,315,315,1.8451254287922803
3236,CZ_Hydro_Reservoir,2050,1,316,316,1.848315873520808
3237,CZ_Hydro_Reservoir,2050,1,317,317,1.8430100100221467
3238,CZ_Hydro_Reservoir,2050,1,318,318,1.8320339570564756
3239,CZ_Hydro_Reservoir,2050,1,319,319,1.8160398224303365
3240,CZ_Hydro_Reservoir,2050,1,320,320,1.8024319686651544
3241,CZ_Hydro_Reservoir,2050,1,321,321,1.7939246900478807
3242,CZ_Hydro_Reservoir,2050,1,322,322,1.7852333259016073
3243,CZ_Hydro_Reservoir,2050,1,323,323,1.7742572729359363
3244,CZ_Hydro_Reservoir,2050,1,324,324,1.7598203918914532
3245,CZ_Hydro_Reservoir,2050,1,325,325,1.7451031274393396
3246,CZ_Hydro_Reservoir,2050,1,326,326,1.7292205260720306
3247,CZ_Hydro_Reservoir,2050,1,327,327,1.7063642389964702
3248,CZ_Hydro_Reservoir,2050,1,328,328,1.6988632658949068
3249,CZ_Hydro_Reservoir,2050,1,329,329,1.687451537554233
3250,CZ_Hydro_Reservoir,2050,1,330,330,1.6708979089193994
3251,CZ_Hydro_Reservoir,2050,1,331,331,1.6599218559537283
3252,CZ_Hydro_Reservoir,2050,1,332,332,1.6489458029880573
3253,CZ_Hydro_Reservoir,2050,1,333,333,1.6379697500223862
3254,CZ_Hydro_Reservoir,2050,1,334,334,1.6269936970567151
3255,CZ_Hydro_Reservoir,2050,1,335,335,1.616017644091044
3256,CZ_Hydro_Reservoir,2050,1,336,336,1.6067196948369593
3257,CZ_Hydro_Reservoir,2050,1,337,337,1.59460999491271
3258,CZ_Hydro_Reservoir,2050,1,338,338,1.5836339419470389
3259,CZ_Hydro_Reservoir,2050,1,339,339,1.5726578889813678
3260,CZ_Hydro_Reservoir,2050,1,340,340,1.5616818360156968
3261,CZ_Hydro_Reservoir,2050,1,341,341,1.5507057830500257
3262,CZ_Hydro_Reservoir,2050,1,342,342,1.5387721569233086
3263,CZ_Hydro_Reservoir,2050,1,343,343,1.5277961039576375
3264,CZ_Hydro_Reservoir,2050,1,344,344,1.5168200509919665
3265,CZ_Hydro_Reservoir,2050,1,345,345,1.5058439980262954
3266,CZ_Hydro_Reservoir,2050,1,346,346,1.4944098025617851
3267,CZ_Hydro_Reservoir,2050,1,347,347,1.4757316616027447
3268,CZ_Hydro_Reservoir,2050,1,348,348,1.4555690762768994
3269,CZ_Hydro_Reservoir,2050,1,349,349,1.4350009128333863
3270,CZ_Hydro_Reservoir,2050,1,350,350,1.4221584869494313
3271,CZ_Hydro_Reservoir,2050,1,351,351,1.4111824339837602
3272,CZ_Hydro_Reservoir,2050,1,352,352,1.4002063810180891
3273,CZ_Hydro_Reservoir,2050,1,353,353,1.389230328052418
3274,CZ_Hydro_Reservoir,2050,1,354,354,1.378254275086747
3275,CZ_Hydro_Reservoir,2050,1,355,355,1.367278222121076
3276,CZ_Hydro_Reservoir,2050,1,356,356,1.356302169155405
3277,CZ_Hydro_Reservoir,2050,1,357,357,1.3453261161897339
3278,CZ_Hydro_Reservoir,2050,1,358,358,1.3343500632240628
3279,CZ_Hydro_Reservoir,2050,1,359,359,1.3233740102583917
3280,CZ_Hydro_Reservoir,2050,1,360,360,1.3122523616163468
3281,CZ_Hydro_Reservoir,2050,1,361,361,1.2987478467159432
3282,CZ_Hydro_Reservoir,2050,1,362,362,1.2847870458888004
3283,CZ_Hydro_Reservoir,2050,1,363,363,1.271952105931342
3284,CZ_Hydro_Reservoir,2050,1,364,364,1.260976052965671
3285,CZ_Hydro_Reservoir,2050,1,365,365,1.25
3286,CZ_Pump_Hydro_Closed,2050,1,1,1,1.833755441610807
3287,CZ_Pump_Hydro_Closed,2050,1,2,2,1.817510883221614
3288,CZ_Pump_Hydro_Closed,2050,1,3,3,1.801266324832421
3289,CZ_Pump_Hydro_Closed,2050,1,4,4,1.785021766443228
3290,CZ_Pump_Hydro_Closed,2050,1,5,5,1.7664501214646977
3291,CZ_Pump_Hydro_Closed,2050,1,6,6,1.742947755718374
3292,CZ_Pump_Hydro_Closed,2050,1,7,7,1.7267031973291809
3293,CZ_Pump_Hydro_Closed,2050,1,8,8,1.7104586389399878
3294,CZ_Pump_Hydro_Closed,2050,1,9,9,1.6942140805507948
3295,CZ_Pump_Hydro_Closed,2050,1,10,10,1.6779695221616018
3296,CZ_Pump_Hydro_Closed,2050,1,11,11,1.6617249637724087
3297,CZ_Pump_Hydro_Closed,2050,1,12,12,1.6454804053832157
3298,CZ_Pump_Hydro_Closed,2050,1,13,13,1.6292358469940227
3299,CZ_Pump_Hydro_Closed,2050,1,14,14,1.6129912886048297
3300,CZ_Pump_Hydro_Closed,2050,1,15,15,1.5967467302156366
3301,CZ_Pump_Hydro_Closed,2050,1,16,16,1.5805021718264436
3302,CZ_Pump_Hydro_Closed,2050,1,17,17,1.5642576134372506
3303,CZ_Pump_Hydro_Closed,2050,1,18,18,1.5381713907533294
3304,CZ_Pump_Hydro_Closed,2050,1,19,19,1.5015091028919894
3305,CZ_Pump_Hydro_Closed,2050,1,20,20,1.470833887578392
3306,CZ_Pump_Hydro_Closed,2050,1,21,21,1.4401778003130055
3307,CZ_Pump_Hydro_Closed,2050,1,22,22,1.4035155124516654
3308,CZ_Pump_Hydro_Closed,2050,1,23,23,1.3727543165731744
3309,CZ_Pump_Hydro_Closed,2050,1,24,24,1.3548545284948768
3310,CZ_Pump_Hydro_Closed,2050,1,25,25,1.326192786952056
3311,CZ_Pump_Hydro_Closed,2050,1,26,26,1.3072080032274331
3312,CZ_Pump_Hydro_Closed,2050,1,27,27,1.284274445825213
3313,CZ_Pump_Hydro_Closed,2050,1,28,28,1.26802988743602
3314,CZ_Pump_Hydro_Closed,2050,1,29,29,1.251785329046827
3315,CZ_Pump_Hydro_Closed,2050,1,30,30,1.235540770657634
3316,CZ_Pump_Hydro_Closed,2050,1,31,31,1.2126749460171782
3317,CZ_Pump_Hydro_Closed,2050,1,32,32,1.19617586956525
3318,CZ_Pump_Hydro_Closed,2050,1,33,33,1.172100769541481
3319,CZ_Pump_Hydro_Closed,2050,1,34,34,1.1401483186125982
3320,CZ_Pump_Hydro_Closed,2050,1,35,35,1.1046880443575253
3321,CZ_Pump_Hydro_Closed,2050,1,36,36,1.0734466601938946
3322,CZ_Pump_Hydro_Closed,2050,1,37,37,1.0572021018047015
3323,CZ_Pump_Hydro_Closed,2050,1,38,38,1.0409575434155085
3324,CZ_Pump_Hydro_Closed,2050,1,39,39,1.0247129850263155
3325,CZ_Pump_Hydro_Closed,2050,1,40,40,1.00529272008269
3326,CZ_Pump_Hydro_Closed,2050,1,41,41,0.9803140871057026
3327,CZ_Pump_Hydro_Closed,2050,1,42,42,0.9478980770251203
3328,CZ_Pump_Hydro_Closed,2050,1,43,43,0.917882522813486
3329,CZ_Pump_Hydro_Closed,2050,1,44,44,0.8898767622887775
3330,CZ_Pump_Hydro_Closed,2050,1,45,45,0.8591968093011962
3331,CZ_Pump_Hydro_Closed,2050,1,46,46,0.8557044152100939
3332,CZ_Pump_Hydro_Closed,2050,1,47,47,0.8510144376761841
3333,CZ_Pump_Hydro_Closed,2050,1,48,48,0.8385325475918057
3334,CZ_Pump_Hydro_Closed,2050,1,49,49,0.8268911109300714
3335,CZ_Pump_Hydro_Closed,2050,1,50,50,0.8106465525408784
3336,CZ_Pump_Hydro_Closed,2050,1,51,51,0.8042806259639653
3337,CZ_Pump_Hydro_Closed,2050,1,52,52,0.7828668261330609
3338,CZ_Pump_Hydro_Closed,2050,1,53,53,0.7676174254005399
3339,CZ_Pump_Hydro_Closed,2050,1,54,54,0.7513728670113469
3340,CZ_Pump_Hydro_Closed,2050,1,55,55,0.7330262712951687
3341,CZ_Pump_Hydro_Closed,2050,1,56,56,0.7030127794971477
3342,CZ_Pump_Hydro_Closed,2050,1,57,57,0.6761528768507821
3343,CZ_Pump_Hydro_Closed,2050,1,58,58,0.646352831580327
3344,CZ_Pump_Hydro_Closed,2050,1,59,59,0.6204222540729946
3345,CZ_Pump_Hydro_Closed,2050,1,60,60,0.6041776956838015
3346,CZ_Pump_Hydro_Closed,2050,1,61,61,0.5879331372946085
3347,CZ_Pump_Hydro_Closed,2050,1,62,62,0.572972994078369
3348,CZ_Pump_Hydro_Closed,2050,1,63,63,0.5489266494546784
3349,CZ_Pump_Hydro_Closed,2050,1,64,64,0.5207045657772627
3350,CZ_Pump_Hydro_Closed,2050,1,65,65,0.5031579449707607
3351,CZ_Pump_Hydro_Closed,2050,1,66,66,0.4869133865815677
3352,CZ_Pump_Hydro_Closed,2050,1,67,67,0.47505142524610133
3353,CZ_Pump_Hydro_Closed,2050,1,68,68,0.44820753368874383
3354,CZ_Pump_Hydro_Closed,2050,1,69,69,0.4733708696059179
3355,CZ_Pump_Hydro_Closed,2050,1,70,70,0.45418506113129875
3356,CZ_Pump_Hydro_Closed,2050,1,71,71,0.43033967632640857
3357,CZ_Pump_Hydro_Closed,2050,1,72,72,0.4379891999972284
3358,CZ_Pump_Hydro_Closed,2050,1,73,73,0.43310577972212116
3359,CZ_Pump_Hydro_Closed,2050,1,74,74,0.4193584975747688
3360,CZ_Pump_Hydro_Closed,2050,1,75,75,0.42902237916216784
3361,CZ_Pump_Hydro_Closed,2050,1,76,76,0.46265978673093466
3362,CZ_Pump_Hydro_Closed,2050,1,77,77,0.42917912747191267
3363,CZ_Pump_Hydro_Closed,2050,1,78,78,0.39547632994230875
3364,CZ_Pump_Hydro_Closed,2050,1,79,79,0.36214851158234157
3365,CZ_Pump_Hydro_Closed,2050,1,80,80,0.3406333954717058
3366,CZ_Pump_Hydro_Closed,2050,1,81,81,0.3143085455880947
3367,CZ_Pump_Hydro_Closed,2050,1,82,82,0.3253559634274016
3368,CZ_Pump_Hydro_Closed,2050,1,83,83,0.29196125914636817
3369,CZ_Pump_Hydro_Closed,2050,1,84,84,0.2619609592940323
3370,CZ_Pump_Hydro_Closed,2050,1,85,85,0.24444127670622964
3371,CZ_Pump_Hydro_Closed,2050,1,86,86,0.22081991874672732
3372,CZ_Pump_Hydro_Closed,2050,1,87,87,0.19766419628634804
3373,CZ_Pump_Hydro_Closed,2050,1,88,88,0.18141963789715504
3374,CZ_Pump_Hydro_Closed,2050,1,89,89,0.16517507950796204
3375,CZ_Pump_Hydro_Closed,2050,1,90,90,0.14893052111876903
3376,CZ_Pump_Hydro_Closed,2050,1,91,91,0.13215399935288324
3377,CZ_Pump_Hydro_Closed,2050,1,92,92,0.1320458030986315
3378,CZ_Pump_Hydro_Closed,2050,1,93,93,0.09871617727003834
3379,CZ_Pump_Hydro_Closed,2050,1,94,94,0.06843836378420896
3380,CZ_Pump_Hydro_Closed,2050,1,95,95,0.03379272499294514
3381,CZ_Pump_Hydro_Closed,2050,1,96,96,0.0
3382,CZ_Pump_Hydro_Closed,2050,1,97,97,0.03630657606865041
3383,CZ_Pump_Hydro_Closed,2050,1,98,98,0.07048072157631494
3384,CZ_Pump_Hydro_Closed,2050,1,99,99,0.11455038177019095
3385,CZ_Pump_Hydro_Closed,2050,1,100,100,0.1340661685555311
3386,CZ_Pump_Hydro_Closed,2050,1,101,101,0.11831795048015081
3387,CZ_Pump_Hydro_Closed,2050,1,102,102,0.13861481360481784
3388,CZ_Pump_Hydro_Closed,2050,1,103,103,0.1732230186494024
3389,CZ_Pump_Hydro_Closed,2050,1,104,104,0.2013881911617272
3390,CZ_Pump_Hydro_Closed,2050,1,105,105,0.24541157205621625
3391,CZ_Pump_Hydro_Closed,2050,1,106,106,0.29256975093335014
3392,CZ_Pump_Hydro_Closed,2050,1,107,107,0.3137216023399487
3393,CZ_Pump_Hydro_Closed,2050,1,108,108,0.29954224294218434
3394,CZ_Pump_Hydro_Closed,2050,1,109,109,0.3376372110755428
3395,CZ_Pump_Hydro_Closed,2050,1,110,110,0.3844039070277256
3396,CZ_Pump_Hydro_Closed,2050,1,111,111,0.4261420745197597
3397,CZ_Pump_Hydro_Closed,2050,1,112,112,0.4642590651397054
3398,CZ_Pump_Hydro_Closed,2050,1,113,113,0.5360753574573172
3399,CZ_Pump_Hydro_Closed,2050,1,114,114,0.5783015339081804
3400,CZ_Pump_Hydro_Closed,2050,1,115,115,0.5720288952468309
3401,CZ_Pump_Hydro_Closed,2050,1,116,116,0.5457240371990552
3402,CZ_Pump_Hydro_Closed,2050,1,117,117,0.5102629825737823
3403,CZ_Pump_Hydro_Closed,2050,1,118,118,0.49900718945142764
3404,CZ_Pump_Hydro_Closed,2050,1,119,119,0.5515014054993441
3405,CZ_Pump_Hydro_Closed,2050,1,120,120,0.6233176978169559
3406,CZ_Pump_Hydro_Closed,2050,1,121,121,0.6951339901345677
3407,CZ_Pump_Hydro_Closed,2050,1,122,122,0.7669502824521794
3408,CZ_Pump_Hydro_Closed,2050,1,123,123,0.8085888893216839
3409,CZ_Pump_Hydro_Closed,2050,1,124,124,0.8804051816392957
3410,CZ_Pump_Hydro_Closed,2050,1,125,125,0.9522214739569075
3411,CZ_Pump_Hydro_Closed,2050,1,126,126,1.0180187323553467
3412,CZ_Pump_Hydro_Closed,2050,1,127,127,1.0898350246729585
3413,CZ_Pump_Hydro_Closed,2050,1,128,128,1.1616513169905702
3414,CZ_Pump_Hydro_Closed,2050,1,129,129,1.233467609308182
3415,CZ_Pump_Hydro_Closed,2050,1,130,130,1.3052839016257938
3416,CZ_Pump_Hydro_Closed,2050,1,131,131,1.3771001939434055
3417,CZ_Pump_Hydro_Closed,2050,1,132,132,1.4489164862610173
3418,CZ_Pump_Hydro_Closed,2050,1,133,133,1.520732778578629
3419,CZ_Pump_Hydro_Closed,2050,1,134,134,1.5568194886262274
3420,CZ_Pump_Hydro_Closed,2050,1,135,135,1.5860616322035594
3421,CZ_Pump_Hydro_Closed,2050,1,136,136,1.6424357009824766
3422,CZ_Pump_Hydro_Closed,2050,1,137,137,1.7142519933000884
3423,CZ_Pump_Hydro_Closed,2050,1,138,138,1.7860682856177001
3424,CZ_Pump_Hydro_Closed,2050,1,139,139,1.857884577935312
3425,CZ_Pump_Hydro_Closed,2050,1,140,140,1.8674382432087435
3426,CZ_Pump_Hydro_Closed,2050,1,141,141,1.8648695613838238
3427,CZ_Pump_Hydro_Closed,2050,1,142,142,1.9151271017349925
3428,CZ_Pump_Hydro_Closed,2050,1,143,143,1.9731919820752848
3429,CZ_Pump_Hydro_Closed,2050,1,144,144,1.98404609550487
3430,CZ_Pump_Hydro_Closed,2050,1,145,145,1.9783269006926099
3431,CZ_Pump_Hydro_Closed,2050,1,146,146,2.016758840155071
3432,CZ_Pump_Hydro_Closed,2050,1,147,147,2.0729223653579467
3433,CZ_Pump_Hydro_Closed,2050,1,148,148,2.1447386576755587
3434,CZ_Pump_Hydro_Closed,2050,1,149,149,2.199826881049874
3435,CZ_Pump_Hydro_Closed,2050,1,150,150,2.271643173367486
3436,CZ_Pump_Hydro_Closed,2050,1,151,151,2.3420656743314927
3437,CZ_Pump_Hydro_Closed,2050,1,152,152,2.4138819666491047
3438,CZ_Pump_Hydro_Closed,2050,1,153,153,2.4856982589667167
3439,CZ_Pump_Hydro_Closed,2050,1,154,154,2.5575145512843287
3440,CZ_Pump_Hydro_Closed,2050,1,155,155,2.6293308436019407
3441,CZ_Pump_Hydro_Closed,2050,1,156,156,2.682071606728019
3442,CZ_Pump_Hydro_Closed,2050,1,157,157,2.753887899045631
3443,CZ_Pump_Hydro_Closed,2050,1,158,158,2.825704191363243
3444,CZ_Pump_Hydro_Closed,2050,1,159,159,2.897520483680855
3445,CZ_Pump_Hydro_Closed,2050,1,160,160,2.940418799161
3446,CZ_Pump_Hydro_Closed,2050,1,161,161,3.012235091478612
3447,CZ_Pump_Hydro_Closed,2050,1,162,162,3.052862013755457
3448,CZ_Pump_Hydro_Closed,2050,1,163,163,3.050288647903108
3449,CZ_Pump_Hydro_Closed,2050,1,164,164,3.039979033695526
3450,CZ_Pump_Hydro_Closed,2050,1,165,165,3.111795326013138
3451,CZ_Pump_Hydro_Closed,2050,1,166,166,3.1699211002047005
3452,CZ_Pump_Hydro_Closed,2050,1,167,167,3.173062220212077
3453,CZ_Pump_Hydro_Closed,2050,1,168,168,3.210147193394554
3454,CZ_Pump_Hydro_Closed,2050,1,169,169,3.2766177008567103
3455,CZ_Pump_Hydro_Closed,2050,1,170,170,3.3051832594197545
3456,CZ_Pump_Hydro_Closed,2050,1,171,171,3.2685209715584143
3457,CZ_Pump_Hydro_Closed,2050,1,172,172,3.231858683697074
3458,CZ_Pump_Hydro_Closed,2050,1,173,173,3.2012106684106163
3459,CZ_Pump_Hydro_Closed,2050,1,174,174,3.2348919526349578
3460,CZ_Pump_Hydro_Closed,2050,1,175,175,3.3067082449525698
3461,CZ_Pump_Hydro_Closed,2050,1,176,176,3.3569857349625165
3462,CZ_Pump_Hydro_Closed,2050,1,177,177,3.336636631211022
3463,CZ_Pump_Hydro_Closed,2050,1,178,178,3.2999743433496818
3464,CZ_Pump_Hydro_Closed,2050,1,179,179,3.2633120554883415
3465,CZ_Pump_Hydro_Closed,2050,1,180,180,3.244907773487804
3466,CZ_Pump_Hydro_Closed,2050,1,181,181,3.220776185551445
3467,CZ_Pump_Hydro_Closed,2050,1,182,182,3.21653391235923
3468,CZ_Pump_Hydro_Closed,2050,1,183,183,3.22549002274118
3469,CZ_Pump_Hydro_Closed,2050,1,184,184,3.225077056941296
3470,CZ_Pump_Hydro_Closed,2050,1,185,185,3.208065505489243
3471,CZ_Pump_Hydro_Closed,2050,1,186,186,3.1714032176279026
3472,CZ_Pump_Hydro_Closed,2050,1,187,187,3.2432195099455146
3473,CZ_Pump_Hydro_Closed,2050,1,188,188,3.3150358022631266
3474,CZ_Pump_Hydro_Closed,2050,1,189,189,3.365427758933873
3475,CZ_Pump_Hydro_Closed,2050,1,190,190,3.4262632975555927
3476,CZ_Pump_Hydro_Closed,2050,1,191,191,3.4980795898732047
3477,CZ_Pump_Hydro_Closed,2050,1,192,192,3.493938742668428
3478,CZ_Pump_Hydro_Closed,2050,1,193,193,3.4584312241700848
3479,CZ_Pump_Hydro_Closed,2050,1,194,194,3.4217689363087445
3480,CZ_Pump_Hydro_Closed,2050,1,195,195,3.385106648447404
3481,CZ_Pump_Hydro_Closed,2050,1,196,196,3.3666028077720123
3482,CZ_Pump_Hydro_Closed,2050,1,197,197,3.3544565151690247
3483,CZ_Pump_Hydro_Closed,2050,1,198,198,3.361613120438795
3484,CZ_Pump_Hydro_Closed,2050,1,199,199,3.4189995212191095
3485,CZ_Pump_Hydro_Closed,2050,1,200,200,3.422403837778691
3486,CZ_Pump_Hydro_Closed,2050,1,201,201,3.420340759212871
3487,CZ_Pump_Hydro_Closed,2050,1,202,202,3.4614941825600956
3488,CZ_Pump_Hydro_Closed,2050,1,203,203,3.4976539857471005
3489,CZ_Pump_Hydro_Closed,2050,1,204,204,3.523157160669061
3490,CZ_Pump_Hydro_Closed,2050,1,205,205,3.507366290464954
3491,CZ_Pump_Hydro_Closed,2050,1,206,206,3.5573982808834432
3492,CZ_Pump_Hydro_Closed,2050,1,207,207,3.6112228426152666
3493,CZ_Pump_Hydro_Closed,2050,1,208,208,3.5994341112667247
3494,CZ_Pump_Hydro_Closed,2050,1,209,209,3.5908401174970623
3495,CZ_Pump_Hydro_Closed,2050,1,210,210,3.63829500561304
3496,CZ_Pump_Hydro_Closed,2050,1,211,211,3.67399675774383
3497,CZ_Pump_Hydro_Closed,2050,1,212,212,3.7
3498,CZ_Pump_Hydro_Closed,2050,1,213,213,3.6763792610335027
3499,CZ_Pump_Hydro_Closed,2050,1,214,214,3.6397169731721624
3500,CZ_Pump_Hydro_Closed,2050,1,215,215,3.605244731289244
3501,CZ_Pump_Hydro_Closed,2050,1,216,216,3.5880308180592535
3502,CZ_Pump_Hydro_Closed,2050,1,217,217,3.5752353796443344
3503,CZ_Pump_Hydro_Closed,2050,1,218,218,3.538573091782994
3504,CZ_Pump_Hydro_Closed,2050,1,219,219,3.5019108039216538
3505,CZ_Pump_Hydro_Closed,2050,1,220,220,3.4652485160603135
3506,CZ_Pump_Hydro_Closed,2050,1,221,221,3.428586228198973
3507,CZ_Pump_Hydro_Closed,2050,1,222,222,3.391923940337633
3508,CZ_Pump_Hydro_Closed,2050,1,223,223,3.3552616524762926
3509,CZ_Pump_Hydro_Closed,2050,1,224,224,3.3185993646149523
3510,CZ_Pump_Hydro_Closed,2050,1,225,225,3.312811179329484
3511,CZ_Pump_Hydro_Closed,2050,1,226,226,3.311289621475645
3512,CZ_Pump_Hydro_Closed,2050,1,227,227,3.3070923150187315
3513,CZ_Pump_Hydro_Closed,2050,1,228,228,3.333844387282069
3514,CZ_Pump_Hydro_Closed,2050,1,229,229,3.3947004119820017
3515,CZ_Pump_Hydro_Closed,2050,1,230,230,3.4443557184319378
3516,CZ_Pump_Hydro_Closed,2050,1,231,231,3.4245142988629267
3517,CZ_Pump_Hydro_Closed,2050,1,232,232,3.3878520110015864
3518,CZ_Pump_Hydro_Closed,2050,1,233,233,3.351189723140246
3519,CZ_Pump_Hydro_Closed,2050,1,234,234,3.318552454766941
3520,CZ_Pump_Hydro_Closed,2050,1,235,235,3.317006215561053
3521,CZ_Pump_Hydro_Closed,2050,1,236,236,3.3560409868442136
3522,CZ_Pump_Hydro_Closed,2050,1,237,237,3.3971419695156815
3523,CZ_Pump_Hydro_Closed,2050,1,238,238,3.426771924708354
3524,CZ_Pump_Hydro_Closed,2050,1,239,239,3.458237723886252
3525,CZ_Pump_Hydro_Closed,2050,1,240,240,3.495302588091631
3526,CZ_Pump_Hydro_Closed,2050,1,241,241,3.5283653416181164
3527,CZ_Pump_Hydro_Closed,2050,1,242,242,3.491703053756776
3528,CZ_Pump_Hydro_Closed,2050,1,243,243,3.455040765895436
3529,CZ_Pump_Hydro_Closed,2050,1,244,244,3.4786724417416037
3530,CZ_Pump_Hydro_Closed,2050,1,245,245,3.5311337890450023
3531,CZ_Pump_Hydro_Closed,2050,1,246,246,3.494471501183662
3532,CZ_Pump_Hydro_Closed,2050,1,247,247,3.4578092133223217
3533,CZ_Pump_Hydro_Closed,2050,1,248,248,3.4830615984398756
3534,CZ_Pump_Hydro_Closed,2050,1,249,249,3.502808785249623
3535,CZ_Pump_Hydro_Closed,2050,1,250,250,3.54246042694571
3536,CZ_Pump_Hydro_Closed,2050,1,251,251,3.5786531269460546
3537,CZ_Pump_Hydro_Closed,2050,1,252,252,3.5419908390847143
3538,CZ_Pump_Hydro_Closed,2050,1,253,253,3.505328551223374
3539,CZ_Pump_Hydro_Closed,2050,1,254,254,3.490905437716247
3540,CZ_Pump_Hydro_Closed,2050,1,255,255,3.5131380233747196
3541,CZ_Pump_Hydro_Closed,2050,1,256,256,3.5266156110701257
3542,CZ_Pump_Hydro_Closed,2050,1,257,257,3.5445453150046333
3543,CZ_Pump_Hydro_Closed,2050,1,258,258,3.5628715760864935
3544,CZ_Pump_Hydro_Closed,2050,1,259,259,3.532182822950333
3545,CZ_Pump_Hydro_Closed,2050,1,260,260,3.5397148401206304
3546,CZ_Pump_Hydro_Closed,2050,1,261,261,3.5784494612042366
3547,CZ_Pump_Hydro_Closed,2050,1,262,262,3.5771850474891775
3548,CZ_Pump_Hydro_Closed,2050,1,263,263,3.5405227596278372
3549,CZ_Pump_Hydro_Closed,2050,1,264,264,3.503860471766497
3550,CZ_Pump_Hydro_Closed,2050,1,265,265,3.475224589755053
3551,CZ_Pump_Hydro_Closed,2050,1,266,266,3.440394633999867
3552,CZ_Pump_Hydro_Closed,2050,1,267,267,3.409666256547321
3553,CZ_Pump_Hydro_Closed,2050,1,268,268,3.3783743286172156
3554,CZ_Pump_Hydro_Closed,2050,1,269,269,3.3417120407558754
3555,CZ_Pump_Hydro_Closed,2050,1,270,270,3.3092435320599356
3556,CZ_Pump_Hydro_Closed,2050,1,271,271,3.279259549274543
3557,CZ_Pump_Hydro_Closed,2050,1,272,272,3.246799078486945
3558,CZ_Pump_Hydro_Closed,2050,1,273,273,3.225554929108399
3559,CZ_Pump_Hydro_Closed,2050,1,274,274,3.26199732081787
3560,CZ_Pump_Hydro_Closed,2050,1,275,275,3.3124049361001635
3561,CZ_Pump_Hydro_Closed,2050,1,276,276,3.275742648238823
3562,CZ_Pump_Hydro_Closed,2050,1,277,277,3.239080360377483
3563,CZ_Pump_Hydro_Closed,2050,1,278,278,3.20512225445097
3564,CZ_Pump_Hydro_Closed,2050,1,279,279,3.24091295433143
3565,CZ_Pump_Hydro_Closed,2050,1,280,280,3.264644421596683
3566,CZ_Pump_Hydro_Closed,2050,1,281,281,3.240264178485465
3567,CZ_Pump_Hydro_Closed,2050,1,282,282,3.2036018906241246
3568,CZ_Pump_Hydro_Closed,2050,1,283,283,3.1669396027627843
3569,CZ_Pump_Hydro_Closed,2050,1,284,284,3.1348157143520194
3570,CZ_Pump_Hydro_Closed,2050,1,285,285,3.1060823848428827
3571,CZ_Pump_Hydro_Closed,2050,1,286,286,3.0978374738391445
3572,CZ_Pump_Hydro_Closed,2050,1,287,287,3.0907197701232856
3573,CZ_Pump_Hydro_Closed,2050,1,288,288,3.117881793418812
3574,CZ_Pump_Hydro_Closed,2050,1,289,289,3.138207455591657
3575,CZ_Pump_Hydro_Closed,2050,1,290,290,3.1015451677303165
3576,CZ_Pump_Hydro_Closed,2050,1,291,291,3.0648828798689762
3577,CZ_Pump_Hydro_Closed,2050,1,292,292,3.028220592007636
3578,CZ_Pump_Hydro_Closed,2050,1,293,293,2.9915583041462956
3579,CZ_Pump_Hydro_Closed,2050,1,294,294,2.960191967829929
3580,CZ_Pump_Hydro_Closed,2050,1,295,295,2.973279899909768
3581,CZ_Pump_Hydro_Closed,2050,1,296,296,3.0046674770341557
3582,CZ_Pump_Hydro_Closed,2050,1,297,297,2.975567550628439
3583,CZ_Pump_Hydro_Closed,2050,1,298,298,3.0074787979433366
3584,CZ_Pump_Hydro_Closed,2050,1,299,299,2.9856679374991035
3585,CZ_Pump_Hydro_Closed,2050,1,300,300,2.9622968605557145
3586,CZ_Pump_Hydro_Closed,2050,1,301,301,2.950738868970937
3587,CZ_Pump_Hydro_Closed,2050,1,302,302,2.9171150896750437
3588,CZ_Pump_Hydro_Closed,2050,1,303,303,2.8847925802752257
3589,CZ_Pump_Hydro_Closed,2050,1,304,304,2.870218988913627
3590,CZ_Pump_Hydro_Closed,2050,1,305,305,2.8904440255306443
3591,CZ_Pump_Hydro_Closed,2050,1,306,306,2.901056111786678
3592,CZ_Pump_Hydro_Closed,2050,1,307,307,2.865215241232563
3593,CZ_Pump_Hydro_Closed,2050,1,308,308,2.8285529533712226
3594,CZ_Pump_Hydro_Closed,2050,1,309,309,2.792234422476877
3595,CZ_Pump_Hydro_Closed,2050,1,310,310,2.7617127897903924
3596,CZ_Pump_Hydro_Closed,2050,1,311,311,2.7524315480771078
3597,CZ_Pump_Hydro_Closed,2050,1,312,312,2.756834321903486
3598,CZ_Pump_Hydro_Closed,2050,1,313,313,2.740589763514293
3599,CZ_Pump_Hydro_Closed,2050,1,314,314,2.7291381418236793
3600,CZ_Pump_Hydro_Closed,2050,1,315,315,2.7307856346125745
3601,CZ_Pump_Hydro_Closed,2050,1,316,316,2.735507492810796
3602,CZ_Pump_Hydro_Closed,2050,1,317,317,2.727654814832777
3603,CZ_Pump_Hydro_Closed,2050,1,318,318,2.711410256443584
3604,CZ_Pump_Hydro_Closed,2050,1,319,319,2.687738937196898
3605,CZ_Pump_Hydro_Closed,2050,1,320,320,2.6675993136244283
3606,CZ_Pump_Hydro_Closed,2050,1,321,321,2.655008541270863
3607,CZ_Pump_Hydro_Closed,2050,1,322,322,2.642145322334378
3608,CZ_Pump_Hydro_Closed,2050,1,323,323,2.625900763945185
3609,CZ_Pump_Hydro_Closed,2050,1,324,324,2.60453417999935
3610,CZ_Pump_Hydro_Closed,2050,1,325,325,2.5827526286102223
3611,CZ_Pump_Hydro_Closed,2050,1,326,326,2.559246378586605
3612,CZ_Pump_Hydro_Closed,2050,1,327,327,2.5254190737147755
3613,CZ_Pump_Hydro_Closed,2050,1,328,328,2.5143176335244615
3614,CZ_Pump_Hydro_Closed,2050,1,329,329,2.497428275580264
3615,CZ_Pump_Hydro_Closed,2050,1,330,330,2.4729289052007104
3616,CZ_Pump_Hydro_Closed,2050,1,331,331,2.4566843468115174
3617,CZ_Pump_Hydro_Closed,2050,1,332,332,2.4404397884223243
3618,CZ_Pump_Hydro_Closed,2050,1,333,333,2.4241952300331313
3619,CZ_Pump_Hydro_Closed,2050,1,334,334,2.4079506716439383
3620,CZ_Pump_Hydro_Closed,2050,1,335,335,2.3917061132547452
3621,CZ_Pump_Hydro_Closed,2050,1,336,336,2.3779451483586995
3622,CZ_Pump_Hydro_Closed,2050,1,337,337,2.360022792470811
3623,CZ_Pump_Hydro_Closed,2050,1,338,338,2.343778234081618
3624,CZ_Pump_Hydro_Closed,2050,1,339,339,2.327533675692425
3625,CZ_Pump_Hydro_Closed,2050,1,340,340,2.311289117303232
3626,CZ_Pump_Hydro_Closed,2050,1,341,341,2.295044558914039
3627,CZ_Pump_Hydro_Closed,2050,1,342,342,2.2773827922464966
3628,CZ_Pump_Hydro_Closed,2050,1,343,343,2.2611382338573036
3629,CZ_Pump_Hydro_Closed,2050,1,344,344,2.2448936754681106
3630,CZ_Pump_Hydro_Closed,2050,1,345,345,2.2286491170789176
3631,CZ_Pump_Hydro_Closed,2050,1,346,346,2.2117265077914423
3632,CZ_Pump_Hydro_Closed,2050,1,347,347,2.1840828591720625
3633,CZ_Pump_Hydro_Closed,2050,1,348,348,2.154242232889811
3634,CZ_Pump_Hydro_Closed,2050,1,349,349,2.123801350993412
3635,CZ_Pump_Hydro_Closed,2050,1,350,350,2.1047945606851584
3636,CZ_Pump_Hydro_Closed,2050,1,351,351,2.0885500022959653
3637,CZ_Pump_Hydro_Closed,2050,1,352,352,2.0723054439067723
3638,CZ_Pump_Hydro_Closed,2050,1,353,353,2.0560608855175793
3639,CZ_Pump_Hydro_Closed,2050,1,354,354,2.0398163271283862
3640,CZ_Pump_Hydro_Closed,2050,1,355,355,2.023571768739193
3641,CZ_Pump_Hydro_Closed,2050,1,356,356,2.00732721035
3642,CZ_Pump_Hydro_Closed,2050,1,357,357,1.9910826519608071
3643,CZ_Pump_Hydro_Closed,2050,1,358,358,1.974838093571614
3644,CZ_Pump_Hydro_Closed,2050,1,359,359,1.958593535182421
3645,CZ_Pump_Hydro_Closed,2050,1,360,360,1.9421334951921936
3646,CZ_Pump_Hydro_Closed,2050,1,361,361,1.9221468131395962
3647,CZ_Pump_Hydro_Closed,2050,1,362,362,1.9014848279154246
3648,CZ_Pump_Hydro_Closed,2050,1,363,363,1.8824891167783862
3649,CZ_Pump_Hydro_Closed,2050,1,364,364,1.8662445583891931
3650,CZ_Pump_Hydro_Closed,2050,1,365,365,1.85
3651,CZ_Pump_Hydro_Open,2050,1,1,1,1.1399020312715826
3652,CZ_Pump_Hydro_Open,2050,1,2,2,1.1298040625431653
3653,CZ_Pump_Hydro_Open,2050,1,3,3,1.119706093814748
3654,CZ_Pump_Hydro_Open,2050,1,4,4,1.1096081250863308
3655,CZ_Pump_Hydro_Open,2050,1,5,5,1.0980635890185957
3656,CZ_Pump_Hydro_Open,2050,1,6,6,1.0834540103114214
3657,CZ_Pump_Hydro_Open,2050,1,7,7,1.0733560415830041
3658,CZ_Pump_Hydro_Open,2050,1,8,8,1.0632580728545868
3659,CZ_Pump_Hydro_Open,2050,1,9,9,1.0531601041261696
3660,CZ_Pump_Hydro_Open,2050,1,10,10,1.0430621353977523
3661,CZ_Pump_Hydro_Open,2050,1,11,11,1.032964166669335
3662,CZ_Pump_Hydro_Open,2050,1,12,12,1.0228661979409177
3663,CZ_Pump_Hydro_Open,2050,1,13,13,1.0127682292125004
3664,CZ_Pump_Hydro_Open,2050,1,14,14,1.0026702604840831
3665,CZ_Pump_Hydro_Open,2050,1,15,15,0.9925722917556659
3666,CZ_Pump_Hydro_Open,2050,1,16,16,0.9824743230272486
3667,CZ_Pump_Hydro_Open,2050,1,17,17,0.9723763542988313
3668,CZ_Pump_Hydro_Open,2050,1,18,18,0.9561605942520696
3669,CZ_Pump_Hydro_Open,2050,1,19,19,0.9333705234193447
3670,CZ_Pump_Hydro_Open,2050,1,20,20,0.9143021463325136
3671,CZ_Pump_Hydro_Open,2050,1,21,21,0.8952456596540304
3672,CZ_Pump_Hydro_Open,2050,1,22,22,0.8724555888213055
3673,CZ_Pump_Hydro_Open,2050,1,23,23,0.8533337643562975
3674,CZ_Pump_Hydro_Open,2050,1,24,24,0.8422068690643829
3675,CZ_Pump_Hydro_Open,2050,1,25,25,0.8243901108080346
3676,CZ_Pump_Hydro_Open,2050,1,26,26,0.8125887587629987
3677,CZ_Pump_Hydro_Open,2050,1,27,27,0.7983327636210782
3678,CZ_Pump_Hydro_Open,2050,1,28,28,0.7882347948926609
3679,CZ_Pump_Hydro_Open,2050,1,29,29,0.7781368261642436
3680,CZ_Pump_Hydro_Open,2050,1,30,30,0.7680388574358263
3681,CZ_Pump_Hydro_Open,2050,1,31,31,0.7538249664431105
3682,CZ_Pump_Hydro_Open,2050,1,32,32,0.7435687837838038
3683,CZ_Pump_Hydro_Open,2050,1,33,33,0.7286031810663257
3684,CZ_Pump_Hydro_Open,2050,1,34,34,0.7087408467051284
3685,CZ_Pump_Hydro_Open,2050,1,35,35,0.6866979735195425
3686,CZ_Pump_Hydro_Open,2050,1,36,36,0.6672776536340423
3687,CZ_Pump_Hydro_Open,2050,1,37,37,0.6571796849056251
3688,CZ_Pump_Hydro_Open,2050,1,38,38,0.6470817161772078
3689,CZ_Pump_Hydro_Open,2050,1,39,39,0.6369837474487905
3690,CZ_Pump_Hydro_Open,2050,1,40,40,0.6249116908622124
3691,CZ_Pump_Hydro_Open,2050,1,41,41,0.6093844325251662
3692,CZ_Pump_Hydro_Open,2050,1,42,42,0.5892339397723718
3693,CZ_Pump_Hydro_Open,2050,1,43,43,0.570575622289464
3694,CZ_Pump_Hydro_Open,2050,1,44,44,0.553166636017348
3695,CZ_Pump_Hydro_Open,2050,1,45,45,0.5340953138899326
3696,CZ_Pump_Hydro_Open,2050,1,46,46,0.5319243662116797
3697,CZ_Pump_Hydro_Open,2050,1,47,47,0.5290089747716817
3698,CZ_Pump_Hydro_Open,2050,1,48,48,0.5212499620165278
3699,CZ_Pump_Hydro_Open,2050,1,49,49,0.5140133932808552
3700,CZ_Pump_Hydro_Open,2050,1,50,50,0.5039154245524379
3701,CZ_Pump_Hydro_Open,2050,1,51,51,0.499958226950573
3702,CZ_Pump_Hydro_Open,2050,1,52,52,0.4866469459746054
3703,CZ_Pump_Hydro_Open,2050,1,53,53,0.4771675887624977
3704,CZ_Pump_Hydro_Open,2050,1,54,54,0.4670696200340804
3705,CZ_Pump_Hydro_Open,2050,1,55,55,0.4556649794537535
3706,CZ_Pump_Hydro_Open,2050,1,56,56,0.4370079440117404
3707,CZ_Pump_Hydro_Open,2050,1,57,57,0.42031124777210777
3708,CZ_Pump_Hydro_Open,2050,1,58,58,0.4017868953066897
3709,CZ_Pump_Hydro_Open,2050,1,59,59,0.38566788766699656
3710,CZ_Pump_Hydro_Open,2050,1,60,60,0.3755699189385793
3711,CZ_Pump_Hydro_Open,2050,1,61,61,0.365471950210162
3712,CZ_Pump_Hydro_Open,2050,1,62,62,0.35617240172439146
3713,CZ_Pump_Hydro_Open,2050,1,63,63,0.34122467398534057
3714,CZ_Pump_Hydro_Open,2050,1,64,64,0.32368121656424426
3715,CZ_Pump_Hydro_Open,2050,1,65,65,0.3127738576845268
3716,CZ_Pump_Hydro_Open,2050,1,66,66,0.30267588895610953
3717,CZ_Pump_Hydro_Open,2050,1,67,67,0.29530223731514393
3718,CZ_Pump_Hydro_Open,2050,1,68,68,0.27861549391462437
3719,CZ_Pump_Hydro_Open,2050,1,69,69,0.2942575675928677
3720,CZ_Pump_Hydro_Open,2050,1,70,70,0.2823312542167532
3721,CZ_Pump_Hydro_Open,2050,1,71,71,0.2675084474461458
3722,CZ_Pump_Hydro_Open,2050,1,72,72,0.27226355675503383
3723,CZ_Pump_Hydro_Open,2050,1,73,73,0.26922791712456184
3724,CZ_Pump_Hydro_Open,2050,1,74,74,0.26068230930323466
3725,CZ_Pump_Hydro_Open,2050,1,75,75,0.266689587046753
3726,CZ_Pump_Hydro_Open,2050,1,76,76,0.28759932688679724
3727,CZ_Pump_Hydro_Open,2050,1,77,77,0.26678702518524305
3728,CZ_Pump_Hydro_Open,2050,1,78,78,0.24583663753170548
3729,CZ_Pump_Hydro_Open,2050,1,79,79,0.22511934503767184
3730,CZ_Pump_Hydro_Open,2050,1,80,80,0.21174508367160094
3731,CZ_Pump_Hydro_Open,2050,1,81,81,0.19538098779800483
3732,CZ_Pump_Hydro_Open,2050,1,82,82,0.20224830159000637
3733,CZ_Pump_Hydro_Open,2050,1,83,83,0.18148943136125587
3734,CZ_Pump_Hydro_Open,2050,1,84,84,0.16284059631791192
3735,CZ_Pump_Hydro_Open,2050,1,85,85,0.15194998281738595
3736,CZ_Pump_Hydro_Open,2050,1,86,86,0.1372664359776953
3737,CZ_Pump_Hydro_Open,2050,1,87,87,0.12287233823205414
3738,CZ_Pump_Hydro_Open,2050,1,88,88,0.11277436950363687
3739,CZ_Pump_Hydro_Open,2050,1,89,89,0.10267640077521958
3740,CZ_Pump_Hydro_Open,2050,1,90,90,0.0925784320468023
3741,CZ_Pump_Hydro_Open,2050,1,91,91,0.08214978338152196
3742,CZ_Pump_Hydro_Open,2050,1,92,92,0.08208252625050064
3743,CZ_Pump_Hydro_Open,2050,1,93,93,0.061364110194888674
3744,CZ_Pump_Hydro_Open,2050,1,94,94,0.04254276667667043
3745,CZ_Pump_Hydro_Open,2050,1,95,95,0.021006288509128054
3746,CZ_Pump_Hydro_Open,2050,1,96,96,0.0
3747,CZ_Pump_Hydro_Open,2050,1,97,97,0.022568952691323228
3748,CZ_Pump_Hydro_Open,2050,1,98,98,0.043812340439330896
3749,CZ_Pump_Hydro_Open,2050,1,99,99,0.07120699407336151
3750,CZ_Pump_Hydro_Open,2050,1,100,100,0.08333842910208666
3751,CZ_Pump_Hydro_Open,2050,1,101,101,0.07354899624441735
3752,CZ_Pump_Hydro_Open,2050,1,102,102,0.08616596521380496
3753,CZ_Pump_Hydro_Open,2050,1,103,103,0.10767917375503319
3754,CZ_Pump_Hydro_Open,2050,1,104,104,0.12518725396539726
3755,CZ_Pump_Hydro_Open,2050,1,105,105,0.15255313938629583
3756,CZ_Pump_Hydro_Open,2050,1,106,106,0.1818676830126223
3757,CZ_Pump_Hydro_Open,2050,1,107,107,0.19501613118429217
3758,CZ_Pump_Hydro_Open,2050,1,108,108,0.18620193480189728
3759,CZ_Pump_Hydro_Open,2050,1,109,109,0.20988259066858017
3760,CZ_Pump_Hydro_Open,2050,1,110,110,0.23895378004426138
3761,CZ_Pump_Hydro_Open,2050,1,111,111,0.26489912740417454
3762,CZ_Pump_Hydro_Open,2050,1,112,112,0.2885934729246813
3763,CZ_Pump_Hydro_Open,2050,1,113,113,0.33323603301400756
3764,CZ_Pump_Hydro_Open,2050,1,114,114,0.3594847372942739
3765,CZ_Pump_Hydro_Open,2050,1,115,115,0.35558552947775857
3766,CZ_Pump_Hydro_Open,2050,1,116,116,0.33923386096157365
3767,CZ_Pump_Hydro_Open,2050,1,117,117,0.3171905026809987
3768,CZ_Pump_Hydro_Open,2050,1,118,118,0.3101936583076439
3769,CZ_Pump_Hydro_Open,2050,1,119,119,0.3428251980131055
3770,CZ_Pump_Hydro_Open,2050,1,120,120,0.3874677581024318
3771,CZ_Pump_Hydro_Open,2050,1,121,121,0.43211031819175805
3772,CZ_Pump_Hydro_Open,2050,1,122,122,0.4767528782810843
3773,CZ_Pump_Hydro_Open,2050,1,123,123,0.5026363366053708
3774,CZ_Pump_Hydro_Open,2050,1,124,124,0.547278896694697
3775,CZ_Pump_Hydro_Open,2050,1,125,125,0.5919214567840232
3776,CZ_Pump_Hydro_Open,2050,1,126,126,0.6328224552479178
3777,CZ_Pump_Hydro_Open,2050,1,127,127,0.677465015337244
3778,CZ_Pump_Hydro_Open,2050,1,128,128,0.7221075754265702
3779,CZ_Pump_Hydro_Open,2050,1,129,129,0.7667501355158964
3780,CZ_Pump_Hydro_Open,2050,1,130,130,0.8113926956052226
3781,CZ_Pump_Hydro_Open,2050,1,131,131,0.8560352556945489
3782,CZ_Pump_Hydro_Open,2050,1,132,132,0.9006778157838751
3783,CZ_Pump_Hydro_Open,2050,1,133,133,0.9453203758732013
3784,CZ_Pump_Hydro_Open,2050,1,134,134,0.9677526550919788
3785,CZ_Pump_Hydro_Open,2050,1,135,135,0.9859302038022123
3786,CZ_Pump_Hydro_Open,2050,1,136,136,1.0209735438539718
3787,CZ_Pump_Hydro_Open,2050,1,137,137,1.065616103943298
3788,CZ_Pump_Hydro_Open,2050,1,138,138,1.1102586640326244
3789,CZ_Pump_Hydro_Open,2050,1,139,139,1.1549012241219507
3790,CZ_Pump_Hydro_Open,2050,1,140,140,1.1608399890216512
3791,CZ_Pump_Hydro_Open,2050,1,141,141,1.1592432408602145
3792,CZ_Pump_Hydro_Open,2050,1,142,142,1.1904844145920221
3793,CZ_Pump_Hydro_Open,2050,1,143,143,1.22657879966842
3794,CZ_Pump_Hydro_Open,2050,1,144,144,1.2333259512597838
3795,CZ_Pump_Hydro_Open,2050,1,145,145,1.2297707761062169
3796,CZ_Pump_Hydro_Open,2050,1,146,146,1.253660900636936
3797,CZ_Pump_Hydro_Open,2050,1,147,147,1.2885733622495341
3798,CZ_Pump_Hydro_Open,2050,1,148,148,1.3332159223388604
3799,CZ_Pump_Hydro_Open,2050,1,149,149,1.3674599530850564
3800,CZ_Pump_Hydro_Open,2050,1,150,150,1.4121025131743827
3801,CZ_Pump_Hydro_Open,2050,1,151,151,1.455878662422279
3802,CZ_Pump_Hydro_Open,2050,1,152,152,1.5005212225116054
3803,CZ_Pump_Hydro_Open,2050,1,153,153,1.5451637826009317
3804,CZ_Pump_Hydro_Open,2050,1,154,154,1.589806342690258
3805,CZ_Pump_Hydro_Open,2050,1,155,155,1.6344489027795843
3806,CZ_Pump_Hydro_Open,2050,1,156,156,1.6672337014795793
3807,CZ_Pump_Hydro_Open,2050,1,157,157,1.7118762615689056
3808,CZ_Pump_Hydro_Open,2050,1,158,158,1.756518821658232
3809,CZ_Pump_Hydro_Open,2050,1,159,159,1.8011613817475582
3810,CZ_Pump_Hydro_Open,2050,1,160,160,1.8278279021811619
3811,CZ_Pump_Hydro_Open,2050,1,161,161,1.8724704622704882
3812,CZ_Pump_Hydro_Open,2050,1,162,162,1.8977250355777162
3813,CZ_Pump_Hydro_Open,2050,1,163,163,1.8961253757235534
3814,CZ_Pump_Hydro_Open,2050,1,164,164,1.889716696621543
3815,CZ_Pump_Hydro_Open,2050,1,165,165,1.9343592567108694
3816,CZ_Pump_Hydro_Open,2050,1,166,166,1.9704914947218406
3817,CZ_Pump_Hydro_Open,2050,1,167,167,1.972444082834534
3818,CZ_Pump_Hydro_Open,2050,1,168,168,1.9954969040020196
3819,CZ_Pump_Hydro_Open,2050,1,169,169,2.0368164086406577
3820,CZ_Pump_Hydro_Open,2050,1,170,170,2.0545733774771446
3821,CZ_Pump_Hydro_Open,2050,1,171,171,2.0317833066444195
3822,CZ_Pump_Hydro_Open,2050,1,172,172,2.0089932358116944
3823,CZ_Pump_Hydro_Open,2050,1,173,173,1.9899417668498427
3824,CZ_Pump_Hydro_Open,2050,1,174,174,2.0108787813676767
3825,CZ_Pump_Hydro_Open,2050,1,175,175,2.055521341457003
3826,CZ_Pump_Hydro_Open,2050,1,176,176,2.0867749163280513
3827,CZ_Pump_Hydro_Open,2050,1,177,177,2.074125473455501
3828,CZ_Pump_Hydro_Open,2050,1,178,178,2.051335402622776
3829,CZ_Pump_Hydro_Open,2050,1,179,179,2.028545331790051
3830,CZ_Pump_Hydro_Open,2050,1,180,180,2.017104832168095
3831,CZ_Pump_Hydro_Open,2050,1,181,181,2.002104115342791
3832,CZ_Pump_Hydro_Open,2050,1,182,182,1.9994670266016843
3833,CZ_Pump_Hydro_Open,2050,1,183,183,2.005034338460734
3834,CZ_Pump_Hydro_Open,2050,1,184,184,2.0047776299905355
3835,CZ_Pump_Hydro_Open,2050,1,185,185,1.9942028817906108
3836,CZ_Pump_Hydro_Open,2050,1,186,186,1.971412810957886
3837,CZ_Pump_Hydro_Open,2050,1,187,187,2.016055371047212
3838,CZ_Pump_Hydro_Open,2050,1,188,188,2.0606979311365383
3839,CZ_Pump_Hydro_Open,2050,1,189,189,2.092022660958894
3840,CZ_Pump_Hydro_Open,2050,1,190,190,2.129839347129152
3841,CZ_Pump_Hydro_Open,2050,1,191,191,2.1744819072184782
3842,CZ_Pump_Hydro_Open,2050,1,192,192,2.171907867064158
3843,CZ_Pump_Hydro_Open,2050,1,193,193,2.149835625835458
3844,CZ_Pump_Hydro_Open,2050,1,194,194,2.127045555002733
3845,CZ_Pump_Hydro_Open,2050,1,195,195,2.104255484170008
3846,CZ_Pump_Hydro_Open,2050,1,196,196,2.092753096723143
3847,CZ_Pump_Hydro_Open,2050,1,197,197,2.085202698618583
3848,CZ_Pump_Hydro_Open,2050,1,198,198,2.0896513991916836
3849,CZ_Pump_Hydro_Open,2050,1,199,199,2.125324026703771
3850,CZ_Pump_Hydro_Open,2050,1,200,200,2.1274402234840517
3851,CZ_Pump_Hydro_Open,2050,1,201,201,2.126157769240434
3852,CZ_Pump_Hydro_Open,2050,1,202,202,2.1517396269968168
3853,CZ_Pump_Hydro_Open,2050,1,203,203,2.1742173424914415
3854,CZ_Pump_Hydro_Open,2050,1,204,204,2.19007066744293
3855,CZ_Pump_Hydro_Open,2050,1,205,205,2.180254721099837
3856,CZ_Pump_Hydro_Open,2050,1,206,206,2.2113556881167344
3857,CZ_Pump_Hydro_Open,2050,1,207,207,2.2448141994635433
3858,CZ_Pump_Hydro_Open,2050,1,208,208,2.2374860691658016
3859,CZ_Pump_Hydro_Open,2050,1,209,209,2.232143856822498
3860,CZ_Pump_Hydro_Open,2050,1,210,210,2.2616428413270246
3861,CZ_Pump_Hydro_Open,2050,1,211,211,2.2838358223812993
3862,CZ_Pump_Hydro_Open,2050,1,212,212,2.3
3863,CZ_Pump_Hydro_Open,2050,1,213,213,2.285316837939745
3864,CZ_Pump_Hydro_Open,2050,1,214,214,2.26252676710702
3865,CZ_Pump_Hydro_Open,2050,1,215,215,2.2410980762068267
3866,CZ_Pump_Hydro_Open,2050,1,216,216,2.2303975355503467
3867,CZ_Pump_Hydro_Open,2050,1,217,217,2.222443614373505
3868,CZ_Pump_Hydro_Open,2050,1,218,218,2.19965354354078
3869,CZ_Pump_Hydro_Open,2050,1,219,219,2.176863472708055
3870,CZ_Pump_Hydro_Open,2050,1,220,220,2.15407340187533
3871,CZ_Pump_Hydro_Open,2050,1,221,221,2.1312833310426047
3872,CZ_Pump_Hydro_Open,2050,1,222,222,2.1084932602098796
3873,CZ_Pump_Hydro_Open,2050,1,223,223,2.0857031893771545
3874,CZ_Pump_Hydro_Open,2050,1,224,224,2.0629131185444294
3875,CZ_Pump_Hydro_Open,2050,1,225,225,2.0593150574210304
3876,CZ_Pump_Hydro_Open,2050,1,226,226,2.058369224160536
3877,CZ_Pump_Hydro_Open,2050,1,227,227,2.0557600877143463
3878,CZ_Pump_Hydro_Open,2050,1,228,228,2.0723897542564207
3879,CZ_Pump_Hydro_Open,2050,1,229,229,2.1102191750158386
3880,CZ_Pump_Hydro_Open,2050,1,230,230,2.141085987133366
3881,CZ_Pump_Hydro_Open,2050,1,231,231,2.1287521317256024
3882,CZ_Pump_Hydro_Open,2050,1,232,232,2.1059620608928773
3883,CZ_Pump_Hydro_Open,2050,1,233,233,2.083171990060152
3884,CZ_Pump_Hydro_Open,2050,1,234,234,2.0628839583686385
3885,CZ_Pump_Hydro_Open,2050,1,235,235,2.0619227826460604
3886,CZ_Pump_Hydro_Open,2050,1,236,236,2.086187640470727
3887,CZ_Pump_Hydro_Open,2050,1,237,237,2.1117368999692068
3888,CZ_Pump_Hydro_Open,2050,1,238,238,2.130155520764652
3889,CZ_Pump_Hydro_Open,2050,1,239,239,2.1497153418752375
3890,CZ_Pump_Hydro_Open,2050,1,240,240,2.17275566286777
3891,CZ_Pump_Hydro_Open,2050,1,241,241,2.1933081853301797
3892,CZ_Pump_Hydro_Open,2050,1,242,242,2.1705181144974546
3893,CZ_Pump_Hydro_Open,2050,1,243,243,2.1477280436647295
3894,CZ_Pump_Hydro_Open,2050,1,244,244,2.1624180043258616
3895,CZ_Pump_Hydro_Open,2050,1,245,245,2.1950291121090553
3896,CZ_Pump_Hydro_Open,2050,1,246,246,2.17223904127633
3897,CZ_Pump_Hydro_Open,2050,1,247,247,2.149448970443605
3898,CZ_Pump_Hydro_Open,2050,1,248,248,2.165146399030193
3899,CZ_Pump_Hydro_Open,2050,1,249,249,2.1774216773173327
3900,CZ_Pump_Hydro_Open,2050,1,250,250,2.202069995128414
3901,CZ_Pump_Hydro_Open,2050,1,251,251,2.224568159993493
3902,CZ_Pump_Hydro_Open,2050,1,252,252,2.201778089160768
3903,CZ_Pump_Hydro_Open,2050,1,253,253,2.178988018328043
3904,CZ_Pump_Hydro_Open,2050,1,254,254,2.17002229912091
3905,CZ_Pump_Hydro_Open,2050,1,255,255,2.183842555070771
3906,CZ_Pump_Hydro_Open,2050,1,256,256,2.1922205149895375
3907,CZ_Pump_Hydro_Open,2050,1,257,257,2.2033660066245018
3908,CZ_Pump_Hydro_Open,2050,1,258,258,2.214758006756469
3909,CZ_Pump_Hydro_Open,2050,1,259,259,2.1956812142664233
3910,CZ_Pump_Hydro_Open,2050,1,260,260,2.2003632789939047
3911,CZ_Pump_Hydro_Open,2050,1,261,261,2.224441556964795
3912,CZ_Pump_Hydro_Open,2050,1,262,262,2.2236555700608394
3913,CZ_Pump_Hydro_Open,2050,1,263,263,2.2008654992281143
3914,CZ_Pump_Hydro_Open,2050,1,264,264,2.178075428395389
3915,CZ_Pump_Hydro_Open,2050,1,265,265,2.1602747449828703
3916,CZ_Pump_Hydro_Open,2050,1,266,266,2.1386236914053223
3917,CZ_Pump_Hydro_Open,2050,1,267,267,2.1195222675834695
3918,CZ_Pump_Hydro_Open,2050,1,268,268,2.1000705285998906
3919,CZ_Pump_Hydro_Open,2050,1,269,269,2.0772804577671655
3920,CZ_Pump_Hydro_Open,2050,1,270,270,2.0570973307399596
3921,CZ_Pump_Hydro_Open,2050,1,271,271,2.038458638738229
3922,CZ_Pump_Hydro_Open,2050,1,272,272,2.0182805082486412
3923,CZ_Pump_Hydro_Open,2050,1,273,273,2.0050746856619774
3924,CZ_Pump_Hydro_Open,2050,1,274,274,2.027728064292189
3925,CZ_Pump_Hydro_Open,2050,1,275,275,2.059062527846047
3926,CZ_Pump_Hydro_Open,2050,1,276,276,2.0362724570133217
3927,CZ_Pump_Hydro_Open,2050,1,277,277,2.0134823861805966
3928,CZ_Pump_Hydro_Open,2050,1,278,278,1.992373293307359
3929,CZ_Pump_Hydro_Open,2050,1,279,279,2.0146215662060243
3930,CZ_Pump_Hydro_Open,2050,1,280,280,2.029373559370911
3931,CZ_Pump_Hydro_Open,2050,1,281,281,2.0142182731125864
3932,CZ_Pump_Hydro_Open,2050,1,282,282,1.9914282022798615
3933,CZ_Pump_Hydro_Open,2050,1,283,283,1.9686381314471366
3934,CZ_Pump_Hydro_Open,2050,1,284,284,1.9486692278404447
3935,CZ_Pump_Hydro_Open,2050,1,285,285,1.9308079689563866
3936,CZ_Pump_Hydro_Open,2050,1,286,286,1.925682754008117
3937,CZ_Pump_Hydro_Open,2050,1,287,287,1.9212582354820422
3938,CZ_Pump_Hydro_Open,2050,1,288,288,1.9381427364495318
3939,CZ_Pump_Hydro_Open,2050,1,289,289,1.9507776075299486
3940,CZ_Pump_Hydro_Open,2050,1,290,290,1.9279875366972237
3941,CZ_Pump_Hydro_Open,2050,1,291,291,1.9051974658644988
3942,CZ_Pump_Hydro_Open,2050,1,292,292,1.882407395031774
3943,CZ_Pump_Hydro_Open,2050,1,293,293,1.859617324199049
3944,CZ_Pump_Hydro_Open,2050,1,294,294,1.8401193313537394
3945,CZ_Pump_Hydro_Open,2050,1,295,295,1.8482550729168823
3946,CZ_Pump_Hydro_Open,2050,1,296,296,1.867766269507718
3947,CZ_Pump_Hydro_Open,2050,1,297,297,1.849677126066327
3948,CZ_Pump_Hydro_Open,2050,1,298,298,1.869513847370182
3949,CZ_Pump_Hydro_Open,2050,1,299,299,1.8559557449318753
3950,CZ_Pump_Hydro_Open,2050,1,300,300,1.8414277781832817
3951,CZ_Pump_Hydro_Open,2050,1,301,301,1.8342430807116634
3952,CZ_Pump_Hydro_Open,2050,1,302,302,1.8133418125007028
3953,CZ_Pump_Hydro_Open,2050,1,303,303,1.7932494417927076
3954,CZ_Pump_Hydro_Open,2050,1,304,304,1.7841901822976598
3955,CZ_Pump_Hydro_Open,2050,1,305,305,1.7967625023568867
3956,CZ_Pump_Hydro_Open,2050,1,306,306,1.803359204624151
3957,CZ_Pump_Hydro_Open,2050,1,307,307,1.781079744549971
3958,CZ_Pump_Hydro_Open,2050,1,308,308,1.7582896737172462
3959,CZ_Pump_Hydro_Open,2050,1,309,309,1.735713289647788
3960,CZ_Pump_Hydro_Open,2050,1,310,310,1.7167403828426757
3961,CZ_Pump_Hydro_Open,2050,1,311,311,1.710970962318202
3962,CZ_Pump_Hydro_Open,2050,1,312,312,1.7137078217237882
3963,CZ_Pump_Hydro_Open,2050,1,313,313,1.703609852995371
3964,CZ_Pump_Hydro_Open,2050,1,314,314,1.6964912773498544
3965,CZ_Pump_Hydro_Open,2050,1,315,315,1.6975153944888974
3966,CZ_Pump_Hydro_Open,2050,1,316,316,1.7004506036391431
3967,CZ_Pump_Hydro_Open,2050,1,317,317,1.6955692092203747
3968,CZ_Pump_Hydro_Open,2050,1,318,318,1.6854712404919574
3969,CZ_Pump_Hydro_Open,2050,1,319,319,1.6707566366359092
3970,CZ_Pump_Hydro_Open,2050,1,320,320,1.6582374111719418
3971,CZ_Pump_Hydro_Open,2050,1,321,321,1.65041071484405
3972,CZ_Pump_Hydro_Open,2050,1,322,322,1.6424146598294784
3973,CZ_Pump_Hydro_Open,2050,1,323,323,1.6323166911010611
3974,CZ_Pump_Hydro_Open,2050,1,324,324,1.6190347605401367
3975,CZ_Pump_Hydro_Open,2050,1,325,325,1.6054948772441922
3976,CZ_Pump_Hydro_Open,2050,1,326,326,1.5908828839862679
3977,CZ_Pump_Hydro_Open,2050,1,327,327,1.5698550998767522
3978,CZ_Pump_Hydro_Open,2050,1,328,328,1.5629542046233138
3979,CZ_Pump_Hydro_Open,2050,1,329,329,1.5524554145498939
3980,CZ_Pump_Hydro_Open,2050,1,330,330,1.537226076205847
3981,CZ_Pump_Hydro_Open,2050,1,331,331,1.5271281074774297
3982,CZ_Pump_Hydro_Open,2050,1,332,332,1.5170301387490124
3983,CZ_Pump_Hydro_Open,2050,1,333,333,1.506932170020595
3984,CZ_Pump_Hydro_Open,2050,1,334,334,1.4968342012921778
3985,CZ_Pump_Hydro_Open,2050,1,335,335,1.4867362325637605
3986,CZ_Pump_Hydro_Open,2050,1,336,336,1.4781821192500024
3987,CZ_Pump_Hydro_Open,2050,1,337,337,1.4670411953196931
3988,CZ_Pump_Hydro_Open,2050,1,338,338,1.4569432265912758
3989,CZ_Pump_Hydro_Open,2050,1,339,339,1.4468452578628586
3990,CZ_Pump_Hydro_Open,2050,1,340,340,1.4367472891344413
3991,CZ_Pump_Hydro_Open,2050,1,341,341,1.426649320406024
3992,CZ_Pump_Hydro_Open,2050,1,342,342,1.4156703843694438
3993,CZ_Pump_Hydro_Open,2050,1,343,343,1.4055724156410265
3994,CZ_Pump_Hydro_Open,2050,1,344,344,1.3954744469126092
3995,CZ_Pump_Hydro_Open,2050,1,345,345,1.385376478184192
3996,CZ_Pump_Hydro_Open,2050,1,346,346,1.3748570183568425
3997,CZ_Pump_Hydro_Open,2050,1,347,347,1.3576731286745252
3998,CZ_Pump_Hydro_Open,2050,1,348,348,1.3391235501747474
3999,CZ_Pump_Hydro_Open,2050,1,349,349,1.3202008398067153
4000,CZ_Pump_Hydro_Open,2050,1,350,350,1.3083858079934767
4001,CZ_Pump_Hydro_Open,2050,1,351,351,1.2982878392650594
4002,CZ_Pump_Hydro_Open,2050,1,352,352,1.2881898705366421
4003,CZ_Pump_Hydro_Open,2050,1,353,353,1.2780919018082249
4004,CZ_Pump_Hydro_Open,2050,1,354,354,1.2679939330798076
4005,CZ_Pump_Hydro_Open,2050,1,355,355,1.2578959643513903
4006,CZ_Pump_Hydro_Open,2050,1,356,356,1.247797995622973
4007,CZ_Pump_Hydro_Open,2050,1,357,357,1.2377000268945557
4008,CZ_Pump_Hydro_Open,2050,1,358,358,1.2276020581661384
4009,CZ_Pump_Hydro_Open,2050,1,359,359,1.2175040894377211
4010,CZ_Pump_Hydro_Open,2050,1,360,360,1.207272172687039
4011,CZ_Pump_Hydro_Open,2050,1,361,361,1.1948480189786679
4012,CZ_Pump_Hydro_Open,2050,1,362,362,1.1820040822176965
4013,CZ_Pump_Hydro_Open,2050,1,363,363,1.1701959374568345
4014,CZ_Pump_Hydro_Open,2050,1,364,364,1.1600979687284172
4015,CZ_Pump_Hydro_Open,2050,1,365,365,1.15
4016,DE_Hydro_Reservoir,2050,1,1,1,130.11088596611194
4017,DE_Hydro_Reservoir,2050,1,2,2,130.92177193222386
4018,DE_Hydro_Reservoir,2050,1,3,3,131.7326578983358
4019,DE_Hydro_Reservoir,2050,1,4,4,132.5435438644477
4020,DE_Hydro_Reservoir,2050,1,5,5,133.02457786890434
4021,DE_Hydro_Reservoir,2050,1,6,6,132.806708822188
4022,DE_Hydro_Reservoir,2050,1,7,7,133.61759478829993
4023,DE_Hydro_Reservoir,2050,1,8,8,134.42848075441185
4024,DE_Hydro_Reservoir,2050,1,9,9,135.23936672052378
4025,DE_Hydro_Reservoir,2050,1,10,10,136.0502526866357
4026,DE_Hydro_Reservoir,2050,1,11,11,136.86113865274763
4027,DE_Hydro_Reservoir,2050,1,12,12,137.67202461885955
4028,DE_Hydro_Reservoir,2050,1,13,13,138.48291058497148
4029,DE_Hydro_Reservoir,2050,1,14,14,139.2937965510834
4030,DE_Hydro_Reservoir,2050,1,15,15,140.10468251719533
4031,DE_Hydro_Reservoir,2050,1,16,16,140.91556848330725
4032,DE_Hydro_Reservoir,2050,1,17,17,141.72645444941918
4033,DE_Hydro_Reservoir,2050,1,18,18,141.14233763031288
4034,DE_Hydro_Reservoir,2050,1,19,19,139.0591206654059
4035,DE_Hydro_Reservoir,2050,1,20,20,137.82453891394331
4036,DE_Hydro_Reservoir,2050,1,21,21,136.59266846005502
4037,DE_Hydro_Reservoir,2050,1,22,22,134.5094514951481
4038,DE_Hydro_Reservoir,2050,1,23,23,133.2626824627633
4039,DE_Hydro_Reservoir,2050,1,24,24,133.83894855592214
4040,DE_Hydro_Reservoir,2050,1,25,25,132.88976584206964
4041,DE_Hydro_Reservoir,2050,1,26,26,133.3122396595272
4042,DE_Hydro_Reservoir,2050,1,27,27,133.17499612497195
4043,DE_Hydro_Reservoir,2050,1,28,28,133.98588209108388
4044,DE_Hydro_Reservoir,2050,1,29,29,134.7967680571958
4045,DE_Hydro_Reservoir,2050,1,30,30,135.60765402330776
4046,DE_Hydro_Reservoir,2050,1,31,31,135.4800112420887
4047,DE_Hydro_Reservoir,2050,1,32,32,136.25482064678067
4048,DE_Hydro_Reservoir,2050,1,33,33,135.95576960804553
4049,DE_Hydro_Reservoir,2050,1,34,34,134.54014660305657
4050,DE_Hydro_Reservoir,2050,1,35,35,132.6273085779709
4051,DE_Hydro_Reservoir,2050,1,36,36,131.31247544838283
4052,DE_Hydro_Reservoir,2050,1,37,37,132.12336141449475
4053,DE_Hydro_Reservoir,2050,1,38,38,132.9342473806067
4054,DE_Hydro_Reservoir,2050,1,39,39,133.74513334671866
4055,DE_Hydro_Reservoir,2050,1,40,40,134.1058800522543
4056,DE_Hydro_Reservoir,2050,1,41,41,133.67875809497025
4057,DE_Hydro_Reservoir,2050,1,42,42,132.19742808267358
4058,DE_Hydro_Reservoir,2050,1,43,43,131.0563497313454
4059,DE_Hydro_Reservoir,2050,1,44,44,130.20014878560778
4060,DE_Hydro_Reservoir,2050,1,45,45,128.9648954944335
4061,DE_Hydro_Reservoir,2050,1,46,46,129.90314329972037
4062,DE_Hydro_Reservoir,2050,1,47,47,130.82943027810163
4063,DE_Hydro_Reservoir,2050,1,48,48,131.59816891513265
4064,DE_Hydro_Reservoir,2050,1,49,49,132.45502841447794
4065,DE_Hydro_Reservoir,2050,1,50,50,133.2659143805899
4066,DE_Hydro_Reservoir,2050,1,51,51,134.17546287070428
4067,DE_Hydro_Reservoir,2050,1,52,52,134.25363676772895
4068,DE_Hydro_Reservoir,2050,1,53,53,134.77117126638353
4069,DE_Hydro_Reservoir,2050,1,54,54,135.58205723249546
4070,DE_Hydro_Reservoir,2050,1,55,55,136.0949907550001
4071,DE_Hydro_Reservoir,2050,1,56,56,134.954204739668
4072,DE_Hydro_Reservoir,2050,1,57,57,134.2604229624656
4073,DE_Hydro_Reservoir,2050,1,58,58,133.149891840161
4074,DE_Hydro_Reservoir,2050,1,59,59,132.58783688461205
4075,DE_Hydro_Reservoir,2050,1,60,60,133.39872285072397
4076,DE_Hydro_Reservoir,2050,1,61,61,134.20960881683592
4077,DE_Hydro_Reservoir,2050,1,62,62,135.0333228390227
4078,DE_Hydro_Reservoir,2050,1,63,63,134.73834772301757
4079,DE_Hydro_Reservoir,2050,1,64,64,133.85148413816762
4080,DE_Hydro_Reservoir,2050,1,65,65,134.47780978558967
4081,DE_Hydro_Reservoir,2050,1,66,66,135.2886957517016
4082,DE_Hydro_Reservoir,2050,1,67,67,136.14335276781551
4083,DE_Hydro_Reservoir,2050,1,68,68,135.45184047604684
4084,DE_Hydro_Reservoir,2050,1,69,69,136.67628648200315
4085,DE_Hydro_Reservoir,2050,1,70,70,136.00992411712883
4086,DE_Hydro_Reservoir,2050,1,71,71,135.74343397059107
4087,DE_Hydro_Reservoir,2050,1,72,72,136.7929613285031
4088,DE_Hydro_Reservoir,2050,1,73,73,137.41563401930384
4089,DE_Hydro_Reservoir,2050,1,74,74,137.91274857633263
4090,DE_Hydro_Reservoir,2050,1,75,75,138.9823942704749
4091,DE_Hydro_Reservoir,2050,1,76,76,140.291474800079
4092,DE_Hydro_Reservoir,2050,1,77,77,138.65923651406692
4093,DE_Hydro_Reservoir,2050,1,78,78,136.9955113273757
4094,DE_Hydro_Reservoir,2050,1,79,79,135.38493741371892
4095,DE_Hydro_Reservoir,2050,1,80,80,135.44875027503042
4096,DE_Hydro_Reservoir,2050,1,81,81,134.83080933855666
4097,DE_Hydro_Reservoir,2050,1,82,82,135.8185183843646
4098,DE_Hydro_Reservoir,2050,1,83,83,134.19846375246902
4099,DE_Hydro_Reservoir,2050,1,84,84,133.05954762422328
4100,DE_Hydro_Reservoir,2050,1,85,85,133.68969161872454
4101,DE_Hydro_Reservoir,2050,1,86,86,133.4549560681495
4102,DE_Hydro_Reservoir,2050,1,87,87,133.28622183592068
4103,DE_Hydro_Reservoir,2050,1,88,88,134.0971078020326
4104,DE_Hydro_Reservoir,2050,1,89,89,134.90799376814454
4105,DE_Hydro_Reservoir,2050,1,90,90,135.7188797342565
4106,DE_Hydro_Reservoir,2050,1,91,91,136.4543627634365
4107,DE_Hydro_Reservoir,2050,1,92,92,137.25731595788
4108,DE_Hydro_Reservoir,2050,1,93,93,135.64648584530278
4109,DE_Hydro_Reservoir,2050,1,94,94,134.26065733442312
4110,DE_Hydro_Reservoir,2050,1,95,95,132.4632894886607
4111,DE_Hydro_Reservoir,2050,1,96,96,130.78681756949908
4112,DE_Hydro_Reservoir,2050,1,97,97,132.12255633540457
4113,DE_Hydro_Reservoir,2050,1,98,98,133.11272479618813
4114,DE_Hydro_Reservoir,2050,1,99,99,134.3723028381035
4115,DE_Hydro_Reservoir,2050,1,100,100,134.57276799531115
4116,DE_Hydro_Reservoir,2050,1,101,101,134.29397157215777
4117,DE_Hydro_Reservoir,2050,1,102,102,135.46981383441533
4118,DE_Hydro_Reservoir,2050,1,103,103,136.78859017322452
4119,DE_Hydro_Reservoir,2050,1,104,104,138.04301692760316
4120,DE_Hydro_Reservoir,2050,1,105,105,139.4558270385916
4121,DE_Hydro_Reservoir,2050,1,106,106,140.89994584567106
4122,DE_Hydro_Reservoir,2050,1,107,107,141.65835012086808
4123,DE_Hydro_Reservoir,2050,1,108,108,141.1289947992372
4124,DE_Hydro_Reservoir,2050,1,109,109,142.09976050702574
4125,DE_Hydro_Reservoir,2050,1,110,110,143.5399693907258
4126,DE_Hydro_Reservoir,2050,1,111,111,144.53477665135347
4127,DE_Hydro_Reservoir,2050,1,112,112,145.27179255407822
4128,DE_Hydro_Reservoir,2050,1,113,113,146.96218349229966
4129,DE_Hydro_Reservoir,2050,1,114,114,147.62323301671347
4130,DE_Hydro_Reservoir,2050,1,115,115,146.88574920851906
4131,DE_Hydro_Reservoir,2050,1,116,116,145.1628326728405
4132,DE_Hydro_Reservoir,2050,1,117,117,143.1214026047167
4133,DE_Hydro_Reservoir,2050,1,118,118,142.06664776175904
4134,DE_Hydro_Reservoir,2050,1,119,119,143.5640600719718
4135,DE_Hydro_Reservoir,2050,1,120,120,145.25445101019324
4136,DE_Hydro_Reservoir,2050,1,121,121,146.94484194841465
4137,DE_Hydro_Reservoir,2050,1,122,122,148.6352328866361
4138,DE_Hydro_Reservoir,2050,1,123,123,149.27584282553727
4139,DE_Hydro_Reservoir,2050,1,124,124,150.9662337637587
4140,DE_Hydro_Reservoir,2050,1,125,125,152.65662470198015
4141,DE_Hydro_Reservoir,2050,1,126,126,154.2869007285613
4142,DE_Hydro_Reservoir,2050,1,127,127,155.97729166678272
4143,DE_Hydro_Reservoir,2050,1,128,128,157.66768260500416
4144,DE_Hydro_Reservoir,2050,1,129,129,159.3580735432256
4145,DE_Hydro_Reservoir,2050,1,130,130,161.04846448144704
4146,DE_Hydro_Reservoir,2050,1,131,131,162.73885541966848
4147,DE_Hydro_Reservoir,2050,1,132,132,164.4292463578899
4148,DE_Hydro_Reservoir,2050,1,133,133,166.11963729611134
4149,DE_Hydro_Reservoir,2050,1,134,134,166.56711526656366
4150,DE_Hydro_Reservoir,2050,1,135,135,166.77649360404627
4151,DE_Hydro_Reservoir,2050,1,136,136,167.92970110299922
4152,DE_Hydro_Reservoir,2050,1,137,137,169.62009204122063
4153,DE_Hydro_Reservoir,2050,1,138,138,171.31048297944207
4154,DE_Hydro_Reservoir,2050,1,139,139,173.0008739176635
4155,DE_Hydro_Reservoir,2050,1,140,140,172.52535577875778
4156,DE_Hydro_Reservoir,2050,1,141,141,171.6281416263226
4157,DE_Hydro_Reservoir,2050,1,142,142,172.56857550695764
4158,DE_Hydro_Reservoir,2050,1,143,143,173.7806006993223
4159,DE_Hydro_Reservoir,2050,1,144,144,173.3503208132733
4160,DE_Hydro_Reservoir,2050,1,145,145,172.3435108246064
4161,DE_Hydro_Reservoir,2050,1,146,146,172.87257150235428
4162,DE_Hydro_Reservoir,2050,1,147,147,174.01845489270264
4163,DE_Hydro_Reservoir,2050,1,148,148,175.70884583092408
4164,DE_Hydro_Reservoir,2050,1,149,149,176.81732305802976
4165,DE_Hydro_Reservoir,2050,1,150,150,178.5077139962512
4166,DE_Hydro_Reservoir,2050,1,151,151,180.18418448723938
4167,DE_Hydro_Reservoir,2050,1,152,152,181.87457542546082
4168,DE_Hydro_Reservoir,2050,1,153,153,183.56496636368223
4169,DE_Hydro_Reservoir,2050,1,154,154,185.25535730190367
4170,DE_Hydro_Reservoir,2050,1,155,155,186.9457482401251
4171,DE_Hydro_Reservoir,2050,1,156,156,187.9725651566846
4172,DE_Hydro_Reservoir,2050,1,157,157,189.662956094906
4173,DE_Hydro_Reservoir,2050,1,158,158,191.35334703312745
4174,DE_Hydro_Reservoir,2050,1,159,159,193.0437379713489
4175,DE_Hydro_Reservoir,2050,1,160,160,193.72816897023182
4176,DE_Hydro_Reservoir,2050,1,161,161,195.41855990845323
4177,DE_Hydro_Reservoir,2050,1,162,162,196.02397671551188
4178,DE_Hydro_Reservoir,2050,1,163,163,195.12659962138906
4179,DE_Hydro_Reservoir,2050,1,164,164,193.96010425630703
4180,DE_Hydro_Reservoir,2050,1,165,165,195.65049519452845
4181,DE_Hydro_Reservoir,2050,1,166,166,196.8646386808275
4182,DE_Hydro_Reservoir,2050,1,167,167,196.16604948535715
4183,DE_Hydro_Reservoir,2050,1,168,168,196.64825369991186
4184,DE_Hydro_Reservoir,2050,1,169,169,198.28525378030645
4185,DE_Hydro_Reservoir,2050,1,170,170,198.47109598233408
4186,DE_Hydro_Reservoir,2050,1,171,171,196.3878790174271
4187,DE_Hydro_Reservoir,2050,1,172,172,194.30466205252011
4188,DE_Hydro_Reservoir,2050,1,173,173,192.4306615659511
4189,DE_Hydro_Reservoir,2050,1,174,174,192.79446279688437
4190,DE_Hydro_Reservoir,2050,1,175,175,194.48485373510582
4191,DE_Hydro_Reservoir,2050,1,176,176,195.42598159781463
4192,DE_Hydro_Reservoir,2050,1,177,177,193.91024588478749
4193,DE_Hydro_Reservoir,2050,1,178,178,191.82702891988052
4194,DE_Hydro_Reservoir,2050,1,179,179,189.74381195497355
4195,DE_Hydro_Reservoir,2050,1,180,180,188.2957301024365
4196,DE_Hydro_Reservoir,2050,1,181,181,186.64841438356936
4197,DE_Hydro_Reservoir,2050,1,182,182,185.69298157082525
4198,DE_Hydro_Reservoir,2050,1,183,183,185.1966764907803
4199,DE_Hydro_Reservoir,2050,1,184,184,184.3744525070545
4200,DE_Hydro_Reservoir,2050,1,185,185,182.97481910393503
4201,DE_Hydro_Reservoir,2050,1,186,186,180.89160213902804
4202,DE_Hydro_Reservoir,2050,1,187,187,182.58199307724948
4203,DE_Hydro_Reservoir,2050,1,188,188,184.2723840154709
4204,DE_Hydro_Reservoir,2050,1,189,189,185.7488000763851
4205,DE_Hydro_Reservoir,2050,1,190,190,187.32952108301342
4206,DE_Hydro_Reservoir,2050,1,191,191,189.01991202123486
4207,DE_Hydro_Reservoir,2050,1,192,192,188.06800748022096
4208,DE_Hydro_Reservoir,2050,1,193,193,186.0249610889637
4209,DE_Hydro_Reservoir,2050,1,194,194,183.94174412405673
4210,DE_Hydro_Reservoir,2050,1,195,195,181.85852715914973
4211,DE_Hydro_Reservoir,2050,1,196,196,180.40698199245762
4212,DE_Hydro_Reservoir,2050,1,197,197,179.1765947134422
4213,DE_Hydro_Reservoir,2050,1,198,198,178.6176908539715
4214,DE_Hydro_Reservoir,2050,1,199,199,179.80611400595717
4215,DE_Hydro_Reservoir,2050,1,200,200,179.11668054047365
4216,DE_Hydro_Reservoir,2050,1,201,201,178.23705463865198
4217,DE_Hydro_Reservoir,2050,1,202,202,178.8607866614602
4218,DE_Hydro_Reservoir,2050,1,203,203,179.31080729838249
4219,DE_Hydro_Reservoir,2050,1,204,204,179.39011939012164
4220,DE_Hydro_Reservoir,2050,1,205,205,178.032949415237
4221,DE_Hydro_Reservoir,2050,1,206,206,179.23912747946449
4222,DE_Hydro_Reservoir,2050,1,207,207,180.7498265752832
4223,DE_Hydro_Reservoir,2050,1,208,208,180.0286887651373
4224,DE_Hydro_Reservoir,2050,1,209,209,179.03860289310603
4225,DE_Hydro_Reservoir,2050,1,210,210,179.98769059433295
4226,DE_Hydro_Reservoir,2050,1,211,211,180.42177716313853
4227,DE_Hydro_Reservoir,2050,1,212,212,180.51848492913297
4228,DE_Hydro_Reservoir,2050,1,213,213,178.88893994165625
4229,DE_Hydro_Reservoir,2050,1,214,214,176.80572297674928
4230,DE_Hydro_Reservoir,2050,1,215,215,174.79869040509993
4231,DE_Hydro_Reservoir,2050,1,216,216,173.39201751083618
4232,DE_Hydro_Reservoir,2050,1,217,217,172.13904861467432
4233,DE_Hydro_Reservoir,2050,1,218,218,170.05583164976736
4234,DE_Hydro_Reservoir,2050,1,219,219,167.9726146848604
4235,DE_Hydro_Reservoir,2050,1,220,220,165.8893977199534
4236,DE_Hydro_Reservoir,2050,1,221,221,163.8061807550464
4237,DE_Hydro_Reservoir,2050,1,222,222,161.72296379013943
4238,DE_Hydro_Reservoir,2050,1,223,223,159.63974682523246
4239,DE_Hydro_Reservoir,2050,1,224,224,157.5565298603255
4240,DE_Hydro_Reservoir,2050,1,225,225,156.5473199232585
4241,DE_Hydro_Reservoir,2050,1,226,226,155.68653172040993
4242,DE_Hydro_Reservoir,2050,1,227,227,154.73266315037097
4243,DE_Hydro_Reservoir,2050,1,228,228,154.85542021410217
4244,DE_Hydro_Reservoir,2050,1,229,229,156.19657664726955
4245,DE_Hydro_Reservoir,2050,1,230,230,157.11606081962603
4246,DE_Hydro_Reservoir,2050,1,231,231,155.61798574559467
4247,DE_Hydro_Reservoir,2050,1,232,232,153.53476878068767
4248,DE_Hydro_Reservoir,2050,1,233,233,151.4515518157807
4249,DE_Hydro_Reservoir,2050,1,234,234,149.5083518507758
4250,DE_Hydro_Reservoir,2050,1,235,235,149.0798109846483
4251,DE_Hydro_Reservoir,2050,1,236,236,150.05345213080494
4252,DE_Hydro_Reservoir,2050,1,237,237,151.43707488161004
4253,DE_Hydro_Reservoir,2050,1,238,238,152.0449748408266
4254,DE_Hydro_Reservoir,2050,1,239,239,152.86924768460304
4255,DE_Hydro_Reservoir,2050,1,240,240,153.62738771071832
4256,DE_Hydro_Reservoir,2050,1,241,241,153.9696723221871
4257,DE_Hydro_Reservoir,2050,1,242,242,151.8864553572801
4258,DE_Hydro_Reservoir,2050,1,243,243,149.80323839237315
4259,DE_Hydro_Reservoir,2050,1,244,244,149.96591598162098
4260,DE_Hydro_Reservoir,2050,1,245,245,151.044026615818
4261,DE_Hydro_Reservoir,2050,1,246,246,148.96080965091102
4262,DE_Hydro_Reservoir,2050,1,247,247,146.87759268600405
4263,DE_Hydro_Reservoir,2050,1,248,248,147.67517534253795
4264,DE_Hydro_Reservoir,2050,1,249,249,148.14136780201227
4265,DE_Hydro_Reservoir,2050,1,250,250,149.04030169016656
4266,DE_Hydro_Reservoir,2050,1,251,251,149.49146669747608
4267,DE_Hydro_Reservoir,2050,1,252,252,147.40824973256912
4268,DE_Hydro_Reservoir,2050,1,253,253,145.32503276766212
4269,DE_Hydro_Reservoir,2050,1,254,254,144.39045823502482
4270,DE_Hydro_Reservoir,2050,1,255,255,145.33146335582003
4271,DE_Hydro_Reservoir,2050,1,256,256,145.57705430288343
4272,DE_Hydro_Reservoir,2050,1,257,257,146.72925463730576
4273,DE_Hydro_Reservoir,2050,1,258,258,147.83400819348455
4274,DE_Hydro_Reservoir,2050,1,259,259,146.59750752875522
4275,DE_Hydro_Reservoir,2050,1,260,260,147.3357886909514
4276,DE_Hydro_Reservoir,2050,1,261,261,148.69577747994907
4277,DE_Hydro_Reservoir,2050,1,262,262,148.1667554679216
4278,DE_Hydro_Reservoir,2050,1,263,263,146.0835385030146
4279,DE_Hydro_Reservoir,2050,1,264,264,144.00032153810764
4280,DE_Hydro_Reservoir,2050,1,265,265,142.45050827673157
4281,DE_Hydro_Reservoir,2050,1,266,266,140.62701449633704
4282,DE_Hydro_Reservoir,2050,1,267,267,139.3848972986653
4283,DE_Hydro_Reservoir,2050,1,268,268,137.48849723941584
4284,DE_Hydro_Reservoir,2050,1,269,269,135.40528027450884
4285,DE_Hydro_Reservoir,2050,1,270,270,133.91650886689007
4286,DE_Hydro_Reservoir,2050,1,271,271,132.7799055947986
4287,DE_Hydro_Reservoir,2050,1,272,272,131.2922735172961
4288,DE_Hydro_Reservoir,2050,1,273,273,130.4712952658953
4289,DE_Hydro_Reservoir,2050,1,274,274,131.80839048623466
4290,DE_Hydro_Reservoir,2050,1,275,275,133.28496293703836
4291,DE_Hydro_Reservoir,2050,1,276,276,131.20174597213136
4292,DE_Hydro_Reservoir,2050,1,277,277,129.1185290072244
4293,DE_Hydro_Reservoir,2050,1,278,278,127.41861523351045
4294,DE_Hydro_Reservoir,2050,1,279,279,128.71703030112718
4295,DE_Hydro_Reservoir,2050,1,280,280,129.55773007270957
4296,DE_Hydro_Reservoir,2050,1,281,281,127.90176446986115
4297,DE_Hydro_Reservoir,2050,1,282,282,125.81854750495418
4298,DE_Hydro_Reservoir,2050,1,283,283,123.73533054004719
4299,DE_Hydro_Reservoir,2050,1,284,284,122.29540719747766
4300,DE_Hydro_Reservoir,2050,1,285,285,120.48801224141418
4301,DE_Hydro_Reservoir,2050,1,286,286,119.6114004156642
4302,DE_Hydro_Reservoir,2050,1,287,287,118.7999767046245
4303,DE_Hydro_Reservoir,2050,1,288,288,119.5732450859586
4304,DE_Hydro_Reservoir,2050,1,289,289,119.94969038960406
4305,DE_Hydro_Reservoir,2050,1,290,290,117.86647342469709
4306,DE_Hydro_Reservoir,2050,1,291,291,115.78325645979011
4307,DE_Hydro_Reservoir,2050,1,292,292,113.70003949488313
4308,DE_Hydro_Reservoir,2050,1,293,293,111.61682252997615
4309,DE_Hydro_Reservoir,2050,1,294,294,110.28427810727071
4310,DE_Hydro_Reservoir,2050,1,295,295,111.38812139783278
4311,DE_Hydro_Reservoir,2050,1,296,296,112.67473181675369
4312,DE_Hydro_Reservoir,2050,1,297,297,111.49938734889598
4313,DE_Hydro_Reservoir,2050,1,298,298,112.52207050679132
4314,DE_Hydro_Reservoir,2050,1,299,299,111.7851471116122
4315,DE_Hydro_Reservoir,2050,1,300,300,110.79648787496896
4316,DE_Hydro_Reservoir,2050,1,301,301,110.20946807366693
4317,DE_Hydro_Reservoir,2050,1,302,302,108.55694329503766
4318,DE_Hydro_Reservoir,2050,1,303,303,107.08886649949164
4319,DE_Hydro_Reservoir,2050,1,304,304,107.09741330317007
4320,DE_Hydro_Reservoir,2050,1,305,305,107.86576652870846
4321,DE_Hydro_Reservoir,2050,1,306,306,108.12468774741083
4322,DE_Hydro_Reservoir,2050,1,307,307,106.1579022515206
4323,DE_Hydro_Reservoir,2050,1,308,308,104.07468528661362
4324,DE_Hydro_Reservoir,2050,1,309,309,102.04019401606426
4325,DE_Hydro_Reservoir,2050,1,310,310,100.82738177290501
4326,DE_Hydro_Reservoir,2050,1,311,311,101.24878819217594
4327,DE_Hydro_Reservoir,2050,1,312,312,102.26588873830428
4328,DE_Hydro_Reservoir,2050,1,313,313,103.07677470441622
4329,DE_Hydro_Reservoir,2050,1,314,314,103.93552997480552
4330,DE_Hydro_Reservoir,2050,1,315,315,104.92511223837612
4331,DE_Hydro_Reservoir,2050,1,316,316,105.71612896951942
4332,DE_Hydro_Reservoir,2050,1,317,317,106.61082857685486
4333,DE_Hydro_Reservoir,2050,1,318,318,107.4217145429668
4334,DE_Hydro_Reservoir,2050,1,319,319,107.17989724964099
4335,DE_Hydro_Reservoir,2050,1,320,320,107.43867875287384
4336,DE_Hydro_Reservoir,2050,1,321,321,108.06076796692356
4337,DE_Hydro_Reservoir,2050,1,322,322,108.90542495429158
4338,DE_Hydro_Reservoir,2050,1,323,323,109.71631092040352
4339,DE_Hydro_Reservoir,2050,1,324,324,109.80117741424979
4340,DE_Hydro_Reservoir,2050,1,325,325,109.82722451314079
4341,DE_Hydro_Reservoir,2050,1,326,326,109.6088048910867
4342,DE_Hydro_Reservoir,2050,1,327,327,107.92743146076688
4343,DE_Hydro_Reservoir,2050,1,328,328,108.78968415785808
4344,DE_Hydro_Reservoir,2050,1,329,329,109.50917326788944
4345,DE_Hydro_Reservoir,2050,1,330,330,109.1499841965736
4346,DE_Hydro_Reservoir,2050,1,331,331,109.96087016268554
4347,DE_Hydro_Reservoir,2050,1,332,332,110.77175612879748
4348,DE_Hydro_Reservoir,2050,1,333,333,111.58264209490942
4349,DE_Hydro_Reservoir,2050,1,334,334,112.39352806102136
4350,DE_Hydro_Reservoir,2050,1,335,335,113.2044140271333
4351,DE_Hydro_Reservoir,2050,1,336,336,113.84290645316575
4352,DE_Hydro_Reservoir,2050,1,337,337,114.41597368114347
4353,DE_Hydro_Reservoir,2050,1,338,338,115.22685964725541
4354,DE_Hydro_Reservoir,2050,1,339,339,116.03774561336735
4355,DE_Hydro_Reservoir,2050,1,340,340,116.84863157947929
4356,DE_Hydro_Reservoir,2050,1,341,341,117.65951754559123
4357,DE_Hydro_Reservoir,2050,1,342,342,118.26952188880625
4358,DE_Hydro_Reservoir,2050,1,343,343,119.08040785491819
4359,DE_Hydro_Reservoir,2050,1,344,344,119.89129382103013
4360,DE_Hydro_Reservoir,2050,1,345,345,120.70217978714207
4361,DE_Hydro_Reservoir,2050,1,346,346,121.41695569876555
4362,DE_Hydro_Reservoir,2050,1,347,347,120.61208216080843
4363,DE_Hydro_Reservoir,2050,1,348,348,119.49579889915142
4364,DE_Hydro_Reservoir,2050,1,349,349,118.29443264456734
4365,DE_Hydro_Reservoir,2050,1,350,350,118.71378714759413
4366,DE_Hydro_Reservoir,2050,1,351,351,119.52467311370607
4367,DE_Hydro_Reservoir,2050,1,352,352,120.33555907981801
4368,DE_Hydro_Reservoir,2050,1,353,353,121.14644504592995
4369,DE_Hydro_Reservoir,2050,1,354,354,121.95733101204189
4370,DE_Hydro_Reservoir,2050,1,355,355,122.76821697815383
4371,DE_Hydro_Reservoir,2050,1,356,356,123.57910294426577
4372,DE_Hydro_Reservoir,2050,1,357,357,124.38998891037771
4373,DE_Hydro_Reservoir,2050,1,358,358,125.20087487648965
4374,DE_Hydro_Reservoir,2050,1,359,359,126.01176084260159
4375,DE_Hydro_Reservoir,2050,1,360,360,126.7921034550078
4376,DE_Hydro_Reservoir,2050,1,361,361,127.07256359305362
4377,DE_Hydro_Reservoir,2050,1,362,362,127.2573031520387
4378,DE_Hydro_Reservoir,2050,1,363,363,127.67822806777615
4379,DE_Hydro_Reservoir,2050,1,364,364,128.4891140338881
4380,DE_Hydro_Reservoir,2050,1,365,365,129.3
4381,DE_Pump_Hydro_Closed,2050,1,1,1,143.72559962993742
4382,DE_Pump_Hydro_Closed,2050,1,2,2,146.35119925987487
4383,DE_Pump_Hydro_Closed,2050,1,3,3,148.9767988898123
4384,DE_Pump_Hydro_Closed,2050,1,4,4,151.60239851974973
4385,DE_Pump_Hydro_Closed,2050,1,5,5,153.56861017923083
4386,DE_Pump_Hydro_Closed,2050,1,6,6,154.137685189453
4387,DE_Pump_Hydro_Closed,2050,1,7,7,156.76328481939044
4388,DE_Pump_Hydro_Closed,2050,1,8,8,159.38888444932786
4389,DE_Pump_Hydro_Closed,2050,1,9,9,162.0144840792653
4390,DE_Pump_Hydro_Closed,2050,1,10,10,164.6400837092027
4391,DE_Pump_Hydro_Closed,2050,1,11,11,167.26568333914014
4392,DE_Pump_Hydro_Closed,2050,1,12,12,169.89128296907757
4393,DE_Pump_Hydro_Closed,2050,1,13,13,172.516882599015
4394,DE_Pump_Hydro_Closed,2050,1,14,14,175.14248222895242
4395,DE_Pump_Hydro_Closed,2050,1,15,15,177.76808185888984
4396,DE_Pump_Hydro_Closed,2050,1,16,16,180.39368148882727
4397,DE_Pump_Hydro_Closed,2050,1,17,17,183.0192811187647
4398,DE_Pump_Hydro_Closed,2050,1,18,18,182.856211399247
4399,DE_Pump_Hydro_Closed,2050,1,19,19,179.6963773200765
4400,DE_Pump_Hydro_Closed,2050,1,20,20,178.23300079187092
4401,DE_Pump_Hydro_Closed,2050,1,21,21,176.77504426176375
4402,DE_Pump_Hydro_Closed,2050,1,22,22,173.61521018259324
4403,DE_Pump_Hydro_Closed,2050,1,23,23,172.12747076628392
4404,DE_Pump_Hydro_Closed,2050,1,24,24,174.28405538391428
4405,DE_Pump_Hydro_Closed,2050,1,25,25,173.39120355786758
4406,DE_Pump_Hydro_Closed,2050,1,26,26,175.24035093596308
4407,DE_Pump_Hydro_Closed,2050,1,27,27,175.97059974234557
4408,DE_Pump_Hydro_Closed,2050,1,28,28,178.596199372283
4409,DE_Pump_Hydro_Closed,2050,1,29,29,181.22179900222042
4410,DE_Pump_Hydro_Closed,2050,1,30,30,183.84739863215785
4411,DE_Pump_Hydro_Closed,2050,1,31,31,184.5968397490103
4412,DE_Pump_Hydro_Closed,2050,1,32,32,187.15032081249626
4413,DE_Pump_Hydro_Closed,2050,1,33,33,187.55710959987405
4414,DE_Pump_Hydro_Closed,2050,1,34,34,185.73182397725995
4415,DE_Pump_Hydro_Closed,2050,1,35,35,182.91258457811938
4416,DE_Pump_Hydro_Closed,2050,1,36,36,181.28878216345586
4417,DE_Pump_Hydro_Closed,2050,1,37,37,183.9143817933933
4418,DE_Pump_Hydro_Closed,2050,1,38,38,186.53998142333072
4419,DE_Pump_Hydro_Closed,2050,1,39,39,189.16558105326814
4420,DE_Pump_Hydro_Closed,2050,1,40,40,190.8913333336111
4421,DE_Pump_Hydro_Closed,2050,1,41,41,191.0421029582328
4422,DE_Pump_Hydro_Closed,2050,1,42,42,189.0854662592874
4423,DE_Pump_Hydro_Closed,2050,1,43,43,187.8090069679417
4424,DE_Pump_Hydro_Closed,2050,1,44,44,187.10202961436752
4425,DE_Pump_Hydro_Closed,2050,1,45,45,185.63731064998146
4426,DE_Pump_Hydro_Closed,2050,1,46,46,187.97537475987951
4427,DE_Pump_Hydro_Closed,2050,1,47,47,190.34044195489855
4428,DE_Pump_Hydro_Closed,2050,1,48,48,192.6960986427784
4429,DE_Pump_Hydro_Closed,2050,1,49,49,195.21790718527606
4430,DE_Pump_Hydro_Closed,2050,1,50,50,197.8435068152135
4431,DE_Pump_Hydro_Closed,2050,1,51,51,200.24636327238247
4432,DE_Pump_Hydro_Closed,2050,1,52,52,201.4072406016257
4433,DE_Pump_Hydro_Closed,2050,1,53,53,203.30624970434843
4434,DE_Pump_Hydro_Closed,2050,1,54,54,205.93184933428586
4435,DE_Pump_Hydro_Closed,2050,1,55,55,207.9618294745081
4436,DE_Pump_Hydro_Closed,2050,1,56,56,206.6859545751369
4437,DE_Pump_Hydro_Closed,2050,1,57,57,206.3036599833877
4438,DE_Pump_Hydro_Closed,2050,1,58,58,205.08826589004127
4439,DE_Pump_Hydro_Closed,2050,1,59,59,204.96929876540435
4440,DE_Pump_Hydro_Closed,2050,1,60,60,207.59489839534177
4441,DE_Pump_Hydro_Closed,2050,1,61,61,210.2204980252792
4442,DE_Pump_Hydro_Closed,2050,1,62,62,212.81713669015465
4443,DE_Pump_Hydro_Closed,2050,1,63,63,213.23207341881846
4444,DE_Pump_Hydro_Closed,2050,1,64,64,212.46380015761457
4445,DE_Pump_Hydro_Closed,2050,1,65,65,214.72045593359712
4446,DE_Pump_Hydro_Closed,2050,1,66,66,217.34605556353455
4447,DE_Pump_Hydro_Closed,2050,1,67,67,219.87283649152388
4448,DE_Pump_Hydro_Closed,2050,1,68,68,219.49507869678698
4449,DE_Pump_Hydro_Closed,2050,1,69,69,221.18701403689872
4450,DE_Pump_Hydro_Closed,2050,1,70,70,220.51739729063038
4451,DE_Pump_Hydro_Closed,2050,1,71,71,220.98927667354232
4452,DE_Pump_Hydro_Closed,2050,1,72,72,223.07611306687227
4453,DE_Pump_Hydro_Closed,2050,1,73,73,224.74512424530775
4454,DE_Pump_Hydro_Closed,2050,1,74,74,226.5280234139766
4455,DE_Pump_Hydro_Closed,2050,1,75,75,228.5694401093204
4456,DE_Pump_Hydro_Closed,2050,1,76,76,230.0703022682658
4457,DE_Pump_Hydro_Closed,2050,1,77,77,227.8119935712796
4458,DE_Pump_Hydro_Closed,2050,1,78,78,225.4907412330594
4459,DE_Pump_Hydro_Closed,2050,1,79,79,223.27574052929194
4460,DE_Pump_Hydro_Closed,2050,1,80,80,224.40790954300778
4461,DE_Pump_Hydro_Closed,2050,1,81,81,224.1772239876117
4462,DE_Pump_Hydro_Closed,2050,1,82,82,225.9651304787944
4463,DE_Pump_Hydro_Closed,2050,1,83,83,223.73117741977464
4464,DE_Pump_Hydro_Closed,2050,1,84,84,222.4590405034813
4465,DE_Pump_Hydro_Closed,2050,1,85,85,224.72332931617046
4466,DE_Pump_Hydro_Closed,2050,1,86,86,225.25868747446827
4467,DE_Pump_Hydro_Closed,2050,1,87,87,225.9259850492648
4468,DE_Pump_Hydro_Closed,2050,1,88,88,228.55158467920222
4469,DE_Pump_Hydro_Closed,2050,1,89,89,231.17718430913965
4470,DE_Pump_Hydro_Closed,2050,1,90,90,233.80278393907707
4471,DE_Pump_Hydro_Closed,2050,1,91,91,236.27764992080319
4472,DE_Pump_Hydro_Closed,2050,1,92,92,238.14682013344475
4473,DE_Pump_Hydro_Closed,2050,1,93,93,235.9313072772398
4474,DE_Pump_Hydro_Closed,2050,1,94,94,234.0986045950559
4475,DE_Pump_Hydro_Closed,2050,1,95,95,231.51019494999673
4476,DE_Pump_Hydro_Closed,2050,1,96,96,229.16346135645387
4477,DE_Pump_Hydro_Closed,2050,1,97,97,230.60413916278694
4478,DE_Pump_Hydro_Closed,2050,1,98,98,231.3400328381001
4479,DE_Pump_Hydro_Closed,2050,1,99,99,232.24883576076186
4480,DE_Pump_Hydro_Closed,2050,1,100,100,231.82168400017497
4481,DE_Pump_Hydro_Closed,2050,1,101,101,231.89466020794387
4482,DE_Pump_Hydro_Closed,2050,1,102,102,233.69632466951623
4483,DE_Pump_Hydro_Closed,2050,1,103,103,235.17529730833493
4484,DE_Pump_Hydro_Closed,2050,1,104,104,236.7995473029411
4485,DE_Pump_Hydro_Closed,2050,1,105,105,238.06622676383472
4486,DE_Pump_Hydro_Closed,2050,1,106,106,239.26222286878277
4487,DE_Pump_Hydro_Closed,2050,1,107,107,240.05561508751603
4488,DE_Pump_Hydro_Closed,2050,1,108,108,239.4751137980357
4489,DE_Pump_Hydro_Closed,2050,1,109,109,239.98663742627772
4490,DE_Pump_Hydro_Closed,2050,1,110,110,241.19146067960475
4491,DE_Pump_Hydro_Closed,2050,1,111,111,241.5921765574229
4492,DE_Pump_Hydro_Closed,2050,1,112,112,241.55999449441708
4493,DE_Pump_Hydro_Closed,2050,1,113,113,242.2
4494,DE_Pump_Hydro_Closed,2050,1,114,114,241.80350877597573
4495,DE_Pump_Hydro_Closed,2050,1,115,115,240.378172816824
4496,DE_Pump_Hydro_Closed,2050,1,116,116,237.5811437424476
4497,DE_Pump_Hydro_Closed,2050,1,117,117,234.46338703554173
4498,DE_Pump_Hydro_Closed,2050,1,118,118,232.52935011416778
4499,DE_Pump_Hydro_Closed,2050,1,119,119,233.6050293703845
4500,DE_Pump_Hydro_Closed,2050,1,120,120,234.2450348759674
4501,DE_Pump_Hydro_Closed,2050,1,121,121,234.8850403815503
4502,DE_Pump_Hydro_Closed,2050,1,122,122,235.52504588713322
4503,DE_Pump_Hydro_Closed,2050,1,123,123,235.1079729948168
4504,DE_Pump_Hydro_Closed,2050,1,124,124,235.7479785003997
4505,DE_Pump_Hydro_Closed,2050,1,125,125,236.38798400598262
4506,DE_Pump_Hydro_Closed,2050,1,126,126,237.16370655595327
4507,DE_Pump_Hydro_Closed,2050,1,127,127,237.80371206153617
4508,DE_Pump_Hydro_Closed,2050,1,128,128,238.44371756711908
4509,DE_Pump_Hydro_Closed,2050,1,129,129,239.08372307270199
4510,DE_Pump_Hydro_Closed,2050,1,130,130,239.7237285782849
4511,DE_Pump_Hydro_Closed,2050,1,131,131,240.3637340838678
4512,DE_Pump_Hydro_Closed,2050,1,132,132,241.0037395894507
4513,DE_Pump_Hydro_Closed,2050,1,133,133,241.6437450950336
4514,DE_Pump_Hydro_Closed,2050,1,134,134,241.03219770572852
4515,DE_Pump_Hydro_Closed,2050,1,135,135,240.18089556879232
4516,DE_Pump_Hydro_Closed,2050,1,136,136,240.27998348325127
4517,DE_Pump_Hydro_Closed,2050,1,137,137,240.91998898883418
4518,DE_Pump_Hydro_Closed,2050,1,138,138,241.55999449441708
4519,DE_Pump_Hydro_Closed,2050,1,139,139,242.2
4520,DE_Pump_Hydro_Closed,2050,1,140,140,240.6590404293169
4521,DE_Pump_Hydro_Closed,2050,1,141,141,238.69345348714305
4522,DE_Pump_Hydro_Closed,2050,1,142,142,238.57828871869737
4523,DE_Pump_Hydro_Closed,2050,1,143,143,238.73660318913332
4524,DE_Pump_Hydro_Closed,2050,1,144,144,237.24119633838367
4525,DE_Pump_Hydro_Closed,2050,1,145,145,235.16525172060395
4526,DE_Pump_Hydro_Closed,2050,1,146,146,234.63585414881334
4527,DE_Pump_Hydro_Closed,2050,1,147,147,234.72756704220143
4528,DE_Pump_Hydro_Closed,2050,1,148,148,235.36757254778433
4529,DE_Pump_Hydro_Closed,2050,1,149,149,235.42161925447473
4530,DE_Pump_Hydro_Closed,2050,1,150,150,236.06162476005764
4531,DE_Pump_Hydro_Closed,2050,1,151,151,236.7330574424175
4532,DE_Pump_Hydro_Closed,2050,1,152,152,237.3730629480004
4533,DE_Pump_Hydro_Closed,2050,1,153,153,238.01306845358332
4534,DE_Pump_Hydro_Closed,2050,1,154,154,238.65307395916622
4535,DE_Pump_Hydro_Closed,2050,1,155,155,239.29307946474913
4536,DE_Pump_Hydro_Closed,2050,1,156,156,239.26489821122684
4537,DE_Pump_Hydro_Closed,2050,1,157,157,239.90490371680974
4538,DE_Pump_Hydro_Closed,2050,1,158,158,240.54490922239265
4539,DE_Pump_Hydro_Closed,2050,1,159,159,241.18491472797555
4540,DE_Pump_Hydro_Closed,2050,1,160,160,240.81196751130932
4541,DE_Pump_Hydro_Closed,2050,1,161,161,241.45197301689223
4542,DE_Pump_Hydro_Closed,2050,1,162,162,240.99946235284128
4543,DE_Pump_Hydro_Closed,2050,1,163,163,239.03371133631458
4544,DE_Pump_Hydro_Closed,2050,1,164,164,236.79697131265667
4545,DE_Pump_Hydro_Closed,2050,1,165,165,237.43697681823957
4546,DE_Pump_Hydro_Closed,2050,1,166,166,237.59742430761938
4547,DE_Pump_Hydro_Closed,2050,1,167,167,235.83184303465384
4548,DE_Pump_Hydro_Closed,2050,1,168,168,235.2552632838416
4549,DE_Pump_Hydro_Closed,2050,1,169,169,236.01580542873538
4550,DE_Pump_Hydro_Closed,2050,1,170,170,235.1408035483521
4551,DE_Pump_Hydro_Closed,2050,1,171,171,231.9809694691816
4552,DE_Pump_Hydro_Closed,2050,1,172,172,228.82113539001108
4553,DE_Pump_Hydro_Closed,2050,1,173,173,225.87197212682867
4554,DE_Pump_Hydro_Closed,2050,1,174,174,225.17616633142796
4555,DE_Pump_Hydro_Closed,2050,1,175,175,225.81617183701087
4556,DE_Pump_Hydro_Closed,2050,1,176,176,225.7017058747535
4557,DE_Pump_Hydro_Closed,2050,1,177,177,223.11329781011693
4558,DE_Pump_Hydro_Closed,2050,1,178,178,219.95346373094642
4559,DE_Pump_Hydro_Closed,2050,1,179,179,216.79362965177592
4560,DE_Pump_Hydro_Closed,2050,1,180,180,214.2733457335135
4561,DE_Pump_Hydro_Closed,2050,1,181,181,211.5524430039335
4562,DE_Pump_Hydro_Closed,2050,1,182,182,209.5282327029762
4563,DE_Pump_Hydro_Closed,2050,1,183,183,207.96634169378265
4564,DE_Pump_Hydro_Closed,2050,1,184,184,206.07626620347244
4565,DE_Pump_Hydro_Closed,2050,1,185,185,203.6047675169148
4566,DE_Pump_Hydro_Closed,2050,1,186,186,200.44493343774428
4567,DE_Pump_Hydro_Closed,2050,1,187,187,201.0849389433272
4568,DE_Pump_Hydro_Closed,2050,1,188,188,201.7249444489101
4569,DE_Pump_Hydro_Closed,2050,1,189,189,202.84802540331236
4570,DE_Pump_Hydro_Closed,2050,1,190,190,203.7356247016482
4571,DE_Pump_Hydro_Closed,2050,1,191,191,204.3756302072311
4572,DE_Pump_Hydro_Closed,2050,1,192,192,202.35497270426725
4573,DE_Pump_Hydro_Closed,2050,1,193,193,199.23558843859482
4574,DE_Pump_Hydro_Closed,2050,1,194,194,196.0757543594243
4575,DE_Pump_Hydro_Closed,2050,1,195,195,192.9159202802538
4576,DE_Pump_Hydro_Closed,2050,1,196,196,190.39214897311618
4577,DE_Pump_Hydro_Closed,2050,1,197,197,188.09107290026026
4578,DE_Pump_Hydro_Closed,2050,1,198,198,186.46614796541112
4579,DE_Pump_Hydro_Closed,2050,1,199,199,186.60069632934756
4580,DE_Pump_Hydro_Closed,2050,1,200,200,184.84433443108244
4581,DE_Pump_Hydro_Closed,2050,1,201,201,182.89645800166548
4582,DE_Pump_Hydro_Closed,2050,1,202,202,182.46238986889895
4583,DE_Pump_Hydro_Closed,2050,1,203,203,181.85340282103672
4584,DE_Pump_Hydro_Closed,2050,1,204,204,180.87113030193476
4585,DE_Pump_Hydro_Closed,2050,1,205,205,178.44239022190254
4586,DE_Pump_Hydro_Closed,2050,1,206,206,178.9545212264799
4587,DE_Pump_Hydro_Closed,2050,1,207,207,180.00020387748415
4588,DE_Pump_Hydro_Closed,2050,1,208,208,178.86510226864812
4589,DE_Pump_Hydro_Closed,2050,1,209,209,176.95946780415383
4590,DE_Pump_Hydro_Closed,2050,1,210,210,176.992576630306
4591,DE_Pump_Hydro_Closed,2050,1,211,211,176.36754475099067
4592,DE_Pump_Hydro_Closed,2050,1,212,212,175.40278882962107
4593,DE_Pump_Hydro_Closed,2050,1,213,213,172.6997803620632
4594,DE_Pump_Hydro_Closed,2050,1,214,214,169.53994628289269
4595,DE_Pump_Hydro_Closed,2050,1,215,215,166.45682618161075
4596,DE_Pump_Hydro_Closed,2050,1,216,216,163.97823906991903
4597,DE_Pump_Hydro_Closed,2050,1,217,217,161.65442440711857
4598,DE_Pump_Hydro_Closed,2050,1,218,218,158.49459032794806
4599,DE_Pump_Hydro_Closed,2050,1,219,219,155.33475624877755
4600,DE_Pump_Hydro_Closed,2050,1,220,220,152.17492216960704
4601,DE_Pump_Hydro_Closed,2050,1,221,221,149.01508809043654
4602,DE_Pump_Hydro_Closed,2050,1,222,222,145.85525401126603
4603,DE_Pump_Hydro_Closed,2050,1,223,223,142.69541993209552
4604,DE_Pump_Hydro_Closed,2050,1,224,224,139.535585852925
4605,DE_Pump_Hydro_Closed,2050,1,225,225,137.45722460385593
4606,DE_Pump_Hydro_Closed,2050,1,226,226,135.52831682091238
4607,DE_Pump_Hydro_Closed,2050,1,227,227,133.5056816362639
4608,DE_Pump_Hydro_Closed,2050,1,228,228,132.567156090502
4609,DE_Pump_Hydro_Closed,2050,1,229,229,132.8976197803534
4610,DE_Pump_Hydro_Closed,2050,1,230,230,132.76135967480604
4611,DE_Pump_Hydro_Closed,2050,1,231,231,130.19073501450583
4612,DE_Pump_Hydro_Closed,2050,1,232,232,127.03090093533531
4613,DE_Pump_Hydro_Closed,2050,1,233,233,123.87106685616479
4614,DE_Pump_Hydro_Closed,2050,1,234,234,120.85222308452602
4615,DE_Pump_Hydro_Closed,2050,1,235,235,119.92799563362459
4616,DE_Pump_Hydro_Closed,2050,1,236,236,120.40321239649559
4617,DE_Pump_Hydro_Closed,2050,1,237,237,121.73578602822766
4618,DE_Pump_Hydro_Closed,2050,1,238,238,121.79199724963193
4619,DE_Pump_Hydro_Closed,2050,1,239,239,122.26659876305176
4620,DE_Pump_Hydro_Closed,2050,1,240,240,122.3315807182412
4621,DE_Pump_Hydro_Closed,2050,1,241,241,121.614108733753
4622,DE_Pump_Hydro_Closed,2050,1,242,242,118.45427465458248
4623,DE_Pump_Hydro_Closed,2050,1,243,243,115.29444057541195
4624,DE_Pump_Hydro_Closed,2050,1,244,244,114.59131307229332
4625,DE_Pump_Hydro_Closed,2050,1,245,245,114.69500013107023
4626,DE_Pump_Hydro_Closed,2050,1,246,246,111.53516605189971
4627,DE_Pump_Hydro_Closed,2050,1,247,247,108.37533197272919
4628,DE_Pump_Hydro_Closed,2050,1,248,248,109.07214309511905
4629,DE_Pump_Hydro_Closed,2050,1,249,249,109.25134887376605
4630,DE_Pump_Hydro_Closed,2050,1,250,250,109.52490414626524
4631,DE_Pump_Hydro_Closed,2050,1,251,251,108.91706942371309
4632,DE_Pump_Hydro_Closed,2050,1,252,252,105.75723534454256
4633,DE_Pump_Hydro_Closed,2050,1,253,253,102.59740126537204
4634,DE_Pump_Hydro_Closed,2050,1,254,254,101.08724817327679
4635,DE_Pump_Hydro_Closed,2050,1,255,255,102.25515757816498
4636,DE_Pump_Hydro_Closed,2050,1,256,256,102.20893743354108
4637,DE_Pump_Hydro_Closed,2050,1,257,257,104.06397654845448
4638,DE_Pump_Hydro_Closed,2050,1,258,258,105.79072124601443
4639,DE_Pump_Hydro_Closed,2050,1,259,259,104.32350872933077
4640,DE_Pump_Hydro_Closed,2050,1,260,260,105.69309703827626
4641,DE_Pump_Hydro_Closed,2050,1,261,261,107.0790273390303
4642,DE_Pump_Hydro_Closed,2050,1,262,262,105.90862258911574
4643,DE_Pump_Hydro_Closed,2050,1,263,263,102.74878850994521
4644,DE_Pump_Hydro_Closed,2050,1,264,264,99.58895443077469
4645,DE_Pump_Hydro_Closed,2050,1,265,265,97.30043197082976
4646,DE_Pump_Hydro_Closed,2050,1,266,266,94.65979548156189
4647,DE_Pump_Hydro_Closed,2050,1,267,267,93.18135527886011
4648,DE_Pump_Hydro_Closed,2050,1,268,268,90.20963673565454
4649,DE_Pump_Hydro_Closed,2050,1,269,269,87.04980265648402
4650,DE_Pump_Hydro_Closed,2050,1,270,270,85.07829029472865
4651,DE_Pump_Hydro_Closed,2050,1,271,271,83.81077687534547
4652,DE_Pump_Hydro_Closed,2050,1,272,272,81.84154208250091
4653,DE_Pump_Hydro_Closed,2050,1,273,273,80.90709278383503
4654,DE_Pump_Hydro_Closed,2050,1,274,274,82.34470822208688
4655,DE_Pump_Hydro_Closed,2050,1,275,275,83.46743610646061
4656,DE_Pump_Hydro_Closed,2050,1,276,276,80.30760202729009
4657,DE_Pump_Hydro_Closed,2050,1,277,277,77.14776794811957
4658,DE_Pump_Hydro_Closed,2050,1,278,278,74.75417309954759
4659,DE_Pump_Hydro_Closed,2050,1,279,279,76.13179031560223
4660,DE_Pump_Hydro_Closed,2050,1,280,280,76.99826735237532
4661,DE_Pump_Hydro_Closed,2050,1,281,281,74.26865461041476
4662,DE_Pump_Hydro_Closed,2050,1,282,282,71.10882053124423
4663,DE_Pump_Hydro_Closed,2050,1,283,283,67.94898645207371
4664,DE_Pump_Hydro_Closed,2050,1,284,284,66.07512343068271
4665,DE_Pump_Hydro_Closed,2050,1,285,285,63.19302869657792
4666,DE_Pump_Hydro_Closed,2050,1,286,286,61.53488204567413
4667,DE_Pump_Hydro_Closed,2050,1,287,287,59.97652917687031
4668,DE_Pump_Hydro_Closed,2050,1,288,288,60.529550569489324
4669,DE_Pump_Hydro_Closed,2050,1,289,289,60.47393266135562
4670,DE_Pump_Hydro_Closed,2050,1,290,290,57.314098582185096
4671,DE_Pump_Hydro_Closed,2050,1,291,291,54.15426450301457
4672,DE_Pump_Hydro_Closed,2050,1,292,292,50.99443042384405
4673,DE_Pump_Hydro_Closed,2050,1,293,293,47.83459634467353
4674,DE_Pump_Hydro_Closed,2050,1,294,294,46.175388308760404
4675,DE_Pump_Hydro_Closed,2050,1,295,295,48.13959958893149
4676,DE_Pump_Hydro_Closed,2050,1,296,296,49.69119087523937
4677,DE_Pump_Hydro_Closed,2050,1,297,297,48.293298606625946
4678,DE_Pump_Hydro_Closed,2050,1,298,298,49.208177667928815
4679,DE_Pump_Hydro_Closed,2050,1,299,299,48.494798154996246
4680,DE_Pump_Hydro_Closed,2050,1,300,300,47.26831985371882
4681,DE_Pump_Hydro_Closed,2050,1,301,301,46.43404781280762
4682,DE_Pump_Hydro_Closed,2050,1,302,302,44.13518556225937
4683,DE_Pump_Hydro_Closed,2050,1,303,303,42.20504260205484
4684,DE_Pump_Hydro_Closed,2050,1,304,304,42.891422815883594
4685,DE_Pump_Hydro_Closed,2050,1,305,305,43.75030233327447
4686,DE_Pump_Hydro_Closed,2050,1,306,306,43.86608759869209
4687,DE_Pump_Hydro_Closed,2050,1,307,307,40.93900493220655
4688,DE_Pump_Hydro_Closed,2050,1,308,308,37.77917085303603
4689,DE_Pump_Hydro_Closed,2050,1,309,309,34.71674149006094
4690,DE_Pump_Hydro_Closed,2050,1,310,310,33.296883126264575
4691,DE_Pump_Hydro_Closed,2050,1,311,311,34.699751608499525
4692,DE_Pump_Hydro_Closed,2050,1,312,312,36.859795645891836
4693,DE_Pump_Hydro_Closed,2050,1,313,313,39.48539527582927
4694,DE_Pump_Hydro_Closed,2050,1,314,314,42.002923874534126
4695,DE_Pump_Hydro_Closed,2050,1,315,315,44.22509392814205
4696,DE_Pump_Hydro_Closed,2050,1,316,316,45.84564404679429
4697,DE_Pump_Hydro_Closed,2050,1,317,317,48.28202374184611
4698,DE_Pump_Hydro_Closed,2050,1,318,318,50.907623371783544
4699,DE_Pump_Hydro_Closed,2050,1,319,319,51.4288248279163
4700,DE_Pump_Hydro_Closed,2050,1,320,320,52.95074437230646
4701,DE_Pump_Hydro_Closed,2050,1,321,321,54.97090395673378
4702,DE_Pump_Hydro_Closed,2050,1,322,322,57.5202612190827
4703,DE_Pump_Hydro_Closed,2050,1,323,323,60.14586084902013
4704,DE_Pump_Hydro_Closed,2050,1,324,324,61.32011696131851
4705,DE_Pump_Hydro_Closed,2050,1,325,325,62.37679062460434
4706,DE_Pump_Hydro_Closed,2050,1,326,326,62.944765011526535
4707,DE_Pump_Hydro_Closed,2050,1,327,327,60.588233090641396
4708,DE_Pump_Hydro_Closed,2050,1,328,328,63.09786580458166
4709,DE_Pump_Hydro_Closed,2050,1,329,329,65.54075926798727
4710,DE_Pump_Hydro_Closed,2050,1,330,330,65.82732959417523
4711,DE_Pump_Hydro_Closed,2050,1,331,331,68.45292922411267
4712,DE_Pump_Hydro_Closed,2050,1,332,332,71.0785288540501
4713,DE_Pump_Hydro_Closed,2050,1,333,333,73.70412848398755
4714,DE_Pump_Hydro_Closed,2050,1,334,334,76.32972811392499
4715,DE_Pump_Hydro_Closed,2050,1,335,335,78.95532774386243
4716,DE_Pump_Hydro_Closed,2050,1,336,336,81.0670906416759
4717,DE_Pump_Hydro_Closed,2050,1,337,337,83.21728059301742
4718,DE_Pump_Hydro_Closed,2050,1,338,338,85.84288022295486
4719,DE_Pump_Hydro_Closed,2050,1,339,339,88.4684798528923
4720,DE_Pump_Hydro_Closed,2050,1,340,340,91.09407948282974
4721,DE_Pump_Hydro_Closed,2050,1,341,341,93.71967911276718
4722,DE_Pump_Hydro_Closed,2050,1,342,342,95.94370791390241
4723,DE_Pump_Hydro_Closed,2050,1,343,343,98.56930754383986
4724,DE_Pump_Hydro_Closed,2050,1,344,344,101.1949071737773
4725,DE_Pump_Hydro_Closed,2050,1,345,345,103.82050680371474
4726,DE_Pump_Hydro_Closed,2050,1,346,346,106.25397838490098
4727,DE_Pump_Hydro_Closed,2050,1,347,347,105.64960668228403
4728,DE_Pump_Hydro_Closed,2050,1,348,348,104.42271381999193
4729,DE_Pump_Hydro_Closed,2050,1,349,349,103.02573646966161
4730,DE_Pump_Hydro_Closed,2050,1,350,350,104.86864820677016
4731,DE_Pump_Hydro_Closed,2050,1,351,351,107.4942478367076
4732,DE_Pump_Hydro_Closed,2050,1,352,352,110.11984746664504
4733,DE_Pump_Hydro_Closed,2050,1,353,353,112.74544709658248
4734,DE_Pump_Hydro_Closed,2050,1,354,354,115.37104672651992
4735,DE_Pump_Hydro_Closed,2050,1,355,355,117.99664635645736
4736,DE_Pump_Hydro_Closed,2050,1,356,356,120.6222459863948
4737,DE_Pump_Hydro_Closed,2050,1,357,357,123.24784561633224
4738,DE_Pump_Hydro_Closed,2050,1,358,358,125.87344524626968
4739,DE_Pump_Hydro_Closed,2050,1,359,359,128.4990448762071
4740,DE_Pump_Hydro_Closed,2050,1,360,360,131.06358705506895
4741,DE_Pump_Hydro_Closed,2050,1,361,361,132.62884310393173
4742,DE_Pump_Hydro_Closed,2050,1,362,362,134.00274968183487
4743,DE_Pump_Hydro_Closed,2050,1,363,363,135.8488007401251
4744,DE_Pump_Hydro_Closed,2050,1,364,364,138.47440037006257
4745,DE_Pump_Hydro_Closed,2050,1,365,365,141.1
4746,DE_Pump_Hydro_Open,2050,1,1,1,213.46715573971505
4747,DE_Pump_Hydro_Open,2050,1,2,2,218.58431147943014
4748,DE_Pump_Hydro_Open,2050,1,3,3,223.7014672191452
4749,DE_Pump_Hydro_Open,2050,1,4,4,228.81862295886026
4750,DE_Pump_Hydro_Open,2050,1,5,5,232.6047862259909
4751,DE_Pump_Hydro_Open,2050,1,6,6,233.57079133638618
4752,DE_Pump_Hydro_Open,2050,1,7,7,238.68794707610124
4753,DE_Pump_Hydro_Open,2050,1,8,8,243.8051028158163
4754,DE_Pump_Hydro_Open,2050,1,9,9,248.92225855553136
4755,DE_Pump_Hydro_Open,2050,1,10,10,254.03941429524642
4756,DE_Pump_Hydro_Open,2050,1,11,11,259.1565700349615
4757,DE_Pump_Hydro_Open,2050,1,12,12,264.27372577467656
4758,DE_Pump_Hydro_Open,2050,1,13,13,269.39088151439165
4759,DE_Pump_Hydro_Open,2050,1,14,14,274.50803725410674
4760,DE_Pump_Hydro_Open,2050,1,15,15,279.6251929938218
4761,DE_Pump_Hydro_Open,2050,1,16,16,284.7423487335369
4762,DE_Pump_Hydro_Open,2050,1,17,17,289.859504473252
4763,DE_Pump_Hydro_Open,2050,1,18,18,289.3476556224173
4764,DE_Pump_Hydro_Open,2050,1,19,19,282.78675676837
4765,DE_Pump_Hydro_Open,2050,1,20,20,279.6502034158502
4766,DE_Pump_Hydro_Open,2050,1,21,21,276.52459047624905
4767,DE_Pump_Hydro_Open,2050,1,22,22,269.9636916222018
4768,DE_Pump_Hydro_Open,2050,1,23,23,266.77796112037174
4769,DE_Pump_Hydro_Open,2050,1,24,24,270.94839735824667
4770,DE_Pump_Hydro_Open,2050,1,25,25,268.9634635651061
4771,DE_Pump_Hydro_Open,2050,1,26,26,272.5133294105156
4772,DE_Pump_Hydro_Open,2050,1,27,27,273.80466819255616
4773,DE_Pump_Hydro_Open,2050,1,28,28,278.92182393227125
4774,DE_Pump_Hydro_Open,2050,1,29,29,284.03897967198634
4775,DE_Pump_Hydro_Open,2050,1,30,30,289.1561354117014
4776,DE_Pump_Hydro_Open,2050,1,31,31,290.4862143920948
4777,DE_Pump_Hydro_Open,2050,1,32,32,295.4577968526764
4778,DE_Pump_Hydro_Open,2050,1,33,33,296.0962228280436
4779,DE_Pump_Hydro_Open,2050,1,34,34,292.22914616906394
4780,DE_Pump_Hydro_Open,2050,1,35,35,286.35574689892394
4781,DE_Pump_Hydro_Open,2050,1,36,36,282.89536955074425
4782,DE_Pump_Hydro_Open,2050,1,37,37,288.01252529045934
4783,DE_Pump_Hydro_Open,2050,1,38,38,293.1296810301744
4784,DE_Pump_Hydro_Open,2050,1,39,39,298.2468367698895
4785,DE_Pump_Hydro_Open,2050,1,40,40,301.5476262693219
4786,DE_Pump_Hydro_Open,2050,1,41,41,301.66927063244657
4787,DE_Pump_Hydro_Open,2050,1,42,42,297.53705826930496
4788,DE_Pump_Hydro_Open,2050,1,43,43,294.7778024205365
4789,DE_Pump_Hydro_Open,2050,1,44,44,293.1680612829965
4790,DE_Pump_Hydro_Open,2050,1,45,45,290.02879818669726
4791,DE_Pump_Hydro_Open,2050,1,46,46,294.66414382631405
4792,DE_Pump_Hydro_Open,2050,1,47,47,299.34473729876663
4793,DE_Pump_Hydro_Open,2050,1,48,48,303.9507735478477
4794,DE_Pump_Hydro_Open,2050,1,49,49,308.8940113165871
4795,DE_Pump_Hydro_Open,2050,1,50,50,314.0111670563022
4796,DE_Pump_Hydro_Open,2050,1,51,51,318.75508226436716
4797,DE_Pump_Hydro_Open,2050,1,52,52,320.91565637991124
4798,DE_Pump_Hydro_Open,2050,1,53,53,324.59165924803966
4799,DE_Pump_Hydro_Open,2050,1,54,54,329.70881498775475
4800,DE_Pump_Hydro_Open,2050,1,55,55,333.6236966599176
4801,DE_Pump_Hydro_Open,2050,1,56,56,330.86562042217304
4802,DE_Pump_Hydro_Open,2050,1,57,57,329.9112602307973
4803,DE_Pump_Hydro_Open,2050,1,58,58,327.2752661376499
4804,DE_Pump_Hydro_Open,2050,1,59,59,326.85243956874626
4805,DE_Pump_Hydro_Open,2050,1,60,60,331.96959530846135
4806,DE_Pump_Hydro_Open,2050,1,61,61,337.08675104817644
4807,DE_Pump_Hydro_Open,2050,1,62,62,342.15537822532104
4808,DE_Pump_Hydro_Open,2050,1,63,63,342.8102510407955
4809,DE_Pump_Hydro_Open,2050,1,64,64,341.0767824539984
4810,DE_Pump_Hydro_Open,2050,1,65,65,345.44921503462945
4811,DE_Pump_Hydro_Open,2050,1,66,66,350.56637077434453
4812,DE_Pump_Hydro_Open,2050,1,67,67,355.5179405416876
4813,DE_Pump_Hydro_Open,2050,1,68,68,354.5727379979238
4814,DE_Pump_Hydro_Open,2050,1,69,69,358.1253952545384
4815,DE_Pump_Hydro_Open,2050,1,70,70,356.6532850167637
4816,DE_Pump_Hydro_Open,2050,1,71,71,357.42309812167167
4817,DE_Pump_Hydro_Open,2050,1,72,72,361.6374729843543
4818,DE_Pump_Hydro_Open,2050,1,73,73,364.9292647755131
4819,DE_Pump_Hydro_Open,2050,1,74,74,368.3845880804598
4820,DE_Pump_Hydro_Open,2050,1,75,75,372.5228552357185
4821,DE_Pump_Hydro_Open,2050,1,76,76,375.75533991493734
4822,DE_Pump_Hydro_Open,2050,1,77,77,371.01419445539125
4823,DE_Pump_Hydro_Open,2050,1,78,78,366.1459955516922
4824,DE_Pump_Hydro_Open,2050,1,79,79,361.49226844910675
4825,DE_Pump_Hydro_Open,2050,1,80,80,363.59489405242505
4826,DE_Pump_Hydro_Open,2050,1,81,81,362.94656080603914
4827,DE_Pump_Hydro_Open,2050,1,82,82,366.58942557367584
4828,DE_Pump_Hydro_Open,2050,1,83,83,361.8974426288416
4829,DE_Pump_Hydro_Open,2050,1,84,84,359.146911611153
4830,DE_Pump_Hydro_Open,2050,1,85,85,363.5347516830557
4831,DE_Pump_Hydro_Open,2050,1,86,86,364.432698414892
4832,DE_Pump_Hydro_Open,2050,1,87,87,365.5969684314486
4833,DE_Pump_Hydro_Open,2050,1,88,88,370.7141241711637
4834,DE_Pump_Hydro_Open,2050,1,89,89,375.8312799108788
4835,DE_Pump_Hydro_Open,2050,1,90,90,380.94843565059386
4836,DE_Pump_Hydro_Open,2050,1,91,91,385.76133143998607
4837,DE_Pump_Hydro_Open,2050,1,92,92,389.48628750015257
4838,DE_Pump_Hydro_Open,2050,1,93,93,384.8315266040045
4839,DE_Pump_Hydro_Open,2050,1,94,94,380.96165832900147
4840,DE_Pump_Hydro_Open,2050,1,95,95,375.55419516764164
4841,DE_Pump_Hydro_Open,2050,1,96,96,370.634561660119
4842,DE_Pump_Hydro_Open,2050,1,97,97,373.76619817646554
4843,DE_Pump_Hydro_Open,2050,1,98,98,375.4777501215874
4844,DE_Pump_Hydro_Open,2050,1,99,99,377.604818179913
4845,DE_Pump_Hydro_Open,2050,1,100,100,376.89315332852993
4846,DE_Pump_Hydro_Open,2050,1,101,101,376.9258367994939
4847,DE_Pump_Hydro_Open,2050,1,102,102,380.6623621186957
4848,DE_Pump_Hydro_Open,2050,1,103,103,383.858167531708
4849,DE_Pump_Hydro_Open,2050,1,104,104,387.29740755524904
4850,DE_Pump_Hydro_Open,2050,1,105,105,390.13748301429854
4851,DE_Pump_Hydro_Open,2050,1,106,106,392.85911761150686
4852,DE_Pump_Hydro_Open,2050,1,107,107,394.5920230860695
4853,DE_Pump_Hydro_Open,2050,1,108,108,393.3333949260851
4854,DE_Pump_Hydro_Open,2050,1,109,109,394.62579831253703
4855,DE_Pump_Hydro_Open,2050,1,110,110,397.3622241579483
4856,DE_Pump_Hydro_Open,2050,1,111,111,398.45984935560836
4857,DE_Pump_Hydro_Open,2050,1,112,112,398.66866694247494
4858,DE_Pump_Hydro_Open,2050,1,113,113,400.4586535599932
4859,DE_Pump_Hydro_Open,2050,1,114,114,399.97073731147157
4860,DE_Pump_Hydro_Open,2050,1,115,115,397.08476098409676
4861,DE_Pump_Hydro_Open,2050,1,116,116,391.32119659008913
4862,DE_Pump_Hydro_Open,2050,1,117,117,384.8527709336306
4863,DE_Pump_Hydro_Open,2050,1,118,118,380.9171388874867
4864,DE_Pump_Hydro_Open,2050,1,119,119,383.43716405250103
4865,DE_Pump_Hydro_Open,2050,1,120,120,385.2271506700193
4866,DE_Pump_Hydro_Open,2050,1,121,121,387.01713728753754
4867,DE_Pump_Hydro_Open,2050,1,122,122,388.8071239050558
4868,DE_Pump_Hydro_Open,2050,1,123,123,388.27397544320314
4869,DE_Pump_Hydro_Open,2050,1,124,124,390.0639620607214
4870,DE_Pump_Hydro_Open,2050,1,125,125,391.85394867823965
4871,DE_Pump_Hydro_Open,2050,1,126,126,393.8713501303931
4872,DE_Pump_Hydro_Open,2050,1,127,127,395.6613367479114
4873,DE_Pump_Hydro_Open,2050,1,128,128,397.45132336542963
4874,DE_Pump_Hydro_Open,2050,1,129,129,399.2413099829479
4875,DE_Pump_Hydro_Open,2050,1,130,130,401.03129660046613
4876,DE_Pump_Hydro_Open,2050,1,131,131,402.8212832179844
4877,DE_Pump_Hydro_Open,2050,1,132,132,404.61126983550264
4878,DE_Pump_Hydro_Open,2050,1,133,133,406.4012564530209
4879,DE_Pump_Hydro_Open,2050,1,134,134,405.4407125142621
4880,DE_Pump_Hydro_Open,2050,1,135,135,403.9532609537274
4881,DE_Pump_Hydro_Open,2050,1,136,136,404.55447611069354
4882,DE_Pump_Hydro_Open,2050,1,137,137,406.3444627282118
4883,DE_Pump_Hydro_Open,2050,1,138,138,408.13444934573005
4884,DE_Pump_Hydro_Open,2050,1,139,139,409.9244359632483
4885,DE_Pump_Hydro_Open,2050,1,140,140,406.9213282505586
4886,DE_Pump_Hydro_Open,2050,1,141,141,402.98501942021136
4887,DE_Pump_Hydro_Open,2050,1,142,142,403.1153726955098
4888,DE_Pump_Hydro_Open,2050,1,143,143,403.84674971189327
4889,DE_Pump_Hydro_Open,2050,1,144,144,400.94375294825755
4890,DE_Pump_Hydro_Open,2050,1,145,145,396.76491169270196
4891,DE_Pump_Hydro_Open,2050,1,146,146,395.9849079326195
4892,DE_Pump_Hydro_Open,2050,1,147,147,396.5699150484461
4893,DE_Pump_Hydro_Open,2050,1,148,148,398.35990166596434
4894,DE_Pump_Hydro_Open,2050,1,149,149,398.86213002120195
4895,DE_Pump_Hydro_Open,2050,1,150,150,400.6521166387202
4896,DE_Pump_Hydro_Open,2050,1,151,151,402.4947643368125
4897,DE_Pump_Hydro_Open,2050,1,152,152,404.2847509543308
4898,DE_Pump_Hydro_Open,2050,1,153,153,406.074737571849
4899,DE_Pump_Hydro_Open,2050,1,154,154,407.8647241893673
4900,DE_Pump_Hydro_Open,2050,1,155,155,409.65471080688553
4901,DE_Pump_Hydro_Open,2050,1,156,156,409.9762272496909
4902,DE_Pump_Hydro_Open,2050,1,157,157,411.76621386720916
4903,DE_Pump_Hydro_Open,2050,1,158,158,413.5562004847274
4904,DE_Pump_Hydro_Open,2050,1,159,159,415.34618710224566
4905,DE_Pump_Hydro_Open,2050,1,160,160,414.91001338248174
4906,DE_Pump_Hydro_Open,2050,1,161,161,416.7
4907,DE_Pump_Hydro_Open,2050,1,162,162,416.08897015223033
4908,DE_Pump_Hydro_Open,2050,1,163,163,412.15230073662707
4909,DE_Pump_Hydro_Open,2050,1,164,164,407.6200803478495
4910,DE_Pump_Hydro_Open,2050,1,165,165,409.4100669653678
4911,DE_Pump_Hydro_Open,2050,1,166,166,410.14613170514366
4912,DE_Pump_Hydro_Open,2050,1,167,167,406.64937417688924
4913,DE_Pump_Hydro_Open,2050,1,168,168,405.76567841494193
4914,DE_Pump_Hydro_Open,2050,1,169,169,407.7576427576607
4915,DE_Pump_Hydro_Open,2050,1,170,170,406.2181064080665
4916,DE_Pump_Hydro_Open,2050,1,171,171,399.65720755401924
4917,DE_Pump_Hydro_Open,2050,1,172,172,393.096308699972
4918,DE_Pump_Hydro_Open,2050,1,173,173,386.9983998793927
4919,DE_Pump_Hydro_Open,2050,1,174,174,385.85268172903164
4920,DE_Pump_Hydro_Open,2050,1,175,175,387.6426683465499
4921,DE_Pump_Hydro_Open,2050,1,176,176,387.77455738416546
4922,DE_Pump_Hydro_Open,2050,1,177,177,382.4694781762931
4923,DE_Pump_Hydro_Open,2050,1,178,178,375.9085793222458
4924,DE_Pump_Hydro_Open,2050,1,179,179,369.3476804681986
4925,DE_Pump_Hydro_Open,2050,1,180,180,364.1923173026827
4926,DE_Pump_Hydro_Open,2050,1,181,181,358.5960553362076
4927,DE_Pump_Hydro_Open,2050,1,182,182,354.5309102894255
4928,DE_Pump_Hydro_Open,2050,1,183,183,351.4818016754195
4929,DE_Pump_Hydro_Open,2050,1,184,184,347.7114439259639
4930,DE_Pump_Hydro_Open,2050,1,185,185,342.6632957819201
4931,DE_Pump_Hydro_Open,2050,1,186,186,336.10239692787286
4932,DE_Pump_Hydro_Open,2050,1,187,187,337.8923835453911
4933,DE_Pump_Hydro_Open,2050,1,188,188,339.68237016290936
4934,DE_Pump_Hydro_Open,2050,1,189,189,342.28182418229454
4935,DE_Pump_Hydro_Open,2050,1,190,190,344.48669237706514
4936,DE_Pump_Hydro_Open,2050,1,191,191,346.2766789945834
4937,DE_Pump_Hydro_Open,2050,1,192,192,342.2193419113969
4938,DE_Pump_Hydro_Open,2050,1,193,193,335.7473393784533
4939,DE_Pump_Hydro_Open,2050,1,194,194,329.18644052440607
4940,DE_Pump_Hydro_Open,2050,1,195,195,322.6255416703588
4941,DE_Pump_Hydro_Open,2050,1,196,196,317.462514290488
4942,DE_Pump_Hydro_Open,2050,1,197,197,312.7889029386021
4943,DE_Pump_Hydro_Open,2050,1,198,198,309.60126503086354
4944,DE_Pump_Hydro_Open,2050,1,199,199,310.28041141249105
4945,DE_Pump_Hydro_Open,2050,1,200,200,306.8039152506774
4946,DE_Pump_Hydro_Open,2050,1,201,201,302.9065287117524
4947,DE_Pump_Hydro_Open,2050,1,202,202,302.3360299082879
4948,DE_Pump_Hydro_Open,2050,1,203,203,301.3811128171052
4949,DE_Pump_Hydro_Open,2050,1,204,204,299.60582840540974
4950,DE_Pump_Hydro_Open,2050,1,205,205,294.65165060354843
4951,DE_Pump_Hydro_Open,2050,1,206,206,296.0307484304809
4952,DE_Pump_Hydro_Open,2050,1,207,207,298.5005096581631
4953,DE_Pump_Hydro_Open,2050,1,208,208,296.1535420720633
4954,DE_Pump_Hydro_Open,2050,1,209,209,292.29358509734664
4955,DE_Pump_Hydro_Open,2050,1,210,210,292.6994148556115
4956,DE_Pump_Hydro_Open,2050,1,211,211,291.70923613117117
4957,DE_Pump_Hydro_Open,2050,1,212,212,289.9724478449704
4958,DE_Pump_Hydro_Open,2050,1,213,213,284.4155119946147
4959,DE_Pump_Hydro_Open,2050,1,214,214,277.85461314056744
4960,DE_Pump_Hydro_Open,2050,1,215,215,271.4623081518997
4961,DE_Pump_Hydro_Open,2050,1,216,216,266.39858181694865
4962,DE_Pump_Hydro_Open,2050,1,217,217,261.674997997495
4963,DE_Pump_Hydro_Open,2050,1,218,218,255.1140991434477
4964,DE_Pump_Hydro_Open,2050,1,219,219,248.55320028940042
4965,DE_Pump_Hydro_Open,2050,1,220,220,241.99230143535314
4966,DE_Pump_Hydro_Open,2050,1,221,221,235.43140258130586
4967,DE_Pump_Hydro_Open,2050,1,222,222,228.87050372725858
4968,DE_Pump_Hydro_Open,2050,1,223,223,222.3096048732113
4969,DE_Pump_Hydro_Open,2050,1,224,224,215.74870601916402
4970,DE_Pump_Hydro_Open,2050,1,225,225,211.56455374700545
4971,DE_Pump_Hydro_Open,2050,1,226,226,207.70885449269252
4972,DE_Pump_Hydro_Open,2050,1,227,227,203.64717106990946
4973,DE_Pump_Hydro_Open,2050,1,228,228,201.96802912842682
4974,DE_Pump_Hydro_Open,2050,1,229,229,203.06253128567752
4975,DE_Pump_Hydro_Open,2050,1,230,230,203.14652346067402
4976,DE_Pump_Hydro_Open,2050,1,231,231,197.88052673762627
4977,DE_Pump_Hydro_Open,2050,1,232,232,191.319627883579
4978,DE_Pump_Hydro_Open,2050,1,233,233,184.7587290295317
4979,DE_Pump_Hydro_Open,2050,1,234,234,178.50768375865218
4980,DE_Pump_Hydro_Open,2050,1,235,235,176.65439077915698
4981,DE_Pump_Hydro_Open,2050,1,236,236,177.88115551172703
4982,DE_Pump_Hydro_Open,2050,1,237,237,180.83164681450683
4983,DE_Pump_Hydro_Open,2050,1,238,238,181.155877034069
4984,DE_Pump_Hydro_Open,2050,1,239,239,182.32721225348604
4985,DE_Pump_Hydro_Open,2050,1,240,240,182.72216788052924
4986,DE_Pump_Hydro_Open,2050,1,241,241,181.52883407175966
4987,DE_Pump_Hydro_Open,2050,1,242,242,174.96793521771238
4988,DE_Pump_Hydro_Open,2050,1,243,243,168.4070363636651
4989,DE_Pump_Hydro_Open,2050,1,244,244,167.17475661413172
4990,DE_Pump_Hydro_Open,2050,1,245,245,167.7571191276122
4991,DE_Pump_Hydro_Open,2050,1,246,246,161.19622027356493
4992,DE_Pump_Hydro_Open,2050,1,247,247,154.63532141951765
4993,DE_Pump_Hydro_Open,2050,1,248,248,156.20508111686303
4994,DE_Pump_Hydro_Open,2050,1,249,249,156.70369792488046
4995,DE_Pump_Hydro_Open,2050,1,250,250,157.5329176506428
4996,DE_Pump_Hydro_Open,2050,1,251,251,156.58053301812726
4997,DE_Pump_Hydro_Open,2050,1,252,252,150.01963416407997
4998,DE_Pump_Hydro_Open,2050,1,253,253,143.4587353100327
4999,DE_Pump_Hydro_Open,2050,1,254,254,140.3453294580334
5000,DE_Pump_Hydro_Open,2050,1,255,255,142.83248217568345
5001,DE_Pump_Hydro_Open,2050,1,256,256,142.83686982203443
5002,DE_Pump_Hydro_Open,2050,1,257,257,146.6628326029642
5003,DE_Pump_Hydro_Open,2050,1,258,258,150.2359118695725
5004,DE_Pump_Hydro_Open,2050,1,259,259,147.09161547044278
5005,DE_Pump_Hydro_Open,2050,1,260,260,149.87549127636146
5006,DE_Pump_Hydro_Open,2050,1,261,261,152.91538990536958
5007,DE_Pump_Hydro_Open,2050,1,262,262,150.57342127399525
5008,DE_Pump_Hydro_Open,2050,1,263,263,144.01252241994797
5009,DE_Pump_Hydro_Open,2050,1,264,264,137.4516235659007
5010,DE_Pump_Hydro_Open,2050,1,265,265,132.68494897804197
5011,DE_Pump_Hydro_Open,2050,1,266,266,127.17206451750295
5012,DE_Pump_Hydro_Open,2050,1,267,267,124.00510473013411
5013,DE_Pump_Hydro_Open,2050,1,268,268,117.85762630114075
5014,DE_Pump_Hydro_Open,2050,1,269,269,111.29672744709349
5015,DE_Pump_Hydro_Open,2050,1,270,270,107.1344881557823
5016,DE_Pump_Hydro_Open,2050,1,271,271,104.39328979179703
5017,DE_Pump_Hydro_Open,2050,1,272,272,100.23564783500196
5018,DE_Pump_Hydro_Open,2050,1,273,273,98.22091881383815
5019,DE_Pump_Hydro_Open,2050,1,274,274,101.3474238602656
5020,DE_Pump_Hydro_Open,2050,1,275,275,103.94628625637648
5021,DE_Pump_Hydro_Open,2050,1,276,276,97.38538740232921
5022,DE_Pump_Hydro_Open,2050,1,277,277,90.82448854828195
5023,DE_Pump_Hydro_Open,2050,1,278,278,85.81026432862295
5024,DE_Pump_Hydro_Open,2050,1,279,279,88.81251076631735
5025,DE_Pump_Hydro_Open,2050,1,280,280,90.70956606938351
5026,DE_Pump_Hydro_Open,2050,1,281,281,85.09416215909117
5027,DE_Pump_Hydro_Open,2050,1,282,282,78.5332633050439
5028,DE_Pump_Hydro_Open,2050,1,283,283,71.97236445099664
5029,DE_Pump_Hydro_Open,2050,1,284,284,68.0072329972577
5030,DE_Pump_Hydro_Open,2050,1,285,285,62.05672029500954
5031,DE_Pump_Hydro_Open,2050,1,286,286,58.69256924086516
5032,DE_Pump_Hydro_Open,2050,1,287,287,55.53540472825426
5033,DE_Pump_Hydro_Open,2050,1,288,288,56.83223034305065
5034,DE_Pump_Hydro_Open,2050,1,289,289,56.86692650996949
5035,DE_Pump_Hydro_Open,2050,1,290,290,50.306027655922215
5036,DE_Pump_Hydro_Open,2050,1,291,291,43.74512880187494
5037,DE_Pump_Hydro_Open,2050,1,292,292,37.18422994782767
5038,DE_Pump_Hydro_Open,2050,1,293,293,30.623331093780394
5039,DE_Pump_Hydro_Open,2050,1,294,294,27.091486540431948
5040,DE_Pump_Hydro_Open,2050,1,295,295,31.10038411795154
5041,DE_Pump_Hydro_Open,2050,1,296,296,34.41787327219682
5042,DE_Pump_Hydro_Open,2050,1,297,297,31.423127686923994
5043,DE_Pump_Hydro_Open,2050,1,298,298,33.475237817893834
5044,DE_Pump_Hydro_Open,2050,1,299,299,31.897098667327988
5045,DE_Pump_Hydro_Open,2050,1,300,300,29.285050266423546
5046,DE_Pump_Hydro_Open,2050,1,301,301,27.53936478085353
5047,DE_Pump_Hydro_Open,2050,1,302,302,22.716360875375745
5048,DE_Pump_Hydro_Open,2050,1,303,303,18.637626841252352
5049,DE_Pump_Hydro_Open,2050,1,304,304,19.901392034425854
5050,DE_Pump_Hydro_Open,2050,1,305,305,21.758193188958717
5051,DE_Pump_Hydro_Open,2050,1,306,306,22.064978235694532
5052,DE_Pump_Hydro_Open,2050,1,307,307,15.973894410351422
5053,DE_Pump_Hydro_Open,2050,1,308,308,9.41299555630415
5054,DE_Pump_Hydro_Open,2050,1,309,309,3.0487107593204756
5055,DE_Pump_Hydro_Open,2050,1,310,310,0.0
5056,DE_Pump_Hydro_Open,2050,1,311,311,2.7298079957650474
5057,DE_Pump_Hydro_Open,2050,1,312,312,7.066853554258812
5058,DE_Pump_Hydro_Open,2050,1,313,313,12.184009293973883
5059,DE_Pump_Hydro_Open,2050,1,314,314,17.120075356946536
5060,DE_Pump_Hydro_Open,2050,1,315,315,21.561222635072895
5061,DE_Pump_Hydro_Open,2050,1,316,316,24.82520485515888
5062,DE_Pump_Hydro_Open,2050,1,317,317,29.62529341738108
5063,DE_Pump_Hydro_Open,2050,1,318,318,34.74244915709615
5064,DE_Pump_Hydro_Open,2050,1,319,319,35.61182020229192
5065,DE_Pump_Hydro_Open,2050,1,320,320,38.50116780503386
5066,DE_Pump_Hydro_Open,2050,1,321,321,42.43769340181335
5067,DE_Pump_Hydro_Open,2050,1,322,322,47.427093298512844
5068,DE_Pump_Hydro_Open,2050,1,323,323,52.54424903822792
5069,DE_Pump_Hydro_Open,2050,1,324,324,54.73182858962549
5070,DE_Pump_Hydro_Open,2050,1,325,325,56.68206478391657
5071,DE_Pump_Hydro_Open,2050,1,326,326,57.64584825637937
5072,DE_Pump_Hydro_Open,2050,1,327,327,52.7064365598075
5073,DE_Pump_Hydro_Open,2050,1,328,328,57.62927185035847
5074,DE_Pump_Hydro_Open,2050,1,329,329,62.37763024580242
5075,DE_Pump_Hydro_Open,2050,1,330,330,62.77339200210808
5076,DE_Pump_Hydro_Open,2050,1,331,331,67.89054774182316
5077,DE_Pump_Hydro_Open,2050,1,332,332,73.00770348153823
5078,DE_Pump_Hydro_Open,2050,1,333,333,78.1248592212533
5079,DE_Pump_Hydro_Open,2050,1,334,334,83.24201496096838
5080,DE_Pump_Hydro_Open,2050,1,335,335,88.35917070068345
5081,DE_Pump_Hydro_Open,2050,1,336,336,92.46990494198032
5082,DE_Pump_Hydro_Open,2050,1,337,337,96.62743337280303
5083,DE_Pump_Hydro_Open,2050,1,338,338,101.7445891125181
5084,DE_Pump_Hydro_Open,2050,1,339,339,106.86174485223317
5085,DE_Pump_Hydro_Open,2050,1,340,340,111.97890059194825
5086,DE_Pump_Hydro_Open,2050,1,341,341,117.09605633166332
5087,DE_Pump_Hydro_Open,2050,1,342,342,121.40263048012595
5088,DE_Pump_Hydro_Open,2050,1,343,343,126.51978621984102
5089,DE_Pump_Hydro_Open,2050,1,344,344,131.63694195955608
5090,DE_Pump_Hydro_Open,2050,1,345,345,136.75409769927114
5091,DE_Pump_Hydro_Open,2050,1,346,346,141.48343777033946
5092,DE_Pump_Hydro_Open,2050,1,347,347,140.08080891750527
5093,DE_Pump_Hydro_Open,2050,1,348,348,137.42160424788932
5094,DE_Pump_Hydro_Open,2050,1,349,349,134.41907943379826
5095,DE_Pump_Hydro_Open,2050,1,350,350,137.9563584690334
5096,DE_Pump_Hydro_Open,2050,1,351,351,143.07351420874846
5097,DE_Pump_Hydro_Open,2050,1,352,352,148.19066994846352
5098,DE_Pump_Hydro_Open,2050,1,353,353,153.30782568817858
5099,DE_Pump_Hydro_Open,2050,1,354,354,158.42498142789364
5100,DE_Pump_Hydro_Open,2050,1,355,355,163.5421371676087
5101,DE_Pump_Hydro_Open,2050,1,356,356,168.65929290732376
5102,DE_Pump_Hydro_Open,2050,1,357,357,173.77644864703882
5103,DE_Pump_Hydro_Open,2050,1,358,358,178.89360438675388
5104,DE_Pump_Hydro_Open,2050,1,359,359,184.01076012646894
5105,DE_Pump_Hydro_Open,2050,1,360,360,189.0046697479382
5106,DE_Pump_Hydro_Open,2050,1,361,361,191.98149325837875
5107,DE_Pump_Hydro_Open,2050,1,362,362,194.57207268052622
5108,DE_Pump_Hydro_Open,2050,1,363,363,198.11568852056985
5109,DE_Pump_Hydro_Open,2050,1,364,364,203.23284426028493
5110,DE_Pump_Hydro_Open,2050,1,365,365,208.35
5111,ES_Hydro_Reservoir,2050,1,1,1,5860.344834597636
5112,ES_Hydro_Reservoir,2050,1,2,2,5896.439669195272
5113,ES_Hydro_Reservoir,2050,1,3,3,5932.534503792907
5114,ES_Hydro_Reservoir,2050,1,4,4,5968.629338390543
5115,ES_Hydro_Reservoir,2050,1,5,5,5998.401271642574
5116,ES_Hydro_Reservoir,2050,1,6,6,6014.77599779439
5117,ES_Hydro_Reservoir,2050,1,7,7,6050.870832392026
5118,ES_Hydro_Reservoir,2050,1,8,8,6086.965666989662
5119,ES_Hydro_Reservoir,2050,1,9,9,6123.060501587298
5120,ES_Hydro_Reservoir,2050,1,10,10,6159.155336184934
5121,ES_Hydro_Reservoir,2050,1,11,11,6195.2501707825695
5122,ES_Hydro_Reservoir,2050,1,12,12,6231.345005380205
5123,ES_Hydro_Reservoir,2050,1,13,13,6267.439839977841
5124,ES_Hydro_Reservoir,2050,1,14,14,6303.534674575477
5125,ES_Hydro_Reservoir,2050,1,15,15,6339.629509173113
5126,ES_Hydro_Reservoir,2050,1,16,16,6375.724343770748
5127,ES_Hydro_Reservoir,2050,1,17,17,6411.819178368384
5128,ES_Hydro_Reservoir,2050,1,18,18,6421.173335288936
5129,ES_Hydro_Reservoir,2050,1,19,19,6401.791381981397
5130,ES_Hydro_Reservoir,2050,1,20,20,6398.6768375626425
5131,ES_Hydro_Reservoir,2050,1,21,21,6395.614265753043
5132,ES_Hydro_Reservoir,2050,1,22,22,6376.232312445504
5133,ES_Hydro_Reservoir,2050,1,23,23,6372.88415118071
5134,ES_Hydro_Reservoir,2050,1,24,24,6404.4815794177575
5135,ES_Hydro_Reservoir,2050,1,25,25,6406.8378224088565
5136,ES_Hydro_Reservoir,2050,1,26,26,6435.487220923435
5137,ES_Hydro_Reservoir,2050,1,27,27,6453.4074499632
5138,ES_Hydro_Reservoir,2050,1,28,28,6489.5022845608355
5139,ES_Hydro_Reservoir,2050,1,29,29,6525.597119158471
5140,ES_Hydro_Reservoir,2050,1,30,30,6561.691953756107
5141,ES_Hydro_Reservoir,2050,1,31,31,6579.796218736974
5142,ES_Hydro_Reservoir,2050,1,32,32,6615.19950510915
5143,ES_Hydro_Reservoir,2050,1,33,33,6630.018061262768
5144,ES_Hydro_Reservoir,2050,1,34,34,6623.433154018864
5145,ES_Hydro_Reservoir,2050,1,35,35,6607.317178644131
5146,ES_Hydro_Reservoir,2050,1,36,36,6602.664303077701
5147,ES_Hydro_Reservoir,2050,1,37,37,6638.759137675337
5148,ES_Hydro_Reservoir,2050,1,38,38,6674.853972272973
5149,ES_Hydro_Reservoir,2050,1,39,39,6710.948806870609
5150,ES_Hydro_Reservoir,2050,1,40,40,6738.41496416063
5151,ES_Hydro_Reservoir,2050,1,41,41,6750.778540876921
5152,ES_Hydro_Reservoir,2050,1,42,42,6742.934102166729
5153,ES_Hydro_Reservoir,2050,1,43,43,6741.611915663817
5154,ES_Hydro_Reservoir,2050,1,44,44,6745.750517455452
5155,ES_Hydro_Reservoir,2050,1,45,45,6742.623100354888
5156,ES_Hydro_Reservoir,2050,1,46,46,6770.068905006407
5157,ES_Hydro_Reservoir,2050,1,47,47,6798.326958843059
5158,ES_Hydro_Reservoir,2050,1,48,48,6829.81527107282
5159,ES_Hydro_Reservoir,2050,1,49,49,6862.788083656328
5160,ES_Hydro_Reservoir,2050,1,50,50,6898.882918253964
5161,ES_Hydro_Reservoir,2050,1,51,51,6928.277668036674
5162,ES_Hydro_Reservoir,2050,1,52,52,6950.327213637624
5163,ES_Hydro_Reservoir,2050,1,53,53,6977.931414376597
5164,ES_Hydro_Reservoir,2050,1,54,54,7014.026248974233
5165,ES_Hydro_Reservoir,2050,1,55,55,7044.409661098719
5166,ES_Hydro_Reservoir,2050,1,56,56,7043.093078357123
5167,ES_Hydro_Reservoir,2050,1,57,57,7050.345077971617
5168,ES_Hydro_Reservoir,2050,1,58,58,7049.60844843956
5169,ES_Hydro_Reservoir,2050,1,59,59,7059.38550715543
5170,ES_Hydro_Reservoir,2050,1,60,60,7095.480341753066
5171,ES_Hydro_Reservoir,2050,1,61,61,7131.575176350701
5172,ES_Hydro_Reservoir,2050,1,62,62,7166.798868996709
5173,ES_Hydro_Reservoir,2050,1,63,63,7181.695556131222
5174,ES_Hydro_Reservoir,2050,1,64,64,7185.246388666824
5175,ES_Hydro_Reservoir,2050,1,65,65,7217.803403808928
5176,ES_Hydro_Reservoir,2050,1,66,66,7253.898238406564
5177,ES_Hydro_Reservoir,2050,1,67,67,7287.020619679934
5178,ES_Hydro_Reservoir,2050,1,68,68,7294.316122848054
5179,ES_Hydro_Reservoir,2050,1,69,69,7302.326460611296
5180,ES_Hydro_Reservoir,2050,1,70,70,7303.105063299998
5181,ES_Hydro_Reservoir,2050,1,71,71,7318.547776145168
5182,ES_Hydro_Reservoir,2050,1,72,72,7338.436684717921
5183,ES_Hydro_Reservoir,2050,1,73,73,7359.051706187405
5184,ES_Hydro_Reservoir,2050,1,74,74,7384.72429103906
5185,ES_Hydro_Reservoir,2050,1,75,75,7403.246981177401
5186,ES_Hydro_Reservoir,2050,1,76,76,7405.509863232976
5187,ES_Hydro_Reservoir,2050,1,77,77,7394.772677964147
5188,ES_Hydro_Reservoir,2050,1,78,78,7383.431923246545
5189,ES_Hydro_Reservoir,2050,1,79,79,7373.1100203014275
5190,ES_Hydro_Reservoir,2050,1,80,80,7394.884280554432
5191,ES_Hydro_Reservoir,2050,1,81,81,7403.590066138511
5192,ES_Hydro_Reservoir,2050,1,82,82,7418.70682642203
5193,ES_Hydro_Reservoir,2050,1,83,83,7408.203188477342
5194,ES_Hydro_Reservoir,2050,1,84,84,7406.922449426095
5195,ES_Hydro_Reservoir,2050,1,85,85,7439.552658105578
5196,ES_Hydro_Reservoir,2050,1,86,86,7455.60407182533
5197,ES_Hydro_Reservoir,2050,1,87,87,7472.920658632089
5198,ES_Hydro_Reservoir,2050,1,88,88,7509.015493229725
5199,ES_Hydro_Reservoir,2050,1,89,89,7545.11032782736
5200,ES_Hydro_Reservoir,2050,1,90,90,7581.205162424996
5201,ES_Hydro_Reservoir,2050,1,91,91,7615.854605189894
5202,ES_Hydro_Reservoir,2050,1,92,92,7636.6476208992335
5203,ES_Hydro_Reservoir,2050,1,93,93,7626.320806901016
5204,ES_Hydro_Reservoir,2050,1,94,94,7618.936878961867
5205,ES_Hydro_Reservoir,2050,1,95,95,7605.034340634941
5206,ES_Hydro_Reservoir,2050,1,96,96,7593.449244996992
5207,ES_Hydro_Reservoir,2050,1,97,97,7593.901789783765
5208,ES_Hydro_Reservoir,2050,1,98,98,7587.444254975389
5209,ES_Hydro_Reservoir,2050,1,99,99,7578.6709235591225
5210,ES_Hydro_Reservoir,2050,1,100,100,7565.5776022345535
5211,ES_Hydro_Reservoir,2050,1,101,101,7573.1273705826925
5212,ES_Hydro_Reservoir,2050,1,102,102,7584.438345628396
5213,ES_Hydro_Reservoir,2050,1,103,103,7586.042793849237
5214,ES_Hydro_Reservoir,2050,1,104,104,7592.017165481718
5215,ES_Hydro_Reservoir,2050,1,105,105,7587.235863333425
5216,ES_Hydro_Reservoir,2050,1,106,106,7580.328415301725
5217,ES_Hydro_Reservoir,2050,1,107,107,7580.082240342483
5218,ES_Hydro_Reservoir,2050,1,108,108,7579.707360102275
5219,ES_Hydro_Reservoir,2050,1,109,109,7569.081450364163
5220,ES_Hydro_Reservoir,2050,1,110,110,7562.439521773881
5221,ES_Hydro_Reservoir,2050,1,111,111,7549.024527675823
5222,ES_Hydro_Reservoir,2050,1,112,112,7532.354373493461
5223,ES_Hydro_Reservoir,2050,1,113,113,7508.722802671611
5224,ES_Hydro_Reservoir,2050,1,114,114,7486.250416219897
5225,ES_Hydro_Reservoir,2050,1,115,115,7473.1145144740785
5226,ES_Hydro_Reservoir,2050,1,116,116,7453.326811800477
5227,ES_Hydro_Reservoir,2050,1,117,117,7433.897800522688
5228,ES_Hydro_Reservoir,2050,1,118,118,7417.248255275623
5229,ES_Hydro_Reservoir,2050,1,119,119,7406.721692542696
5230,ES_Hydro_Reservoir,2050,1,120,120,7383.090121720846
5231,ES_Hydro_Reservoir,2050,1,121,121,7359.458550898996
5232,ES_Hydro_Reservoir,2050,1,122,122,7335.826980077146
5233,ES_Hydro_Reservoir,2050,1,123,123,7313.377611496606
5234,ES_Hydro_Reservoir,2050,1,124,124,7289.746040674756
5235,ES_Hydro_Reservoir,2050,1,125,125,7266.114469852906
5236,ES_Hydro_Reservoir,2050,1,126,126,7246.565249555775
5237,ES_Hydro_Reservoir,2050,1,127,127,7222.933678733925
5238,ES_Hydro_Reservoir,2050,1,128,128,7199.302107912075
5239,ES_Hydro_Reservoir,2050,1,129,129,7175.6705370902255
5240,ES_Hydro_Reservoir,2050,1,130,130,7152.038966268376
5241,ES_Hydro_Reservoir,2050,1,131,131,7128.407395446526
5242,ES_Hydro_Reservoir,2050,1,132,132,7104.775824624676
5243,ES_Hydro_Reservoir,2050,1,133,133,7081.144253802826
5244,ES_Hydro_Reservoir,2050,1,134,134,7058.912379200667
5245,ES_Hydro_Reservoir,2050,1,135,135,7036.94863854257
5246,ES_Hydro_Reservoir,2050,1,136,136,7013.9220124342455
5247,ES_Hydro_Reservoir,2050,1,137,137,6990.290441612396
5248,ES_Hydro_Reservoir,2050,1,138,138,6966.658870790546
5249,ES_Hydro_Reservoir,2050,1,139,139,6943.027299968696
5250,ES_Hydro_Reservoir,2050,1,140,140,6921.834849846412
5251,ES_Hydro_Reservoir,2050,1,141,141,6901.11728922267
5252,ES_Hydro_Reservoir,2050,1,142,142,6878.3302763752345
5253,ES_Hydro_Reservoir,2050,1,143,143,6855.23741320506
5254,ES_Hydro_Reservoir,2050,1,144,144,6833.994018396261
5255,ES_Hydro_Reservoir,2050,1,145,145,6813.399878222417
5256,ES_Hydro_Reservoir,2050,1,146,146,6791.07612992519
5257,ES_Hydro_Reservoir,2050,1,147,147,6768.0577518015525
5258,ES_Hydro_Reservoir,2050,1,148,148,6744.426180979703
5259,ES_Hydro_Reservoir,2050,1,149,149,6721.449927499257
5260,ES_Hydro_Reservoir,2050,1,150,150,6697.818356677407
5261,ES_Hydro_Reservoir,2050,1,151,151,6675.132111125384
5262,ES_Hydro_Reservoir,2050,1,152,152,6651.500540303534
5263,ES_Hydro_Reservoir,2050,1,153,153,6627.868969481684
5264,ES_Hydro_Reservoir,2050,1,154,154,6604.237398659834
5265,ES_Hydro_Reservoir,2050,1,155,155,6580.605827837984
5266,ES_Hydro_Reservoir,2050,1,156,156,6557.721535444865
5267,ES_Hydro_Reservoir,2050,1,157,157,6534.0899646230155
5268,ES_Hydro_Reservoir,2050,1,158,158,6510.458393801166
5269,ES_Hydro_Reservoir,2050,1,159,159,6486.826822979316
5270,ES_Hydro_Reservoir,2050,1,160,160,6464.328105672365
5271,ES_Hydro_Reservoir,2050,1,161,161,6440.6965348505155
5272,ES_Hydro_Reservoir,2050,1,162,162,6418.286798726051
5273,ES_Hydro_Reservoir,2050,1,163,163,6397.56942159775
5274,ES_Hydro_Reservoir,2050,1,164,164,6377.155109797657
5275,ES_Hydro_Reservoir,2050,1,165,165,6353.523538975807
5276,ES_Hydro_Reservoir,2050,1,166,166,6330.428290306335
5277,ES_Hydro_Reservoir,2050,1,167,167,6309.487049820359
5278,ES_Hydro_Reservoir,2050,1,168,168,6287.216068543913
5279,ES_Hydro_Reservoir,2050,1,169,169,6267.210223694497
5280,ES_Hydro_Reservoir,2050,1,170,170,6245.272988061834
5281,ES_Hydro_Reservoir,2050,1,171,171,6225.891034754296
5282,ES_Hydro_Reservoir,2050,1,172,172,6206.509081446758
5283,ES_Hydro_Reservoir,2050,1,173,173,6186.891520722271
5284,ES_Hydro_Reservoir,2050,1,174,174,6164.753877992347
5285,ES_Hydro_Reservoir,2050,1,175,175,6141.122307170497
5286,ES_Hydro_Reservoir,2050,1,176,176,6118.334512800855
5287,ES_Hydro_Reservoir,2050,1,177,177,6098.313495147221
5288,ES_Hydro_Reservoir,2050,1,178,178,6078.931541839683
5289,ES_Hydro_Reservoir,2050,1,179,179,6059.549588532144
5290,ES_Hydro_Reservoir,2050,1,180,180,6039.452383039755
5291,ES_Hydro_Reservoir,2050,1,181,181,6019.579543127875
5292,ES_Hydro_Reservoir,2050,1,182,182,5998.927544969778
5293,ES_Hydro_Reservoir,2050,1,183,183,5977.758503890352
5294,ES_Hydro_Reservoir,2050,1,184,184,5956.956493704671
5295,ES_Hydro_Reservoir,2050,1,185,185,5936.804728389304
5296,ES_Hydro_Reservoir,2050,1,186,186,5917.422775081765
5297,ES_Hydro_Reservoir,2050,1,187,187,5893.7912042599155
5298,ES_Hydro_Reservoir,2050,1,188,188,5870.159633438066
5299,ES_Hydro_Reservoir,2050,1,189,189,5861.0589074401905
5300,ES_Hydro_Reservoir,2050,1,190,190,5844.874924755275
5301,ES_Hydro_Reservoir,2050,1,191,191,5821.243353933425
5302,ES_Hydro_Reservoir,2050,1,192,192,5800.587382441128
5303,ES_Hydro_Reservoir,2050,1,193,193,5781.160191372347
5304,ES_Hydro_Reservoir,2050,1,194,194,5761.778238064809
5305,ES_Hydro_Reservoir,2050,1,195,195,5742.39628475727
5306,ES_Hydro_Reservoir,2050,1,196,196,5722.3029794476415
5307,ES_Hydro_Reservoir,2050,1,197,197,5701.96061900112
5308,ES_Hydro_Reservoir,2050,1,198,198,5680.86207302247
5309,ES_Hydro_Reservoir,2050,1,199,199,5657.795789096019
5310,ES_Hydro_Reservoir,2050,1,200,200,5636.844237959993
5311,ES_Hydro_Reservoir,2050,1,201,201,5616.106870472429
5312,ES_Hydro_Reservoir,2050,1,202,202,5593.676508818331
5313,ES_Hydro_Reservoir,2050,1,203,203,5571.44177081323
5314,ES_Hydro_Reservoir,2050,1,204,204,5549.6245031884
5315,ES_Hydro_Reservoir,2050,1,205,205,5529.424918032451
5316,ES_Hydro_Reservoir,2050,1,206,206,5513.697055073332
5317,ES_Hydro_Reservoir,2050,1,207,207,5502.2681984717065
5318,ES_Hydro_Reservoir,2050,1,208,208,5494.714456125988
5319,ES_Hydro_Reservoir,2050,1,209,209,5477.24098986137
5320,ES_Hydro_Reservoir,2050,1,210,210,5457.299181159368
5321,ES_Hydro_Reservoir,2050,1,211,211,5435.0823871740695
5322,ES_Hydro_Reservoir,2050,1,212,212,5413.245529553701
5323,ES_Hydro_Reservoir,2050,1,213,213,5393.352677278774
5324,ES_Hydro_Reservoir,2050,1,214,214,5373.970723971235
5325,ES_Hydro_Reservoir,2050,1,215,215,5354.502976235601
5326,ES_Hydro_Reservoir,2050,1,216,216,5334.359138385308
5327,ES_Hydro_Reservoir,2050,1,217,217,5314.042208041274
5328,ES_Hydro_Reservoir,2050,1,218,218,5294.660254733735
5329,ES_Hydro_Reservoir,2050,1,219,219,5275.278301426197
5330,ES_Hydro_Reservoir,2050,1,220,220,5255.896348118658
5331,ES_Hydro_Reservoir,2050,1,221,221,5236.51439481112
5332,ES_Hydro_Reservoir,2050,1,222,222,5217.1324415035815
5333,ES_Hydro_Reservoir,2050,1,223,223,5197.750488196043
5334,ES_Hydro_Reservoir,2050,1,224,224,5178.368534888505
5335,ES_Hydro_Reservoir,2050,1,225,225,5157.777097396818
5336,ES_Hydro_Reservoir,2050,1,226,226,5137.018515989435
5337,ES_Hydro_Reservoir,2050,1,227,227,5116.364756272276
5338,ES_Hydro_Reservoir,2050,1,228,228,5094.498563449433
5339,ES_Hydro_Reservoir,2050,1,229,229,5072.12192952533
5340,ES_Hydro_Reservoir,2050,1,230,230,5049.358509019629
5341,ES_Hydro_Reservoir,2050,1,231,231,5029.317602982591
5342,ES_Hydro_Reservoir,2050,1,232,232,5009.935649675052
5343,ES_Hydro_Reservoir,2050,1,233,233,4990.553696367514
5344,ES_Hydro_Reservoir,2050,1,234,234,4971.014064066726
5345,ES_Hydro_Reservoir,2050,1,235,235,4961.417417560916
5346,ES_Hydro_Reservoir,2050,1,236,236,4949.986314435048
5347,ES_Hydro_Reservoir,2050,1,237,237,4947.187100123341
5348,ES_Hydro_Reservoir,2050,1,238,238,4935.130262153621
5349,ES_Hydro_Reservoir,2050,1,239,239,4926.931627747479
5350,ES_Hydro_Reservoir,2050,1,240,240,4911.79021729255
5351,ES_Hydro_Reservoir,2050,1,241,241,4889.676805326731
5352,ES_Hydro_Reservoir,2050,1,242,242,4870.294852019192
5353,ES_Hydro_Reservoir,2050,1,243,243,4850.912898711654
5354,ES_Hydro_Reservoir,2050,1,244,244,4832.994926311164
5355,ES_Hydro_Reservoir,2050,1,245,245,4811.693877860568
5356,ES_Hydro_Reservoir,2050,1,246,246,4792.31192455303
5357,ES_Hydro_Reservoir,2050,1,247,247,4772.929971245491
5358,ES_Hydro_Reservoir,2050,1,248,248,4769.856893914932
5359,ES_Hydro_Reservoir,2050,1,249,249,4763.394759011136
5360,ES_Hydro_Reservoir,2050,1,250,250,4749.461327287262
5361,ES_Hydro_Reservoir,2050,1,251,251,4727.225300558858
5362,ES_Hydro_Reservoir,2050,1,252,252,4707.84334725132
5363,ES_Hydro_Reservoir,2050,1,253,253,4688.461393943781
5364,ES_Hydro_Reservoir,2050,1,254,254,4677.872234677948
5365,ES_Hydro_Reservoir,2050,1,255,255,4681.320461896666
5366,ES_Hydro_Reservoir,2050,1,256,256,4675.03943348801
5367,ES_Hydro_Reservoir,2050,1,257,257,4687.955910960151
5368,ES_Hydro_Reservoir,2050,1,258,258,4699.278679617054
5369,ES_Hydro_Reservoir,2050,1,259,259,4696.127351729694
5370,ES_Hydro_Reservoir,2050,1,260,260,4708.105509730535
5371,ES_Hydro_Reservoir,2050,1,261,261,4706.911256879356
5372,ES_Hydro_Reservoir,2050,1,262,262,4694.461571365002
5373,ES_Hydro_Reservoir,2050,1,263,263,4675.079618057463
5374,ES_Hydro_Reservoir,2050,1,264,264,4655.697664749925
5375,ES_Hydro_Reservoir,2050,1,265,265,4642.551701855139
5376,ES_Hydro_Reservoir,2050,1,266,266,4628.148357935271
5377,ES_Hydro_Reservoir,2050,1,267,267,4624.889367254211
5378,ES_Hydro_Reservoir,2050,1,268,268,4605.2970316243345
5379,ES_Hydro_Reservoir,2050,1,269,269,4585.915078316796
5380,ES_Hydro_Reservoir,2050,1,270,270,4577.927996196939
5381,ES_Hydro_Reservoir,2050,1,271,271,4576.691592068597
5382,ES_Hydro_Reservoir,2050,1,272,272,4568.726349660982
5383,ES_Hydro_Reservoir,2050,1,273,273,4567.446373239323
5384,ES_Hydro_Reservoir,2050,1,274,274,4567.806802404219
5385,ES_Hydro_Reservoir,2050,1,275,275,4558.6954561071525
5386,ES_Hydro_Reservoir,2050,1,276,276,4539.313502799614
5387,ES_Hydro_Reservoir,2050,1,277,277,4519.931549492076
5388,ES_Hydro_Reservoir,2050,1,278,278,4507.897099140731
5389,ES_Hydro_Reservoir,2050,1,279,279,4507.870487608552
5390,ES_Hydro_Reservoir,2050,1,280,280,4507.3315121802825
5391,ES_Hydro_Reservoir,2050,1,281,281,4487.468413264131
5392,ES_Hydro_Reservoir,2050,1,282,282,4468.086459956593
5393,ES_Hydro_Reservoir,2050,1,283,283,4448.704506649055
5394,ES_Hydro_Reservoir,2050,1,284,284,4441.6537885110265
5395,ES_Hydro_Reservoir,2050,1,285,285,4421.961220515977
5396,ES_Hydro_Reservoir,2050,1,286,286,4407.085329022022
5397,ES_Hydro_Reservoir,2050,1,287,287,4392.834679336389
5398,ES_Hydro_Reservoir,2050,1,288,288,4387.348349946609
5399,ES_Hydro_Reservoir,2050,1,289,289,4378.0322371515185
5400,ES_Hydro_Reservoir,2050,1,290,290,4358.65028384398
5401,ES_Hydro_Reservoir,2050,1,291,291,4339.268330536442
5402,ES_Hydro_Reservoir,2050,1,292,292,4319.886377228903
5403,ES_Hydro_Reservoir,2050,1,293,293,4300.504423921365
5404,ES_Hydro_Reservoir,2050,1,294,294,4295.51204223673
5405,ES_Hydro_Reservoir,2050,1,295,295,4311.712403823316
5406,ES_Hydro_Reservoir,2050,1,296,296,4315.50121123809
5407,ES_Hydro_Reservoir,2050,1,297,297,4312.439326957922
5408,ES_Hydro_Reservoir,2050,1,298,298,4308.936880590885
5409,ES_Hydro_Reservoir,2050,1,299,299,4310.353186921005
5410,ES_Hydro_Reservoir,2050,1,300,300,4306.742119558673
5411,ES_Hydro_Reservoir,2050,1,301,301,4302.428662006967
5412,ES_Hydro_Reservoir,2050,1,302,302,4291.3026068620175
5413,ES_Hydro_Reservoir,2050,1,303,303,4283.712217821883
5414,ES_Hydro_Reservoir,2050,1,304,304,4297.567711002219
5415,ES_Hydro_Reservoir,2050,1,305,305,4298.445056767287
5416,ES_Hydro_Reservoir,2050,1,306,306,4295.188545345003
5417,ES_Hydro_Reservoir,2050,1,307,307,4278.038455957334
5418,ES_Hydro_Reservoir,2050,1,308,308,4258.656502649796
5419,ES_Hydro_Reservoir,2050,1,309,309,4240.208567611766
5420,ES_Hydro_Reservoir,2050,1,310,310,4237.5113208578605
5421,ES_Hydro_Reservoir,2050,1,311,311,4257.054450295653
5422,ES_Hydro_Reservoir,2050,1,312,312,4279.145435000401
5423,ES_Hydro_Reservoir,2050,1,313,313,4315.240269598037
5424,ES_Hydro_Reservoir,2050,1,314,314,4348.0843420452775
5425,ES_Hydro_Reservoir,2050,1,315,315,4372.044069000056
5426,ES_Hydro_Reservoir,2050,1,316,316,4388.010423748085
5427,ES_Hydro_Reservoir,2050,1,317,317,4418.4135480380555
5428,ES_Hydro_Reservoir,2050,1,318,318,4454.508382635691
5429,ES_Hydro_Reservoir,2050,1,319,319,4470.424047092218
5430,ES_Hydro_Reservoir,2050,1,320,320,4495.93564297351
5431,ES_Hydro_Reservoir,2050,1,321,321,4523.746729340583
5432,ES_Hydro_Reservoir,2050,1,322,322,4557.548203728859
5433,ES_Hydro_Reservoir,2050,1,323,323,4593.643038326495
5434,ES_Hydro_Reservoir,2050,1,324,324,4615.820873688817
5435,ES_Hydro_Reservoir,2050,1,325,325,4636.871205580662
5436,ES_Hydro_Reservoir,2050,1,326,326,4653.235377805418
5437,ES_Hydro_Reservoir,2050,1,327,327,4641.5563255593515
5438,ES_Hydro_Reservoir,2050,1,328,328,4674.162890850013
5439,ES_Hydro_Reservoir,2050,1,329,329,4708.505747677392
5440,ES_Hydro_Reservoir,2050,1,330,330,4722.171523519449
5441,ES_Hydro_Reservoir,2050,1,331,331,4758.266358117085
5442,ES_Hydro_Reservoir,2050,1,332,332,4794.36119271472
5443,ES_Hydro_Reservoir,2050,1,333,333,4830.456027312356
5444,ES_Hydro_Reservoir,2050,1,334,334,4866.550861909992
5445,ES_Hydro_Reservoir,2050,1,335,335,4902.645696507628
5446,ES_Hydro_Reservoir,2050,1,336,336,4931.97433482032
5447,ES_Hydro_Reservoir,2050,1,337,337,4963.510444310448
5448,ES_Hydro_Reservoir,2050,1,338,338,4999.605278908084
5449,ES_Hydro_Reservoir,2050,1,339,339,5035.70011350572
5450,ES_Hydro_Reservoir,2050,1,340,340,5071.794948103356
5451,ES_Hydro_Reservoir,2050,1,341,341,5107.889782700991
5452,ES_Hydro_Reservoir,2050,1,342,342,5140.133936292069
5453,ES_Hydro_Reservoir,2050,1,343,343,5176.228770889705
5454,ES_Hydro_Reservoir,2050,1,344,344,5212.3236054873405
5455,ES_Hydro_Reservoir,2050,1,345,345,5248.418440084976
5456,ES_Hydro_Reservoir,2050,1,346,346,5282.6709500537045
5457,ES_Hydro_Reservoir,2050,1,347,347,5287.793442115668
5458,ES_Hydro_Reservoir,2050,1,348,348,5286.946550363345
5459,ES_Hydro_Reservoir,2050,1,349,349,5284.468710691939
5460,ES_Hydro_Reservoir,2050,1,350,350,5313.058315360476
5461,ES_Hydro_Reservoir,2050,1,351,351,5349.1531499581115
5462,ES_Hydro_Reservoir,2050,1,352,352,5385.247984555747
5463,ES_Hydro_Reservoir,2050,1,353,353,5421.342819153383
5464,ES_Hydro_Reservoir,2050,1,354,354,5457.437653751019
5465,ES_Hydro_Reservoir,2050,1,355,355,5493.532488348655
5466,ES_Hydro_Reservoir,2050,1,356,356,5529.62732294629
5467,ES_Hydro_Reservoir,2050,1,357,357,5565.722157543926
5468,ES_Hydro_Reservoir,2050,1,358,358,5601.816992141562
5469,ES_Hydro_Reservoir,2050,1,359,359,5637.911826739198
5470,ES_Hydro_Reservoir,2050,1,360,360,5673.4211786515825
5471,ES_Hydro_Reservoir,2050,1,361,361,5699.348330252301
5472,ES_Hydro_Reservoir,2050,1,362,362,5723.440623042091
5473,ES_Hydro_Reservoir,2050,1,363,363,5752.060330804728
5474,ES_Hydro_Reservoir,2050,1,364,364,5788.155165402364
5475,ES_Hydro_Reservoir,2050,1,365,365,5824.25
5476,ES_Pump_Hydro_Closed,2050,1,1,1,49.06534830255943
5477,ES_Pump_Hydro_Closed,2050,1,2,2,48.630696605118864
5478,ES_Pump_Hydro_Closed,2050,1,3,3,48.19604490767829
5479,ES_Pump_Hydro_Closed,2050,1,4,4,47.76139321023772
5480,ES_Pump_Hydro_Closed,2050,1,5,5,47.26447622297434
5481,ES_Pump_Hydro_Closed,2050,1,6,6,46.63562913949163
5482,ES_Pump_Hydro_Closed,2050,1,7,7,46.200977442051055
5483,ES_Pump_Hydro_Closed,2050,1,8,8,45.766325744610484
5484,ES_Pump_Hydro_Closed,2050,1,9,9,45.33167404716991
5485,ES_Pump_Hydro_Closed,2050,1,10,10,44.89702234972934
5486,ES_Pump_Hydro_Closed,2050,1,11,11,44.46237065228877
5487,ES_Pump_Hydro_Closed,2050,1,12,12,44.0277189548482
5488,ES_Pump_Hydro_Closed,2050,1,13,13,43.593067257407625
5489,ES_Pump_Hydro_Closed,2050,1,14,14,43.158415559967054
5490,ES_Pump_Hydro_Closed,2050,1,15,15,42.72376386252648
5491,ES_Pump_Hydro_Closed,2050,1,16,16,42.28911216508591
5492,ES_Pump_Hydro_Closed,2050,1,17,17,41.85446046764534
5493,ES_Pump_Hydro_Closed,2050,1,18,18,41.15647775258908
5494,ES_Pump_Hydro_Closed,2050,1,19,19,40.175513834137014
5495,ES_Pump_Hydro_Closed,2050,1,20,20,39.35474455952994
5496,ES_Pump_Hydro_Closed,2050,1,21,21,38.53448708945609
5497,ES_Pump_Hydro_Closed,2050,1,22,22,37.553523171004024
5498,ES_Pump_Hydro_Closed,2050,1,23,23,36.730453335336286
5499,ES_Pump_Hydro_Closed,2050,1,24,24,36.251513059727785
5500,ES_Pump_Hydro_Closed,2050,1,25,25,35.484617813041496
5501,ES_Pump_Hydro_Closed,2050,1,26,26,34.97664657284212
5502,ES_Pump_Hydro_Closed,2050,1,27,27,34.3630189558638
5503,ES_Pump_Hydro_Closed,2050,1,28,28,33.92836725842323
5504,ES_Pump_Hydro_Closed,2050,1,29,29,33.49371556098266
5505,ES_Pump_Hydro_Closed,2050,1,30,30,33.059063863542086
5506,ES_Pump_Hydro_Closed,2050,1,31,31,32.447248555594754
5507,ES_Pump_Hydro_Closed,2050,1,32,32,32.00578678025938
5508,ES_Pump_Hydro_Closed,2050,1,33,33,31.3616151850288
5509,ES_Pump_Hydro_Closed,2050,1,34,34,30.50667122774248
5510,ES_Pump_Hydro_Closed,2050,1,35,35,29.55786929497161
5511,ES_Pump_Hydro_Closed,2050,1,36,36,28.72195117816095
5512,ES_Pump_Hydro_Closed,2050,1,37,37,28.28729948072038
5513,ES_Pump_Hydro_Closed,2050,1,38,38,27.852647783279814
5514,ES_Pump_Hydro_Closed,2050,1,39,39,27.417996085839246
5515,ES_Pump_Hydro_Closed,2050,1,40,40,26.898372780590883
5516,ES_Pump_Hydro_Closed,2050,1,41,41,26.230025573909327
5517,ES_Pump_Hydro_Closed,2050,1,42,42,25.362678277158615
5518,ES_Pump_Hydro_Closed,2050,1,43,43,24.559559394198672
5519,ES_Pump_Hydro_Closed,2050,1,44,44,23.810216072051066
5520,ES_Pump_Hydro_Closed,2050,1,45,45,22.989320032653623
5521,ES_Pump_Hydro_Closed,2050,1,46,46,22.89587489345926
5522,ES_Pump_Hydro_Closed,2050,1,47,47,22.770386305389785
5523,ES_Pump_Hydro_Closed,2050,1,48,48,22.436411408537502
5524,ES_Pump_Hydro_Closed,2050,1,49,49,22.124924319480286
5525,ES_Pump_Hydro_Closed,2050,1,50,50,21.690272622039718
5526,ES_Pump_Hydro_Closed,2050,1,51,51,21.519941073089882
5527,ES_Pump_Hydro_Closed,2050,1,52,52,20.946977239776494
5528,ES_Pump_Hydro_Closed,2050,1,53,53,20.538952733690124
5529,ES_Pump_Hydro_Closed,2050,1,54,54,20.104301036249556
5530,ES_Pump_Hydro_Closed,2050,1,55,55,19.61340563735722
5531,ES_Pump_Hydro_Closed,2050,1,56,56,18.81034193789666
5532,ES_Pump_Hydro_Closed,2050,1,57,57,18.091658056277687
5533,ES_Pump_Hydro_Closed,2050,1,58,58,17.29430549363578
5534,ES_Pump_Hydro_Closed,2050,1,59,59,16.600487338709858
5535,ES_Pump_Hydro_Closed,2050,1,60,60,16.16583564126929
5536,ES_Pump_Hydro_Closed,2050,1,61,61,15.73118394382872
5537,ES_Pump_Hydro_Closed,2050,1,62,62,15.330899030745552
5538,ES_Pump_Hydro_Closed,2050,1,63,63,14.687496836760317
5539,ES_Pump_Hydro_Closed,2050,1,64,64,13.932365408634869
5540,ES_Pump_Hydro_Closed,2050,1,65,65,13.462874743812248
5541,ES_Pump_Hydro_Closed,2050,1,66,66,13.028223046371679
5542,ES_Pump_Hydro_Closed,2050,1,67,67,12.710835432260552
5543,ES_Pump_Hydro_Closed,2050,1,68,68,11.99257995545558
5544,ES_Pump_Hydro_Closed,2050,1,69,69,12.665869213779967
5545,ES_Pump_Hydro_Closed,2050,1,70,70,12.152519203242857
5546,ES_Pump_Hydro_Closed,2050,1,71,71,11.514494042247147
5547,ES_Pump_Hydro_Closed,2050,1,72,72,11.719170486412327
5548,ES_Pump_Hydro_Closed,2050,1,73,73,11.58850599797027
5549,ES_Pump_Hydro_Closed,2050,1,74,74,11.220673313487058
5550,ES_Pump_Hydro_Closed,2050,1,75,75,11.479247442447194
5551,ES_Pump_Hydro_Closed,2050,1,76,76,12.379275374692575
5552,ES_Pump_Hydro_Closed,2050,1,77,77,11.483441518843069
5553,ES_Pump_Hydro_Closed,2050,1,78,78,10.581663963321235
5554,ES_Pump_Hydro_Closed,2050,1,79,79,9.689919634230222
5555,ES_Pump_Hydro_Closed,2050,1,80,80,9.114244905864561
5556,ES_Pump_Hydro_Closed,2050,1,81,81,8.409877300870642
5557,ES_Pump_Hydro_Closed,2050,1,82,82,8.70547037278723
5558,ES_Pump_Hydro_Closed,2050,1,83,83,7.811936393375795
5559,ES_Pump_Hydro_Closed,2050,1,84,84,7.009225667597079
5560,ES_Pump_Hydro_Closed,2050,1,85,85,6.540455782139656
5561,ES_Pump_Hydro_Closed,2050,1,86,86,5.908424852952972
5562,ES_Pump_Hydro_Closed,2050,1,87,87,5.288852819553635
5563,ES_Pump_Hydro_Closed,2050,1,88,88,4.854201122113065
5564,ES_Pump_Hydro_Closed,2050,1,89,89,4.419549424672495
5565,ES_Pump_Hydro_Closed,2050,1,90,90,3.9848977272319255
5566,ES_Pump_Hydro_Closed,2050,1,91,91,3.5360124151176846
5567,ES_Pump_Hydro_Closed,2050,1,92,92,3.5331174342606797
5568,ES_Pump_Hydro_Closed,2050,1,93,93,2.641324743171295
5569,ES_Pump_Hydro_Closed,2050,1,94,94,1.8311886526045096
5570,ES_Pump_Hydro_Closed,2050,1,95,95,0.9041837227842073
5571,ES_Pump_Hydro_Closed,2050,1,96,96,0.0
5572,ES_Pump_Hydro_Closed,2050,1,97,97,0.9714462245395649
5573,ES_Pump_Hydro_Closed,2050,1,98,98,1.8858355232581558
5574,ES_Pump_Hydro_Closed,2050,1,99,99,3.064996701418636
5575,ES_Pump_Hydro_Closed,2050,1,100,100,3.587175861350694
5576,ES_Pump_Hydro_Closed,2050,1,101,101,3.165804620955356
5577,ES_Pump_Hydro_Closed,2050,1,102,102,3.708882850507257
5578,ES_Pump_Hydro_Closed,2050,1,103,103,4.634886174673168
5579,ES_Pump_Hydro_Closed,2050,1,104,104,5.388494844597535
5580,ES_Pump_Hydro_Closed,2050,1,105,105,6.56641773880143
5581,ES_Pump_Hydro_Closed,2050,1,106,106,7.828217660108526
5582,ES_Pump_Hydro_Closed,2050,1,107,107,8.394172603149975
5583,ES_Pump_Hydro_Closed,2050,1,108,108,8.014778932777343
5584,ES_Pump_Hydro_Closed,2050,1,109,109,9.034076728778015
5585,ES_Pump_Hydro_Closed,2050,1,110,110,10.285401836687772
5586,ES_Pump_Hydro_Closed,2050,1,111,111,11.402179831744935
5587,ES_Pump_Hydro_Closed,2050,1,112,112,12.422066878062392
5588,ES_Pump_Hydro_Closed,2050,1,113,113,14.34363794277687
5589,ES_Pump_Hydro_Closed,2050,1,114,114,15.473473474840507
5590,ES_Pump_Hydro_Closed,2050,1,115,115,15.305638007955714
5591,ES_Pump_Hydro_Closed,2050,1,116,116,14.601805319650364
5592,ES_Pump_Hydro_Closed,2050,1,117,117,13.652982506703877
5593,ES_Pump_Hydro_Closed,2050,1,118,118,13.351813988024688
5594,ES_Pump_Hydro_Closed,2050,1,119,119,14.756388957955426
5595,ES_Pump_Hydro_Closed,2050,1,120,120,16.677960022669904
5596,ES_Pump_Hydro_Closed,2050,1,121,121,18.59953108738438
5597,ES_Pump_Hydro_Closed,2050,1,122,122,20.52110215209886
5598,ES_Pump_Hydro_Closed,2050,1,123,123,21.63521622779641
5599,ES_Pump_Hydro_Closed,2050,1,124,124,23.556787292510887
5600,ES_Pump_Hydro_Closed,2050,1,125,125,25.478358357225364
5601,ES_Pump_Hydro_Closed,2050,1,126,126,27.23887959545387
5602,ES_Pump_Hydro_Closed,2050,1,127,127,29.160450660168348
5603,ES_Pump_Hydro_Closed,2050,1,128,128,31.082021724882825
5604,ES_Pump_Hydro_Closed,2050,1,129,129,33.003592789597306
5605,ES_Pump_Hydro_Closed,2050,1,130,130,34.92516385431178
5606,ES_Pump_Hydro_Closed,2050,1,131,131,36.84673491902626
5607,ES_Pump_Hydro_Closed,2050,1,132,132,38.76830598374074
5608,ES_Pump_Hydro_Closed,2050,1,133,133,40.689877048455216
5609,ES_Pump_Hydro_Closed,2050,1,134,134,41.65544037135041
5610,ES_Pump_Hydro_Closed,2050,1,135,135,42.43786529409524
5611,ES_Pump_Hydro_Closed,2050,1,136,136,43.94625253980141
5612,ES_Pump_Hydro_Closed,2050,1,137,137,45.867823604515884
5613,ES_Pump_Hydro_Closed,2050,1,138,138,47.78939466923036
5614,ES_Pump_Hydro_Closed,2050,1,139,139,49.71096573394484
5615,ES_Pump_Hydro_Closed,2050,1,140,140,49.96659083180152
5616,ES_Pump_Hydro_Closed,2050,1,141,141,49.89786123702664
5617,ES_Pump_Hydro_Closed,2050,1,142,142,51.24259001939575
5618,ES_Pump_Hydro_Closed,2050,1,143,143,52.79621789877114
5619,ES_Pump_Hydro_Closed,2050,1,144,144,53.0866387716168
5620,ES_Pump_Hydro_Closed,2050,1,145,145,52.93361166718065
5621,ES_Pump_Hydro_Closed,2050,1,146,146,53.96192572306812
5622,ES_Pump_Hydro_Closed,2050,1,147,147,55.464679505523435
5623,ES_Pump_Hydro_Closed,2050,1,148,148,57.38625057023791
5624,ES_Pump_Hydro_Closed,2050,1,149,149,58.86023276322635
5625,ES_Pump_Hydro_Closed,2050,1,150,150,60.78180382794083
5626,ES_Pump_Hydro_Closed,2050,1,151,151,62.666081556437234
5627,ES_Pump_Hydro_Closed,2050,1,152,152,64.58765262115172
5628,ES_Pump_Hydro_Closed,2050,1,153,153,66.5092236858662
5629,ES_Pump_Hydro_Closed,2050,1,154,154,68.43079475058069
5630,ES_Pump_Hydro_Closed,2050,1,155,155,70.35236581529517
5631,ES_Pump_Hydro_Closed,2050,1,156,156,71.76353758542537
5632,ES_Pump_Hydro_Closed,2050,1,157,157,73.68510865013985
5633,ES_Pump_Hydro_Closed,2050,1,158,158,75.60667971485434
5634,ES_Pump_Hydro_Closed,2050,1,159,159,77.52825077956882
5635,ES_Pump_Hydro_Closed,2050,1,160,160,78.67607057214566
5636,ES_Pump_Hydro_Closed,2050,1,161,161,80.59764163686015
5637,ES_Pump_Hydro_Closed,2050,1,162,162,81.68468631399735
5638,ES_Pump_Hydro_Closed,2050,1,163,163,81.6158313898399
5639,ES_Pump_Hydro_Closed,2050,1,164,164,81.33997955023162
5640,ES_Pump_Hydro_Closed,2050,1,165,165,83.2615506149461
5641,ES_Pump_Hydro_Closed,2050,1,166,166,84.8168078162879
5642,ES_Pump_Hydro_Closed,2050,1,167,167,84.90085400026906
5643,ES_Pump_Hydro_Closed,2050,1,168,168,85.89312760704344
5644,ES_Pump_Hydro_Closed,2050,1,169,169,87.67166280670655
5645,ES_Pump_Hydro_Closed,2050,1,170,170,88.43598450879881
5646,ES_Pump_Hydro_Closed,2050,1,171,171,87.45502059034673
5647,ES_Pump_Hydro_Closed,2050,1,172,172,86.47405667189466
5648,ES_Pump_Hydro_Closed,2050,1,173,173,85.65401518179755
5649,ES_Pump_Hydro_Closed,2050,1,174,174,86.55521711104345
5650,ES_Pump_Hydro_Closed,2050,1,175,175,88.47678817575793
5651,ES_Pump_Hydro_Closed,2050,1,176,176,89.82205074629435
5652,ES_Pump_Hydro_Closed,2050,1,177,177,89.27757472699761
5653,ES_Pump_Hydro_Closed,2050,1,178,178,88.29661080854554
5654,ES_Pump_Hydro_Closed,2050,1,179,179,87.31564689009346
5655,ES_Pump_Hydro_Closed,2050,1,180,180,86.82320799332231
5656,ES_Pump_Hydro_Closed,2050,1,181,181,86.17752496475487
5657,ES_Pump_Hydro_Closed,2050,1,182,182,86.06401549285505
5658,ES_Pump_Hydro_Closed,2050,1,183,183,86.30365195983154
5659,ES_Pump_Hydro_Closed,2050,1,184,184,86.29260233437518
5660,ES_Pump_Hydro_Closed,2050,1,185,185,85.83742839011754
5661,ES_Pump_Hydro_Closed,2050,1,186,186,84.85646447166546
5662,ES_Pump_Hydro_Closed,2050,1,187,187,86.77803553637995
5663,ES_Pump_Hydro_Closed,2050,1,188,188,88.69960660109443
5664,ES_Pump_Hydro_Closed,2050,1,189,189,90.04793192823065
5665,ES_Pump_Hydro_Closed,2050,1,190,190,91.6756936372983
5666,ES_Pump_Hydro_Closed,2050,1,191,191,93.59726470201278
5667,ES_Pump_Hydro_Closed,2050,1,192,192,93.48646906058767
5668,ES_Pump_Hydro_Closed,2050,1,193,193,92.53640302509146
5669,ES_Pump_Hydro_Closed,2050,1,194,194,91.55543910663938
5670,ES_Pump_Hydro_Closed,2050,1,195,195,90.57447518818731
5671,ES_Pump_Hydro_Closed,2050,1,196,196,90.07937242417006
5672,ES_Pump_Hydro_Closed,2050,1,197,197,89.75437702749554
5673,ES_Pump_Hydro_Closed,2050,1,198,198,89.94586457390291
5674,ES_Pump_Hydro_Closed,2050,1,199,199,91.48133854072753
5675,ES_Pump_Hydro_Closed,2050,1,200,200,91.57242701083526
5676,ES_Pump_Hydro_Closed,2050,1,201,201,91.51722571947954
5677,ES_Pump_Hydro_Closed,2050,1,202,202,92.61835785768906
5678,ES_Pump_Hydro_Closed,2050,1,203,203,93.58587691593596
5679,ES_Pump_Hydro_Closed,2050,1,204,204,94.26825916384787
5680,ES_Pump_Hydro_Closed,2050,1,205,205,93.84574669081907
5681,ES_Pump_Hydro_Closed,2050,1,206,206,95.18444048850294
5682,ES_Pump_Hydro_Closed,2050,1,207,207,96.62461119430037
5683,ES_Pump_Hydro_Closed,2050,1,208,208,96.30918297713667
5684,ES_Pump_Hydro_Closed,2050,1,209,209,96.07923557627274
5685,ES_Pump_Hydro_Closed,2050,1,210,210,97.34897447451107
5686,ES_Pump_Hydro_Closed,2050,1,211,211,98.30423757206464
5687,ES_Pump_Hydro_Closed,2050,1,212,212,99.0
5688,ES_Pump_Hydro_Closed,2050,1,213,213,98.36798563305858
5689,ES_Pump_Hydro_Closed,2050,1,214,214,97.3870217146065
5690,ES_Pump_Hydro_Closed,2050,1,215,215,96.46465632368516
5691,ES_Pump_Hydro_Closed,2050,1,216,216,96.0040678345584
5692,ES_Pump_Hydro_Closed,2050,1,217,217,95.66170340129435
5693,ES_Pump_Hydro_Closed,2050,1,218,218,94.68073948284227
5694,ES_Pump_Hydro_Closed,2050,1,219,219,93.6997755643902
5695,ES_Pump_Hydro_Closed,2050,1,220,220,92.71881164593812
5696,ES_Pump_Hydro_Closed,2050,1,221,221,91.73784772748604
5697,ES_Pump_Hydro_Closed,2050,1,222,222,90.75688380903397
5698,ES_Pump_Hydro_Closed,2050,1,223,223,89.77591989058189
5699,ES_Pump_Hydro_Closed,2050,1,224,224,88.79495597212981
5700,ES_Pump_Hydro_Closed,2050,1,225,225,88.6400829063835
5701,ES_Pump_Hydro_Closed,2050,1,226,226,88.59937095299699
5702,ES_Pump_Hydro_Closed,2050,1,227,227,88.48706464509578
5703,ES_Pump_Hydro_Closed,2050,1,228,228,89.20286333538509
5704,ES_Pump_Hydro_Closed,2050,1,229,229,90.83117318546437
5705,ES_Pump_Hydro_Closed,2050,1,230,230,92.15978814182752
5706,ES_Pump_Hydro_Closed,2050,1,231,231,91.62889610471075
5707,ES_Pump_Hydro_Closed,2050,1,232,232,90.64793218625867
5708,ES_Pump_Hydro_Closed,2050,1,233,233,89.6669682678066
5709,ES_Pump_Hydro_Closed,2050,1,234,234,88.79370081673707
5710,ES_Pump_Hydro_Closed,2050,1,235,235,88.75232847041737
5711,ES_Pump_Hydro_Closed,2050,1,236,236,89.79677235069653
5712,ES_Pump_Hydro_Closed,2050,1,237,237,90.89650134650067
5713,ES_Pump_Hydro_Closed,2050,1,238,238,91.68930285030459
5714,ES_Pump_Hydro_Closed,2050,1,239,239,92.53122558506456
5715,ES_Pump_Hydro_Closed,2050,1,240,240,93.52296114083012
5716,ES_Pump_Hydro_Closed,2050,1,241,241,94.40761319464688
5717,ES_Pump_Hydro_Closed,2050,1,242,242,93.42664927619481
5718,ES_Pump_Hydro_Closed,2050,1,243,243,92.44568535774273
5719,ES_Pump_Hydro_Closed,2050,1,244,244,93.07799236011317
5720,ES_Pump_Hydro_Closed,2050,1,245,245,94.48168786904196
5721,ES_Pump_Hydro_Closed,2050,1,246,246,93.50072395058989
5722,ES_Pump_Hydro_Closed,2050,1,247,247,92.51976003213781
5723,ES_Pump_Hydro_Closed,2050,1,248,248,93.19543195825614
5724,ES_Pump_Hydro_Closed,2050,1,249,249,93.72380263235476
5725,ES_Pump_Hydro_Closed,2050,1,250,250,94.78475196422306
5726,ES_Pump_Hydro_Closed,2050,1,251,251,95.75315123450255
5727,ES_Pump_Hydro_Closed,2050,1,252,252,94.77218731605048
5728,ES_Pump_Hydro_Closed,2050,1,253,253,93.7912233975984
5729,ES_Pump_Hydro_Closed,2050,1,254,254,93.4053076578131
5730,ES_Pump_Hydro_Closed,2050,1,255,255,94.0001795443506
5731,ES_Pump_Hydro_Closed,2050,1,256,256,94.36079607998442
5732,ES_Pump_Hydro_Closed,2050,1,257,257,94.8405368068807
5733,ES_Pump_Hydro_Closed,2050,1,258,258,95.33088811690888
5734,ES_Pump_Hydro_Closed,2050,1,259,259,94.50975661407647
5735,ES_Pump_Hydro_Closed,2050,1,260,260,94.71128896538983
5736,ES_Pump_Hydro_Closed,2050,1,261,261,95.74770179978901
5737,ES_Pump_Hydro_Closed,2050,1,262,262,95.71387018957527
5738,ES_Pump_Hydro_Closed,2050,1,263,263,94.7329062711232
5739,ES_Pump_Hydro_Closed,2050,1,264,264,93.75194235267112
5740,ES_Pump_Hydro_Closed,2050,1,265,265,92.98573902317574
5741,ES_Pump_Hydro_Closed,2050,1,266,266,92.05380236918562
5742,ES_Pump_Hydro_Closed,2050,1,267,267,91.23161064815804
5743,ES_Pump_Hydro_Closed,2050,1,268,268,90.39434014408225
5744,ES_Pump_Hydro_Closed,2050,1,269,269,89.41337622563017
5745,ES_Pump_Hydro_Closed,2050,1,270,270,88.54462423619826
5746,ES_Pump_Hydro_Closed,2050,1,271,271,87.74235010221072
5747,ES_Pump_Hydro_Closed,2050,1,272,272,86.87381318113717
5748,ES_Pump_Hydro_Closed,2050,1,273,273,86.30538864371121
5749,ES_Pump_Hydro_Closed,2050,1,274,274,87.28046885431597
5750,ES_Pump_Hydro_Closed,2050,1,275,275,88.62921315511247
5751,ES_Pump_Hydro_Closed,2050,1,276,276,87.64824923666039
5752,ES_Pump_Hydro_Closed,2050,1,277,277,86.66728531820831
5753,ES_Pump_Hydro_Closed,2050,1,278,278,85.75867653801242
5754,ES_Pump_Hydro_Closed,2050,1,279,279,86.716319588868
5755,ES_Pump_Hydro_Closed,2050,1,280,280,87.35129668596531
5756,ES_Pump_Hydro_Closed,2050,1,281,281,86.69896045136785
5757,ES_Pump_Hydro_Closed,2050,1,282,282,85.71799653291578
5758,ES_Pump_Hydro_Closed,2050,1,283,283,84.7370326144637
5759,ES_Pump_Hydro_Closed,2050,1,284,284,83.87750154617567
5760,ES_Pump_Hydro_Closed,2050,1,285,285,83.10869083768794
5761,ES_Pump_Hydro_Closed,2050,1,286,286,82.88808375947983
5762,ES_Pump_Hydro_Closed,2050,1,287,287,82.69763709248791
5763,ES_Pump_Hydro_Closed,2050,1,288,288,83.42440474282766
5764,ES_Pump_Hydro_Closed,2050,1,289,289,83.96825354150648
5765,ES_Pump_Hydro_Closed,2050,1,290,290,82.98728962305441
5766,ES_Pump_Hydro_Closed,2050,1,291,291,82.00632570460233
5767,ES_Pump_Hydro_Closed,2050,1,292,292,81.02536178615026
5768,ES_Pump_Hydro_Closed,2050,1,293,293,80.04439786769818
5769,ES_Pump_Hydro_Closed,2050,1,294,294,79.20513643653052
5770,ES_Pump_Hydro_Closed,2050,1,295,295,79.55532705163972
5771,ES_Pump_Hydro_Closed,2050,1,296,296,80.39515681794092
5772,ES_Pump_Hydro_Closed,2050,1,297,297,79.61653716546365
5773,ES_Pump_Hydro_Closed,2050,1,298,298,80.47037864767306
5774,ES_Pump_Hydro_Closed,2050,1,299,299,79.88679076011115
5775,ES_Pump_Hydro_Closed,2050,1,300,300,79.26145653919345
5776,ES_Pump_Hydro_Closed,2050,1,301,301,78.9522021697629
5777,ES_Pump_Hydro_Closed,2050,1,302,302,78.0525388858998
5778,ES_Pump_Hydro_Closed,2050,1,303,303,77.18769336412089
5779,ES_Pump_Hydro_Closed,2050,1,304,304,76.79775132498622
5780,ES_Pump_Hydro_Closed,2050,1,305,305,77.33890771014427
5781,ES_Pump_Hydro_Closed,2050,1,306,306,77.62285272077867
5782,ES_Pump_Hydro_Closed,2050,1,307,307,76.6638672654118
5783,ES_Pump_Hydro_Closed,2050,1,308,308,75.68290334695972
5784,ES_Pump_Hydro_Closed,2050,1,309,309,74.71113725005696
5785,ES_Pump_Hydro_Closed,2050,1,310,310,73.8944773484456
5786,ES_Pump_Hydro_Closed,2050,1,311,311,73.64614142152261
5787,ES_Pump_Hydro_Closed,2050,1,312,312,73.76394536985003
5788,ES_Pump_Hydro_Closed,2050,1,313,313,73.32929367240946
5789,ES_Pump_Hydro_Closed,2050,1,314,314,73.02288541636332
5790,ES_Pump_Hydro_Closed,2050,1,315,315,73.0669669801743
5791,ES_Pump_Hydro_Closed,2050,1,316,316,73.193308591424
5792,ES_Pump_Hydro_Closed,2050,1,317,317,72.98319639687702
5793,ES_Pump_Hydro_Closed,2050,1,318,318,72.54854469943645
5794,ES_Pump_Hydro_Closed,2050,1,319,319,71.91517696824134
5795,ES_Pump_Hydro_Closed,2050,1,320,320,71.37630595914013
5796,ES_Pump_Hydro_Closed,2050,1,321,321,71.03941772589609
5797,ES_Pump_Hydro_Closed,2050,1,322,322,70.69523970570366
5798,ES_Pump_Hydro_Closed,2050,1,323,323,70.26058800826308
5799,ES_Pump_Hydro_Closed,2050,1,324,324,69.68888751890155
5800,ES_Pump_Hydro_Closed,2050,1,325,325,69.10608384659785
5801,ES_Pump_Hydro_Closed,2050,1,326,326,68.47713283245241
5802,ES_Pump_Hydro_Closed,2050,1,327,327,67.57202386426022
5803,ES_Pump_Hydro_Closed,2050,1,328,328,67.27498532943831
5804,ES_Pump_Hydro_Closed,2050,1,329,329,66.82308088714763
5805,ES_Pump_Hydro_Closed,2050,1,330,330,66.16755719320821
5806,ES_Pump_Hydro_Closed,2050,1,331,331,65.73290549576764
5807,ES_Pump_Hydro_Closed,2050,1,332,332,65.29825379832707
5808,ES_Pump_Hydro_Closed,2050,1,333,333,64.8636021008865
5809,ES_Pump_Hydro_Closed,2050,1,334,334,64.42895040344592
5810,ES_Pump_Hydro_Closed,2050,1,335,335,63.99429870600535
5811,ES_Pump_Hydro_Closed,2050,1,336,336,63.626099915543584
5812,ES_Pump_Hydro_Closed,2050,1,337,337,63.14655579854332
5813,ES_Pump_Hydro_Closed,2050,1,338,338,62.711904101102746
5814,ES_Pump_Hydro_Closed,2050,1,339,339,62.277252403662175
5815,ES_Pump_Hydro_Closed,2050,1,340,340,61.8426007062216
5816,ES_Pump_Hydro_Closed,2050,1,341,341,61.40794900878103
5817,ES_Pump_Hydro_Closed,2050,1,342,342,60.93537741416302
5818,ES_Pump_Hydro_Closed,2050,1,343,343,60.50072571672245
5819,ES_Pump_Hydro_Closed,2050,1,344,344,60.06607401928188
5820,ES_Pump_Hydro_Closed,2050,1,345,345,59.631422321841306
5821,ES_Pump_Hydro_Closed,2050,1,346,346,59.1786281814467
5822,ES_Pump_Hydro_Closed,2050,1,347,347,58.4389737994687
5823,ES_Pump_Hydro_Closed,2050,1,348,348,57.640535420565215
5824,ES_Pump_Hydro_Closed,2050,1,349,349,56.82603614820209
5825,ES_Pump_Hydro_Closed,2050,1,350,350,56.317476083197484
5826,ES_Pump_Hydro_Closed,2050,1,351,351,55.88282438575691
5827,ES_Pump_Hydro_Closed,2050,1,352,352,55.44817268831634
5828,ES_Pump_Hydro_Closed,2050,1,353,353,55.01352099087577
5829,ES_Pump_Hydro_Closed,2050,1,354,354,54.5788692934352
5830,ES_Pump_Hydro_Closed,2050,1,355,355,54.144217595994625
5831,ES_Pump_Hydro_Closed,2050,1,356,356,53.709565898554054
5832,ES_Pump_Hydro_Closed,2050,1,357,357,53.27491420111348
5833,ES_Pump_Hydro_Closed,2050,1,358,358,52.84026250367291
5834,ES_Pump_Hydro_Closed,2050,1,359,359,52.40561080623234
5835,ES_Pump_Hydro_Closed,2050,1,360,360,51.96519352000734
5836,ES_Pump_Hydro_Closed,2050,1,361,361,51.43041472995135
5837,ES_Pump_Hydro_Closed,2050,1,362,362,50.8775670171965
5838,ES_Pump_Hydro_Closed,2050,1,363,363,50.369303394881136
5839,ES_Pump_Hydro_Closed,2050,1,364,364,49.93465169744057
5840,ES_Pump_Hydro_Closed,2050,1,365,365,49.5
5841,ES_Pump_Hydro_Open,2050,1,1,1,3034.90082681185
5842,ES_Pump_Hydro_Open,2050,1,2,2,3088.8516536237
5843,ES_Pump_Hydro_Open,2050,1,3,3,3142.80248043555
5844,ES_Pump_Hydro_Open,2050,1,4,4,3196.7533072474
5845,ES_Pump_Hydro_Open,2050,1,5,5,3242.8124765588473
5846,ES_Pump_Hydro_Open,2050,1,6,6,3272.1504977583845
5847,ES_Pump_Hydro_Open,2050,1,7,7,3326.1013245702343
5848,ES_Pump_Hydro_Open,2050,1,8,8,3380.0521513820845
5849,ES_Pump_Hydro_Open,2050,1,9,9,3434.0029781939343
5850,ES_Pump_Hydro_Open,2050,1,10,10,3487.9538050057845
5851,ES_Pump_Hydro_Open,2050,1,11,11,3541.9046318176343
5852,ES_Pump_Hydro_Open,2050,1,12,12,3595.8554586294845
5853,ES_Pump_Hydro_Open,2050,1,13,13,3649.8062854413347
5854,ES_Pump_Hydro_Open,2050,1,14,14,3703.7571122531845
5855,ES_Pump_Hydro_Open,2050,1,15,15,3757.707939065034
5856,ES_Pump_Hydro_Open,2050,1,16,16,3811.6587658768844
5857,ES_Pump_Hydro_Open,2050,1,17,17,3865.609592688734
5858,ES_Pump_Hydro_Open,2050,1,18,18,3886.1851922083088
5859,ES_Pump_Hydro_Open,2050,1,19,19,3870.8950510783734
5860,ES_Pump_Hydro_Open,2050,1,20,20,3875.908377036142
5861,ES_Pump_Hydro_Open,2050,1,21,21,3880.986570371784
5862,ES_Pump_Hydro_Open,2050,1,22,22,3865.696429241849
5863,ES_Pump_Hydro_Open,2050,1,23,23,3870.418176376148
5864,ES_Pump_Hydro_Open,2050,1,24,24,3918.7557587772553
5865,ES_Pump_Hydro_Open,2050,1,25,25,3930.597212857897
5866,ES_Pump_Hydro_Open,2050,1,26,26,3975.255338693245
5867,ES_Pump_Hydro_Open,2050,1,27,27,4006.5223128830175
5868,ES_Pump_Hydro_Open,2050,1,28,28,4060.4731396948673
5869,ES_Pump_Hydro_Open,2050,1,29,29,4114.423966506718
5870,ES_Pump_Hydro_Open,2050,1,30,30,4168.374793318568
5871,ES_Pump_Hydro_Open,2050,1,31,31,4199.87146405674
5872,ES_Pump_Hydro_Open,2050,1,32,32,4252.959164679829
5873,ES_Pump_Hydro_Open,2050,1,33,33,4280.35491919404
5874,ES_Pump_Hydro_Open,2050,1,34,34,4281.0368609784255
5875,ES_Pump_Hydro_Open,2050,1,35,35,4269.823009804759
5876,ES_Pump_Hydro_Open,2050,1,36,36,4272.916333871609
5877,ES_Pump_Hydro_Open,2050,1,37,37,4326.86716068346
5878,ES_Pump_Hydro_Open,2050,1,38,38,4380.817987495309
5879,ES_Pump_Hydro_Open,2050,1,39,39,4434.768814307159
5880,ES_Pump_Hydro_Open,2050,1,40,40,4477.950128474229
5881,ES_Pump_Hydro_Open,2050,1,41,41,4502.281805940428
5882,ES_Pump_Hydro_Open,2050,1,42,42,4501.3917176709465
5883,ES_Pump_Hydro_Open,2050,1,43,43,4508.642098110007
5884,ES_Pump_Hydro_Open,2050,1,44,44,4522.708126706023
5885,ES_Pump_Hydro_Open,2050,1,45,45,4527.705386179373
5886,ES_Pump_Hydro_Open,2050,1,46,46,4566.058061985043
5887,ES_Pump_Hydro_Open,2050,1,47,47,4605.87559402584
5888,ES_Pump_Hydro_Open,2050,1,48,48,4652.431820578056
5889,ES_Pump_Hydro_Open,2050,1,49,49,4700.752215870491
5890,ES_Pump_Hydro_Open,2050,1,50,50,4754.703042682341
5891,ES_Pump_Hydro_Open,2050,1,51,51,4796.570556643097
5892,ES_Pump_Hydro_Open,2050,1,52,52,4832.991359784237
5893,ES_Pump_Hydro_Open,2050,1,53,53,4875.10309903845
5894,ES_Pump_Hydro_Open,2050,1,54,54,4929.0539258502995
5895,ES_Pump_Hydro_Open,2050,1,55,55,4975.876286229643
5896,ES_Pump_Hydro_Open,2050,1,56,56,4983.133660762492
5897,ES_Pump_Hydro_Open,2050,1,57,57,5001.085543009786
5898,ES_Pump_Hydro_Open,2050,1,58,58,5009.066761209613
5899,ES_Pump_Hydro_Open,2050,1,59,59,5030.170187424961
5900,ES_Pump_Hydro_Open,2050,1,60,60,5084.121014236811
5901,ES_Pump_Hydro_Open,2050,1,61,61,5138.071841048661
5902,ES_Pump_Hydro_Open,2050,1,62,62,5190.45160107106
5903,ES_Pump_Hydro_Open,2050,1,63,63,5217.944871410315
5904,ES_Pump_Hydro_Open,2050,1,64,64,5231.277301076923
5905,ES_Pump_Hydro_Open,2050,1,65,65,5280.812550622061
5906,ES_Pump_Hydro_Open,2050,1,66,66,5334.763377433911
5907,ES_Pump_Hydro_Open,2050,1,67,67,5383.3535133822115
5908,ES_Pump_Hydro_Open,2050,1,68,68,5401.3596927198
5909,ES_Pump_Hydro_Open,2050,1,69,69,5404.661345545133
5910,ES_Pump_Hydro_Open,2050,1,70,70,5411.502484939068
5911,ES_Pump_Hydro_Open,2050,1,71,71,5439.677253796076
5912,ES_Pump_Hydro_Open,2050,1,72,72,5464.401394736106
5913,ES_Pump_Hydro_Open,2050,1,73,73,5493.890033050908
5914,ES_Pump_Hydro_Open,2050,1,74,74,5532.9238568483115
5915,ES_Pump_Hydro_Open,2050,1,75,75,5555.184081998927
5916,ES_Pump_Hydro_Open,2050,1,76,76,5548.120447319415
5917,ES_Pump_Hydro_Open,2050,1,77,77,5543.619901788554
5918,ES_Pump_Hydro_Open,2050,1,78,78,5538.36603699695
5919,ES_Pump_Hydro_Open,2050,1,79,79,5534.38380824593
5920,ES_Pump_Hydro_Open,2050,1,80,80,5570.461025814226
5921,ES_Pump_Hydro_Open,2050,1,81,81,5590.227388522905
5922,ES_Pump_Hydro_Open,2050,1,82,82,5607.441786843805
5923,ES_Pump_Hydro_Open,2050,1,83,83,5603.232733365646
5924,ES_Pump_Hydro_Open,2050,1,84,84,5610.534844659726
5925,ES_Pump_Hydro_Open,2050,1,85,85,5660.16144757204
5926,ES_Pump_Hydro_Open,2050,1,86,86,5689.0959402583185
5927,ES_Pump_Hydro_Open,2050,1,87,87,5719.609504344839
5928,ES_Pump_Hydro_Open,2050,1,88,88,5773.560331156688
5929,ES_Pump_Hydro_Open,2050,1,89,89,5827.511157968538
5930,ES_Pump_Hydro_Open,2050,1,90,90,5881.461984780388
5931,ES_Pump_Hydro_Open,2050,1,91,91,5933.608807911905
5932,ES_Pump_Hydro_Open,2050,1,92,92,5961.9
5933,ES_Pump_Hydro_Open,2050,1,93,93,5957.911641729173
5934,ES_Pump_Hydro_Open,2050,1,94,94,5957.002911750466
5935,ES_Pump_Hydro_Open,2050,1,95,95,5948.551666874959
5936,ES_Pump_Hydro_Open,2050,1,96,96,5942.992838467553
5937,ES_Pump_Hydro_Open,2050,1,97,97,5932.664338911078
5938,ES_Pump_Hydro_Open,2050,1,98,98,5913.587508797056
5939,ES_Pump_Hydro_Open,2050,1,99,99,5888.380708371832
5940,ES_Pump_Hydro_Open,2050,1,100,100,5864.7038883138675
5941,ES_Pump_Hydro_Open,2050,1,101,101,5879.711167173618
5942,ES_Pump_Hydro_Open,2050,1,102,102,5888.965376420796
5943,ES_Pump_Hydro_Open,2050,1,103,103,5880.714284830422
5944,ES_Pump_Hydro_Open,2050,1,104,104,5880.344160895943
5945,ES_Pump_Hydro_Open,2050,1,105,105,5860.5766450168285
5946,ES_Pump_Hydro_Open,2050,1,106,106,5836.974717098772
5947,ES_Pump_Hydro_Open,2050,1,107,107,5830.2645647064055
5948,ES_Pump_Hydro_Open,2050,1,108,108,5834.0290287640955
5949,ES_Pump_Hydro_Open,2050,1,109,109,5808.105388247418
5950,ES_Pump_Hydro_Open,2050,1,110,110,5784.982313145008
5951,ES_Pump_Hydro_Open,2050,1,111,111,5754.170057097726
5952,ES_Pump_Hydro_Open,2050,1,112,112,5720.025397110167
5953,ES_Pump_Hydro_Open,2050,1,113,113,5666.262237891973
5954,ES_Pump_Hydro_Open,2050,1,114,114,5622.993510487849
5955,ES_Pump_Hydro_Open,2050,1,115,115,5607.031968145605
5956,ES_Pump_Hydro_Open,2050,1,116,116,5588.068460495682
5957,ES_Pump_Hydro_Open,2050,1,117,117,5572.352289932625
5958,ES_Pump_Hydro_Open,2050,1,118,118,5553.117581093027
5959,ES_Pump_Hydro_Open,2050,1,119,119,5522.988736518406
5960,ES_Pump_Hydro_Open,2050,1,120,120,5469.225577300212
5961,ES_Pump_Hydro_Open,2050,1,121,121,5415.462418082017
5962,ES_Pump_Hydro_Open,2050,1,122,122,5361.699258863823
5963,ES_Pump_Hydro_Open,2050,1,123,123,5318.638918913649
5964,ES_Pump_Hydro_Open,2050,1,124,124,5264.875759695455
5965,ES_Pump_Hydro_Open,2050,1,125,125,5211.1126004772605
5966,ES_Pump_Hydro_Open,2050,1,126,126,5164.711783665258
5967,ES_Pump_Hydro_Open,2050,1,127,127,5110.948624447064
5968,ES_Pump_Hydro_Open,2050,1,128,128,5057.185465228869
5969,ES_Pump_Hydro_Open,2050,1,129,129,5003.422306010675
5970,ES_Pump_Hydro_Open,2050,1,130,130,4949.659146792481
5971,ES_Pump_Hydro_Open,2050,1,131,131,4895.895987574287
5972,ES_Pump_Hydro_Open,2050,1,132,132,4842.132828356092
5973,ES_Pump_Hydro_Open,2050,1,133,133,4788.369669137898
5974,ES_Pump_Hydro_Open,2050,1,134,134,4747.278365162393
5975,ES_Pump_Hydro_Open,2050,1,135,135,4708.614555436743
5976,ES_Pump_Hydro_Open,2050,1,136,136,4660.328135908053
5977,ES_Pump_Hydro_Open,2050,1,137,137,4606.564976689859
5978,ES_Pump_Hydro_Open,2050,1,138,138,4552.801817471664
5979,ES_Pump_Hydro_Open,2050,1,139,139,4499.03865825347
5980,ES_Pump_Hydro_Open,2050,1,140,140,4467.357565121886
5981,ES_Pump_Hydro_Open,2050,1,141,141,4439.97578415329
5982,ES_Pump_Hydro_Open,2050,1,142,142,4393.858652869799
5983,ES_Pump_Hydro_Open,2050,1,143,143,4344.972570037281
5984,ES_Pump_Hydro_Open,2050,1,144,144,4312.830259904589
5985,ES_Pump_Hydro_Open,2050,1,145,145,4286.565840012708
5986,ES_Pump_Hydro_Open,2050,1,146,146,4244.642776868247
5987,ES_Pump_Hydro_Open,2050,1,147,147,4196.431028733633
5988,ES_Pump_Hydro_Open,2050,1,148,148,4142.667869515439
5989,ES_Pump_Hydro_Open,2050,1,149,149,4094.8374879753387
5990,ES_Pump_Hydro_Open,2050,1,150,150,4041.074328757144
5991,ES_Pump_Hydro_Open,2050,1,151,151,3989.0160227306387
5992,ES_Pump_Hydro_Open,2050,1,152,152,3935.252863512444
5993,ES_Pump_Hydro_Open,2050,1,153,153,3881.4897042942493
5994,ES_Pump_Hydro_Open,2050,1,154,154,3827.7265450760547
5995,ES_Pump_Hydro_Open,2050,1,155,155,3773.96338585786
5996,ES_Pump_Hydro_Open,2050,1,156,156,3726.965554674179
5997,ES_Pump_Hydro_Open,2050,1,157,157,3673.2023954559845
5998,ES_Pump_Hydro_Open,2050,1,158,158,3619.43923623779
5999,ES_Pump_Hydro_Open,2050,1,159,159,3565.676077019595
6000,ES_Pump_Hydro_Open,2050,1,160,160,3522.168968757344
6001,ES_Pump_Hydro_Open,2050,1,161,161,3468.4058095391492
6002,ES_Pump_Hydro_Open,2050,1,162,162,3425.704273691765
6003,ES_Pump_Hydro_Open,2050,1,163,163,3398.324153960546
6004,ES_Pump_Hydro_Open,2050,1,164,164,3373.6877724163046
6005,ES_Pump_Hydro_Open,2050,1,165,165,3319.92461319811
6006,ES_Pump_Hydro_Open,2050,1,166,166,3271.0169337495827
6007,ES_Pump_Hydro_Open,2050,1,167,167,3241.6101142082844
6008,ES_Pump_Hydro_Open,2050,1,168,168,3200.1647661848056
6009,ES_Pump_Hydro_Open,2050,1,169,169,3152.940446764529
6010,ES_Pump_Hydro_Open,2050,1,170,170,3114.516594710246
6011,ES_Pump_Hydro_Open,2050,1,171,171,3099.22645358031
6012,ES_Pump_Hydro_Open,2050,1,172,172,3083.9363124503748
6013,ES_Pump_Hydro_Open,2050,1,173,173,3066.513149140582
6014,ES_Pump_Hydro_Open,2050,1,174,174,3026.27495359492
6015,ES_Pump_Hydro_Open,2050,1,175,175,2972.5117943767254
6016,ES_Pump_Hydro_Open,2050,1,176,176,2926.3875877463615
6017,ES_Pump_Hydro_Open,2050,1,177,177,2905.3118120118816
6018,ES_Pump_Hydro_Open,2050,1,178,178,2890.0216708819457
6019,ES_Pump_Hydro_Open,2050,1,179,179,2874.7315297520104
6020,ES_Pump_Hydro_Open,2050,1,180,180,2852.966003448528
6021,ES_Pump_Hydro_Open,2050,1,181,181,2833.2317237238854
6022,ES_Pump_Hydro_Open,2050,1,182,182,2806.4434987443155
6023,ES_Pump_Hydro_Open,2050,1,183,183,2774.974334457216
6024,ES_Pump_Hydro_Open,2050,1,184,184,2746.8280071469594
6025,ES_Pump_Hydro_Open,2050,1,185,185,2724.568534964986
6026,ES_Pump_Hydro_Open,2050,1,186,186,2709.278393835051
6027,ES_Pump_Hydro_Open,2050,1,187,187,2655.515234616856
6028,ES_Pump_Hydro_Open,2050,1,188,188,2601.7520753986614
6029,ES_Pump_Hydro_Open,2050,1,189,189,2574.1946656372006
6030,ES_Pump_Hydro_Open,2050,1,190,190,2533.862909144568
6031,ES_Pump_Hydro_Open,2050,1,191,191,2480.0997499263735
6032,ES_Pump_Hydro_Open,2050,1,192,192,2453.2755532015713
6033,ES_Pump_Hydro_Open,2050,1,193,193,2437.575861517812
6034,ES_Pump_Hydro_Open,2050,1,194,194,2422.285720387876
6035,ES_Pump_Hydro_Open,2050,1,195,195,2406.995579257941
6036,ES_Pump_Hydro_Open,2050,1,196,196,2385.265362438526
6037,ES_Pump_Hydro_Open,2050,1,197,197,2361.2803773359806
6038,ES_Pump_Hydro_Open,2050,1,198,198,2330.449425612289
6039,ES_Pump_Hydro_Open,2050,1,199,199,2281.803972370797
6040,ES_Pump_Hydro_Open,2050,1,200,200,2252.303807528546
6041,ES_Pump_Hydro_Open,2050,1,201,201,2224.742709285509
6042,ES_Pump_Hydro_Open,2050,1,202,202,2181.8544445450034
6043,ES_Pump_Hydro_Open,2050,1,203,203,2140.737217353414
6044,ES_Pump_Hydro_Open,2050,1,204,204,2103.3994704179686
6045,ES_Pump_Hydro_Open,2050,1,205,205,2080.707071370113
6046,ES_Pump_Hydro_Open,2050,1,206,206,2044.2516058162075
6047,ES_Pump_Hydro_Open,2050,1,207,207,2012.4955133185736
6048,ES_Pump_Hydro_Open,2050,1,208,208,2005.783019957721
6049,ES_Pump_Hydro_Open,2050,1,209,209,1984.6262484655647
6050,ES_Pump_Hydro_Open,2050,1,210,210,1943.2206441681385
6051,ES_Pump_Hydro_Open,2050,1,211,211,1902.2658693845915
6052,ES_Pump_Hydro_Open,2050,1,212,212,1864.7507685460746
6053,ES_Pump_Hydro_Open,2050,1,213,213,1844.8353111029785
6054,ES_Pump_Hydro_Open,2050,1,214,214,1829.545169973043
6055,ES_Pump_Hydro_Open,2050,1,215,215,1813.4783070386468
6056,ES_Pump_Hydro_Open,2050,1,216,216,1791.2906044938695
6057,ES_Pump_Hydro_Open,2050,1,217,217,1767.5358454739585
6058,ES_Pump_Hydro_Open,2050,1,218,218,1752.245704344023
6059,ES_Pump_Hydro_Open,2050,1,219,219,1736.9555632140873
6060,ES_Pump_Hydro_Open,2050,1,220,220,1721.665422084152
6061,ES_Pump_Hydro_Open,2050,1,221,221,1706.3752809542164
6062,ES_Pump_Hydro_Open,2050,1,222,222,1691.0851398242808
6063,ES_Pump_Hydro_Open,2050,1,223,223,1675.7949986943454
6064,ES_Pump_Hydro_Open,2050,1,224,224,1660.5048575644098
6065,ES_Pump_Hydro_Open,2050,1,225,225,1634.264905836836
6066,ES_Pump_Hydro_Open,2050,1,226,226,1606.5117518339173
6067,ES_Pump_Hydro_Open,2050,1,227,227,1579.7075789499984
6068,ES_Pump_Hydro_Open,2050,1,228,228,1541.9268980277152
6069,ES_Pump_Hydro_Open,2050,1,229,229,1493.1728941157894
6070,ES_Pump_Hydro_Open,2050,1,230,230,1447.2693511345906
6071,ES_Pump_Hydro_Open,2050,1,231,231,1426.0135201052901
6072,ES_Pump_Hydro_Open,2050,1,232,232,1410.7233789753548
6073,ES_Pump_Hydro_Open,2050,1,233,233,1395.4332378454192
6074,ES_Pump_Hydro_Open,2050,1,234,234,1378.7155831241987
6075,ES_Pump_Hydro_Open,2050,1,235,235,1366.1394057901716
6076,ES_Pump_Hydro_Open,2050,1,236,236,1338.8381982895053
6077,ES_Pump_Hydro_Open,2050,1,237,237,1322.6452919995802
6078,ES_Pump_Hydro_Open,2050,1,238,238,1297.3284839634607
6079,ES_Pump_Hydro_Open,2050,1,239,239,1276.7017761995392
6080,ES_Pump_Hydro_Open,2050,1,240,240,1244.9518748988887
6081,ES_Pump_Hydro_Open,2050,1,241,241,1204.9330474781375
6082,ES_Pump_Hydro_Open,2050,1,242,242,1189.6429063482021
6083,ES_Pump_Hydro_Open,2050,1,243,243,1174.3527652182665
6084,ES_Pump_Hydro_Open,2050,1,244,244,1142.8784310589676
6085,ES_Pump_Hydro_Open,2050,1,245,245,1098.116516238599
6086,ES_Pump_Hydro_Open,2050,1,246,246,1082.8263751086636
6087,ES_Pump_Hydro_Open,2050,1,247,247,1067.536233978728
6088,ES_Pump_Hydro_Open,2050,1,248,248,1055.7482200893314
6089,ES_Pump_Hydro_Open,2050,1,249,249,1041.0137116368671
6090,ES_Pump_Hydro_Open,2050,1,250,250,1010.1257976656764
6091,ES_Pump_Hydro_Open,2050,1,251,251,968.9969032887992
6092,ES_Pump_Hydro_Open,2050,1,252,252,953.7067621588636
6093,ES_Pump_Hydro_Open,2050,1,253,253,938.4166210289281
6094,ES_Pump_Hydro_Open,2050,1,254,254,928.3729242672946
6095,ES_Pump_Hydro_Open,2050,1,255,255,926.3578643500954
6096,ES_Pump_Hydro_Open,2050,1,256,256,913.7592695577187
6097,ES_Pump_Hydro_Open,2050,1,257,257,925.9089329129713
6098,ES_Pump_Hydro_Open,2050,1,258,258,935.7731489704452
6099,ES_Pump_Hydro_Open,2050,1,259,259,940.740565223152
6100,ES_Pump_Hydro_Open,2050,1,260,260,954.7490834805438
6101,ES_Pump_Hydro_Open,2050,1,261,261,941.4506556901008
6102,ES_Pump_Hydro_Open,2050,1,262,262,924.912130971502
6103,ES_Pump_Hydro_Open,2050,1,263,263,909.6219898415665
6104,ES_Pump_Hydro_Open,2050,1,264,264,894.331848711631
6105,ES_Pump_Hydro_Open,2050,1,265,265,885.0973608714532
6106,ES_Pump_Hydro_Open,2050,1,266,266,876.0210570241585
6107,ES_Pump_Hydro_Open,2050,1,267,267,880.8540985892051
6108,ES_Pump_Hydro_Open,2050,1,268,268,863.6593053663493
6109,ES_Pump_Hydro_Open,2050,1,269,269,848.3691642364138
6110,ES_Pump_Hydro_Open,2050,1,270,270,847.3010417272319
6111,ES_Pump_Hydro_Open,2050,1,271,271,854.6584877494299
6112,ES_Pump_Hydro_Open,2050,1,272,272,853.61762353822
6113,ES_Pump_Hydro_Open,2050,1,273,273,858.2814927096174
6114,ES_Pump_Hydro_Open,2050,1,274,274,847.7868666176762
6115,ES_Pump_Hydro_Open,2050,1,275,275,820.2103036064817
6116,ES_Pump_Hydro_Open,2050,1,276,276,804.9201624765461
6117,ES_Pump_Hydro_Open,2050,1,277,277,789.6300213466106
6118,ES_Pump_Hydro_Open,2050,1,278,278,783.5103501709134
6119,ES_Pump_Hydro_Open,2050,1,279,279,772.6861524828417
6120,ES_Pump_Hydro_Open,2050,1,280,280,764.8005242632164
6121,ES_Pump_Hydro_Open,2050,1,281,281,745.1544325939878
6122,ES_Pump_Hydro_Open,2050,1,282,282,729.8642914640523
6123,ES_Pump_Hydro_Open,2050,1,283,283,714.5741503341168
6124,ES_Pump_Hydro_Open,2050,1,284,284,714.6747102756666
6125,ES_Pump_Hydro_Open,2050,1,285,285,696.572484422626
6126,ES_Pump_Hydro_Open,2050,1,286,286,678.8407053672105
6127,ES_Pump_Hydro_Open,2050,1,287,287,661.6188933458382
6128,ES_Pump_Hydro_Open,2050,1,288,288,645.9755657201028
6129,ES_Pump_Hydro_Open,2050,1,289,289,627.1880177079884
6130,ES_Pump_Hydro_Open,2050,1,290,290,611.8978765780528
6131,ES_Pump_Hydro_Open,2050,1,291,291,596.6077354481173
6132,ES_Pump_Hydro_Open,2050,1,292,292,581.3175943181817
6133,ES_Pump_Hydro_Open,2050,1,293,293,566.0274531882462
6134,ES_Pump_Hydro_Open,2050,1,294,294,568.6970372886278
6135,ES_Pump_Hydro_Open,2050,1,295,295,586.7690434526146
6136,ES_Pump_Hydro_Open,2050,1,296,296,582.4573490860887
6137,ES_Pump_Hydro_Open,2050,1,297,297,587.0674188513784
6138,ES_Pump_Hydro_Open,2050,1,298,298,572.688760441204
6139,ES_Pump_Hydro_Open,2050,1,299,299,581.1878088761032
6140,ES_Pump_Hydro_Open,2050,1,300,300,583.3247262182347
6141,ES_Pump_Hydro_Open,2050,1,301,301,580.9463660889824
6142,ES_Pump_Hydro_Open,2050,1,302,302,575.9604693393022
6143,ES_Pump_Hydro_Open,2050,1,303,303,575.3874622442065
6144,ES_Pump_Hydro_Open,2050,1,304,304,598.6104294181499
6145,ES_Pump_Hydro_Open,2050,1,305,305,593.7065492469933
6146,ES_Pump_Hydro_Open,2050,1,306,306,586.0821191096479
6147,ES_Pump_Hydro_Open,2050,1,307,307,573.5775829860847
6148,ES_Pump_Hydro_Open,2050,1,308,308,558.2874418561493
6149,ES_Pump_Hydro_Open,2050,1,309,309,544.1630554769508
6150,ES_Pump_Hydro_Open,2050,1,310,310,549.6972135759634
6151,ES_Pump_Hydro_Open,2050,1,311,311,579.0546968908077
6152,ES_Pump_Hydro_Open,2050,1,312,312,607.7501867853432
6153,ES_Pump_Hydro_Open,2050,1,313,313,661.7010135971932
6154,ES_Pump_Hydro_Open,2050,1,314,314,709.7892316282971
6155,ES_Pump_Hydro_Open,2050,1,315,315,741.8549172545129
6156,ES_Pump_Hydro_Open,2050,1,316,316,762.1306000155456
6157,ES_Pump_Hydro_Open,2050,1,317,317,805.816673737687
6158,ES_Pump_Hydro_Open,2050,1,318,318,859.767500549537
6159,ES_Pump_Hydro_Open,2050,1,319,319,888.5325636286229
6160,ES_Pump_Hydro_Open,2050,1,320,320,929.2743759976908
6161,ES_Pump_Hydro_Open,2050,1,321,321,970.8659178164044
6162,ES_Pump_Hydro_Open,2050,1,322,322,1020.6807687928117
6163,ES_Pump_Hydro_Open,2050,1,323,323,1074.6315956046617
6164,ES_Pump_Hydro_Open,2050,1,324,324,1111.2125180964329
6165,ES_Pump_Hydro_Open,2050,1,325,325,1146.3861956015787
6166,ES_Pump_Hydro_Open,2050,1,326,326,1175.7110443707568
6167,ES_Pump_Hydro_Open,2050,1,327,327,1170.0349480620143
6168,ES_Pump_Hydro_Open,2050,1,328,328,1217.6948322202509
6169,ES_Pump_Hydro_Open,2050,1,329,329,1269.4590032936244
6170,ES_Pump_Hydro_Open,2050,1,330,330,1295.4159646186315
6171,ES_Pump_Hydro_Open,2050,1,331,331,1349.3667914304815
6172,ES_Pump_Hydro_Open,2050,1,332,332,1403.3176182423315
6173,ES_Pump_Hydro_Open,2050,1,333,333,1457.2684450541815
6174,ES_Pump_Hydro_Open,2050,1,334,334,1511.2192718660315
6175,ES_Pump_Hydro_Open,2050,1,335,335,1565.1700986778815
6176,ES_Pump_Hydro_Open,2050,1,336,336,1609.176776571212
6177,ES_Pump_Hydro_Open,2050,1,337,337,1657.4378266143726
6178,ES_Pump_Hydro_Open,2050,1,338,338,1711.3886534262226
6179,ES_Pump_Hydro_Open,2050,1,339,339,1765.3394802380726
6180,ES_Pump_Hydro_Open,2050,1,340,340,1819.2903070499226
6181,ES_Pump_Hydro_Open,2050,1,341,341,1873.2411338617726
6182,ES_Pump_Hydro_Open,2050,1,342,342,1922.385898711548
6183,ES_Pump_Hydro_Open,2050,1,343,343,1976.336725523398
6184,ES_Pump_Hydro_Open,2050,1,344,344,2030.2875523352482
6185,ES_Pump_Hydro_Open,2050,1,345,345,2084.238379147098
6186,ES_Pump_Hydro_Open,2050,1,346,346,2135.889787672752
6187,ES_Pump_Hydro_Open,2050,1,347,347,2151.18381661339
6188,ES_Pump_Hydro_Open,2050,1,348,348,2159.0274157630347
6189,ES_Pump_Hydro_Open,2050,1,349,349,2164.835417380016
6190,ES_Pump_Hydro_Open,2050,1,350,350,2209.4189140968947
6191,ES_Pump_Hydro_Open,2050,1,351,351,2263.369740908745
6192,ES_Pump_Hydro_Open,2050,1,352,352,2317.320567720595
6193,ES_Pump_Hydro_Open,2050,1,353,353,2371.271394532445
6194,ES_Pump_Hydro_Open,2050,1,354,354,2425.2222213442947
6195,ES_Pump_Hydro_Open,2050,1,355,355,2479.173048156145
6196,ES_Pump_Hydro_Open,2050,1,356,356,2533.123874967995
6197,ES_Pump_Hydro_Open,2050,1,357,357,2587.074701779845
6198,ES_Pump_Hydro_Open,2050,1,358,358,2641.025528591695
6199,ES_Pump_Hydro_Open,2050,1,359,359,2694.976355403545
6200,ES_Pump_Hydro_Open,2050,1,360,360,2748.1964371710133
6201,ES_Pump_Hydro_Open,2050,1,361,361,2789.45690754703
6202,ES_Pump_Hydro_Open,2050,1,362,362,2828.427277776615
6203,ES_Pump_Hydro_Open,2050,1,363,363,2873.0483463763
6204,ES_Pump_Hydro_Open,2050,1,364,364,2926.9991731881496
6205,ES_Pump_Hydro_Open,2050,1,365,365,2980.95
6206,FI_Hydro_Reservoir,2050,1,1,1,2755.190213808471
6207,FI_Hydro_Reservoir,2050,1,2,2,2745.3804276169417
6208,FI_Hydro_Reservoir,2050,1,3,3,2735.5706414254128
6209,FI_Hydro_Reservoir,2050,1,4,4,2725.760855233884
6210,FI_Hydro_Reservoir,2050,1,5,5,2719.1069333552773
6211,FI_Hydro_Reservoir,2050,1,6,6,2719.1397784321266
6212,FI_Hydro_Reservoir,2050,1,7,7,2709.3299922405977
6213,FI_Hydro_Reservoir,2050,1,8,8,2699.5202060490687
6214,FI_Hydro_Reservoir,2050,1,9,9,2689.71041985754
6215,FI_Hydro_Reservoir,2050,1,10,10,2679.900633666011
6216,FI_Hydro_Reservoir,2050,1,11,11,2670.090847474482
6217,FI_Hydro_Reservoir,2050,1,12,12,2660.281061282953
6218,FI_Hydro_Reservoir,2050,1,13,13,2650.471275091424
6219,FI_Hydro_Reservoir,2050,1,14,14,2640.661488899895
6220,FI_Hydro_Reservoir,2050,1,15,15,2630.8517027083662
6221,FI_Hydro_Reservoir,2050,1,16,16,2621.0419165168373
6222,FI_Hydro_Reservoir,2050,1,17,17,2611.2321303253084
6223,FI_Hydro_Reservoir,2050,1,18,18,2614.7690572598844
6224,FI_Hydro_Reservoir,2050,1,19,19,2632.648650607259
6225,FI_Hydro_Reservoir,2050,1,20,20,2642.4089119629175
6226,FI_Hydro_Reservoir,2050,1,21,21,2652.1432329324293
6227,FI_Hydro_Reservoir,2050,1,22,22,2670.0228262798037
6228,FI_Hydro_Reservoir,2050,1,23,23,2679.8996896551703
6229,FI_Hydro_Reservoir,2050,1,24,24,2672.3346331309726
6230,FI_Hydro_Reservoir,2050,1,25,25,2679.364334288608
6231,FI_Hydro_Reservoir,2050,1,26,26,2673.270688005698
6232,FI_Hydro_Reservoir,2050,1,27,27,2672.5321471090833
6233,FI_Hydro_Reservoir,2050,1,28,28,2662.7223609175544
6234,FI_Hydro_Reservoir,2050,1,29,29,2652.9125747260255
6235,FI_Hydro_Reservoir,2050,1,30,30,2643.1027885344965
6236,FI_Hydro_Reservoir,2050,1,31,31,2642.2723922653117
6237,FI_Hydro_Reservoir,2050,1,32,32,2632.8077691952844
6238,FI_Hydro_Reservoir,2050,1,33,33,2633.6173243762
6239,FI_Hydro_Reservoir,2050,1,34,34,2645.1097010368676
6240,FI_Hydro_Reservoir,2050,1,35,35,2661.359190948879
6241,FI_Hydro_Reservoir,2050,1,36,36,2671.8872587441842
6242,FI_Hydro_Reservoir,2050,1,37,37,2662.0774725526553
6243,FI_Hydro_Reservoir,2050,1,38,38,2652.2676863611264
6244,FI_Hydro_Reservoir,2050,1,39,39,2642.4579001695975
6245,FI_Hydro_Reservoir,2050,1,40,40,2636.95482909102
6246,FI_Hydro_Reservoir,2050,1,41,41,2638.989704986548
6247,FI_Hydro_Reservoir,2050,1,42,42,2651.1107345690625
6248,FI_Hydro_Reservoir,2050,1,43,43,2659.9764005367165
6249,FI_Hydro_Reservoir,2050,1,44,44,2666.1164970296604
6250,FI_Hydro_Reservoir,2050,1,45,45,2675.8831833530535
6251,FI_Hydro_Reservoir,2050,1,46,46,2665.9620226898637
6252,FI_Hydro_Reservoir,2050,1,47,47,2656.0513214451767
6253,FI_Hydro_Reservoir,2050,1,48,48,2647.023997180657
6254,FI_Hydro_Reservoir,2050,1,49,49,2637.174008382072
6255,FI_Hydro_Reservoir,2050,1,50,50,2627.364222190543
6256,FI_Hydro_Reservoir,2050,1,51,51,2617.46815829955
6257,FI_Hydro_Reservoir,2050,1,52,52,2614.6686074235113
6258,FI_Hydro_Reservoir,2050,1,53,53,2607.951721179547
6259,FI_Hydro_Reservoir,2050,1,54,54,2598.141934988018
6260,FI_Hydro_Reservoir,2050,1,55,55,2591.1828139221693
6261,FI_Hydro_Reservoir,2050,1,56,56,2600.0456829601562
6262,FI_Hydro_Reservoir,2050,1,57,57,2604.631831266336
6263,FI_Hydro_Reservoir,2050,1,58,58,2613.2052360952343
6264,FI_Hydro_Reservoir,2050,1,59,59,2616.5310857710087
6265,FI_Hydro_Reservoir,2050,1,60,60,2606.72129957948
6266,FI_Hydro_Reservoir,2050,1,61,61,2596.911513387951
6267,FI_Hydro_Reservoir,2050,1,62,62,2587.0905094095474
6268,FI_Hydro_Reservoir,2050,1,63,63,2587.8610681296836
6269,FI_Hydro_Reservoir,2050,1,64,64,2594.294529949391
6270,FI_Hydro_Reservoir,2050,1,65,65,2586.250527779312
6271,FI_Hydro_Reservoir,2050,1,66,66,2576.440741587783
6272,FI_Hydro_Reservoir,2050,1,67,67,2566.592678801007
6273,FI_Hydro_Reservoir,2050,1,68,68,2571.1571137662895
6274,FI_Hydro_Reservoir,2050,1,69,69,2560.9856805442523
6275,FI_Hydro_Reservoir,2050,1,70,70,2566.008206673222
6276,FI_Hydro_Reservoir,2050,1,71,71,2566.5062349583545
6277,FI_Hydro_Reservoir,2050,1,72,72,2556.4877633466062
6278,FI_Hydro_Reservoir,2050,1,73,73,2549.6638958966773
6279,FI_Hydro_Reservoir,2050,1,74,74,2543.296135559101
6280,FI_Hydro_Reservoir,2050,1,75,75,2533.260071008346
6281,FI_Hydro_Reservoir,2050,1,76,76,2523.0146271924245
6282,FI_Hydro_Reservoir,2050,1,77,77,2536.5794742776548
6283,FI_Hydro_Reservoir,2050,1,78,78,2550.445572826357
6284,FI_Hydro_Reservoir,2050,1,79,79,2563.8031456566914
6285,FI_Hydro_Reservoir,2050,1,80,80,2561.140994236688
6286,FI_Hydro_Reservoir,2050,1,81,81,2565.0015339955776
6287,FI_Hydro_Reservoir,2050,1,82,82,2555.932618083749
6288,FI_Hydro_Reservoir,2050,1,83,83,2569.3808978487964
6289,FI_Hydro_Reservoir,2050,1,84,84,2578.225876709943
6290,FI_Hydro_Reservoir,2050,1,85,85,2570.1453424385504
6291,FI_Hydro_Reservoir,2050,1,86,86,2570.339558080984
6292,FI_Hydro_Reservoir,2050,1,87,87,2569.902304975651
6293,FI_Hydro_Reservoir,2050,1,88,88,2560.092518784122
6294,FI_Hydro_Reservoir,2050,1,89,89,2550.282732592593
6295,FI_Hydro_Reservoir,2050,1,90,90,2540.4729464010643
6296,FI_Hydro_Reservoir,2050,1,91,91,2531.384579104723
6297,FI_Hydro_Reservoir,2050,1,92,92,2523.1630979045062
6298,FI_Hydro_Reservoir,2050,1,93,93,2536.5231219224156
6299,FI_Hydro_Reservoir,2050,1,94,94,2547.8672218927522
6300,FI_Hydro_Reservoir,2050,1,95,95,2563.0119488792857
6301,FI_Hydro_Reservoir,2050,1,96,96,2577.0000020100006
6302,FI_Hydro_Reservoir,2050,1,97,97,2566.7312462899586
6303,FI_Hydro_Reservoir,2050,1,98,98,2559.7972794339007
6304,FI_Hydro_Reservoir,2050,1,99,99,2551.0324724221437
6305,FI_Hydro_Reservoir,2050,1,100,100,2550.805250192901
6306,FI_Hydro_Reservoir,2050,1,101,101,2552.1854259430283
6307,FI_Hydro_Reservoir,2050,1,102,102,2542.056495375713
6308,FI_Hydro_Reservoir,2050,1,103,103,2531.8025728377934
6309,FI_Hydro_Reservoir,2050,1,104,104,2521.6049222649613
6310,FI_Hydro_Reservoir,2050,1,105,105,2511.2687697454194
6311,FI_Hydro_Reservoir,2050,1,106,106,2500.9052386208878
6312,FI_Hydro_Reservoir,2050,1,107,107,2495.1250826511414
6313,FI_Hydro_Reservoir,2050,1,108,108,2499.214126758185
6314,FI_Hydro_Reservoir,2050,1,109,109,2492.8447971933183
6315,FI_Hydro_Reservoir,2050,1,110,110,2482.4846851906636
6316,FI_Hydro_Reservoir,2050,1,111,111,2476.209780322253
6317,FI_Hydro_Reservoir,2050,1,112,112,2472.232942684822
6318,FI_Hydro_Reservoir,2050,1,113,113,2461.654053265621
6319,FI_Hydro_Reservoir,2050,1,114,114,2458.837892682524
6320,FI_Hydro_Reservoir,2050,1,115,115,2465.7938656913616
6321,FI_Hydro_Reservoir,2050,1,116,116,2480.9562706558395
6322,FI_Hydro_Reservoir,2050,1,117,117,2498.52073012802
6323,FI_Hydro_Reservoir,2050,1,118,118,2508.2558249310846
6324,FI_Hydro_Reservoir,2050,1,119,119,2497.8456900844894
6325,FI_Hydro_Reservoir,2050,1,120,120,2487.2668006652884
6326,FI_Hydro_Reservoir,2050,1,121,121,2476.6879112460874
6327,FI_Hydro_Reservoir,2050,1,122,122,2466.1090218268864
6328,FI_Hydro_Reservoir,2050,1,123,123,2463.4470053962814
6329,FI_Hydro_Reservoir,2050,1,124,124,2452.8681159770804
6330,FI_Hydro_Reservoir,2050,1,125,125,2442.2892265578794
6331,FI_Hydro_Reservoir,2050,1,126,126,2431.7629059973424
6332,FI_Hydro_Reservoir,2050,1,127,127,2421.1840165781414
6333,FI_Hydro_Reservoir,2050,1,128,128,2410.6051271589404
6334,FI_Hydro_Reservoir,2050,1,129,129,2400.0262377397394
6335,FI_Hydro_Reservoir,2050,1,130,130,2389.4473483205384
6336,FI_Hydro_Reservoir,2050,1,131,131,2378.8684589013374
6337,FI_Hydro_Reservoir,2050,1,132,132,2368.2895694821364
6338,FI_Hydro_Reservoir,2050,1,133,133,2357.7106800629354
6339,FI_Hydro_Reservoir,2050,1,134,134,2356.505159096848
6340,FI_Hydro_Reservoir,2050,1,135,135,2357.0952550776046
6341,FI_Hydro_Reservoir,2050,1,136,136,2350.5675087663662
6342,FI_Hydro_Reservoir,2050,1,137,137,2339.9886193471652
6343,FI_Hydro_Reservoir,2050,1,138,138,2329.4097299279642
6344,FI_Hydro_Reservoir,2050,1,139,139,2318.8308405087632
6345,FI_Hydro_Reservoir,2050,1,140,140,2324.586050372715
6346,FI_Hydro_Reservoir,2050,1,141,141,2333.5214604699277
6347,FI_Hydro_Reservoir,2050,1,142,142,2328.598336182366
6348,FI_Hydro_Reservoir,2050,1,143,143,2321.627019061097
6349,FI_Hydro_Reservoir,2050,1,144,144,2327.0410668137856
6350,FI_Hydro_Reservoir,2050,1,145,145,2336.802988646386
6351,FI_Hydro_Reservoir,2050,1,146,146,2334.982215611399
6352,FI_Hydro_Reservoir,2050,1,147,147,2328.509703713448
6353,FI_Hydro_Reservoir,2050,1,148,148,2317.930814294247
6354,FI_Hydro_Reservoir,2050,1,149,149,2311.7403991798856
6355,FI_Hydro_Reservoir,2050,1,150,150,2301.1615097606846
6356,FI_Hydro_Reservoir,2050,1,151,151,2290.5947933947773
6357,FI_Hydro_Reservoir,2050,1,152,152,2280.0159039755763
6358,FI_Hydro_Reservoir,2050,1,153,153,2269.4370145563753
6359,FI_Hydro_Reservoir,2050,1,154,154,2258.8581251371743
6360,FI_Hydro_Reservoir,2050,1,155,155,2248.2792357179733
6361,FI_Hydro_Reservoir,2050,1,156,156,2242.7046579137
6362,FI_Hydro_Reservoir,2050,1,157,157,2232.125768494499
6363,FI_Hydro_Reservoir,2050,1,158,158,2221.546879075298
6364,FI_Hydro_Reservoir,2050,1,159,159,2210.967989656097
6365,FI_Hydro_Reservoir,2050,1,160,160,2207.975498806232
6366,FI_Hydro_Reservoir,2050,1,161,161,2197.396609387031
6367,FI_Hydro_Reservoir,2050,1,162,162,2195.0000002699985
6368,FI_Hydro_Reservoir,2050,1,163,163,2203.936639184123
6369,FI_Hydro_Reservoir,2050,1,164,164,2214.9028206137573
6370,FI_Hydro_Reservoir,2050,1,165,165,2204.3239311945563
6371,FI_Hydro_Reservoir,2050,1,166,166,2197.336639061316
6372,FI_Hydro_Reservoir,2050,1,167,167,2204.7741285849293
6373,FI_Hydro_Reservoir,2050,1,168,168,2203.3067213167396
6374,FI_Hydro_Reservoir,2050,1,169,169,2192.7745207536395
6375,FI_Hydro_Reservoir,2050,1,170,170,2193.542113369561
6376,FI_Hydro_Reservoir,2050,1,171,171,2211.421706716935
6377,FI_Hydro_Reservoir,2050,1,172,172,2229.3013000643095
6378,FI_Hydro_Reservoir,2050,1,173,173,2245.603097388326
6379,FI_Hydro_Reservoir,2050,1,174,174,2245.0286205345847
6380,FI_Hydro_Reservoir,2050,1,175,175,2234.4497311153837
6381,FI_Hydro_Reservoir,2050,1,176,176,2229.5213731953427
6382,FI_Hydro_Reservoir,2050,1,177,177,2243.121333936057
6383,FI_Hydro_Reservoir,2050,1,178,178,2261.0009272834313
6384,FI_Hydro_Reservoir,2050,1,179,179,2278.8805206308057
6385,FI_Hydro_Reservoir,2050,1,180,180,2291.970273031842
6386,FI_Hydro_Reservoir,2050,1,181,181,2306.562538067213
6387,FI_Hydro_Reservoir,2050,1,182,182,2315.937001395081
6388,FI_Hydro_Reservoir,2050,1,183,183,2321.8489749773016
6389,FI_Hydro_Reservoir,2050,1,184,184,2330.2188503187413
6390,FI_Hydro_Reservoir,2050,1,185,185,2342.9432310653265
6391,FI_Hydro_Reservoir,2050,1,186,186,2360.822824412701
6392,FI_Hydro_Reservoir,2050,1,187,187,2350.2439349935
6393,FI_Hydro_Reservoir,2050,1,188,188,2339.665045574299
6394,FI_Hydro_Reservoir,2050,1,189,189,2329.273271377861
6395,FI_Hydro_Reservoir,2050,1,190,190,2318.790285337312
6396,FI_Hydro_Reservoir,2050,1,191,191,2308.211395918111
6397,FI_Hydro_Reservoir,2050,1,192,192,2317.5592509541775
6398,FI_Hydro_Reservoir,2050,1,193,193,2335.1358998496426
6399,FI_Hydro_Reservoir,2050,1,194,194,2353.015493197017
6400,FI_Hydro_Reservoir,2050,1,195,195,2370.8950865443912
6401,FI_Hydro_Reservoir,2050,1,196,196,2384.010957362796
6402,FI_Hydro_Reservoir,2050,1,197,197,2395.4589765928254
6403,FI_Hydro_Reservoir,2050,1,198,198,2401.843035863657
6404,FI_Hydro_Reservoir,2050,1,199,199,2395.049712396373
6405,FI_Hydro_Reservoir,2050,1,200,200,2402.4181544220114
6406,FI_Hydro_Reservoir,2050,1,201,201,2411.220923571932
6407,FI_Hydro_Reservoir,2050,1,202,202,2408.686191134948
6408,FI_Hydro_Reservoir,2050,1,203,203,2407.461494771795
6409,FI_Hydro_Reservoir,2050,1,204,204,2409.0324790981413
6410,FI_Hydro_Reservoir,2050,1,205,205,2421.436623940082
6411,FI_Hydro_Reservoir,2050,1,206,206,2413.7748082028743
6412,FI_Hydro_Reservoir,2050,1,207,207,2403.35305442288
6413,FI_Hydro_Reservoir,2050,1,208,208,2409.6266473219516
6414,FI_Hydro_Reservoir,2050,1,209,209,2418.949026350356
6415,FI_Hydro_Reservoir,2050,1,210,210,2413.6756285880338
6416,FI_Hydro_Reservoir,2050,1,211,211,2412.571098234318
6417,FI_Hydro_Reservoir,2050,1,212,212,2414.0108939187294
6418,FI_Hydro_Reservoir,2050,1,213,213,2428.4691418367934
6419,FI_Hydro_Reservoir,2050,1,214,214,2446.3487351841677
6420,FI_Hydro_Reservoir,2050,1,215,215,2463.653787588693
6421,FI_Hydro_Reservoir,2050,1,216,216,2476.4312563196577
6422,FI_Hydro_Reservoir,2050,1,217,217,2488.0495737308706
6423,FI_Hydro_Reservoir,2050,1,218,218,2505.929167078245
6424,FI_Hydro_Reservoir,2050,1,219,219,2523.8087604256193
6425,FI_Hydro_Reservoir,2050,1,220,220,2541.6883537729937
6426,FI_Hydro_Reservoir,2050,1,221,221,2559.567947120368
6427,FI_Hydro_Reservoir,2050,1,222,222,2577.4475404677423
6428,FI_Hydro_Reservoir,2050,1,223,223,2595.3271338151167
6429,FI_Hydro_Reservoir,2050,1,224,224,2613.206727162491
6430,FI_Hydro_Reservoir,2050,1,225,225,2622.9867480906873
6431,FI_Hydro_Reservoir,2050,1,226,226,2631.64745363852
6432,FI_Hydro_Reservoir,2050,1,227,227,2641.0101203051527
6433,FI_Hydro_Reservoir,2050,1,228,228,2642.25346646175
6434,FI_Hydro_Reservoir,2050,1,229,229,2634.2222933884104
6435,FI_Hydro_Reservoir,2050,1,230,230,2629.4571603196814
6436,FI_Hydro_Reservoir,2050,1,231,231,2642.923934199596
6437,FI_Hydro_Reservoir,2050,1,232,232,2660.80352754697
6438,FI_Hydro_Reservoir,2050,1,233,233,2678.6831208943445
6439,FI_Hydro_Reservoir,2050,1,234,234,2695.5067827615458
6440,FI_Hydro_Reservoir,2050,1,235,235,2699.744819325867
6441,FI_Hydro_Reservoir,2050,1,236,236,2693.433864389427
6442,FI_Hydro_Reservoir,2050,1,237,237,2683.1232354241984
6443,FI_Hydro_Reservoir,2050,1,238,238,2679.674085357379
6444,FI_Hydro_Reservoir,2050,1,239,239,2674.18367774488
6445,FI_Hydro_Reservoir,2050,1,240,240,2669.8925434191183
6446,FI_Hydro_Reservoir,2050,1,241,241,2669.480333117691
6447,FI_Hydro_Reservoir,2050,1,242,242,2687.359926465065
6448,FI_Hydro_Reservoir,2050,1,243,243,2705.2395198124395
6449,FI_Hydro_Reservoir,2050,1,244,244,2705.783166344766
6450,FI_Hydro_Reservoir,2050,1,245,245,2699.6579367553086
6451,FI_Hydro_Reservoir,2050,1,246,246,2717.537530102683
6452,FI_Hydro_Reservoir,2050,1,247,247,2735.4171234500573
6453,FI_Hydro_Reservoir,2050,1,248,248,2729.619312170877
6454,FI_Hydro_Reservoir,2050,1,249,249,2726.6962515153264
6455,FI_Hydro_Reservoir,2050,1,250,250,2721.206905381855
6456,FI_Hydro_Reservoir,2050,1,251,251,2719.9735788043877
6457,FI_Hydro_Reservoir,2050,1,252,252,2737.853172151762
6458,FI_Hydro_Reservoir,2050,1,253,253,2755.7327654991363
6459,FI_Hydro_Reservoir,2050,1,254,254,2763.9430037065895
6460,FI_Hydro_Reservoir,2050,1,255,255,2756.396429543374
6461,FI_Hydro_Reservoir,2050,1,256,256,2755.143745397582
6462,FI_Hydro_Reservoir,2050,1,257,257,2745.035489054498
6463,FI_Hydro_Reservoir,2050,1,258,258,2735.4494852159096
6464,FI_Hydro_Reservoir,2050,1,259,259,2745.2281058072313
6465,FI_Hydro_Reservoir,2050,1,260,260,2738.38160811112
6466,FI_Hydro_Reservoir,2050,1,261,261,2728.091646404048
6467,FI_Hydro_Reservoir,2050,1,262,262,2733.3835734979994
6468,FI_Hydro_Reservoir,2050,1,263,263,2751.2631668453737
6469,FI_Hydro_Reservoir,2050,1,264,264,2769.142760192748
6470,FI_Hydro_Reservoir,2050,1,265,265,2782.317205942871
6471,FI_Hydro_Reservoir,2050,1,266,266,2797.7118932580725
6472,FI_Hydro_Reservoir,2050,1,267,267,2807.544250124863
6473,FI_Hydro_Reservoir,2050,1,268,268,2824.0149727504668
6474,FI_Hydro_Reservoir,2050,1,269,269,2841.894566097841
6475,FI_Hydro_Reservoir,2050,1,270,270,2854.0867913580087
6476,FI_Hydro_Reservoir,2050,1,271,271,2862.9096419281436
6477,FI_Hydro_Reservoir,2050,1,272,272,2875.0909666278403
6478,FI_Hydro_Reservoir,2050,1,273,273,2881.5024124949605
6479,FI_Hydro_Reservoir,2050,1,274,274,2871.232470592331
6480,FI_Hydro_Reservoir,2050,1,275,275,2860.8405596371795
6481,FI_Hydro_Reservoir,2050,1,276,276,2878.720152984554
6482,FI_Hydro_Reservoir,2050,1,277,277,2896.599746331928
6483,FI_Hydro_Reservoir,2050,1,278,278,2910.8120798090113
6484,FI_Hydro_Reservoir,2050,1,279,279,2900.876829445933
6485,FI_Hydro_Reservoir,2050,1,280,280,2894.4960244329345
6486,FI_Hydro_Reservoir,2050,1,281,281,2909.1535221529225
6487,FI_Hydro_Reservoir,2050,1,282,282,2927.033115500297
6488,FI_Hydro_Reservoir,2050,1,283,283,2944.912708847671
6489,FI_Hydro_Reservoir,2050,1,284,284,2956.6375794058367
6490,FI_Hydro_Reservoir,2050,1,285,285,2972.4370743204067
6491,FI_Hydro_Reservoir,2050,1,286,286,2980.6316199078383
6492,FI_Hydro_Reservoir,2050,1,287,287,2988.2648055794402
6493,FI_Hydro_Reservoir,2050,1,288,288,2982.8940089399694
6494,FI_Hydro_Reservoir,2050,1,289,289,2980.942775921801
6495,FI_Hydro_Reservoir,2050,1,290,290,2998.8223692691754
6496,FI_Hydro_Reservoir,2050,1,291,291,3016.7019626165497
6497,FI_Hydro_Reservoir,2050,1,292,292,3034.581555963924
6498,FI_Hydro_Reservoir,2050,1,293,293,3052.4611493112984
6499,FI_Hydro_Reservoir,2050,1,294,294,3063.1586702079408
6500,FI_Hydro_Reservoir,2050,1,295,295,3053.092700787266
6501,FI_Hydro_Reservoir,2050,1,296,296,3042.8669064732812
6502,FI_Hydro_Reservoir,2050,1,297,297,3052.168515958475
6503,FI_Hydro_Reservoir,2050,1,298,298,3044.69067764792
6504,FI_Hydro_Reservoir,2050,1,299,299,3050.1896068168617
6505,FI_Hydro_Reservoir,2050,1,300,300,3058.117176056296
6506,FI_Hydro_Reservoir,2050,1,301,301,3063.040767123139
6507,FI_Hydro_Reservoir,2050,1,302,302,3076.799705575186
6508,FI_Hydro_Reservoir,2050,1,303,303,3088.7939347786305
6509,FI_Hydro_Reservoir,2050,1,304,304,3087.3453175113177
6510,FI_Hydro_Reservoir,2050,1,305,305,3081.3768518575125
6511,FI_Hydro_Reservoir,2050,1,306,306,3079.720200369563
6512,FI_Hydro_Reservoir,2050,1,307,307,3096.4858336357934
6513,FI_Hydro_Reservoir,2050,1,308,308,3114.3654269831677
6514,FI_Hydro_Reservoir,2050,1,309,309,3131.7788364122353
6515,FI_Hydro_Reservoir,2050,1,310,310,3141.330817623008
6516,FI_Hydro_Reservoir,2050,1,311,311,3136.154424655657
6517,FI_Hydro_Reservoir,2050,1,312,312,3126.164309410725
6518,FI_Hydro_Reservoir,2050,1,313,313,3116.354523219196
6519,FI_Hydro_Reservoir,2050,1,314,314,3106.502876620286
6520,FI_Hydro_Reservoir,2050,1,315,315,3096.5368253665833
6521,FI_Hydro_Reservoir,2050,1,316,316,3088.8885524445864
6522,FI_Hydro_Reservoir,2050,1,317,317,3079.005473498574
6523,FI_Hydro_Reservoir,2050,1,318,318,3069.195687307045
6524,FI_Hydro_Reservoir,2050,1,319,319,3069.4576576449736
6525,FI_Hydro_Reservoir,2050,1,320,320,3064.930140392096
6526,FI_Hydro_Reservoir,2050,1,321,321,3057.3923518952283
6527,FI_Hydro_Reservoir,2050,1,322,322,3047.553033862182
6528,FI_Hydro_Reservoir,2050,1,323,323,3037.743247670653
6529,FI_Hydro_Reservoir,2050,1,324,324,3034.879665259485
6530,FI_Hydro_Reservoir,2050,1,325,325,3032.578838420591
6531,FI_Hydro_Reservoir,2050,1,326,326,3032.616951136448
6532,FI_Hydro_Reservoir,2050,1,327,327,3046.65189955942
6533,FI_Hydro_Reservoir,2050,1,328,328,3036.797194555782
6534,FI_Hydro_Reservoir,2050,1,329,329,3027.861849355813
6535,FI_Hydro_Reservoir,2050,1,330,330,3029.24677619715
6536,FI_Hydro_Reservoir,2050,1,331,331,3019.4369900056213
6537,FI_Hydro_Reservoir,2050,1,332,332,3009.6272038140924
6538,FI_Hydro_Reservoir,2050,1,333,333,2999.8174176225634
6539,FI_Hydro_Reservoir,2050,1,334,334,2990.0076314310345
6540,FI_Hydro_Reservoir,2050,1,335,335,2980.1978452395056
6541,FI_Hydro_Reservoir,2050,1,336,336,2972.3830106029
6542,FI_Hydro_Reservoir,2050,1,337,337,2964.8485592763072
6543,FI_Hydro_Reservoir,2050,1,338,338,2955.0387730847783
6544,FI_Hydro_Reservoir,2050,1,339,339,2945.2289868932494
6545,FI_Hydro_Reservoir,2050,1,340,340,2935.4192007017205
6546,FI_Hydro_Reservoir,2050,1,341,341,2925.6094145101915
6547,FI_Hydro_Reservoir,2050,1,342,342,2917.721566698658
6548,FI_Hydro_Reservoir,2050,1,343,343,2907.911780507129
6549,FI_Hydro_Reservoir,2050,1,344,344,2898.1019943156
6550,FI_Hydro_Reservoir,2050,1,345,345,2888.2922081240713
6551,FI_Hydro_Reservoir,2050,1,346,346,2879.401956530884
6552,FI_Hydro_Reservoir,2050,1,347,347,2885.050977167627
6553,FI_Hydro_Reservoir,2050,1,348,348,2893.679415688652
6554,FI_Hydro_Reservoir,2050,1,349,349,2903.121887206989
6555,FI_Hydro_Reservoir,2050,1,350,350,2897.058085018513
6556,FI_Hydro_Reservoir,2050,1,351,351,2887.248298826984
6557,FI_Hydro_Reservoir,2050,1,352,352,2877.438512635455
6558,FI_Hydro_Reservoir,2050,1,353,353,2867.628726443926
6559,FI_Hydro_Reservoir,2050,1,354,354,2857.818940252397
6560,FI_Hydro_Reservoir,2050,1,355,355,2848.0091540608682
6561,FI_Hydro_Reservoir,2050,1,356,356,2838.1993678693393
6562,FI_Hydro_Reservoir,2050,1,357,357,2828.3895816778104
6563,FI_Hydro_Reservoir,2050,1,358,358,2818.5797954862815
6564,FI_Hydro_Reservoir,2050,1,359,359,2808.7700092947525
6565,FI_Hydro_Reservoir,2050,1,360,360,2799.252447164808
6566,FI_Hydro_Reservoir,2050,1,361,361,2794.517519200726
6567,FI_Hydro_Reservoir,2050,1,362,362,2790.6983995221367
6568,FI_Hydro_Reservoir,2050,1,363,363,2784.6195723830583
6569,FI_Hydro_Reservoir,2050,1,364,364,2774.809786191529
6570,FI_Hydro_Reservoir,2050,1,365,365,2765.0
6571,FR_Hydro_Reservoir,2050,1,1,1,4974.656171273131
6572,FR_Hydro_Reservoir,2050,1,2,2,4949.312342546262
6573,FR_Hydro_Reservoir,2050,1,3,3,4923.968513819393
6574,FR_Hydro_Reservoir,2050,1,4,4,4898.624685092524
6575,FR_Hydro_Reservoir,2050,1,5,5,4874.490417807794
6576,FR_Hydro_Reservoir,2050,1,6,6,4852.919015931682
6577,FR_Hydro_Reservoir,2050,1,7,7,4827.575187204813
6578,FR_Hydro_Reservoir,2050,1,8,8,4802.231358477944
6579,FR_Hydro_Reservoir,2050,1,9,9,4776.887529751075
6580,FR_Hydro_Reservoir,2050,1,10,10,4751.543701024206
6581,FR_Hydro_Reservoir,2050,1,11,11,4726.199872297337
6582,FR_Hydro_Reservoir,2050,1,12,12,4700.856043570468
6583,FR_Hydro_Reservoir,2050,1,13,13,4675.5122148435985
6584,FR_Hydro_Reservoir,2050,1,14,14,4650.168386116729
6585,FR_Hydro_Reservoir,2050,1,15,15,4624.82455738986
6586,FR_Hydro_Reservoir,2050,1,16,16,4599.480728662991
6587,FR_Hydro_Reservoir,2050,1,17,17,4574.136899936122
6588,FR_Hydro_Reservoir,2050,1,18,18,4553.90852231104
6589,FR_Hydro_Reservoir,2050,1,19,19,4539.177319009751
6590,FR_Hydro_Reservoir,2050,1,20,20,4521.334185048804
6591,FR_Hydro_Reservoir,2050,1,21,21,4503.481108806515
6592,FR_Hydro_Reservoir,2050,1,22,22,4488.749905505227
6593,FR_Hydro_Reservoir,2050,1,23,23,4470.951462092773
6594,FR_Hydro_Reservoir,2050,1,24,24,4446.46798038479
6595,FR_Hydro_Reservoir,2050,1,25,25,4427.578293085842
6596,FR_Hydro_Reservoir,2050,1,26,26,4403.658764994667
6597,FR_Hydro_Reservoir,2050,1,27,27,4381.791710759015
6598,FR_Hydro_Reservoir,2050,1,28,28,4356.447882032146
6599,FR_Hydro_Reservoir,2050,1,29,29,4331.1040533052765
6600,FR_Hydro_Reservoir,2050,1,30,30,4305.760224578407
6601,FR_Hydro_Reservoir,2050,1,31,31,4283.857964546214
6602,FR_Hydro_Reservoir,2050,1,32,32,4258.646427946514
6603,FR_Hydro_Reservoir,2050,1,33,33,4237.372719031965
6604,FR_Hydro_Reservoir,2050,1,34,34,4220.193460218534
6605,FR_Hydro_Reservoir,2050,1,35,35,4204.837480289796
6606,FR_Hydro_Reservoir,2050,1,36,36,4187.28862674535
6607,FR_Hydro_Reservoir,2050,1,37,37,4161.9447980184805
6608,FR_Hydro_Reservoir,2050,1,38,38,4136.600969291611
6609,FR_Hydro_Reservoir,2050,1,39,39,4111.257140564742
6610,FR_Hydro_Reservoir,2050,1,40,40,4087.563964726076
6611,FR_Hydro_Reservoir,2050,1,41,41,4066.759889656232
6612,FR_Hydro_Reservoir,2050,1,42,42,4049.8215773029006
6613,FR_Hydro_Reservoir,2050,1,43,43,4031.6355679897997
6614,FR_Hydro_Reservoir,2050,1,44,44,4012.404918154297
6615,FR_Hydro_Reservoir,2050,1,45,45,3994.5642467178664
6616,FR_Hydro_Reservoir,2050,1,46,46,3981.1912993840324
6617,FR_Hydro_Reservoir,2050,1,47,47,3966.6941405816983
6618,FR_Hydro_Reservoir,2050,1,48,48,3945.7650041568404
6619,FR_Hydro_Reservoir,2050,1,49,49,3924.7422791225704
6620,FR_Hydro_Reservoir,2050,1,50,50,3899.3984503957013
6621,FR_Hydro_Reservoir,2050,1,51,51,3883.3280224019118
6622,FR_Hydro_Reservoir,2050,1,52,52,3860.6710361679907
6623,FR_Hydro_Reservoir,2050,1,53,53,3839.618722399073
6624,FR_Hydro_Reservoir,2050,1,54,54,3814.2748936722037
6625,FR_Hydro_Reservoir,2050,1,55,55,3790.0236514061507
6626,FR_Hydro_Reservoir,2050,1,56,56,3771.836570102005
6627,FR_Hydro_Reservoir,2050,1,57,57,3752.0103319827813
6628,FR_Hydro_Reservoir,2050,1,58,58,3733.7123065088376
6629,FR_Hydro_Reservoir,2050,1,59,59,3713.4030284114133
6630,FR_Hydro_Reservoir,2050,1,60,60,3688.059199684544
6631,FR_Hydro_Reservoir,2050,1,61,61,3662.715370957675
6632,FR_Hydro_Reservoir,2050,1,62,62,3638.577265536703
6633,FR_Hydro_Reservoir,2050,1,63,63,3617.2886102839525
6634,FR_Hydro_Reservoir,2050,1,64,64,3598.170399816093
6635,FR_Hydro_Reservoir,2050,1,65,65,3573.5033505878687
6636,FR_Hydro_Reservoir,2050,1,66,66,3548.1595218609996
6637,FR_Hydro_Reservoir,2050,1,67,67,3526.9297829699617
6638,FR_Hydro_Reservoir,2050,1,68,68,3507.0952226868785
6639,FR_Hydro_Reservoir,2050,1,69,69,3520.6223636158084
6640,FR_Hydro_Reservoir,2050,1,70,70,3508.5449619446085
6641,FR_Hydro_Reservoir,2050,1,71,71,3487.1518528011625
6642,FR_Hydro_Reservoir,2050,1,72,72,3484.2381948005823
6643,FR_Hydro_Reservoir,2050,1,73,73,3472.8989689397495
6644,FR_Hydro_Reservoir,2050,1,74,74,3453.6488572221633
6645,FR_Hydro_Reservoir,2050,1,75,75,3452.6261440948465
6646,FR_Hydro_Reservoir,2050,1,76,76,3474.1081783490204
6647,FR_Hydro_Reservoir,2050,1,77,77,3457.723244027063
6648,FR_Hydro_Reservoir,2050,1,78,78,3441.4537716256673
6649,FR_Hydro_Reservoir,2050,1,79,79,3424.9893944247356
6650,FR_Hydro_Reservoir,2050,1,80,80,3402.3850698605543
6651,FR_Hydro_Reservoir,2050,1,81,81,3382.280724689232
6652,FR_Hydro_Reservoir,2050,1,82,82,3383.6167559973997
6653,FR_Hydro_Reservoir,2050,1,83,83,3367.1871444263825
6654,FR_Hydro_Reservoir,2050,1,84,84,3348.993206278611
6655,FR_Hydro_Reservoir,2050,1,85,85,3324.3121552376447
6656,FR_Hydro_Reservoir,2050,1,86,86,3302.8026025396584
6657,FR_Hydro_Reservoir,2050,1,87,87,3281.0510241480815
6658,FR_Hydro_Reservoir,2050,1,88,88,3255.7071954212124
6659,FR_Hydro_Reservoir,2050,1,89,89,3230.3633666943433
6660,FR_Hydro_Reservoir,2050,1,90,90,3205.019537967474
6661,FR_Hydro_Reservoir,2050,1,91,91,3179.9522105070496
6662,FR_Hydro_Reservoir,2050,1,92,92,3171.627939603665
6663,FR_Hydro_Reservoir,2050,1,93,93,3155.1645018797462
6664,FR_Hydro_Reservoir,2050,1,94,94,3139.4126102985038
6665,FR_Hydro_Reservoir,2050,1,95,95,3123.633203218006
6666,FR_Hydro_Reservoir,2050,1,96,96,3107.410472864262
6667,FR_Hydro_Reservoir,2050,1,97,97,3131.3981444975684
6668,FR_Hydro_Reservoir,2050,1,98,98,3156.973625367328
6669,FR_Hydro_Reservoir,2050,1,99,99,3189.9501080204514
6670,FR_Hydro_Reservoir,2050,1,100,100,3208.8864573375527
6671,FR_Hydro_Reservoir,2050,1,101,101,3196.1258613689088
6672,FR_Hydro_Reservoir,2050,1,102,102,3205.084682188424
6673,FR_Hydro_Reservoir,2050,1,103,103,3227.4780363697896
6674,FR_Hydro_Reservoir,2050,1,104,104,3243.8231012998403
6675,FR_Hydro_Reservoir,2050,1,105,105,3275.0547946649826
6676,FR_Hydro_Reservoir,2050,1,106,106,3309.229227314545
6677,FR_Hydro_Reservoir,2050,1,107,107,3323.70608171814
6678,FR_Hydro_Reservoir,2050,1,108,108,3315.3652804819353
6679,FR_Hydro_Reservoir,2050,1,109,109,3345.2696286005753
6680,FR_Hydro_Reservoir,2050,1,110,110,3379.0765631884406
6681,FR_Hydro_Reservoir,2050,1,111,111,3412.537556635559
6682,FR_Hydro_Reservoir,2050,1,112,112,3445.052546547017
6683,FR_Hydro_Reservoir,2050,1,113,113,3502.374371629106
6684,FR_Hydro_Reservoir,2050,1,114,114,3540.042017472334
6685,FR_Hydro_Reservoir,2050,1,115,115,3542.3015838167394
6686,FR_Hydro_Reservoir,2050,1,116,116,3534.449933908429
6687,FR_Hydro_Reservoir,2050,1,117,117,3520.5166069465117
6688,FR_Hydro_Reservoir,2050,1,118,118,3521.0594790436176
6689,FR_Hydro_Reservoir,2050,1,119,119,3560.2430275253705
6690,FR_Hydro_Reservoir,2050,1,120,120,3617.5648526074597
6691,FR_Hydro_Reservoir,2050,1,121,121,3674.8866776895484
6692,FR_Hydro_Reservoir,2050,1,122,122,3732.2085027716375
6693,FR_Hydro_Reservoir,2050,1,123,123,3769.485876474015
6694,FR_Hydro_Reservoir,2050,1,124,124,3826.807701556104
6695,FR_Hydro_Reservoir,2050,1,125,125,3884.129526638193
6696,FR_Hydro_Reservoir,2050,1,126,126,3935.801084090194
6697,FR_Hydro_Reservoir,2050,1,127,127,3993.1229091722826
6698,FR_Hydro_Reservoir,2050,1,128,128,4050.4447342543717
6699,FR_Hydro_Reservoir,2050,1,129,129,4107.766559336461
6700,FR_Hydro_Reservoir,2050,1,130,130,4165.08838441855
6701,FR_Hydro_Reservoir,2050,1,131,131,4222.410209500638
6702,FR_Hydro_Reservoir,2050,1,132,132,4279.7320345827275
6703,FR_Hydro_Reservoir,2050,1,133,133,4337.053859664817
6704,FR_Hydro_Reservoir,2050,1,134,134,4370.643583891781
6705,FR_Hydro_Reservoir,2050,1,135,135,4399.68704892785
6706,FR_Hydro_Reservoir,2050,1,136,136,4446.751927716021
6707,FR_Hydro_Reservoir,2050,1,137,137,4504.073752798109
6708,FR_Hydro_Reservoir,2050,1,138,138,4561.395577880198
6709,FR_Hydro_Reservoir,2050,1,139,139,4618.717402962287
6710,FR_Hydro_Reservoir,2050,1,140,140,4634.683498404135
6711,FR_Hydro_Reservoir,2050,1,141,141,4642.597757086046
6712,FR_Hydro_Reservoir,2050,1,142,142,4685.59994999019
6713,FR_Hydro_Reservoir,2050,1,143,143,4733.787890061259
6714,FR_Hydro_Reservoir,2050,1,144,144,4750.617761815
6715,FR_Hydro_Reservoir,2050,1,145,145,4756.439404596846
6716,FR_Hydro_Reservoir,2050,1,146,146,4791.586863828416
6717,FR_Hydro_Reservoir,2050,1,147,147,4838.511896554484
6718,FR_Hydro_Reservoir,2050,1,148,148,4895.8337216365735
6719,FR_Hydro_Reservoir,2050,1,149,149,4942.044523469814
6720,FR_Hydro_Reservoir,2050,1,150,150,4999.366348551903
6721,FR_Hydro_Reservoir,2050,1,151,151,5055.379775264067
6722,FR_Hydro_Reservoir,2050,1,152,152,5112.701600346156
6723,FR_Hydro_Reservoir,2050,1,153,153,5170.023425428244
6724,FR_Hydro_Reservoir,2050,1,154,154,5227.345250510333
6725,FR_Hydro_Reservoir,2050,1,155,155,5284.667075592422
6726,FR_Hydro_Reservoir,2050,1,156,156,5329.318660669544
6727,FR_Hydro_Reservoir,2050,1,157,157,5386.640485751633
6728,FR_Hydro_Reservoir,2050,1,158,158,5443.962310833722
6729,FR_Hydro_Reservoir,2050,1,159,159,5501.284135915811
6730,FR_Hydro_Reservoir,2050,1,160,160,5539.398226139806
6731,FR_Hydro_Reservoir,2050,1,161,161,5596.720051221895
6732,FR_Hydro_Reservoir,2050,1,162,162,5633.325449511711
6733,FR_Hydro_Reservoir,2050,1,163,163,5641.236596995441
6734,FR_Hydro_Reservoir,2050,1,164,164,5644.009217394829
6735,FR_Hydro_Reservoir,2050,1,165,165,5701.331042476918
6736,FR_Hydro_Reservoir,2050,1,166,166,5749.559429117131
6737,FR_Hydro_Reservoir,2050,1,167,167,5761.266220046488
6738,FR_Hydro_Reservoir,2050,1,168,168,5795.519004961313
6739,FR_Hydro_Reservoir,2050,1,169,169,5847.82256373492
6740,FR_Hydro_Reservoir,2050,1,170,170,5876.416631303231
6741,FR_Hydro_Reservoir,2050,1,171,171,5861.6854280019425
6742,FR_Hydro_Reservoir,2050,1,172,172,5846.954224700654
6743,FR_Hydro_Reservoir,2050,1,173,173,5836.217787479714
6744,FR_Hydro_Reservoir,2050,1,174,174,5868.209793384488
6745,FR_Hydro_Reservoir,2050,1,175,175,5925.531618466577
6746,FR_Hydro_Reservoir,2050,1,176,176,5968.547062220131
6747,FR_Hydro_Reservoir,2050,1,177,177,5964.651309712454
6748,FR_Hydro_Reservoir,2050,1,178,178,5949.920106411166
6749,FR_Hydro_Reservoir,2050,1,179,179,5935.188903109877
6750,FR_Hydro_Reservoir,2050,1,180,180,5932.584929095164
6751,FR_Hydro_Reservoir,2050,1,181,181,5926.176796356458
6752,FR_Hydro_Reservoir,2050,1,182,182,5932.979431655292
6753,FR_Hydro_Reservoir,2050,1,183,183,5948.54862257013
6754,FR_Hydro_Reservoir,2050,1,184,184,5957.89473874577
6755,FR_Hydro_Reservoir,2050,1,185,185,5956.215836331135
6756,FR_Hydro_Reservoir,2050,1,186,186,5941.484633029845
6757,FR_Hydro_Reservoir,2050,1,187,187,5998.806458111934
6758,FR_Hydro_Reservoir,2050,1,188,188,6056.128283194023
6759,FR_Hydro_Reservoir,2050,1,189,189,6093.338370773516
6760,FR_Hydro_Reservoir,2050,1,190,190,6140.352196599405
6761,FR_Hydro_Reservoir,2050,1,191,191,6197.674021681494
6762,FR_Hydro_Reservoir,2050,1,192,192,6204.544025575488
6763,FR_Hydro_Reservoir,2050,1,193,193,6190.579836642852
6764,FR_Hydro_Reservoir,2050,1,194,194,6175.848633341563
6765,FR_Hydro_Reservoir,2050,1,195,195,6161.1174300402745
6766,FR_Hydro_Reservoir,2050,1,196,196,6158.447327726193
6767,FR_Hydro_Reservoir,2050,1,197,197,6159.999999999997
6768,FR_Hydro_Reservoir,2050,1,198,198,6174.373933816983
6769,FR_Hydro_Reservoir,2050,1,199,199,6222.111218035882
6770,FR_Hydro_Reservoir,2050,1,200,200,6233.992827889078
6771,FR_Hydro_Reservoir,2050,1,201,201,6242.242915505314
6772,FR_Hydro_Reservoir,2050,1,202,202,6279.198023355352
6773,FR_Hydro_Reservoir,2050,1,203,203,6312.836297093563
6774,FR_Hydro_Reservoir,2050,1,204,204,6339.396285537242
6775,FR_Hydro_Reservoir,2050,1,205,205,6338.528177110325
6776,FR_Hydro_Reservoir,2050,1,206,206,6378.352001348021
6777,FR_Hydro_Reservoir,2050,1,207,207,6418.784389636219
6778,FR_Hydro_Reservoir,2050,1,208,208,6415.07502298778
6779,FR_Hydro_Reservoir,2050,1,209,209,6417.6950336981035
6780,FR_Hydro_Reservoir,2050,1,210,210,6457.660632993906
6781,FR_Hydro_Reservoir,2050,1,211,211,6490.994662652778
6782,FR_Hydro_Reservoir,2050,1,212,212,6517.886802990093
6783,FR_Hydro_Reservoir,2050,1,213,213,6511.817983462017
6784,FR_Hydro_Reservoir,2050,1,214,214,6497.086780160728
6785,FR_Hydro_Reservoir,2050,1,215,215,6483.810236800451
6786,FR_Hydro_Reservoir,2050,1,216,216,6481.996922791329
6787,FR_Hydro_Reservoir,2050,1,217,217,6483.118423109022
6788,FR_Hydro_Reservoir,2050,1,218,218,6468.387219807732
6789,FR_Hydro_Reservoir,2050,1,219,219,6453.656016506444
6790,FR_Hydro_Reservoir,2050,1,220,220,6438.924813205155
6791,FR_Hydro_Reservoir,2050,1,221,221,6424.193609903867
6792,FR_Hydro_Reservoir,2050,1,222,222,6409.462406602577
6793,FR_Hydro_Reservoir,2050,1,223,223,6394.731203301289
6794,FR_Hydro_Reservoir,2050,1,224,224,6380.0
6795,FR_Hydro_Reservoir,2050,1,225,225,6385.775818320313
6796,FR_Hydro_Reservoir,2050,1,226,226,6394.385591758084
6797,FR_Hydro_Reservoir,2050,1,227,227,6401.218094607264
6798,FR_Hydro_Reservoir,2050,1,228,228,6428.607618572497
6799,FR_Hydro_Reservoir,2050,1,229,229,6478.294841633059
6800,FR_Hydro_Reservoir,2050,1,230,230,6520.897022144827
6801,FR_Hydro_Reservoir,2050,1,231,231,6517.338480750625
6802,FR_Hydro_Reservoir,2050,1,232,232,6502.607277449337
6803,FR_Hydro_Reservoir,2050,1,233,233,6487.876074148048
6804,FR_Hydro_Reservoir,2050,1,234,234,6475.8183465037655
6805,FR_Hydro_Reservoir,2050,1,235,235,6479.617385556847
6806,FR_Hydro_Reservoir,2050,1,236,236,6510.4760307970755
6807,FR_Hydro_Reservoir,2050,1,237,237,6538.964371607057
6808,FR_Hydro_Reservoir,2050,1,238,238,6564.003260166218
6809,FR_Hydro_Reservoir,2050,1,239,239,6588.573306904343
6810,FR_Hydro_Reservoir,2050,1,240,240,6619.7504725792505
6811,FR_Hydro_Reservoir,2050,1,241,241,6651.331641525658
6812,FR_Hydro_Reservoir,2050,1,242,242,6636.600438224369
6813,FR_Hydro_Reservoir,2050,1,243,243,6621.8692349230805
6814,FR_Hydro_Reservoir,2050,1,244,244,6645.542646885864
6815,FR_Hydro_Reservoir,2050,1,245,245,6689.33323871152
6816,FR_Hydro_Reservoir,2050,1,246,246,6674.602035410231
6817,FR_Hydro_Reservoir,2050,1,247,247,6659.8708321089425
6818,FR_Hydro_Reservoir,2050,1,248,248,6678.216649070622
6819,FR_Hydro_Reservoir,2050,1,249,249,6694.454290213246
6820,FR_Hydro_Reservoir,2050,1,250,250,6726.787197099492
6821,FR_Hydro_Reservoir,2050,1,251,251,6760.447321372816
6822,FR_Hydro_Reservoir,2050,1,252,252,6745.7161180715275
6823,FR_Hydro_Reservoir,2050,1,253,253,6730.984914770239
6824,FR_Hydro_Reservoir,2050,1,254,254,6726.873988420565
6825,FR_Hydro_Reservoir,2050,1,255,255,6740.4635163292205
6826,FR_Hydro_Reservoir,2050,1,256,256,6752.564508069813
6827,FR_Hydro_Reservoir,2050,1,257,257,6759.30119770897
6828,FR_Hydro_Reservoir,2050,1,258,258,6766.979211614947
6829,FR_Hydro_Reservoir,2050,1,259,259,6749.143114275783
6830,FR_Hydro_Reservoir,2050,1,260,260,6749.5515511781205
6831,FR_Hydro_Reservoir,2050,1,261,261,6775.818509543588
6832,FR_Hydro_Reservoir,2050,1,262,262,6781.02555901396
6833,FR_Hydro_Reservoir,2050,1,263,263,6766.294355712672
6834,FR_Hydro_Reservoir,2050,1,264,264,6751.563152411383
6835,FR_Hydro_Reservoir,2050,1,265,265,6739.3493827484845
6836,FR_Hydro_Reservoir,2050,1,266,266,6723.665779018715
6837,FR_Hydro_Reservoir,2050,1,267,267,6705.850277408773
6838,FR_Hydro_Reservoir,2050,1,268,268,6694.686144177132
6839,FR_Hydro_Reservoir,2050,1,269,269,6679.954940875843
6840,FR_Hydro_Reservoir,2050,1,270,270,6663.043915990538
6841,FR_Hydro_Reservoir,2050,1,271,271,6644.841496639225
6842,FR_Hydro_Reservoir,2050,1,272,272,6627.926293850076
6843,FR_Hydro_Reservoir,2050,1,273,273,6615.4006401727775
6844,FR_Hydro_Reservoir,2050,1,274,274,6639.515806472054
6845,FR_Hydro_Reservoir,2050,1,275,275,6676.7405933117825
6846,FR_Hydro_Reservoir,2050,1,276,276,6662.009390010494
6847,FR_Hydro_Reservoir,2050,1,277,277,6647.278186709205
6848,FR_Hydro_Reservoir,2050,1,278,278,6631.141417230929
6849,FR_Hydro_Reservoir,2050,1,279,279,6655.000945577039
6850,FR_Hydro_Reservoir,2050,1,280,280,6671.273584303206
6851,FR_Hydro_Reservoir,2050,1,281,281,6664.700291231998
6852,FR_Hydro_Reservoir,2050,1,282,282,6649.969087930709
6853,FR_Hydro_Reservoir,2050,1,283,283,6635.2378846294205
6854,FR_Hydro_Reservoir,2050,1,284,284,6618.147734733883
6855,FR_Hydro_Reservoir,2050,1,285,285,6608.683059260111
6856,FR_Hydro_Reservoir,2050,1,286,286,6610.413238955287
6857,FR_Hydro_Reservoir,2050,1,287,287,6612.6045763867905
6858,FR_Hydro_Reservoir,2050,1,288,288,6633.223311166371
6859,FR_Hydro_Reservoir,2050,1,289,289,6651.061413106065
6860,FR_Hydro_Reservoir,2050,1,290,290,6636.330209804776
6861,FR_Hydro_Reservoir,2050,1,291,291,6621.5990065034875
6862,FR_Hydro_Reservoir,2050,1,292,292,6606.867803202199
6863,FR_Hydro_Reservoir,2050,1,293,293,6592.13659990091
6864,FR_Hydro_Reservoir,2050,1,294,294,6574.652693362198
6865,FR_Hydro_Reservoir,2050,1,295,295,6576.844250485061
6866,FR_Hydro_Reservoir,2050,1,296,296,6596.2142939606865
6867,FR_Hydro_Reservoir,2050,1,297,297,6579.368359639653
6868,FR_Hydro_Reservoir,2050,1,298,298,6602.209474041233
6869,FR_Hydro_Reservoir,2050,1,299,299,6588.158715634384
6870,FR_Hydro_Reservoir,2050,1,300,300,6575.257468927346
6871,FR_Hydro_Reservoir,2050,1,301,301,6570.305573074775
6872,FR_Hydro_Reservoir,2050,1,302,302,6553.995028970607
6873,FR_Hydro_Reservoir,2050,1,303,303,6537.008117300522
6874,FR_Hydro_Reservoir,2050,1,304,304,6522.299251524648
6875,FR_Hydro_Reservoir,2050,1,305,305,6535.693475597201
6876,FR_Hydro_Reservoir,2050,1,306,306,6544.640159823815
6877,FR_Hydro_Reservoir,2050,1,307,307,6529.482004338075
6878,FR_Hydro_Reservoir,2050,1,308,308,6514.7508010367865
6879,FR_Hydro_Reservoir,2050,1,309,309,6499.840921456476
6880,FR_Hydro_Reservoir,2050,1,310,310,6481.917959084852
6881,FR_Hydro_Reservoir,2050,1,311,311,6468.192089096386
6882,FR_Hydro_Reservoir,2050,1,312,312,6462.230598869672
6883,FR_Hydro_Reservoir,2050,1,313,313,6436.886770142803
6884,FR_Hydro_Reservoir,2050,1,314,314,6416.042230744539
6885,FR_Hydro_Reservoir,2050,1,315,315,6407.494266431295
6886,FR_Hydro_Reservoir,2050,1,316,316,6404.37026245397
6887,FR_Hydro_Reservoir,2050,1,317,317,6386.9041713972265
6888,FR_Hydro_Reservoir,2050,1,318,318,6361.560342670357
6889,FR_Hydro_Reservoir,2050,1,319,319,6340.076758600636
6890,FR_Hydro_Reservoir,2050,1,320,320,6316.75748739642
6891,FR_Hydro_Reservoir,2050,1,321,321,6297.3374628368465
6892,FR_Hydro_Reservoir,2050,1,322,322,6275.167810084484
6893,FR_Hydro_Reservoir,2050,1,323,323,6249.823981357615
6894,FR_Hydro_Reservoir,2050,1,324,324,6227.142453486825
6895,FR_Hydro_Reservoir,2050,1,325,325,6204.676615320685
6896,FR_Hydro_Reservoir,2050,1,326,326,6183.107232394822
6897,FR_Hydro_Reservoir,2050,1,327,327,6166.902475797776
6898,FR_Hydro_Reservoir,2050,1,328,328,6146.386663438165
6899,FR_Hydro_Reservoir,2050,1,329,329,6121.377985402815
6900,FR_Hydro_Reservoir,2050,1,330,330,6100.324801614297
6901,FR_Hydro_Reservoir,2050,1,331,331,6074.980972887428
6902,FR_Hydro_Reservoir,2050,1,332,332,6049.637144160559
6903,FR_Hydro_Reservoir,2050,1,333,333,6024.29331543369
6904,FR_Hydro_Reservoir,2050,1,334,334,5998.949486706821
6905,FR_Hydro_Reservoir,2050,1,335,335,5973.6056579799515
6906,FR_Hydro_Reservoir,2050,1,336,336,5952.7761823644305
6907,FR_Hydro_Reservoir,2050,1,337,337,5928.304430839776
6908,FR_Hydro_Reservoir,2050,1,338,338,5902.960602112907
6909,FR_Hydro_Reservoir,2050,1,339,339,5877.6167733860375
6910,FR_Hydro_Reservoir,2050,1,340,340,5852.272944659168
6911,FR_Hydro_Reservoir,2050,1,341,341,5826.929115932299
6912,FR_Hydro_Reservoir,2050,1,342,342,5802.321916644501
6913,FR_Hydro_Reservoir,2050,1,343,343,5776.9780879176315
6914,FR_Hydro_Reservoir,2050,1,344,344,5751.634259190762
6915,FR_Hydro_Reservoir,2050,1,345,345,5726.290430463893
6916,FR_Hydro_Reservoir,2050,1,346,346,5701.299035645641
6917,FR_Hydro_Reservoir,2050,1,347,347,5681.880169092964
6918,FR_Hydro_Reservoir,2050,1,348,348,5663.603236614604
6919,FR_Hydro_Reservoir,2050,1,349,349,5645.63830200071
6920,FR_Hydro_Reservoir,2050,1,350,350,5621.730212381637
6921,FR_Hydro_Reservoir,2050,1,351,351,5596.386383654768
6922,FR_Hydro_Reservoir,2050,1,352,352,5571.042554927899
6923,FR_Hydro_Reservoir,2050,1,353,353,5545.69872620103
6924,FR_Hydro_Reservoir,2050,1,354,354,5520.354897474161
6925,FR_Hydro_Reservoir,2050,1,355,355,5495.011068747292
6926,FR_Hydro_Reservoir,2050,1,356,356,5469.6672400204225
6927,FR_Hydro_Reservoir,2050,1,357,357,5444.323411293553
6928,FR_Hydro_Reservoir,2050,1,358,358,5418.979582566684
6929,FR_Hydro_Reservoir,2050,1,359,359,5393.635753839815
6930,FR_Hydro_Reservoir,2050,1,360,360,5368.403927063066
6931,FR_Hydro_Reservoir,2050,1,361,361,5345.00516067969
6932,FR_Hydro_Reservoir,2050,1,362,362,5321.957400005269
6933,FR_Hydro_Reservoir,2050,1,363,363,5298.0435517099295
6934,FR_Hydro_Reservoir,2050,1,364,364,5272.69972298306
6935,FR_Hydro_Reservoir,2050,1,365,365,5247.355894256191
6936,FR_Pump_Hydro_Closed,2050,1,1,1,5.122801913600074
6937,FR_Pump_Hydro_Closed,2050,1,2,2,5.2456038272001475
6938,FR_Pump_Hydro_Closed,2050,1,3,3,5.368405740800221
6939,FR_Pump_Hydro_Closed,2050,1,4,4,5.491207654400295
6940,FR_Pump_Hydro_Closed,2050,1,5,5,5.582068303959465
6941,FR_Pump_Hydro_Closed,2050,1,6,6,5.605250572027507
6942,FR_Pump_Hydro_Closed,2050,1,7,7,5.728052485627581
6943,FR_Pump_Hydro_Closed,2050,1,8,8,5.8508543992276545
6944,FR_Pump_Hydro_Closed,2050,1,9,9,5.973656312827728
6945,FR_Pump_Hydro_Closed,2050,1,10,10,6.096458226427802
6946,FR_Pump_Hydro_Closed,2050,1,11,11,6.219260140027876
6947,FR_Pump_Hydro_Closed,2050,1,12,12,6.3420620536279495
6948,FR_Pump_Hydro_Closed,2050,1,13,13,6.464863967228023
6949,FR_Pump_Hydro_Closed,2050,1,14,14,6.587665880828097
6950,FR_Pump_Hydro_Closed,2050,1,15,15,6.710467794428171
6951,FR_Pump_Hydro_Closed,2050,1,16,16,6.8332697080282445
6952,FR_Pump_Hydro_Closed,2050,1,17,17,6.956071621628318
6953,FR_Pump_Hydro_Closed,2050,1,18,18,6.943788231879466
6954,FR_Pump_Hydro_Closed,2050,1,19,19,6.786339255300458
6955,FR_Pump_Hydro_Closed,2050,1,20,20,6.711067996540684
6956,FR_Pump_Hydro_Closed,2050,1,21,21,6.636059286687043
6957,FR_Pump_Hydro_Closed,2050,1,22,22,6.478610310108035
6958,FR_Pump_Hydro_Closed,2050,1,23,23,6.402158894177389
6959,FR_Pump_Hydro_Closed,2050,1,24,24,6.502241357289337
6960,FR_Pump_Hydro_Closed,2050,1,25,25,6.4546067570219865
6961,FR_Pump_Hydro_Closed,2050,1,26,26,6.539796722114607
6962,FR_Pump_Hydro_Closed,2050,1,27,27,6.570786373711453
6963,FR_Pump_Hydro_Closed,2050,1,28,28,6.693588287311527
6964,FR_Pump_Hydro_Closed,2050,1,29,29,6.8163902009116
6965,FR_Pump_Hydro_Closed,2050,1,30,30,6.939192114511674
6966,FR_Pump_Hydro_Closed,2050,1,31,31,6.971111456493757
6967,FR_Pump_Hydro_Closed,2050,1,32,32,7.090419890872965
6968,FR_Pump_Hydro_Closed,2050,1,33,33,7.10574088860196
6969,FR_Pump_Hydro_Closed,2050,1,34,34,7.012938472979697
6970,FR_Pump_Hydro_Closed,2050,1,35,35,6.871988166520855
6971,FR_Pump_Hydro_Closed,2050,1,36,36,6.788945753557579
6972,FR_Pump_Hydro_Closed,2050,1,37,37,6.911747667157653
6973,FR_Pump_Hydro_Closed,2050,1,38,38,7.0345495807577265
6974,FR_Pump_Hydro_Closed,2050,1,39,39,7.1573514943578
6975,FR_Pump_Hydro_Closed,2050,1,40,40,7.2365641053353
6976,FR_Pump_Hydro_Closed,2050,1,41,41,7.239483336511798
6977,FR_Pump_Hydro_Closed,2050,1,42,42,7.14031817300948
6978,FR_Pump_Hydro_Closed,2050,1,43,43,7.074101329986478
6979,FR_Pump_Hydro_Closed,2050,1,44,44,7.035470633141266
6980,FR_Pump_Hydro_Closed,2050,1,45,45,6.960134345733076
6981,FR_Pump_Hydro_Closed,2050,1,46,46,7.071373741932183
6982,FR_Pump_Hydro_Closed,2050,1,47,47,7.18369899925046
6983,FR_Pump_Hydro_Closed,2050,1,48,48,7.29423502634624
6984,FR_Pump_Hydro_Closed,2050,1,49,49,7.412863242538692
6985,FR_Pump_Hydro_Closed,2050,1,50,50,7.535665156138766
6986,FR_Pump_Hydro_Closed,2050,1,51,51,7.649510013543733
6987,FR_Pump_Hydro_Closed,2050,1,52,52,7.701359644346326
6988,FR_Pump_Hydro_Closed,2050,1,53,53,7.789576655820487
6989,FR_Pump_Hydro_Closed,2050,1,54,54,7.912378569420561
6990,FR_Pump_Hydro_Closed,2050,1,55,55,8.006328213580938
6991,FR_Pump_Hydro_Closed,2050,1,56,56,7.940139678957839
6992,FR_Pump_Hydro_Closed,2050,1,57,57,7.9172368665898105
6993,FR_Pump_Hydro_Closed,2050,1,58,58,7.853978069058075
6994,FR_Pump_Hydro_Closed,2050,1,59,59,7.8438310431664595
6995,FR_Pump_Hydro_Closed,2050,1,60,60,7.966632956766533
6996,FR_Pump_Hydro_Closed,2050,1,61,61,8.089434870366606
6997,FR_Pump_Hydro_Closed,2050,1,62,62,8.211072191632377
6998,FR_Pump_Hydro_Closed,2050,1,63,63,8.226787881948539
6999,FR_Pump_Hydro_Closed,2050,1,64,64,8.185187963858857
7000,FR_Pump_Hydro_Closed,2050,1,65,65,8.290117951394999
7001,FR_Pump_Hydro_Closed,2050,1,66,66,8.412919864995072
7002,FR_Pump_Hydro_Closed,2050,1,67,67,8.531748033157854
7003,FR_Pump_Hydro_Closed,2050,1,68,68,8.509064986751236
7004,FR_Pump_Hydro_Closed,2050,1,69,69,8.594321940353698
7005,FR_Pump_Hydro_Closed,2050,1,70,70,8.558994120872663
7006,FR_Pump_Hydro_Closed,2050,1,71,71,8.577468157467527
7007,FR_Pump_Hydro_Closed,2050,1,72,72,8.67860506321945
7008,FR_Pump_Hydro_Closed,2050,1,73,73,8.757601746472599
7009,FR_Pump_Hydro_Closed,2050,1,74,74,8.840522872101273
7010,FR_Pump_Hydro_Closed,2050,1,75,75,8.93983333899013
7011,FR_Pump_Hydro_Closed,2050,1,76,76,9.017406765417267
7012,FR_Pump_Hydro_Closed,2050,1,77,77,8.903628376659261
7013,FR_Pump_Hydro_Closed,2050,1,78,78,8.786800949164684
7014,FR_Pump_Hydro_Closed,2050,1,79,79,8.675120433143915
7015,FR_Pump_Hydro_Closed,2050,1,80,80,8.725579410905333
7016,FR_Pump_Hydro_Closed,2050,1,81,81,8.71002065769233
7017,FR_Pump_Hydro_Closed,2050,1,82,82,8.797442418374754
7018,FR_Pump_Hydro_Closed,2050,1,83,83,8.684843835585355
7019,FR_Pump_Hydro_Closed,2050,1,84,84,8.618836371757933
7020,FR_Pump_Hydro_Closed,2050,1,85,85,8.724136109504578
7021,FR_Pump_Hydro_Closed,2050,1,86,86,8.745685107148837
7022,FR_Pump_Hydro_Closed,2050,1,87,87,8.773625352326581
7023,FR_Pump_Hydro_Closed,2050,1,88,88,8.896427265926654
7024,FR_Pump_Hydro_Closed,2050,1,89,89,9.019229179526727
7025,FR_Pump_Hydro_Closed,2050,1,90,90,9.1420310931268
7026,FR_Pump_Hydro_Closed,2050,1,91,91,9.257531352051503
7027,FR_Pump_Hydro_Closed,2050,1,92,92,9.346923146151974
7028,FR_Pump_Hydro_Closed,2050,1,93,93,9.235217821070428
7029,FR_Pump_Hydro_Closed,2050,1,94,94,9.142348412023075
7030,FR_Pump_Hydro_Closed,2050,1,95,95,9.012579677649189
7031,FR_Pump_Hydro_Closed,2050,1,96,96,8.894517918409385
7032,FR_Pump_Hydro_Closed,2050,1,97,97,8.969671182540571
7033,FR_Pump_Hydro_Closed,2050,1,98,98,9.010745143306638
7034,FR_Pump_Hydro_Closed,2050,1,99,99,9.061790693062473
7035,FR_Pump_Hydro_Closed,2050,1,100,100,9.04471210291649
7036,FR_Pump_Hydro_Closed,2050,1,101,101,9.045496443472379
7037,FR_Pump_Hydro_Closed,2050,1,102,102,9.135165877578492
7038,FR_Pump_Hydro_Closed,2050,1,103,103,9.211859072035232
7039,FR_Pump_Hydro_Closed,2050,1,104,104,9.294394229787597
7040,FR_Pump_Hydro_Closed,2050,1,105,105,9.362550588296106
7041,FR_Pump_Hydro_Closed,2050,1,106,106,9.427864593508689
7042,FR_Pump_Hydro_Closed,2050,1,107,107,9.469450997985835
7043,FR_Pump_Hydro_Closed,2050,1,108,108,9.439246338518965
7044,FR_Pump_Hydro_Closed,2050,1,109,109,9.470261538577807
7045,FR_Pump_Hydro_Closed,2050,1,110,110,9.535930505350334
7046,FR_Pump_Hydro_Closed,2050,1,111,111,9.562271402822379
7047,FR_Pump_Hydro_Closed,2050,1,112,112,9.567282624009481
7048,FR_Pump_Hydro_Closed,2050,1,113,113,9.610238866330533
7049,FR_Pump_Hydro_Closed,2050,1,114,114,9.598529813090273
7050,FR_Pump_Hydro_Closed,2050,1,115,115,9.529271921864577
7051,FR_Pump_Hydro_Closed,2050,1,116,116,9.390957441566819
7052,FR_Pump_Hydro_Closed,2050,1,117,117,9.235727644195604
7053,FR_Pump_Hydro_Closed,2050,1,118,118,9.141280030897214
7054,FR_Pump_Hydro_Closed,2050,1,119,119,9.201755796796284
7055,FR_Pump_Hydro_Closed,2050,1,120,120,9.244712039117337
7056,FR_Pump_Hydro_Closed,2050,1,121,121,9.287668281438389
7057,FR_Pump_Hydro_Closed,2050,1,122,122,9.330624523759441
7058,FR_Pump_Hydro_Closed,2050,1,123,123,9.31782998423814
7059,FR_Pump_Hydro_Closed,2050,1,124,124,9.360786226559192
7060,FR_Pump_Hydro_Closed,2050,1,125,125,9.403742468880244
7061,FR_Pump_Hydro_Closed,2050,1,126,126,9.452156230630989
7062,FR_Pump_Hydro_Closed,2050,1,127,127,9.49511247295204
7063,FR_Pump_Hydro_Closed,2050,1,128,128,9.538068715273093
7064,FR_Pump_Hydro_Closed,2050,1,129,129,9.581024957594146
7065,FR_Pump_Hydro_Closed,2050,1,130,130,9.623981199915198
7066,FR_Pump_Hydro_Closed,2050,1,131,131,9.66693744223625
7067,FR_Pump_Hydro_Closed,2050,1,132,132,9.709893684557303
7068,FR_Pump_Hydro_Closed,2050,1,133,133,9.752849926878355
7069,FR_Pump_Hydro_Closed,2050,1,134,134,9.729798716444977
7070,FR_Pump_Hydro_Closed,2050,1,135,135,9.694102734670686
7071,FR_Pump_Hydro_Closed,2050,1,136,136,9.70853074419711
7072,FR_Pump_Hydro_Closed,2050,1,137,137,9.751486986518163
7073,FR_Pump_Hydro_Closed,2050,1,138,138,9.794443228839215
7074,FR_Pump_Hydro_Closed,2050,1,139,139,9.837399471160268
7075,FR_Pump_Hydro_Closed,2050,1,140,140,9.765330651561282
7076,FR_Pump_Hydro_Closed,2050,1,141,141,9.670866796741333
7077,FR_Pump_Hydro_Closed,2050,1,142,142,9.673995025090226
7078,FR_Pump_Hydro_Closed,2050,1,143,143,9.691546669351888
7079,FR_Pump_Hydro_Closed,2050,1,144,144,9.621880320332552
7080,FR_Pump_Hydro_Closed,2050,1,145,145,9.521596152932611
7081,FR_Pump_Hydro_Closed,2050,1,146,146,9.502877560178051
7082,FR_Pump_Hydro_Closed,2050,1,147,147,9.516916607834078
7083,FR_Pump_Hydro_Closed,2050,1,148,148,9.55987285015513
7084,FR_Pump_Hydro_Closed,2050,1,149,149,9.571925366479526
7085,FR_Pump_Hydro_Closed,2050,1,150,150,9.614881608800578
7086,FR_Pump_Hydro_Closed,2050,1,151,151,9.659101615954226
7087,FR_Pump_Hydro_Closed,2050,1,152,152,9.702057858275278
7088,FR_Pump_Hydro_Closed,2050,1,153,153,9.74501410059633
7089,FR_Pump_Hydro_Closed,2050,1,154,154,9.787970342917383
7090,FR_Pump_Hydro_Closed,2050,1,155,155,9.830926585238435
7091,FR_Pump_Hydro_Closed,2050,1,156,156,9.838642362603574
7092,FR_Pump_Hydro_Closed,2050,1,157,157,9.881598604924626
7093,FR_Pump_Hydro_Closed,2050,1,158,158,9.924554847245679
7094,FR_Pump_Hydro_Closed,2050,1,159,159,9.967511089566731
7095,FR_Pump_Hydro_Closed,2050,1,160,160,9.957043757678948
7096,FR_Pump_Hydro_Closed,2050,1,161,161,10.0
7097,FR_Pump_Hydro_Closed,2050,1,162,162,9.985336456736988
7098,FR_Pump_Hydro_Closed,2050,1,163,163,9.890863948563164
7099,FR_Pump_Hydro_Closed,2050,1,164,164,9.782099360399558
7100,FR_Pump_Hydro_Closed,2050,1,165,165,9.82505560272061
7101,FR_Pump_Hydro_Closed,2050,1,166,166,9.84271974334398
7102,FR_Pump_Hydro_Closed,2050,1,167,167,9.75880427590327
7103,FR_Pump_Hydro_Closed,2050,1,168,168,9.737597274176672
7104,FR_Pump_Hydro_Closed,2050,1,169,169,9.785400594136325
7105,FR_Pump_Hydro_Closed,2050,1,170,170,9.748454677419403
7106,FR_Pump_Hydro_Closed,2050,1,171,171,9.591005700840395
7107,FR_Pump_Hydro_Closed,2050,1,172,172,9.433556724261386
7108,FR_Pump_Hydro_Closed,2050,1,173,173,9.287218619615857
7109,FR_Pump_Hydro_Closed,2050,1,174,174,9.259723583610072
7110,FR_Pump_Hydro_Closed,2050,1,175,175,9.302679825931124
7111,FR_Pump_Hydro_Closed,2050,1,176,176,9.305844909627202
7112,FR_Pump_Hydro_Closed,2050,1,177,177,9.17853319357555
7113,FR_Pump_Hydro_Closed,2050,1,178,178,9.021084216996542
7114,FR_Pump_Hydro_Closed,2050,1,179,179,8.863635240417533
7115,FR_Pump_Hydro_Closed,2050,1,180,180,8.73991642195063
7116,FR_Pump_Hydro_Closed,2050,1,181,181,8.605616878718687
7117,FR_Pump_Hydro_Closed,2050,1,182,182,8.50806120205005
7118,FR_Pump_Hydro_Closed,2050,1,183,183,8.434888449134139
7119,FR_Pump_Hydro_Closed,2050,1,184,184,8.344407101655003
7120,FR_Pump_Hydro_Closed,2050,1,185,185,8.223261237867055
7121,FR_Pump_Hydro_Closed,2050,1,186,186,8.065812261288047
7122,FR_Pump_Hydro_Closed,2050,1,187,187,8.108768503609099
7123,FR_Pump_Hydro_Closed,2050,1,188,188,8.151724745930151
7124,FR_Pump_Hydro_Closed,2050,1,189,189,8.21410665184292
7125,FR_Pump_Hydro_Closed,2050,1,190,190,8.26701925550912
7126,FR_Pump_Hydro_Closed,2050,1,191,191,8.309975497830173
7127,FR_Pump_Hydro_Closed,2050,1,192,192,8.21260719729774
7128,FR_Pump_Hydro_Closed,2050,1,193,193,8.057291561757935
7129,FR_Pump_Hydro_Closed,2050,1,194,194,7.899842585178927
7130,FR_Pump_Hydro_Closed,2050,1,195,195,7.742393608599919
7131,FR_Pump_Hydro_Closed,2050,1,196,196,7.618490863702612
7132,FR_Pump_Hydro_Closed,2050,1,197,197,7.506333163873337
7133,FR_Pump_Hydro_Closed,2050,1,198,198,7.4298359738628115
7134,FR_Pump_Hydro_Closed,2050,1,199,199,7.446134183165126
7135,FR_Pump_Hydro_Closed,2050,1,200,200,7.362704949620282
7136,FR_Pump_Hydro_Closed,2050,1,201,201,7.269175155069646
7137,FR_Pump_Hydro_Closed,2050,1,202,202,7.255484279056579
7138,FR_Pump_Hydro_Closed,2050,1,203,203,7.232568102162345
7139,FR_Pump_Hydro_Closed,2050,1,204,204,7.189964684555062
7140,FR_Pump_Hydro_Closed,2050,1,205,205,7.071073928570869
7141,FR_Pump_Hydro_Closed,2050,1,206,206,7.104169628761239
7142,FR_Pump_Hydro_Closed,2050,1,207,207,7.163439156663379
7143,FR_Pump_Hydro_Closed,2050,1,208,208,7.107116440414285
7144,FR_Pump_Hydro_Closed,2050,1,209,209,7.014484883545635
7145,FR_Pump_Hydro_Closed,2050,1,210,210,7.024224018613186
7146,FR_Pump_Hydro_Closed,2050,1,211,211,7.000461630217689
7147,FR_Pump_Hydro_Closed,2050,1,212,212,6.9587820457156315
7148,FR_Pump_Hydro_Closed,2050,1,213,213,6.82542625377045
7149,FR_Pump_Hydro_Closed,2050,1,214,214,6.667977277191442
7150,FR_Pump_Hydro_Closed,2050,1,215,215,6.514574229707216
7151,FR_Pump_Hydro_Closed,2050,1,216,216,6.3930545192452275
7152,FR_Pump_Hydro_Closed,2050,1,217,217,6.279697576133789
7153,FR_Pump_Hydro_Closed,2050,1,218,218,6.122248599554781
7154,FR_Pump_Hydro_Closed,2050,1,219,219,5.9647996229757725
7155,FR_Pump_Hydro_Closed,2050,1,220,220,5.807350646396764
7156,FR_Pump_Hydro_Closed,2050,1,221,221,5.649901669817756
7157,FR_Pump_Hydro_Closed,2050,1,222,222,5.492452693238747
7158,FR_Pump_Hydro_Closed,2050,1,223,223,5.335003716659739
7159,FR_Pump_Hydro_Closed,2050,1,224,224,5.177554740080731
7160,FR_Pump_Hydro_Closed,2050,1,225,225,5.077143118478653
7161,FR_Pump_Hydro_Closed,2050,1,226,226,4.984613738725523
7162,FR_Pump_Hydro_Closed,2050,1,227,227,4.887141134387076
7163,FR_Pump_Hydro_Closed,2050,1,228,228,4.8468449514861245
7164,FR_Pump_Hydro_Closed,2050,1,229,229,4.873110901984102
7165,FR_Pump_Hydro_Closed,2050,1,230,230,4.875126552931942
7166,FR_Pump_Hydro_Closed,2050,1,231,231,4.748752741483712
7167,FR_Pump_Hydro_Closed,2050,1,232,232,4.591303764904704
7168,FR_Pump_Hydro_Closed,2050,1,233,233,4.433854788325696
7169,FR_Pump_Hydro_Closed,2050,1,234,234,4.283841702871423
7170,FR_Pump_Hydro_Closed,2050,1,235,235,4.239366229401415
7171,FR_Pump_Hydro_Closed,2050,1,236,236,4.268806227783226
7172,FR_Pump_Hydro_Closed,2050,1,237,237,4.339612354559798
7173,FR_Pump_Hydro_Closed,2050,1,238,238,4.3473932573570675
7174,FR_Pump_Hydro_Closed,2050,1,239,239,4.375503053839357
7175,FR_Pump_Hydro_Closed,2050,1,240,240,4.384981230634251
7176,FR_Pump_Hydro_Closed,2050,1,241,241,4.3563435102414125
7177,FR_Pump_Hydro_Closed,2050,1,242,242,4.198894533662404
7178,FR_Pump_Hydro_Closed,2050,1,243,243,4.041445557083396
7179,FR_Pump_Hydro_Closed,2050,1,244,244,4.011873208882449
7180,FR_Pump_Hydro_Closed,2050,1,245,245,4.025848791159399
7181,FR_Pump_Hydro_Closed,2050,1,246,246,3.868399814580391
7182,FR_Pump_Hydro_Closed,2050,1,247,247,3.7109508380013825
7183,FR_Pump_Hydro_Closed,2050,1,248,248,3.7486220570401496
7184,FR_Pump_Hydro_Closed,2050,1,249,249,3.7605879031648763
7185,FR_Pump_Hydro_Closed,2050,1,250,250,3.780487584608658
7186,FR_Pump_Hydro_Closed,2050,1,251,251,3.757632181860505
7187,FR_Pump_Hydro_Closed,2050,1,252,252,3.6001832052814966
7188,FR_Pump_Hydro_Closed,2050,1,253,253,3.4427342287024882
7189,FR_Pump_Hydro_Closed,2050,1,254,254,3.3680184655155596
7190,FR_Pump_Hydro_Closed,2050,1,255,255,3.427705355787939
7191,FR_Pump_Hydro_Closed,2050,1,256,256,3.4278106508767547
7192,FR_Pump_Hydro_Closed,2050,1,257,257,3.5196264123581504
7193,FR_Pump_Hydro_Closed,2050,1,258,258,3.605373454993341
7194,FR_Pump_Hydro_Closed,2050,1,259,259,3.5299163779803884
7195,FR_Pump_Hydro_Closed,2050,1,260,260,3.596724052708457
7196,FR_Pump_Hydro_Closed,2050,1,261,261,3.6696757836661753
7197,FR_Pump_Hydro_Closed,2050,1,262,262,3.6134730327332667
7198,FR_Pump_Hydro_Closed,2050,1,263,263,3.4560240561542583
7199,FR_Pump_Hydro_Closed,2050,1,264,264,3.29857507957525
7200,FR_Pump_Hydro_Closed,2050,1,265,265,3.1841840407497473
7201,FR_Pump_Hydro_Closed,2050,1,266,266,3.0518853975882636
7202,FR_Pump_Hydro_Closed,2050,1,267,267,2.9758844427677973
7203,FR_Pump_Hydro_Closed,2050,1,268,268,2.8283567626863637
7204,FR_Pump_Hydro_Closed,2050,1,269,269,2.6709077861073554
7205,FR_Pump_Hydro_Closed,2050,1,270,270,2.5710220339760577
7206,FR_Pump_Hydro_Closed,2050,1,271,271,2.505238535920256
7207,FR_Pump_Hydro_Closed,2050,1,272,272,2.405463110991169
7208,FR_Pump_Hydro_Closed,2050,1,273,273,2.357113482453519
7209,FR_Pump_Hydro_Closed,2050,1,274,274,2.4321436011582813
7210,FR_Pump_Hydro_Closed,2050,1,275,275,2.494511309248295
7211,FR_Pump_Hydro_Closed,2050,1,276,276,2.3370623326692868
7212,FR_Pump_Hydro_Closed,2050,1,277,277,2.1796133560902784
7213,FR_Pump_Hydro_Closed,2050,1,278,278,2.0592816013588418
7214,FR_Pump_Hydro_Closed,2050,1,279,279,2.131329752011454
7215,FR_Pump_Hydro_Closed,2050,1,280,280,2.176855437230225
7216,FR_Pump_Hydro_Closed,2050,1,281,281,2.0420965240962596
7217,FR_Pump_Hydro_Closed,2050,1,282,282,1.8846475475172515
7218,FR_Pump_Hydro_Closed,2050,1,283,283,1.7271985709382434
7219,FR_Pump_Hydro_Closed,2050,1,284,284,1.6320430284919047
7220,FR_Pump_Hydro_Closed,2050,1,285,285,1.4892421477084115
7221,FR_Pump_Hydro_Closed,2050,1,286,286,1.4085089810622786
7222,FR_Pump_Hydro_Closed,2050,1,287,287,1.3327430940305796
7223,FR_Pump_Hydro_Closed,2050,1,288,288,1.3638644190796891
7224,FR_Pump_Hydro_Closed,2050,1,289,289,1.364697060474429
7225,FR_Pump_Hydro_Closed,2050,1,290,290,1.207248083895421
7226,FR_Pump_Hydro_Closed,2050,1,291,291,1.0497991073164128
7227,FR_Pump_Hydro_Closed,2050,1,292,292,0.8923501307374047
7228,FR_Pump_Hydro_Closed,2050,1,293,293,0.7349011541583965
7229,FR_Pump_Hydro_Closed,2050,1,294,294,0.6501436654771281
7230,FR_Pump_Hydro_Closed,2050,1,295,295,0.7463495108699668
7231,FR_Pump_Hydro_Closed,2050,1,296,296,0.825962881502203
7232,FR_Pump_Hydro_Closed,2050,1,297,297,0.7540947369072231
7233,FR_Pump_Hydro_Closed,2050,1,298,298,0.8033414403142265
7234,FR_Pump_Hydro_Closed,2050,1,299,299,0.7654691304854325
7235,FR_Pump_Hydro_Closed,2050,1,300,300,0.7027849835954771
7236,FR_Pump_Hydro_Closed,2050,1,301,301,0.6608918833898132
7237,FR_Pump_Hydro_Closed,2050,1,302,302,0.5451490490850908
7238,FR_Pump_Hydro_Closed,2050,1,303,303,0.4472672628090315
7239,FR_Pump_Hydro_Closed,2050,1,304,304,0.47759520121012355
7240,FR_Pump_Hydro_Closed,2050,1,305,305,0.5221548641458773
7241,FR_Pump_Hydro_Closed,2050,1,306,306,0.5295171162873656
7242,FR_Pump_Hydro_Closed,2050,1,307,307,0.38334279842456004
7243,FR_Pump_Hydro_Closed,2050,1,308,308,0.22589382184555185
7244,FR_Pump_Hydro_Closed,2050,1,309,309,0.07316320516727798
7245,FR_Pump_Hydro_Closed,2050,1,310,310,0.0
7246,FR_Pump_Hydro_Closed,2050,1,311,311,0.06551015108627428
7247,FR_Pump_Hydro_Closed,2050,1,312,312,0.16959091802876924
7248,FR_Pump_Hydro_Closed,2050,1,313,313,0.292392831628843
7249,FR_Pump_Hydro_Closed,2050,1,314,314,0.41084894065146493
7250,FR_Pump_Hydro_Closed,2050,1,315,315,0.5174279490058292
7251,FR_Pump_Hydro_Closed,2050,1,316,316,0.5957572559433348
7252,FR_Pump_Hydro_Closed,2050,1,317,317,0.7109501660038628
7253,FR_Pump_Hydro_Closed,2050,1,318,318,0.8337520796039366
7254,FR_Pump_Hydro_Closed,2050,1,319,319,0.8546153156297531
7255,FR_Pump_Hydro_Closed,2050,1,320,320,0.9239541109919306
7256,FR_Pump_Hydro_Closed,2050,1,321,321,1.0184231677900941
7257,FR_Pump_Hydro_Closed,2050,1,322,322,1.1381591864293907
7258,FR_Pump_Hydro_Closed,2050,1,323,323,1.2609611000294645
7259,FR_Pump_Hydro_Closed,2050,1,324,324,1.3134588094462532
7260,FR_Pump_Hydro_Closed,2050,1,325,325,1.3602607339552784
7261,FR_Pump_Hydro_Closed,2050,1,326,326,1.3833896869781437
7262,FR_Pump_Hydro_Closed,2050,1,327,327,1.2648532891722435
7263,FR_Pump_Hydro_Closed,2050,1,328,328,1.382991885057796
7264,FR_Pump_Hydro_Closed,2050,1,329,329,1.4969433704296211
7265,FR_Pump_Hydro_Closed,2050,1,330,330,1.506440892779169
7266,FR_Pump_Hydro_Closed,2050,1,331,331,1.6292428063792428
7267,FR_Pump_Hydro_Closed,2050,1,332,332,1.7520447199793165
7268,FR_Pump_Hydro_Closed,2050,1,333,333,1.8748466335793903
7269,FR_Pump_Hydro_Closed,2050,1,334,334,1.997648547179464
7270,FR_Pump_Hydro_Closed,2050,1,335,335,2.1204504607795376
7271,FR_Pump_Hydro_Closed,2050,1,336,336,2.2191001905922785
7272,FR_Pump_Hydro_Closed,2050,1,337,337,2.318872891115982
7273,FR_Pump_Hydro_Closed,2050,1,338,338,2.441674804716056
7274,FR_Pump_Hydro_Closed,2050,1,339,339,2.5644767183161297
7275,FR_Pump_Hydro_Closed,2050,1,340,340,2.6872786319162034
7276,FR_Pump_Hydro_Closed,2050,1,341,341,2.810080545516277
7277,FR_Pump_Hydro_Closed,2050,1,342,342,2.913430057118452
7278,FR_Pump_Hydro_Closed,2050,1,343,343,3.036231970718526
7279,FR_Pump_Hydro_Closed,2050,1,344,344,3.1590338843185997
7280,FR_Pump_Hydro_Closed,2050,1,345,345,3.2818357979186734
7281,FR_Pump_Hydro_Closed,2050,1,346,346,3.395330880017745
7282,FR_Pump_Hydro_Closed,2050,1,347,347,3.3616704803816955
7283,FR_Pump_Hydro_Closed,2050,1,348,348,3.2978546735754564
7284,FR_Pump_Hydro_Closed,2050,1,349,349,3.2257998424237626
7285,FR_Pump_Hydro_Closed,2050,1,350,350,3.3106877482369423
7286,FR_Pump_Hydro_Closed,2050,1,351,351,3.433489661837016
7287,FR_Pump_Hydro_Closed,2050,1,352,352,3.55629157543709
7288,FR_Pump_Hydro_Closed,2050,1,353,353,3.6790934890371636
7289,FR_Pump_Hydro_Closed,2050,1,354,354,3.8018954026372374
7290,FR_Pump_Hydro_Closed,2050,1,355,355,3.924697316237311
7291,FR_Pump_Hydro_Closed,2050,1,356,356,4.047499229837385
7292,FR_Pump_Hydro_Closed,2050,1,357,357,4.170301143437459
7293,FR_Pump_Hydro_Closed,2050,1,358,358,4.293103057037532
7294,FR_Pump_Hydro_Closed,2050,1,359,359,4.415904970637606
7295,FR_Pump_Hydro_Closed,2050,1,360,360,4.5357492140133955
7296,FR_Pump_Hydro_Closed,2050,1,361,361,4.607187263220032
7297,FR_Pump_Hydro_Closed,2050,1,362,362,4.669356195836962
7298,FR_Pump_Hydro_Closed,2050,1,363,363,4.7543961727998525
7299,FR_Pump_Hydro_Closed,2050,1,364,364,4.877198086399926
7300,FR_Pump_Hydro_Closed,2050,1,365,365,5.0
7301,FR_Pump_Hydro_Open,2050,1,1,1,46.10521722240066
7302,FR_Pump_Hydro_Open,2050,1,2,2,47.21043444480133
7303,FR_Pump_Hydro_Open,2050,1,3,3,48.31565166720199
7304,FR_Pump_Hydro_Open,2050,1,4,4,49.42086888960265
7305,FR_Pump_Hydro_Open,2050,1,5,5,50.23861473563518
7306,FR_Pump_Hydro_Open,2050,1,6,6,50.44725514824756
7307,FR_Pump_Hydro_Open,2050,1,7,7,51.55247237064822
7308,FR_Pump_Hydro_Open,2050,1,8,8,52.65768959304888
7309,FR_Pump_Hydro_Open,2050,1,9,9,53.76290681544954
7310,FR_Pump_Hydro_Open,2050,1,10,10,54.8681240378502
7311,FR_Pump_Hydro_Open,2050,1,11,11,55.97334126025086
7312,FR_Pump_Hydro_Open,2050,1,12,12,57.07855848265152
7313,FR_Pump_Hydro_Open,2050,1,13,13,58.183775705052184
7314,FR_Pump_Hydro_Open,2050,1,14,14,59.288992927452846
7315,FR_Pump_Hydro_Open,2050,1,15,15,60.39421014985351
7316,FR_Pump_Hydro_Open,2050,1,16,16,61.49942737225417
7317,FR_Pump_Hydro_Open,2050,1,17,17,62.60464459465483
7318,FR_Pump_Hydro_Open,2050,1,18,18,62.49409408691518
7319,FR_Pump_Hydro_Open,2050,1,19,19,61.07705329770411
7320,FR_Pump_Hydro_Open,2050,1,20,20,60.39961196886614
7321,FR_Pump_Hydro_Open,2050,1,21,21,59.724533580183376
7322,FR_Pump_Hydro_Open,2050,1,22,22,58.307492790972304
7323,FR_Pump_Hydro_Open,2050,1,23,23,57.619430047596495
7324,FR_Pump_Hydro_Open,2050,1,24,24,58.52017221560403
7325,FR_Pump_Hydro_Open,2050,1,25,25,58.09146081319787
7326,FR_Pump_Hydro_Open,2050,1,26,26,58.85817049903145
7327,FR_Pump_Hydro_Open,2050,1,27,27,59.137077363403066
7328,FR_Pump_Hydro_Open,2050,1,28,28,60.24229458580373
7329,FR_Pump_Hydro_Open,2050,1,29,29,61.34751180820439
7330,FR_Pump_Hydro_Open,2050,1,30,30,62.45272903060505
7331,FR_Pump_Hydro_Open,2050,1,31,31,62.7400031084438
7332,FR_Pump_Hydro_Open,2050,1,32,32,63.813779017856675
7333,FR_Pump_Hydro_Open,2050,1,33,33,63.95166799741763
7334,FR_Pump_Hydro_Open,2050,1,34,34,63.11644625681727
7335,FR_Pump_Hydro_Open,2050,1,35,35,61.84789349868768
7336,FR_Pump_Hydro_Open,2050,1,36,36,61.1005117820182
7337,FR_Pump_Hydro_Open,2050,1,37,37,62.20572900441886
7338,FR_Pump_Hydro_Open,2050,1,38,38,63.310946226819524
7339,FR_Pump_Hydro_Open,2050,1,39,39,64.41616344922019
7340,FR_Pump_Hydro_Open,2050,1,40,40,65.1290769480177
7341,FR_Pump_Hydro_Open,2050,1,41,41,65.15535002860618
7342,FR_Pump_Hydro_Open,2050,1,42,42,64.26286355708532
7343,FR_Pump_Hydro_Open,2050,1,43,43,63.666911969878306
7344,FR_Pump_Hydro_Open,2050,1,44,44,63.3192356982714
7345,FR_Pump_Hydro_Open,2050,1,45,45,62.641209111597696
7346,FR_Pump_Hydro_Open,2050,1,46,46,63.64236367738965
7347,FR_Pump_Hydro_Open,2050,1,47,47,64.65329099325415
7348,FR_Pump_Hydro_Open,2050,1,48,48,65.64811523711613
7349,FR_Pump_Hydro_Open,2050,1,49,49,66.71576918284819
7350,FR_Pump_Hydro_Open,2050,1,50,50,67.82098640524886
7351,FR_Pump_Hydro_Open,2050,1,51,51,68.84559012189355
7352,FR_Pump_Hydro_Open,2050,1,52,52,69.31223679911689
7353,FR_Pump_Hydro_Open,2050,1,53,53,70.10618990238437
7354,FR_Pump_Hydro_Open,2050,1,54,54,71.21140712478504
7355,FR_Pump_Hydro_Open,2050,1,55,55,72.05695392222842
7356,FR_Pump_Hydro_Open,2050,1,56,56,71.46125711062052
7357,FR_Pump_Hydro_Open,2050,1,57,57,71.25513179930827
7358,FR_Pump_Hydro_Open,2050,1,58,58,70.68580262152265
7359,FR_Pump_Hydro_Open,2050,1,59,59,70.59447938849812
7360,FR_Pump_Hydro_Open,2050,1,60,60,71.69969661089878
7361,FR_Pump_Hydro_Open,2050,1,61,61,72.80491383329945
7362,FR_Pump_Hydro_Open,2050,1,62,62,73.89964972469137
7363,FR_Pump_Hydro_Open,2050,1,63,63,74.04109093753684
7364,FR_Pump_Hydro_Open,2050,1,64,64,73.66669167472969
7365,FR_Pump_Hydro_Open,2050,1,65,65,74.61106156255497
7366,FR_Pump_Hydro_Open,2050,1,66,66,75.71627878495563
7367,FR_Pump_Hydro_Open,2050,1,67,67,76.78573229842065
7368,FR_Pump_Hydro_Open,2050,1,68,68,76.58158488076108
7369,FR_Pump_Hydro_Open,2050,1,69,69,77.34889746318325
7370,FR_Pump_Hydro_Open,2050,1,70,70,77.03094708785395
7371,FR_Pump_Hydro_Open,2050,1,71,71,77.19721341720772
7372,FR_Pump_Hydro_Open,2050,1,72,72,78.10744556897502
7373,FR_Pump_Hydro_Open,2050,1,73,73,78.81841571825336
7374,FR_Pump_Hydro_Open,2050,1,74,74,79.5647058489114
7375,FR_Pump_Hydro_Open,2050,1,75,75,80.45850005091113
7376,FR_Pump_Hydro_Open,2050,1,76,76,81.15666088875537
7377,FR_Pump_Hydro_Open,2050,1,77,77,80.13265538993332
7378,FR_Pump_Hydro_Open,2050,1,78,78,79.08120854248212
7379,FR_Pump_Hydro_Open,2050,1,79,79,78.0760838982952
7380,FR_Pump_Hydro_Open,2050,1,80,80,78.53021469814796
7381,FR_Pump_Hydro_Open,2050,1,81,81,78.39018591923092
7382,FR_Pump_Hydro_Open,2050,1,82,82,79.17698176537276
7383,FR_Pump_Hydro_Open,2050,1,83,83,78.16359452026816
7384,FR_Pump_Hydro_Open,2050,1,84,84,77.56952734582137
7385,FR_Pump_Hydro_Open,2050,1,85,85,78.51722498554118
7386,FR_Pump_Hydro_Open,2050,1,86,86,78.71116596433951
7387,FR_Pump_Hydro_Open,2050,1,87,87,78.96262817093921
7388,FR_Pump_Hydro_Open,2050,1,88,88,80.06784539333988
7389,FR_Pump_Hydro_Open,2050,1,89,89,81.17306261574055
7390,FR_Pump_Hydro_Open,2050,1,90,90,82.27827983814122
7391,FR_Pump_Hydro_Open,2050,1,91,91,83.3177821684635
7392,FR_Pump_Hydro_Open,2050,1,92,92,84.12230831536773
7393,FR_Pump_Hydro_Open,2050,1,93,93,83.11696038963382
7394,FR_Pump_Hydro_Open,2050,1,94,94,82.28113570820766
7395,FR_Pump_Hydro_Open,2050,1,95,95,81.11321709884268
7396,FR_Pump_Hydro_Open,2050,1,96,96,80.05066126568444
7397,FR_Pump_Hydro_Open,2050,1,97,97,80.7270406428651
7398,FR_Pump_Hydro_Open,2050,1,98,98,81.0967062897597
7399,FR_Pump_Hydro_Open,2050,1,99,99,81.55611623756222
7400,FR_Pump_Hydro_Open,2050,1,100,100,81.40240892624838
7401,FR_Pump_Hydro_Open,2050,1,101,101,81.40946799125139
7402,FR_Pump_Hydro_Open,2050,1,102,102,82.21649289820643
7403,FR_Pump_Hydro_Open,2050,1,103,103,82.90673164831708
7404,FR_Pump_Hydro_Open,2050,1,104,104,83.64954806808836
7405,FR_Pump_Hydro_Open,2050,1,105,105,84.26295529466493
7406,FR_Pump_Hydro_Open,2050,1,106,106,84.85078134157818
7407,FR_Pump_Hydro_Open,2050,1,107,107,85.22505898187248
7408,FR_Pump_Hydro_Open,2050,1,108,108,84.95321704667064
7409,FR_Pump_Hydro_Open,2050,1,109,109,85.23235384720023
7410,FR_Pump_Hydro_Open,2050,1,110,110,85.82337454815298
7411,FR_Pump_Hydro_Open,2050,1,111,111,86.06044262540136
7412,FR_Pump_Hydro_Open,2050,1,112,112,86.1055436160853
7413,FR_Pump_Hydro_Open,2050,1,113,113,86.49214979697477
7414,FR_Pump_Hydro_Open,2050,1,114,114,86.38676831781244
7415,FR_Pump_Hydro_Open,2050,1,115,115,85.76344729678115
7416,FR_Pump_Hydro_Open,2050,1,116,116,84.51861697410132
7417,FR_Pump_Hydro_Open,2050,1,117,117,83.12154879776038
7418,FR_Pump_Hydro_Open,2050,1,118,118,82.27152027807487
7419,FR_Pump_Hydro_Open,2050,1,119,119,82.81580217116651
7420,FR_Pump_Hydro_Open,2050,1,120,120,83.20240835205598
7421,FR_Pump_Hydro_Open,2050,1,121,121,83.58901453294546
7422,FR_Pump_Hydro_Open,2050,1,122,122,83.97562071383493
7423,FR_Pump_Hydro_Open,2050,1,123,123,83.8604698581432
7424,FR_Pump_Hydro_Open,2050,1,124,124,84.24707603903268
7425,FR_Pump_Hydro_Open,2050,1,125,125,84.63368221992215
7426,FR_Pump_Hydro_Open,2050,1,126,126,85.06940607567884
7427,FR_Pump_Hydro_Open,2050,1,127,127,85.45601225656831
7428,FR_Pump_Hydro_Open,2050,1,128,128,85.84261843745779
7429,FR_Pump_Hydro_Open,2050,1,129,129,86.22922461834726
7430,FR_Pump_Hydro_Open,2050,1,130,130,86.61583079923673
7431,FR_Pump_Hydro_Open,2050,1,131,131,87.0024369801262
7432,FR_Pump_Hydro_Open,2050,1,132,132,87.38904316101568
7433,FR_Pump_Hydro_Open,2050,1,133,133,87.77564934190515
7434,FR_Pump_Hydro_Open,2050,1,134,134,87.56818844800475
7435,FR_Pump_Hydro_Open,2050,1,135,135,87.24692461203614
7436,FR_Pump_Hydro_Open,2050,1,136,136,87.37677669777396
7437,FR_Pump_Hydro_Open,2050,1,137,137,87.76338287866344
7438,FR_Pump_Hydro_Open,2050,1,138,138,88.14998905955291
7439,FR_Pump_Hydro_Open,2050,1,139,139,88.53659524044238
7440,FR_Pump_Hydro_Open,2050,1,140,140,87.8879758640515
7441,FR_Pump_Hydro_Open,2050,1,141,141,87.03780117067197
7442,FR_Pump_Hydro_Open,2050,1,142,142,87.06595522581202
7443,FR_Pump_Hydro_Open,2050,1,143,143,87.22392002416697
7444,FR_Pump_Hydro_Open,2050,1,144,144,86.59692288299296
7445,FR_Pump_Hydro_Open,2050,1,145,145,85.69436537639348
7446,FR_Pump_Hydro_Open,2050,1,146,146,85.52589804160245
7447,FR_Pump_Hydro_Open,2050,1,147,147,85.65224947050669
7448,FR_Pump_Hydro_Open,2050,1,148,148,86.03885565139616
7449,FR_Pump_Hydro_Open,2050,1,149,149,86.14732829831573
7450,FR_Pump_Hydro_Open,2050,1,150,150,86.5339344792052
7451,FR_Pump_Hydro_Open,2050,1,151,151,86.93191454358802
7452,FR_Pump_Hydro_Open,2050,1,152,152,87.3185207244775
7453,FR_Pump_Hydro_Open,2050,1,153,153,87.70512690536697
7454,FR_Pump_Hydro_Open,2050,1,154,154,88.09173308625644
7455,FR_Pump_Hydro_Open,2050,1,155,155,88.47833926714591
7456,FR_Pump_Hydro_Open,2050,1,156,156,88.54778126343217
7457,FR_Pump_Hydro_Open,2050,1,157,157,88.93438744432164
7458,FR_Pump_Hydro_Open,2050,1,158,158,89.32099362521112
7459,FR_Pump_Hydro_Open,2050,1,159,159,89.70759980610059
7460,FR_Pump_Hydro_Open,2050,1,160,160,89.61339381911053
7461,FR_Pump_Hydro_Open,2050,1,161,161,90.0
7462,FR_Pump_Hydro_Open,2050,1,162,162,89.86802811063289
7463,FR_Pump_Hydro_Open,2050,1,163,163,89.01777553706849
7464,FR_Pump_Hydro_Open,2050,1,164,164,88.03889424359602
7465,FR_Pump_Hydro_Open,2050,1,165,165,88.42550042448549
7466,FR_Pump_Hydro_Open,2050,1,166,166,88.58447769009582
7467,FR_Pump_Hydro_Open,2050,1,167,167,87.82923848312943
7468,FR_Pump_Hydro_Open,2050,1,168,168,87.63837546759005
7469,FR_Pump_Hydro_Open,2050,1,169,169,88.06860534722692
7470,FR_Pump_Hydro_Open,2050,1,170,170,87.73609209677461
7471,FR_Pump_Hydro_Open,2050,1,171,171,86.31905130756354
7472,FR_Pump_Hydro_Open,2050,1,172,172,84.90201051835247
7473,FR_Pump_Hydro_Open,2050,1,173,173,83.5849675765427
7474,FR_Pump_Hydro_Open,2050,1,174,174,83.33751225249064
7475,FR_Pump_Hydro_Open,2050,1,175,175,83.72411843338011
7476,FR_Pump_Hydro_Open,2050,1,176,176,83.75260418664482
7477,FR_Pump_Hydro_Open,2050,1,177,177,82.60679874217993
7478,FR_Pump_Hydro_Open,2050,1,178,178,81.18975795296886
7479,FR_Pump_Hydro_Open,2050,1,179,179,79.77271716375779
7480,FR_Pump_Hydro_Open,2050,1,180,180,78.65924779755565
7481,FR_Pump_Hydro_Open,2050,1,181,181,77.45055190846816
7482,FR_Pump_Hydro_Open,2050,1,182,182,76.57255081845042
7483,FR_Pump_Hydro_Open,2050,1,183,183,75.91399604220723
7484,FR_Pump_Hydro_Open,2050,1,184,184,75.09966391489502
7485,FR_Pump_Hydro_Open,2050,1,185,185,74.00935114080349
7486,FR_Pump_Hydro_Open,2050,1,186,186,72.59231035159242
7487,FR_Pump_Hydro_Open,2050,1,187,187,72.97891653248189
7488,FR_Pump_Hydro_Open,2050,1,188,188,73.36552271337136
7489,FR_Pump_Hydro_Open,2050,1,189,189,73.92695986658627
7490,FR_Pump_Hydro_Open,2050,1,190,190,74.40317329958208
7491,FR_Pump_Hydro_Open,2050,1,191,191,74.78977948047155
7492,FR_Pump_Hydro_Open,2050,1,192,192,73.91346477567964
7493,FR_Pump_Hydro_Open,2050,1,193,193,72.51562405582142
7494,FR_Pump_Hydro_Open,2050,1,194,194,71.09858326661035
7495,FR_Pump_Hydro_Open,2050,1,195,195,69.68154247739928
7496,FR_Pump_Hydro_Open,2050,1,196,196,68.56641777332351
7497,FR_Pump_Hydro_Open,2050,1,197,197,67.55699847486002
7498,FR_Pump_Hydro_Open,2050,1,198,198,66.8685237647653
7499,FR_Pump_Hydro_Open,2050,1,199,199,67.01520764848614
7500,FR_Pump_Hydro_Open,2050,1,200,200,66.26434454658254
7501,FR_Pump_Hydro_Open,2050,1,201,201,65.4225763956268
7502,FR_Pump_Hydro_Open,2050,1,202,202,65.2993585115092
7503,FR_Pump_Hydro_Open,2050,1,203,203,65.09311291946109
7504,FR_Pump_Hydro_Open,2050,1,204,204,64.70968216099556
7505,FR_Pump_Hydro_Open,2050,1,205,205,63.63966535713782
7506,FR_Pump_Hydro_Open,2050,1,206,206,63.93752665885114
7507,FR_Pump_Hydro_Open,2050,1,207,207,64.4709524099704
7508,FR_Pump_Hydro_Open,2050,1,208,208,63.96404796372856
7509,FR_Pump_Hydro_Open,2050,1,209,209,63.1303639519107
7510,FR_Pump_Hydro_Open,2050,1,210,210,63.21801616751868
7511,FR_Pump_Hydro_Open,2050,1,211,211,63.004154671959206
7512,FR_Pump_Hydro_Open,2050,1,212,212,62.62903841144069
7513,FR_Pump_Hydro_Open,2050,1,213,213,61.428836283934054
7514,FR_Pump_Hydro_Open,2050,1,214,214,60.01179549472298
7515,FR_Pump_Hydro_Open,2050,1,215,215,58.631168067364946
7516,FR_Pump_Hydro_Open,2050,1,216,216,57.53749067320705
7517,FR_Pump_Hydro_Open,2050,1,217,217,56.517278185204106
7518,FR_Pump_Hydro_Open,2050,1,218,218,55.100237395993034
7519,FR_Pump_Hydro_Open,2050,1,219,219,53.68319660678196
7520,FR_Pump_Hydro_Open,2050,1,220,220,52.26615581757089
7521,FR_Pump_Hydro_Open,2050,1,221,221,50.84911502835982
7522,FR_Pump_Hydro_Open,2050,1,222,222,49.43207423914875
7523,FR_Pump_Hydro_Open,2050,1,223,223,48.015033449937675
7524,FR_Pump_Hydro_Open,2050,1,224,224,46.597992660726604
7525,FR_Pump_Hydro_Open,2050,1,225,225,45.69428806630788
7526,FR_Pump_Hydro_Open,2050,1,226,226,44.861523648529705
7527,FR_Pump_Hydro_Open,2050,1,227,227,43.98427020948369
7528,FR_Pump_Hydro_Open,2050,1,228,228,43.62160456337513
7529,FR_Pump_Hydro_Open,2050,1,229,229,43.85799811785692
7530,FR_Pump_Hydro_Open,2050,1,230,230,43.87613897638748
7531,FR_Pump_Hydro_Open,2050,1,231,231,42.73877467335341
7532,FR_Pump_Hydro_Open,2050,1,232,232,41.32173388414234
7533,FR_Pump_Hydro_Open,2050,1,233,233,39.90469309493127
7534,FR_Pump_Hydro_Open,2050,1,234,234,38.554575325842805
7535,FR_Pump_Hydro_Open,2050,1,235,235,38.15429606461274
7536,FR_Pump_Hydro_Open,2050,1,236,236,38.41925605004903
7537,FR_Pump_Hydro_Open,2050,1,237,237,39.05651119103818
7538,FR_Pump_Hydro_Open,2050,1,238,238,39.126539316213595
7539,FR_Pump_Hydro_Open,2050,1,239,239,39.37952748455422
7540,FR_Pump_Hydro_Open,2050,1,240,240,39.46483107570826
7541,FR_Pump_Hydro_Open,2050,1,241,241,39.207091592172716
7542,FR_Pump_Hydro_Open,2050,1,242,242,37.790050802961645
7543,FR_Pump_Hydro_Open,2050,1,243,243,36.37301001375057
7544,FR_Pump_Hydro_Open,2050,1,244,244,36.10685887994205
7545,FR_Pump_Hydro_Open,2050,1,245,245,36.2326391204346
7546,FR_Pump_Hydro_Open,2050,1,246,246,34.815598331223526
7547,FR_Pump_Hydro_Open,2050,1,247,247,33.398557542012455
7548,FR_Pump_Hydro_Open,2050,1,248,248,33.73759851336134
7549,FR_Pump_Hydro_Open,2050,1,249,249,33.84529112848389
7550,FR_Pump_Hydro_Open,2050,1,250,250,34.02438826147792
7551,FR_Pump_Hydro_Open,2050,1,251,251,33.818689636744544
7552,FR_Pump_Hydro_Open,2050,1,252,252,32.40164884753347
7553,FR_Pump_Hydro_Open,2050,1,253,253,30.984608058322397
7554,FR_Pump_Hydro_Open,2050,1,254,254,30.312166189640042
7555,FR_Pump_Hydro_Open,2050,1,255,255,30.849348202091456
7556,FR_Pump_Hydro_Open,2050,1,256,256,30.850295857890806
7557,FR_Pump_Hydro_Open,2050,1,257,257,31.676637711223368
7558,FR_Pump_Hydro_Open,2050,1,258,258,32.44836109494007
7559,FR_Pump_Hydro_Open,2050,1,259,259,31.769247401823495
7560,FR_Pump_Hydro_Open,2050,1,260,260,32.370516474376124
7561,FR_Pump_Hydro_Open,2050,1,261,261,33.02708205299559
7562,FR_Pump_Hydro_Open,2050,1,262,262,32.52125729459941
7563,FR_Pump_Hydro_Open,2050,1,263,263,31.104216505388333
7564,FR_Pump_Hydro_Open,2050,1,264,264,29.687175716177258
7565,FR_Pump_Hydro_Open,2050,1,265,265,28.65765636674773
7566,FR_Pump_Hydro_Open,2050,1,266,266,27.466968578294377
7567,FR_Pump_Hydro_Open,2050,1,267,267,26.78295998491018
7568,FR_Pump_Hydro_Open,2050,1,268,268,25.455210864177275
7569,FR_Pump_Hydro_Open,2050,1,269,269,24.0381700749662
7570,FR_Pump_Hydro_Open,2050,1,270,270,23.139198305784518
7571,FR_Pump_Hydro_Open,2050,1,271,271,22.5471468232823
7572,FR_Pump_Hydro_Open,2050,1,272,272,21.649167998920515
7573,FR_Pump_Hydro_Open,2050,1,273,273,21.214021342081672
7574,FR_Pump_Hydro_Open,2050,1,274,274,21.88929241042453
7575,FR_Pump_Hydro_Open,2050,1,275,275,22.450601783234656
7576,FR_Pump_Hydro_Open,2050,1,276,276,21.03356099402358
7577,FR_Pump_Hydro_Open,2050,1,277,277,19.616520204812506
7578,FR_Pump_Hydro_Open,2050,1,278,278,18.533534412229574
7579,FR_Pump_Hydro_Open,2050,1,279,279,19.181967768103092
7580,FR_Pump_Hydro_Open,2050,1,280,280,19.591698935072024
7581,FR_Pump_Hydro_Open,2050,1,281,281,18.378868716866332
7582,FR_Pump_Hydro_Open,2050,1,282,282,16.961827927655257
7583,FR_Pump_Hydro_Open,2050,1,283,283,15.544787138444184
7584,FR_Pump_Hydro_Open,2050,1,284,284,14.688387256427138
7585,FR_Pump_Hydro_Open,2050,1,285,285,13.403179329375698
7586,FR_Pump_Hydro_Open,2050,1,286,286,12.676580829560514
7587,FR_Pump_Hydro_Open,2050,1,287,287,11.994687846275212
7588,FR_Pump_Hydro_Open,2050,1,288,288,12.274779771717201
7589,FR_Pump_Hydro_Open,2050,1,289,289,12.282273544269867
7590,FR_Pump_Hydro_Open,2050,1,290,290,10.865232755058793
7591,FR_Pump_Hydro_Open,2050,1,291,291,9.44819196584772
7592,FR_Pump_Hydro_Open,2050,1,292,292,8.031151176636646
7593,FR_Pump_Hydro_Open,2050,1,293,293,6.614110387425573
7594,FR_Pump_Hydro_Open,2050,1,294,294,5.851292989294157
7595,FR_Pump_Hydro_Open,2050,1,295,295,6.717145597829705
7596,FR_Pump_Hydro_Open,2050,1,296,296,7.433665933519831
7597,FR_Pump_Hydro_Open,2050,1,297,297,6.786852632165008
7598,FR_Pump_Hydro_Open,2050,1,298,298,7.23007296282804
7599,FR_Pump_Hydro_Open,2050,1,299,299,6.889222174368895
7600,FR_Pump_Hydro_Open,2050,1,300,300,6.325064852359295
7601,FR_Pump_Hydro_Open,2050,1,301,301,5.94802695050832
7602,FR_Pump_Hydro_Open,2050,1,302,302,4.906341441765818
7603,FR_Pump_Hydro_Open,2050,1,303,303,4.025405365281284
7604,FR_Pump_Hydro_Open,2050,1,304,304,4.2983568108911125
7605,FR_Pump_Hydro_Open,2050,1,305,305,4.699393777312897
7606,FR_Pump_Hydro_Open,2050,1,306,306,4.765654046586292
7607,FR_Pump_Hydro_Open,2050,1,307,307,3.450085185821041
7608,FR_Pump_Hydro_Open,2050,1,308,308,2.033044396609967
7609,FR_Pump_Hydro_Open,2050,1,309,309,0.6584688465055021
7610,FR_Pump_Hydro_Open,2050,1,310,310,0.0
7611,FR_Pump_Hydro_Open,2050,1,311,311,0.5895913597764681
7612,FR_Pump_Hydro_Open,2050,1,312,312,1.5263182622589229
7613,FR_Pump_Hydro_Open,2050,1,313,313,2.6315354846595858
7614,FR_Pump_Hydro_Open,2050,1,314,314,3.697640465863183
7615,FR_Pump_Hydro_Open,2050,1,315,315,4.656851541052461
7616,FR_Pump_Hydro_Open,2050,1,316,316,5.36181530349004
7617,FR_Pump_Hydro_Open,2050,1,317,317,6.398551494034792
7618,FR_Pump_Hydro_Open,2050,1,318,318,7.503768716435455
7619,FR_Pump_Hydro_Open,2050,1,319,319,7.691537840667803
7620,FR_Pump_Hydro_Open,2050,1,320,320,8.3155869989274
7621,FR_Pump_Hydro_Open,2050,1,321,321,9.165808510110878
7622,FR_Pump_Hydro_Open,2050,1,322,322,10.243432677864549
7623,FR_Pump_Hydro_Open,2050,1,323,323,11.348649900265212
7624,FR_Pump_Hydro_Open,2050,1,324,324,11.82112928501631
7625,FR_Pump_Hydro_Open,2050,1,325,325,12.242346605597536
7626,FR_Pump_Hydro_Open,2050,1,326,326,12.450507182803324
7627,FR_Pump_Hydro_Open,2050,1,327,327,11.383679602550222
7628,FR_Pump_Hydro_Open,2050,1,328,328,12.446926965520195
7629,FR_Pump_Hydro_Open,2050,1,329,329,13.47249033386662
7630,FR_Pump_Hydro_Open,2050,1,330,330,13.557968035012552
7631,FR_Pump_Hydro_Open,2050,1,331,331,14.663185257413215
7632,FR_Pump_Hydro_Open,2050,1,332,332,15.768402479813878
7633,FR_Pump_Hydro_Open,2050,1,333,333,16.87361970221454
7634,FR_Pump_Hydro_Open,2050,1,334,334,17.978836924615205
7635,FR_Pump_Hydro_Open,2050,1,335,335,19.08405414701587
7636,FR_Pump_Hydro_Open,2050,1,336,336,19.971901715330524
7637,FR_Pump_Hydro_Open,2050,1,337,337,20.86985602004385
7638,FR_Pump_Hydro_Open,2050,1,338,338,21.975073242444516
7639,FR_Pump_Hydro_Open,2050,1,339,339,23.08029046484518
7640,FR_Pump_Hydro_Open,2050,1,340,340,24.185507687245845
7641,FR_Pump_Hydro_Open,2050,1,341,341,25.29072490964651
7642,FR_Pump_Hydro_Open,2050,1,342,342,26.22087051406608
7643,FR_Pump_Hydro_Open,2050,1,343,343,27.326087736466743
7644,FR_Pump_Hydro_Open,2050,1,344,344,28.431304958867408
7645,FR_Pump_Hydro_Open,2050,1,345,345,29.536522181268072
7646,FR_Pump_Hydro_Open,2050,1,346,346,30.557977920159708
7647,FR_Pump_Hydro_Open,2050,1,347,347,30.255034323435265
7648,FR_Pump_Hydro_Open,2050,1,348,348,29.680692062179116
7649,FR_Pump_Hydro_Open,2050,1,349,349,29.032198581813876
7650,FR_Pump_Hydro_Open,2050,1,350,350,29.796189734132486
7651,FR_Pump_Hydro_Open,2050,1,351,351,30.90140695653315
7652,FR_Pump_Hydro_Open,2050,1,352,352,32.00662417893381
7653,FR_Pump_Hydro_Open,2050,1,353,353,33.11184140133447
7654,FR_Pump_Hydro_Open,2050,1,354,354,34.217058623735134
7655,FR_Pump_Hydro_Open,2050,1,355,355,35.322275846135796
7656,FR_Pump_Hydro_Open,2050,1,356,356,36.42749306853646
7657,FR_Pump_Hydro_Open,2050,1,357,357,37.53271029093712
7658,FR_Pump_Hydro_Open,2050,1,358,358,38.63792751333778
7659,FR_Pump_Hydro_Open,2050,1,359,359,39.74314473573844
7660,FR_Pump_Hydro_Open,2050,1,360,360,40.821742926120564
7661,FR_Pump_Hydro_Open,2050,1,361,361,41.4646853689803
7662,FR_Pump_Hydro_Open,2050,1,362,362,42.02420576253266
7663,FR_Pump_Hydro_Open,2050,1,363,363,42.78956555519867
7664,FR_Pump_Hydro_Open,2050,1,364,364,43.89478277759934
7665,FR_Pump_Hydro_Open,2050,1,365,365,45.0
7666,GR_Hydro_Reservoir,2050,1,1,1,1810.0405813434224
7667,GR_Hydro_Reservoir,2050,1,2,2,1820.0811626868447
7668,GR_Hydro_Reservoir,2050,1,3,3,1830.121744030267
7669,GR_Hydro_Reservoir,2050,1,4,4,1840.1623253736896
7670,GR_Hydro_Reservoir,2050,1,5,5,1851.7505272137546
7671,GR_Hydro_Reservoir,2050,1,6,6,1866.617887018298
7672,GR_Hydro_Reservoir,2050,1,7,7,1876.6584683617205
7673,GR_Hydro_Reservoir,2050,1,8,8,1886.699049705143
7674,GR_Hydro_Reservoir,2050,1,9,9,1896.7396310485653
7675,GR_Hydro_Reservoir,2050,1,10,10,1906.7802123919878
7676,GR_Hydro_Reservoir,2050,1,11,11,1916.8207937354102
7677,GR_Hydro_Reservoir,2050,1,12,12,1926.8613750788327
7678,GR_Hydro_Reservoir,2050,1,13,13,1936.9019564222551
7679,GR_Hydro_Reservoir,2050,1,14,14,1946.9425377656776
7680,GR_Hydro_Reservoir,2050,1,15,15,1956.9831191091
7681,GR_Hydro_Reservoir,2050,1,16,16,1967.0237004525222
7682,GR_Hydro_Reservoir,2050,1,17,17,1977.0642817959447
7683,GR_Hydro_Reservoir,2050,1,18,18,1993.6500262860177
7684,GR_Hydro_Reservoir,2050,1,19,19,2017.2693445663376
7685,GR_Hydro_Reservoir,2050,1,20,20,2036.9069819619729
7686,GR_Hydro_Reservoir,2050,1,21,21,2056.531898318516
7687,GR_Hydro_Reservoir,2050,1,22,22,2080.151216598836
7688,GR_Hydro_Reservoir,2050,1,23,23,2099.8460350573296
7689,GR_Hydro_Reservoir,2050,1,24,24,2110.987420902504
7690,GR_Hydro_Reservoir,2050,1,25,25,2129.2860048691073
7691,GR_Hydro_Reservoir,2050,1,26,26,2141.1489631339396
7692,GR_Hydro_Reservoir,2050,1,27,27,2155.638039012122
7693,GR_Hydro_Reservoir,2050,1,28,28,2165.678620355545
7694,GR_Hydro_Reservoir,2050,1,29,29,2175.719201698967
7695,GR_Hydro_Reservoir,2050,1,30,30,2185.7597830423892
7696,GR_Hydro_Reservoir,2050,1,31,31,2200.2038134930062
7697,GR_Hydro_Reservoir,2050,1,32,32,2210.4136611509953
7698,GR_Hydro_Reservoir,2050,1,33,33,2225.66191580963
7699,GR_Hydro_Reservoir,2050,1,34,34,2246.148974119087
7700,GR_Hydro_Reservoir,2050,1,35,35,2268.968897609877
7701,GR_Hydro_Reservoir,2050,1,36,36,2288.983063545913
7702,GR_Hydro_Reservoir,2050,1,37,37,2299.0236448893356
7703,GR_Hydro_Reservoir,2050,1,38,38,2309.0642262327583
7704,GR_Hydro_Reservoir,2050,1,39,39,2319.1048075761805
7705,GR_Hydro_Reservoir,2050,1,40,40,2331.2573810463596
7706,GR_Hydro_Reservoir,2050,1,41,41,2347.106527018708
7707,GR_Hydro_Reservoir,2050,1,42,42,2367.9018736608223
7708,GR_Hydro_Reservoir,2050,1,43,43,2387.1008058329753
7709,GR_Hydro_Reservoir,2050,1,44,44,2404.963132002516
7710,GR_Hydro_Reservoir,2050,1,45,45,2424.603920171052
7711,GR_Hydro_Reservoir,2050,1,46,46,2426.575369542242
7712,GR_Hydro_Reservoir,2050,1,47,47,2429.3046086204877
7713,GR_Hydro_Reservoir,2050,1,48,48,2436.983835774473
7714,GR_Hydro_Reservoir,2050,1,49,49,2444.1117196467158
7715,GR_Hydro_Reservoir,2050,1,50,50,2454.1523009901384
7716,GR_Hydro_Reservoir,2050,1,51,51,2457.942023111937
7717,GR_Hydro_Reservoir,2050,1,52,52,2471.42038972899
7718,GR_Hydro_Reservoir,2050,1,53,53,2480.9055760868077
7719,GR_Hydro_Reservoir,2050,1,54,54,2490.9461574302304
7720,GR_Hydro_Reservoir,2050,1,55,55,2502.384691074549
7721,GR_Hydro_Reservoir,2050,1,56,56,2521.5822516460094
7722,GR_Hydro_Reservoir,2050,1,57,57,2538.6825291892164
7723,GR_Hydro_Reservoir,2050,1,58,58,2557.7381379216204
7724,GR_Hydro_Reservoir,2050,1,59,59,2574.220371151478
7725,GR_Hydro_Reservoir,2050,1,60,60,2584.2609524949003
7726,GR_Hydro_Reservoir,2050,1,61,61,2594.301533838323
7727,GR_Hydro_Reservoir,2050,1,62,62,2603.529381335519
7728,GR_Hydro_Reservoir,2050,1,63,63,2618.7585123196186
7729,GR_Hydro_Reservoir,2050,1,64,64,2636.7647034173324
7730,GR_Hydro_Reservoir,2050,1,65,65,2647.6712166492234
7731,GR_Hydro_Reservoir,2050,1,66,66,2657.711797992646
7732,GR_Hydro_Reservoir,2050,1,67,67,2664.9792223110344
7733,GR_Hydro_Reservoir,2050,1,68,68,2682.068851737564
7734,GR_Hydro_Reservoir,2050,1,69,69,2665.90793849231
7735,GR_Hydro_Reservoir,2050,1,70,70,2678.1643728681825
7736,GR_Hydro_Reservoir,2050,1,71,71,2693.2598562536054
7737,GR_Hydro_Reservoir,2050,1,72,72,2688.1810824043987
7738,GR_Hydro_Reservoir,2050,1,73,73,2691.1066380084017
7739,GR_Hydro_Reservoir,2050,1,74,74,2699.650013787097
7740,GR_Hydro_Reservoir,2050,1,75,75,2693.296623371774
7741,GR_Hydro_Reservoir,2050,1,76,76,2671.7736083765376
7742,GR_Hydro_Reservoir,2050,1,77,77,2693.276996093632
7743,GR_Hydro_Reservoir,2050,1,78,78,2714.928116061953
7744,GR_Hydro_Reservoir,2050,1,79,79,2736.3298574934356
7745,GR_Hydro_Reservoir,2050,1,80,80,2749.8756041348815
7746,GR_Hydro_Reservoir,2050,1,81,81,2766.620046778684
7747,GR_Hydro_Reservoir,2050,1,82,82,2759.4146621335276
7748,GR_Hydro_Reservoir,2050,1,83,83,2780.8608858042417
7749,GR_Hydro_Reservoir,2050,1,84,84,2800.049673120067
7750,GR_Hydro_Reservoir,2050,1,85,85,2810.9382711873086
7751,GR_Hydro_Reservoir,2050,1,86,86,2825.8847663316797
7752,GR_Hydro_Reservoir,2050,1,87,87,2840.5215922760694
7753,GR_Hydro_Reservoir,2050,1,88,88,2850.562173619492
7754,GR_Hydro_Reservoir,2050,1,89,89,2860.6027549629143
7755,GR_Hydro_Reservoir,2050,1,90,90,2870.643336306337
7756,GR_Hydro_Reservoir,2050,1,91,91,2881.037697964168
7757,GR_Hydro_Reservoir,2050,1,92,92,2880.9091713936687
7758,GR_Hydro_Reservoir,2050,1,93,93,2902.3121148756063
7759,GR_Hydro_Reservoir,2050,1,94,94,2921.736318127171
7760,GR_Hydro_Reservoir,2050,1,95,95,2944.014471257176
7761,GR_Hydro_Reservoir,2050,1,96,96,2965.7253971588534
7762,GR_Hydro_Reservoir,2050,1,97,97,2942.5134239304716
7763,GR_Hydro_Reservoir,2050,1,98,98,2920.730226873089
7764,GR_Hydro_Reservoir,2050,1,99,99,2892.6436957256165
7765,GR_Hydro_Reservoir,2050,1,100,100,2880.2934153281767
7766,GR_Hydro_Reservoir,2050,1,101,101,2890.2881178359926
7767,GR_Hydro_Reservoir,2050,1,102,102,2877.2065415788848
7768,GR_Hydro_Reservoir,2050,1,103,103,2855.0692392542533
7769,GR_Hydro_Reservoir,2050,1,104,104,2837.008866820807
7770,GR_Hydro_Reservoir,2050,1,105,105,2808.913964303867
7771,GR_Hydro_Reservoir,2050,1,106,106,2778.835469195352
7772,GR_Hydro_Reservoir,2050,1,107,107,2765.317250713628
7773,GR_Hydro_Reservoir,2050,1,108,108,2774.384459489526
7774,GR_Hydro_Reservoir,2050,1,109,109,2750.134648156263
7775,GR_Hydro_Reservoir,2050,1,110,110,2720.303870008764
7776,GR_Hydro_Reservoir,2050,1,111,111,2693.7517916296374
7777,GR_Hydro_Reservoir,2050,1,112,112,2669.545368151626
7778,GR_Hydro_Reservoir,2050,1,113,113,2623.864065010964
7779,GR_Hydro_Reservoir,2050,1,114,114,2597.086156569069
7780,GR_Hydro_Reservoir,2050,1,115,115,2601.2206028712726
7781,GR_Hydro_Reservoir,2050,1,116,116,2618.223164910682
7782,GR_Hydro_Reservoir,2050,1,117,117,2641.0750855204788
7783,GR_Hydro_Reservoir,2050,1,118,118,2648.4282393291032
7784,GR_Hydro_Reservoir,2050,1,119,119,2614.973283007158
7785,GR_Hydro_Reservoir,2050,1,120,120,2569.291979866496
7786,GR_Hydro_Reservoir,2050,1,121,121,2523.6106767258343
7787,GR_Hydro_Reservoir,2050,1,122,122,2477.9293735851725
7788,GR_Hydro_Reservoir,2050,1,123,123,2451.5268289897535
7789,GR_Hydro_Reservoir,2050,1,124,124,2405.8455258490917
7790,GR_Hydro_Reservoir,2050,1,125,125,2360.16422270843
7791,GR_Hydro_Reservoir,2050,1,126,126,2318.2915576862733
7792,GR_Hydro_Reservoir,2050,1,127,127,2272.6102545456115
7793,GR_Hydro_Reservoir,2050,1,128,128,2226.9289514049497
7794,GR_Hydro_Reservoir,2050,1,129,129,2181.247648264288
7795,GR_Hydro_Reservoir,2050,1,130,130,2135.566345123626
7796,GR_Hydro_Reservoir,2050,1,131,131,2089.885041982964
7797,GR_Hydro_Reservoir,2050,1,132,132,2044.2037388423023
7798,GR_Hydro_Reservoir,2050,1,133,133,1998.5224357016405
7799,GR_Hydro_Reservoir,2050,1,134,134,1975.666673329851
7800,GR_Hydro_Reservoir,2050,1,135,135,1957.18350422914
7801,GR_Hydro_Reservoir,2050,1,136,136,1921.3673346990754
7802,GR_Hydro_Reservoir,2050,1,137,137,1875.6860315584136
7803,GR_Hydro_Reservoir,2050,1,138,138,1830.0047284177517
7804,GR_Hydro_Reservoir,2050,1,139,139,1784.3234252770899
7805,GR_Hydro_Reservoir,2050,1,140,140,1778.4180736500498
7806,GR_Hydro_Reservoir,2050,1,141,141,1780.2569807108607
7807,GR_Hydro_Reservoir,2050,1,142,142,1748.3483035196784
7808,GR_Hydro_Reservoir,2050,1,143,143,1711.451973355913
7809,GR_Hydro_Reservoir,2050,1,144,144,1704.7158414476546
7810,GR_Hydro_Reservoir,2050,1,145,145,1708.5674270248821
7811,GR_Hydro_Reservoir,2050,1,146,146,1684.21343472091
7812,GR_Hydro_Reservoir,2050,1,147,147,1648.5317691697123
7813,GR_Hydro_Reservoir,2050,1,148,148,1602.8504660290505
7814,GR_Hydro_Reservoir,2050,1,149,149,1567.8557479361566
7815,GR_Hydro_Reservoir,2050,1,150,150,1522.1744447954948
7816,GR_Hydro_Reservoir,2050,1,151,151,1477.3750849948879
7817,GR_Hydro_Reservoir,2050,1,152,152,1431.693781854226
7818,GR_Hydro_Reservoir,2050,1,153,153,1386.0124787135642
7819,GR_Hydro_Reservoir,2050,1,154,154,1340.3311755729023
7820,GR_Hydro_Reservoir,2050,1,155,155,1294.6498724322405
7821,GR_Hydro_Reservoir,2050,1,156,156,1261.1548094205198
7822,GR_Hydro_Reservoir,2050,1,157,157,1215.473506279858
7823,GR_Hydro_Reservoir,2050,1,158,158,1169.792203139196
7824,GR_Hydro_Reservoir,2050,1,159,159,1124.1108999985343
7825,GR_Hydro_Reservoir,2050,1,160,160,1096.9036012352162
7826,GR_Hydro_Reservoir,2050,1,161,161,1051.2222980945544
7827,GR_Hydro_Reservoir,2050,1,162,162,1025.4660596255399
7828,GR_Hydro_Reservoir,2050,1,163,163,1027.3079590375694
7829,GR_Hydro_Reservoir,2050,1,164,164,1034.0920951344842
7830,GR_Hydro_Reservoir,2050,1,165,165,988.4107919938225
7831,GR_Hydro_Reservoir,2050,1,166,166,951.4755603093441
7832,GR_Hydro_Reservoir,2050,1,167,167,949.6668088691308
7833,GR_Hydro_Reservoir,2050,1,168,168,926.173314555472
7834,GR_Hydro_Reservoir,2050,1,169,169,883.8746406286049
7835,GR_Hydro_Reservoir,2050,1,170,170,865.8237021291512
7836,GR_Hydro_Reservoir,2050,1,171,171,889.4430204094712
7837,GR_Hydro_Reservoir,2050,1,172,172,913.0623386897911
7838,GR_Hydro_Reservoir,2050,1,173,173,932.8394899160535
7839,GR_Hydro_Reservoir,2050,1,174,174,911.5204134416897
7840,GR_Hydro_Reservoir,2050,1,175,175,865.839110301028
7841,GR_Hydro_Reservoir,2050,1,176,176,833.9176884394399
7842,GR_Hydro_Reservoir,2050,1,177,177,847.1154673310414
7843,GR_Hydro_Reservoir,2050,1,178,178,870.7347856113613
7844,GR_Hydro_Reservoir,2050,1,179,179,894.3541038916812
7845,GR_Hydro_Reservoir,2050,1,180,180,906.3094498931031
7846,GR_Hydro_Reservoir,2050,1,181,181,921.9236367437112
7847,GR_Hydro_Reservoir,2050,1,182,182,924.8317034632034
7848,GR_Hydro_Reservoir,2050,1,183,183,919.3080947133703
7849,GR_Hydro_Reservoir,2050,1,184,184,919.7698408646662
7850,GR_Hydro_Reservoir,2050,1,185,185,930.8354527607672
7851,GR_Hydro_Reservoir,2050,1,186,186,954.4547710410872
7852,GR_Hydro_Reservoir,2050,1,187,187,908.7734679004254
7853,GR_Hydro_Reservoir,2050,1,188,188,863.0921647597637
7854,GR_Hydro_Reservoir,2050,1,189,189,830.9674460318228
7855,GR_Hydro_Reservoir,2050,1,190,190,792.234387020983
7856,GR_Hydro_Reservoir,2050,1,191,191,746.5530838803213
7857,GR_Hydro_Reservoir,2050,1,192,192,749.3963554674827
7858,GR_Hydro_Reservoir,2050,1,193,193,772.2779591287363
7859,GR_Hydro_Reservoir,2050,1,194,194,795.8972774090562
7860,GR_Hydro_Reservoir,2050,1,195,195,819.5165956893761
7861,GR_Hydro_Reservoir,2050,1,196,196,831.5355439063126
7862,GR_Hydro_Reservoir,2050,1,197,197,839.4930264273983
7863,GR_Hydro_Reservoir,2050,1,198,198,835.1190162648488
7864,GR_Hydro_Reservoir,2050,1,199,199,798.6561270167954
7865,GR_Hydro_Reservoir,2050,1,200,200,796.6792346902099
7866,GR_Hydro_Reservoir,2050,1,201,201,798.1951413947264
7867,GR_Hydro_Reservoir,2050,1,202,202,772.1025521798235
7868,GR_Hydro_Reservoir,2050,1,203,203,749.2000948755032
7869,GR_Hydro_Reservoir,2050,1,204,204,733.1055342066447
7870,GR_Hydro_Reservoir,2050,1,205,205,743.3913242346862
7871,GR_Hydro_Reservoir,2050,1,206,206,711.5597076825555
7872,GR_Hydro_Reservoir,2050,1,207,207,677.2629542631767
7873,GR_Hydro_Reservoir,2050,1,208,208,684.870292366313
7874,GR_Hydro_Reservoir,2050,1,209,209,690.5298201682556
7875,GR_Hydro_Reservoir,2050,1,210,210,660.3855870049598
7876,GR_Hydro_Reservoir,2050,1,211,211,637.7757517352002
7877,GR_Hydro_Reservoir,2050,1,212,212,621.3617272887379
7878,GR_Hydro_Reservoir,2050,1,213,213,636.6495626051973
7879,GR_Hydro_Reservoir,2050,1,214,214,660.2688808855172
7880,GR_Hydro_Reservoir,2050,1,215,215,682.4891068566022
7881,GR_Hydro_Reservoir,2050,1,216,216,693.6839958592046
7882,GR_Hydro_Reservoir,2050,1,217,217,702.0561796797125
7883,GR_Hydro_Reservoir,2050,1,218,218,725.6754979600324
7884,GR_Hydro_Reservoir,2050,1,219,219,749.2948162403524
7885,GR_Hydro_Reservoir,2050,1,220,220,772.9141345206723
7886,GR_Hydro_Reservoir,2050,1,221,221,796.5334528009922
7887,GR_Hydro_Reservoir,2050,1,222,222,820.1527710813122
7888,GR_Hydro_Reservoir,2050,1,223,223,843.7720893616321
7889,GR_Hydro_Reservoir,2050,1,224,224,867.391407641952
7890,GR_Hydro_Reservoir,2050,1,225,225,871.287067198187
7891,GR_Hydro_Reservoir,2050,1,226,226,872.457027986093
7892,GR_Hydro_Reservoir,2050,1,227,227,875.3363680879015
7893,GR_Hydro_Reservoir,2050,1,228,228,858.4439599388709
7894,GR_Hydro_Reservoir,2050,1,229,229,819.7566818369635
7895,GR_Hydro_Reservoir,2050,1,230,230,788.2327366687056
7896,GR_Hydro_Reservoir,2050,1,231,231,801.1061858237484
7897,GR_Hydro_Reservoir,2050,1,232,232,824.7255041040684
7898,GR_Hydro_Reservoir,2050,1,233,233,848.3448223843883
7899,GR_Hydro_Reservoir,2050,1,234,234,869.3927910831392
7900,GR_Hydro_Reservoir,2050,1,235,235,870.4724077653792
7901,GR_Hydro_Reservoir,2050,1,236,236,845.6295164080004
7902,GR_Hydro_Reservoir,2050,1,237,237,819.3838072033288
7903,GR_Hydro_Reservoir,2050,1,238,238,800.5585547984354
7904,GR_Hydro_Reservoir,2050,1,239,239,780.5231238547932
7905,GR_Hydro_Reservoir,2050,1,240,240,756.9746999322168
7906,GR_Hydro_Reservoir,2050,1,241,241,736.0507665511594
7907,GR_Hydro_Reservoir,2050,1,242,242,759.6700848314794
7908,GR_Hydro_Reservoir,2050,1,243,243,783.2894031117993
7909,GR_Hydro_Reservoir,2050,1,244,244,768.354058715135
7910,GR_Hydro_Reservoir,2050,1,245,245,735.0225496975817
7911,GR_Hydro_Reservoir,2050,1,246,246,758.6418679779016
7912,GR_Hydro_Reservoir,2050,1,247,247,782.2611862582215
7913,GR_Hydro_Reservoir,2050,1,248,248,766.1487257728596
7914,GR_Hydro_Reservoir,2050,1,249,249,753.5874860290747
7915,GR_Hydro_Reservoir,2050,1,250,250,728.3740730766299
7916,GR_Hydro_Reservoir,2050,1,251,251,705.4505999219597
7917,GR_Hydro_Reservoir,2050,1,252,252,729.0699182022796
7918,GR_Hydro_Reservoir,2050,1,253,253,752.6892364825995
7919,GR_Hydro_Reservoir,2050,1,254,254,762.0093673360618
7920,GR_Hydro_Reservoir,2050,1,255,255,747.7652043300577
7921,GR_Hydro_Reservoir,2050,1,256,256,739.2098580929157
7922,GR_Hydro_Reservoir,2050,1,257,257,727.6261389413297
7923,GR_Hydro_Reservoir,2050,1,258,258,715.8040869176365
7924,GR_Hydro_Reservoir,2050,1,259,259,735.4507275930697
7925,GR_Hydro_Reservoir,2050,1,260,260,730.5222760626147
7926,GR_Hydro_Reservoir,2050,1,261,261,705.7739192681012
7927,GR_Hydro_Reservoir,2050,1,262,262,706.7005140884445
7928,GR_Hydro_Reservoir,2050,1,263,263,730.3198323687644
7929,GR_Hydro_Reservoir,2050,1,264,264,753.9391506490844
7930,GR_Hydro_Reservoir,2050,1,265,265,772.3685902237023
7931,GR_Hydro_Reservoir,2050,1,266,266,794.7693226821054
7932,GR_Hydro_Reservoir,2050,1,267,267,814.4423153654461
7933,GR_Hydro_Reservoir,2050,1,268,268,834.6308247259316
7934,GR_Hydro_Reservoir,2050,1,269,269,858.2501430062515
7935,GR_Hydro_Reservoir,2050,1,270,270,879.0804036621136
7936,GR_Hydro_Reservoir,2050,1,271,271,898.2583393717446
7937,GR_Hydro_Reservoir,2050,1,272,272,919.0832544458144
7938,GR_Hydro_Reservoir,2050,1,273,273,932.6749807838736
7939,GR_Hydro_Reservoir,2050,1,274,274,909.3770680785484
7940,GR_Hydro_Reservoir,2050,1,275,275,877.242441118553
7941,GR_Hydro_Reservoir,2050,1,276,276,900.8617593988729
7942,GR_Hydro_Reservoir,2050,1,277,277,924.4810776791928
7943,GR_Hydro_Reservoir,2050,1,278,278,946.3019895709565
7944,GR_Hydro_Reservoir,2050,1,279,279,923.4243271318954
7945,GR_Hydro_Reservoir,2050,1,280,280,908.2599659156276
7946,GR_Hydro_Reservoir,2050,1,281,281,924.0330040169513
7947,GR_Hydro_Reservoir,2050,1,282,282,947.6523222972712
7948,GR_Hydro_Reservoir,2050,1,283,283,971.2716405775911
7949,GR_Hydro_Reservoir,2050,1,284,284,991.872712762625
7950,GR_Hydro_Reservoir,2050,1,285,285,1010.4266832100152
7951,GR_Hydro_Reservoir,2050,1,286,286,1015.8383762967532
7952,GR_Hydro_Reservoir,2050,1,287,287,1020.5235983230508
7953,GR_Hydro_Reservoir,2050,1,288,288,1003.2134141395411
7954,GR_Hydro_Reservoir,2050,1,289,289,990.3095387169146
7955,GR_Hydro_Reservoir,2050,1,290,290,1013.9288569972346
7956,GR_Hydro_Reservoir,2050,1,291,291,1037.5481752775545
7957,GR_Hydro_Reservoir,2050,1,292,292,1061.1674935578744
7958,GR_Hydro_Reservoir,2050,1,293,293,1084.7868118381944
7959,GR_Hydro_Reservoir,2050,1,294,294,1104.8840767502475
7960,GR_Hydro_Reservoir,2050,1,295,295,1096.3640646809654
7961,GR_Hydro_Reservoir,2050,1,296,296,1076.2646651871041
7962,GR_Hydro_Reservoir,2050,1,297,297,1094.8948552422626
7963,GR_Hydro_Reservoir,2050,1,298,298,1074.5300391753017
7964,GR_Hydro_Reservoir,2050,1,299,299,1088.4583805567363
7965,GR_Hydro_Reservoir,2050,1,300,300,1103.431831282829
7966,GR_Hydro_Reservoir,2050,1,301,301,1110.8608706820419
7967,GR_Hydro_Reservoir,2050,1,302,302,1132.459439860607
7968,GR_Hydro_Reservoir,2050,1,303,303,1153.1926042140758
7969,GR_Hydro_Reservoir,2050,1,304,304,1162.3765179839786
7970,GR_Hydro_Reservoir,2050,1,305,305,1149.440050725686
7971,GR_Hydro_Reservoir,2050,1,306,306,1142.6876178103523
7972,GR_Hydro_Reservoir,2050,1,307,307,1165.7606554895196
7973,GR_Hydro_Reservoir,2050,1,308,308,1189.3799737698396
7974,GR_Hydro_Reservoir,2050,1,309,309,1212.7706777259561
7975,GR_Hydro_Reservoir,2050,1,310,310,1232.3061755524247
7976,GR_Hydro_Reservoir,2050,1,311,311,1238.0530709539855
7977,GR_Hydro_Reservoir,2050,1,312,312,1235.028728992827
7978,GR_Hydro_Reservoir,2050,1,313,313,1245.0693103362494
7979,GR_Hydro_Reservoir,2050,1,314,314,1252.0770858083433
7980,GR_Hydro_Reservoir,2050,1,315,315,1250.7961911391371
7981,GR_Hydro_Reservoir,2050,1,316,316,1247.626115181226
7982,GR_Hydro_Reservoir,2050,1,317,317,1252.3566025711775
7983,GR_Hydro_Reservoir,2050,1,318,318,1262.3971839146
7984,GR_Hydro_Reservoir,2050,1,319,319,1277.3769056318195
7985,GR_Hydro_Reservoir,2050,1,320,320,1290.0078859492282
7986,GR_Hydro_Reservoir,2050,1,321,321,1297.7916729592935
7987,GR_Hydro_Reservoir,2050,1,322,322,1305.6926587290527
7988,GR_Hydro_Reservoir,2050,1,323,323,1315.7332400724752
7989,GR_Hydro_Reservoir,2050,1,324,324,1329.180205936399
7990,GR_Hydro_Reservoir,2050,1,325,325,1342.9031443935312
7991,GR_Hydro_Reservoir,2050,1,326,326,1357.7730874226017
7992,GR_Hydro_Reservoir,2050,1,327,327,1379.5070105473212
7993,GR_Hydro_Reservoir,2050,1,328,328,1386.2932031826435
7994,GR_Hydro_Reservoir,2050,1,329,329,1396.7626061316405
7995,GR_Hydro_Reservoir,2050,1,330,330,1412.2930202516977
7996,GR_Hydro_Reservoir,2050,1,331,331,1422.3336015951202
7997,GR_Hydro_Reservoir,2050,1,332,332,1432.3741829385426
7998,GR_Hydro_Reservoir,2050,1,333,333,1442.4147642819648
7999,GR_Hydro_Reservoir,2050,1,334,334,1452.4553456253873
8000,GR_Hydro_Reservoir,2050,1,335,335,1462.4959269688097
8001,GR_Hydro_Reservoir,2050,1,336,336,1471.0132894574751
8002,GR_Hydro_Reservoir,2050,1,337,337,1482.169683942572
8003,GR_Hydro_Reservoir,2050,1,338,338,1492.2102652859944
8004,GR_Hydro_Reservoir,2050,1,339,339,1502.2508466294169
8005,GR_Hydro_Reservoir,2050,1,340,340,1512.2914279728393
8006,GR_Hydro_Reservoir,2050,1,341,341,1522.3320093162617
8007,GR_Hydro_Reservoir,2050,1,342,342,1533.3150998854405
8008,GR_Hydro_Reservoir,2050,1,343,343,1543.355681228863
8009,GR_Hydro_Reservoir,2050,1,344,344,1553.3962625722854
8010,GR_Hydro_Reservoir,2050,1,345,345,1563.4368439157079
8011,GR_Hydro_Reservoir,2050,1,346,346,1573.9283605499597
8012,GR_Hydro_Reservoir,2050,1,347,347,1591.5498655101248
8013,GR_Hydro_Reservoir,2050,1,348,348,1610.63246249725
8014,GR_Hydro_Reservoir,2050,1,349,349,1630.1142573036295
8015,GR_Hydro_Reservoir,2050,1,350,350,1641.9918509670938
8016,GR_Hydro_Reservoir,2050,1,351,351,1652.0324323105162
8017,GR_Hydro_Reservoir,2050,1,352,352,1662.0730136539387
8018,GR_Hydro_Reservoir,2050,1,353,353,1672.1135949973611
8019,GR_Hydro_Reservoir,2050,1,354,354,1682.1541763407836
8020,GR_Hydro_Reservoir,2050,1,355,355,1692.194757684206
8021,GR_Hydro_Reservoir,2050,1,356,356,1702.2353390276285
8022,GR_Hydro_Reservoir,2050,1,357,357,1712.275920371051
8023,GR_Hydro_Reservoir,2050,1,358,358,1722.3165017144734
8024,GR_Hydro_Reservoir,2050,1,359,359,1732.3570830578956
8025,GR_Hydro_Reservoir,2050,1,360,360,1742.540969658604
8026,GR_Hydro_Reservoir,2050,1,361,361,1755.0702367728913
8027,GR_Hydro_Reservoir,2050,1,362,362,1768.0486118123265
8028,GR_Hydro_Reservoir,2050,1,363,363,1779.918837313155
8029,GR_Hydro_Reservoir,2050,1,364,364,1789.9594186565776
8030,GR_Hydro_Reservoir,2050,1,365,365,1800.0
8031,GR_Pump_Hydro_Closed,2050,1,1,1,-0.0
8032,GR_Pump_Hydro_Closed,2050,1,2,2,-0.0
8033,GR_Pump_Hydro_Closed,2050,1,3,3,0.0
8034,GR_Pump_Hydro_Closed,2050,1,4,4,-0.0
8035,GR_Pump_Hydro_Closed,2050,1,5,5,0.0
8036,GR_Pump_Hydro_Closed,2050,1,6,6,0.0
8037,GR_Pump_Hydro_Closed,2050,1,7,7,0.0
8038,GR_Pump_Hydro_Closed,2050,1,8,8,0.0
8039,GR_Pump_Hydro_Closed,2050,1,9,9,0.0
8040,GR_Pump_Hydro_Closed,2050,1,10,10,0.0
8041,GR_Pump_Hydro_Closed,2050,1,11,11,0.0
8042,GR_Pump_Hydro_Closed,2050,1,12,12,0.0
8043,GR_Pump_Hydro_Closed,2050,1,13,13,0.0
8044,GR_Pump_Hydro_Closed,2050,1,14,14,0.0
8045,GR_Pump_Hydro_Closed,2050,1,15,15,0.0
8046,GR_Pump_Hydro_Closed,2050,1,16,16,0.0
8047,GR_Pump_Hydro_Closed,2050,1,17,17,0.0
8048,GR_Pump_Hydro_Closed,2050,1,18,18,0.0
8049,GR_Pump_Hydro_Closed,2050,1,19,19,0.0
8050,GR_Pump_Hydro_Closed,2050,1,20,20,0.0
8051,GR_Pump_Hydro_Closed,2050,1,21,21,0.0
8052,GR_Pump_Hydro_Closed,2050,1,22,22,0.0
8053,GR_Pump_Hydro_Closed,2050,1,23,23,0.0
8054,GR_Pump_Hydro_Closed,2050,1,24,24,0.0
8055,GR_Pump_Hydro_Closed,2050,1,25,25,0.0
8056,GR_Pump_Hydro_Closed,2050,1,26,26,0.0
8057,GR_Pump_Hydro_Closed,2050,1,27,27,0.0
8058,GR_Pump_Hydro_Closed,2050,1,28,28,0.0
8059,GR_Pump_Hydro_Closed,2050,1,29,29,0.0
8060,GR_Pump_Hydro_Closed,2050,1,30,30,0.0
8061,GR_Pump_Hydro_Closed,2050,1,31,31,0.0
8062,GR_Pump_Hydro_Closed,2050,1,32,32,0.0
8063,GR_Pump_Hydro_Closed,2050,1,33,33,0.0
8064,GR_Pump_Hydro_Closed,2050,1,34,34,0.0
8065,GR_Pump_Hydro_Closed,2050,1,35,35,0.0
8066,GR_Pump_Hydro_Closed,2050,1,36,36,0.0
8067,GR_Pump_Hydro_Closed,2050,1,37,37,0.0
8068,GR_Pump_Hydro_Closed,2050,1,38,38,0.0
8069,GR_Pump_Hydro_Closed,2050,1,39,39,0.0
8070,GR_Pump_Hydro_Closed,2050,1,40,40,0.0
8071,GR_Pump_Hydro_Closed,2050,1,41,41,0.0
8072,GR_Pump_Hydro_Closed,2050,1,42,42,0.0
8073,GR_Pump_Hydro_Closed,2050,1,43,43,0.0
8074,GR_Pump_Hydro_Closed,2050,1,44,44,0.0
8075,GR_Pump_Hydro_Closed,2050,1,45,45,0.0
8076,GR_Pump_Hydro_Closed,2050,1,46,46,0.0
8077,GR_Pump_Hydro_Closed,2050,1,47,47,0.0
8078,GR_Pump_Hydro_Closed,2050,1,48,48,0.0
8079,GR_Pump_Hydro_Closed,2050,1,49,49,0.0
8080,GR_Pump_Hydro_Closed,2050,1,50,50,0.0
8081,GR_Pump_Hydro_Closed,2050,1,51,51,0.0
8082,GR_Pump_Hydro_Closed,2050,1,52,52,0.0
8083,GR_Pump_Hydro_Closed,2050,1,53,53,0.0
8084,GR_Pump_Hydro_Closed,2050,1,54,54,0.0
8085,GR_Pump_Hydro_Closed,2050,1,55,55,0.0
8086,GR_Pump_Hydro_Closed,2050,1,56,56,0.0
8087,GR_Pump_Hydro_Closed,2050,1,57,57,0.0
8088,GR_Pump_Hydro_Closed,2050,1,58,58,0.0
8089,GR_Pump_Hydro_Closed,2050,1,59,59,0.0
8090,GR_Pump_Hydro_Closed,2050,1,60,60,0.0
8091,GR_Pump_Hydro_Closed,2050,1,61,61,0.0
8092,GR_Pump_Hydro_Closed,2050,1,62,62,0.0
8093,GR_Pump_Hydro_Closed,2050,1,63,63,0.0
8094,GR_Pump_Hydro_Closed,2050,1,64,64,0.0
8095,GR_Pump_Hydro_Closed,2050,1,65,65,0.0
8096,GR_Pump_Hydro_Closed,2050,1,66,66,0.0
8097,GR_Pump_Hydro_Closed,2050,1,67,67,0.0
8098,GR_Pump_Hydro_Closed,2050,1,68,68,0.0
8099,GR_Pump_Hydro_Closed,2050,1,69,69,0.0
8100,GR_Pump_Hydro_Closed,2050,1,70,70,0.0
8101,GR_Pump_Hydro_Closed,2050,1,71,71,0.0
8102,GR_Pump_Hydro_Closed,2050,1,72,72,0.0
8103,GR_Pump_Hydro_Closed,2050,1,73,73,0.0
8104,GR_Pump_Hydro_Closed,2050,1,74,74,0.0
8105,GR_Pump_Hydro_Closed,2050,1,75,75,0.0
8106,GR_Pump_Hydro_Closed,2050,1,76,76,0.0
8107,GR_Pump_Hydro_Closed,2050,1,77,77,0.0
8108,GR_Pump_Hydro_Closed,2050,1,78,78,0.0
8109,GR_Pump_Hydro_Closed,2050,1,79,79,0.0
8110,GR_Pump_Hydro_Closed,2050,1,80,80,0.0
8111,GR_Pump_Hydro_Closed,2050,1,81,81,0.0
8112,GR_Pump_Hydro_Closed,2050,1,82,82,0.0
8113,GR_Pump_Hydro_Closed,2050,1,83,83,0.0
8114,GR_Pump_Hydro_Closed,2050,1,84,84,0.0
8115,GR_Pump_Hydro_Closed,2050,1,85,85,0.0
8116,GR_Pump_Hydro_Closed,2050,1,86,86,0.0
8117,GR_Pump_Hydro_Closed,2050,1,87,87,0.0
8118,GR_Pump_Hydro_Closed,2050,1,88,88,0.0
8119,GR_Pump_Hydro_Closed,2050,1,89,89,0.0
8120,GR_Pump_Hydro_Closed,2050,1,90,90,0.0
8121,GR_Pump_Hydro_Closed,2050,1,91,91,0.0
8122,GR_Pump_Hydro_Closed,2050,1,92,92,0.0
8123,GR_Pump_Hydro_Closed,2050,1,93,93,0.0
8124,GR_Pump_Hydro_Closed,2050,1,94,94,0.0
8125,GR_Pump_Hydro_Closed,2050,1,95,95,0.0
8126,GR_Pump_Hydro_Closed,2050,1,96,96,0.0
8127,GR_Pump_Hydro_Closed,2050,1,97,97,0.0
8128,GR_Pump_Hydro_Closed,2050,1,98,98,0.0
8129,GR_Pump_Hydro_Closed,2050,1,99,99,0.0
8130,GR_Pump_Hydro_Closed,2050,1,100,100,0.0
8131,GR_Pump_Hydro_Closed,2050,1,101,101,0.0
8132,GR_Pump_Hydro_Closed,2050,1,102,102,0.0
8133,GR_Pump_Hydro_Closed,2050,1,103,103,0.0
8134,GR_Pump_Hydro_Closed,2050,1,104,104,0.0
8135,GR_Pump_Hydro_Closed,2050,1,105,105,0.0
8136,GR_Pump_Hydro_Closed,2050,1,106,106,0.0
8137,GR_Pump_Hydro_Closed,2050,1,107,107,0.0
8138,GR_Pump_Hydro_Closed,2050,1,108,108,0.0
8139,GR_Pump_Hydro_Closed,2050,1,109,109,0.0
8140,GR_Pump_Hydro_Closed,2050,1,110,110,0.0
8141,GR_Pump_Hydro_Closed,2050,1,111,111,0.0
8142,GR_Pump_Hydro_Closed,2050,1,112,112,0.0
8143,GR_Pump_Hydro_Closed,2050,1,113,113,0.0
8144,GR_Pump_Hydro_Closed,2050,1,114,114,0.0
8145,GR_Pump_Hydro_Closed,2050,1,115,115,0.0
8146,GR_Pump_Hydro_Closed,2050,1,116,116,0.0
8147,GR_Pump_Hydro_Closed,2050,1,117,117,0.0
8148,GR_Pump_Hydro_Closed,2050,1,118,118,0.0
8149,GR_Pump_Hydro_Closed,2050,1,119,119,0.0
8150,GR_Pump_Hydro_Closed,2050,1,120,120,0.0
8151,GR_Pump_Hydro_Closed,2050,1,121,121,0.0
8152,GR_Pump_Hydro_Closed,2050,1,122,122,0.0
8153,GR_Pump_Hydro_Closed,2050,1,123,123,0.0
8154,GR_Pump_Hydro_Closed,2050,1,124,124,0.0
8155,GR_Pump_Hydro_Closed,2050,1,125,125,0.0
8156,GR_Pump_Hydro_Closed,2050,1,126,126,0.0
8157,GR_Pump_Hydro_Closed,2050,1,127,127,0.0
8158,GR_Pump_Hydro_Closed,2050,1,128,128,0.0
8159,GR_Pump_Hydro_Closed,2050,1,129,129,0.0
8160,GR_Pump_Hydro_Closed,2050,1,130,130,0.0
8161,GR_Pump_Hydro_Closed,2050,1,131,131,0.0
8162,GR_Pump_Hydro_Closed,2050,1,132,132,0.0
8163,GR_Pump_Hydro_Closed,2050,1,133,133,0.0
8164,GR_Pump_Hydro_Closed,2050,1,134,134,0.0
8165,GR_Pump_Hydro_Closed,2050,1,135,135,0.0
8166,GR_Pump_Hydro_Closed,2050,1,136,136,0.0
8167,GR_Pump_Hydro_Closed,2050,1,137,137,0.0
8168,GR_Pump_Hydro_Closed,2050,1,138,138,0.0
8169,GR_Pump_Hydro_Closed,2050,1,139,139,0.0
8170,GR_Pump_Hydro_Closed,2050,1,140,140,0.0
8171,GR_Pump_Hydro_Closed,2050,1,141,141,0.0
8172,GR_Pump_Hydro_Closed,2050,1,142,142,0.0
8173,GR_Pump_Hydro_Closed,2050,1,143,143,0.0
8174,GR_Pump_Hydro_Closed,2050,1,144,144,0.0
8175,GR_Pump_Hydro_Closed,2050,1,145,145,0.0
8176,GR_Pump_Hydro_Closed,2050,1,146,146,0.0
8177,GR_Pump_Hydro_Closed,2050,1,147,147,0.0
8178,GR_Pump_Hydro_Closed,2050,1,148,148,0.0
8179,GR_Pump_Hydro_Closed,2050,1,149,149,0.0
8180,GR_Pump_Hydro_Closed,2050,1,150,150,0.0
8181,GR_Pump_Hydro_Closed,2050,1,151,151,0.0
8182,GR_Pump_Hydro_Closed,2050,1,152,152,0.0
8183,GR_Pump_Hydro_Closed,2050,1,153,153,0.0
8184,GR_Pump_Hydro_Closed,2050,1,154,154,0.0
8185,GR_Pump_Hydro_Closed,2050,1,155,155,0.0
8186,GR_Pump_Hydro_Closed,2050,1,156,156,0.0
8187,GR_Pump_Hydro_Closed,2050,1,157,157,0.0
8188,GR_Pump_Hydro_Closed,2050,1,158,158,0.0
8189,GR_Pump_Hydro_Closed,2050,1,159,159,0.0
8190,GR_Pump_Hydro_Closed,2050,1,160,160,0.0
8191,GR_Pump_Hydro_Closed,2050,1,161,161,0.0
8192,GR_Pump_Hydro_Closed,2050,1,162,162,0.0
8193,GR_Pump_Hydro_Closed,2050,1,163,163,0.0
8194,GR_Pump_Hydro_Closed,2050,1,164,164,0.0
8195,GR_Pump_Hydro_Closed,2050,1,165,165,0.0
8196,GR_Pump_Hydro_Closed,2050,1,166,166,0.0
8197,GR_Pump_Hydro_Closed,2050,1,167,167,0.0
8198,GR_Pump_Hydro_Closed,2050,1,168,168,0.0
8199,GR_Pump_Hydro_Closed,2050,1,169,169,0.0
8200,GR_Pump_Hydro_Closed,2050,1,170,170,0.0
8201,GR_Pump_Hydro_Closed,2050,1,171,171,0.0
8202,GR_Pump_Hydro_Closed,2050,1,172,172,0.0
8203,GR_Pump_Hydro_Closed,2050,1,173,173,0.0
8204,GR_Pump_Hydro_Closed,2050,1,174,174,0.0
8205,GR_Pump_Hydro_Closed,2050,1,175,175,0.0
8206,GR_Pump_Hydro_Closed,2050,1,176,176,0.0
8207,GR_Pump_Hydro_Closed,2050,1,177,177,0.0
8208,GR_Pump_Hydro_Closed,2050,1,178,178,0.0
8209,GR_Pump_Hydro_Closed,2050,1,179,179,0.0
8210,GR_Pump_Hydro_Closed,2050,1,180,180,0.0
8211,GR_Pump_Hydro_Closed,2050,1,181,181,0.0
8212,GR_Pump_Hydro_Closed,2050,1,182,182,0.0
8213,GR_Pump_Hydro_Closed,2050,1,183,183,0.0
8214,GR_Pump_Hydro_Closed,2050,1,184,184,0.0
8215,GR_Pump_Hydro_Closed,2050,1,185,185,0.0
8216,GR_Pump_Hydro_Closed,2050,1,186,186,0.0
8217,GR_Pump_Hydro_Closed,2050,1,187,187,0.0
8218,GR_Pump_Hydro_Closed,2050,1,188,188,0.0
8219,GR_Pump_Hydro_Closed,2050,1,189,189,0.0
8220,GR_Pump_Hydro_Closed,2050,1,190,190,0.0
8221,GR_Pump_Hydro_Closed,2050,1,191,191,0.0
8222,GR_Pump_Hydro_Closed,2050,1,192,192,0.0
8223,GR_Pump_Hydro_Closed,2050,1,193,193,0.0
8224,GR_Pump_Hydro_Closed,2050,1,194,194,0.0
8225,GR_Pump_Hydro_Closed,2050,1,195,195,0.0
8226,GR_Pump_Hydro_Closed,2050,1,196,196,0.0
8227,GR_Pump_Hydro_Closed,2050,1,197,197,0.0
8228,GR_Pump_Hydro_Closed,2050,1,198,198,0.0
8229,GR_Pump_Hydro_Closed,2050,1,199,199,0.0
8230,GR_Pump_Hydro_Closed,2050,1,200,200,0.0
8231,GR_Pump_Hydro_Closed,2050,1,201,201,0.0
8232,GR_Pump_Hydro_Closed,2050,1,202,202,0.0
8233,GR_Pump_Hydro_Closed,2050,1,203,203,0.0
8234,GR_Pump_Hydro_Closed,2050,1,204,204,0.0
8235,GR_Pump_Hydro_Closed,2050,1,205,205,0.0
8236,GR_Pump_Hydro_Closed,2050,1,206,206,0.0
8237,GR_Pump_Hydro_Closed,2050,1,207,207,0.0
8238,GR_Pump_Hydro_Closed,2050,1,208,208,0.0
8239,GR_Pump_Hydro_Closed,2050,1,209,209,0.0
8240,GR_Pump_Hydro_Closed,2050,1,210,210,0.0
8241,GR_Pump_Hydro_Closed,2050,1,211,211,0.0
8242,GR_Pump_Hydro_Closed,2050,1,212,212,0.0
8243,GR_Pump_Hydro_Closed,2050,1,213,213,0.0
8244,GR_Pump_Hydro_Closed,2050,1,214,214,0.0
8245,GR_Pump_Hydro_Closed,2050,1,215,215,0.0
8246,GR_Pump_Hydro_Closed,2050,1,216,216,0.0
8247,GR_Pump_Hydro_Closed,2050,1,217,217,0.0
8248,GR_Pump_Hydro_Closed,2050,1,218,218,0.0
8249,GR_Pump_Hydro_Closed,2050,1,219,219,0.0
8250,GR_Pump_Hydro_Closed,2050,1,220,220,0.0
8251,GR_Pump_Hydro_Closed,2050,1,221,221,0.0
8252,GR_Pump_Hydro_Closed,2050,1,222,222,0.0
8253,GR_Pump_Hydro_Closed,2050,1,223,223,0.0
8254,GR_Pump_Hydro_Closed,2050,1,224,224,0.0
8255,GR_Pump_Hydro_Closed,2050,1,225,225,0.0
8256,GR_Pump_Hydro_Closed,2050,1,226,226,0.0
8257,GR_Pump_Hydro_Closed,2050,1,227,227,0.0
8258,GR_Pump_Hydro_Closed,2050,1,228,228,0.0
8259,GR_Pump_Hydro_Closed,2050,1,229,229,0.0
8260,GR_Pump_Hydro_Closed,2050,1,230,230,0.0
8261,GR_Pump_Hydro_Closed,2050,1,231,231,0.0
8262,GR_Pump_Hydro_Closed,2050,1,232,232,0.0
8263,GR_Pump_Hydro_Closed,2050,1,233,233,0.0
8264,GR_Pump_Hydro_Closed,2050,1,234,234,0.0
8265,GR_Pump_Hydro_Closed,2050,1,235,235,0.0
8266,GR_Pump_Hydro_Closed,2050,1,236,236,0.0
8267,GR_Pump_Hydro_Closed,2050,1,237,237,0.0
8268,GR_Pump_Hydro_Closed,2050,1,238,238,0.0
8269,GR_Pump_Hydro_Closed,2050,1,239,239,0.0
8270,GR_Pump_Hydro_Closed,2050,1,240,240,0.0
8271,GR_Pump_Hydro_Closed,2050,1,241,241,0.0
8272,GR_Pump_Hydro_Closed,2050,1,242,242,0.0
8273,GR_Pump_Hydro_Closed,2050,1,243,243,0.0
8274,GR_Pump_Hydro_Closed,2050,1,244,244,0.0
8275,GR_Pump_Hydro_Closed,2050,1,245,245,0.0
8276,GR_Pump_Hydro_Closed,2050,1,246,246,0.0
8277,GR_Pump_Hydro_Closed,2050,1,247,247,0.0
8278,GR_Pump_Hydro_Closed,2050,1,248,248,0.0
8279,GR_Pump_Hydro_Closed,2050,1,249,249,0.0
8280,GR_Pump_Hydro_Closed,2050,1,250,250,0.0
8281,GR_Pump_Hydro_Closed,2050,1,251,251,0.0
8282,GR_Pump_Hydro_Closed,2050,1,252,252,0.0
8283,GR_Pump_Hydro_Closed,2050,1,253,253,0.0
8284,GR_Pump_Hydro_Closed,2050,1,254,254,0.0
8285,GR_Pump_Hydro_Closed,2050,1,255,255,0.0
8286,GR_Pump_Hydro_Closed,2050,1,256,256,0.0
8287,GR_Pump_Hydro_Closed,2050,1,257,257,0.0
8288,GR_Pump_Hydro_Closed,2050,1,258,258,0.0
8289,GR_Pump_Hydro_Closed,2050,1,259,259,0.0
8290,GR_Pump_Hydro_Closed,2050,1,260,260,0.0
8291,GR_Pump_Hydro_Closed,2050,1,261,261,0.0
8292,GR_Pump_Hydro_Closed,2050,1,262,262,0.0
8293,GR_Pump_Hydro_Closed,2050,1,263,263,0.0
8294,GR_Pump_Hydro_Closed,2050,1,264,264,0.0
8295,GR_Pump_Hydro_Closed,2050,1,265,265,0.0
8296,GR_Pump_Hydro_Closed,2050,1,266,266,0.0
8297,GR_Pump_Hydro_Closed,2050,1,267,267,0.0
8298,GR_Pump_Hydro_Closed,2050,1,268,268,0.0
8299,GR_Pump_Hydro_Closed,2050,1,269,269,0.0
8300,GR_Pump_Hydro_Closed,2050,1,270,270,0.0
8301,GR_Pump_Hydro_Closed,2050,1,271,271,0.0
8302,GR_Pump_Hydro_Closed,2050,1,272,272,0.0
8303,GR_Pump_Hydro_Closed,2050,1,273,273,0.0
8304,GR_Pump_Hydro_Closed,2050,1,274,274,0.0
8305,GR_Pump_Hydro_Closed,2050,1,275,275,0.0
8306,GR_Pump_Hydro_Closed,2050,1,276,276,0.0
8307,GR_Pump_Hydro_Closed,2050,1,277,277,0.0
8308,GR_Pump_Hydro_Closed,2050,1,278,278,0.0
8309,GR_Pump_Hydro_Closed,2050,1,279,279,0.0
8310,GR_Pump_Hydro_Closed,2050,1,280,280,0.0
8311,GR_Pump_Hydro_Closed,2050,1,281,281,0.0
8312,GR_Pump_Hydro_Closed,2050,1,282,282,0.0
8313,GR_Pump_Hydro_Closed,2050,1,283,283,0.0
8314,GR_Pump_Hydro_Closed,2050,1,284,284,0.0
8315,GR_Pump_Hydro_Closed,2050,1,285,285,0.0
8316,GR_Pump_Hydro_Closed,2050,1,286,286,0.0
8317,GR_Pump_Hydro_Closed,2050,1,287,287,0.0
8318,GR_Pump_Hydro_Closed,2050,1,288,288,0.0
8319,GR_Pump_Hydro_Closed,2050,1,289,289,0.0
8320,GR_Pump_Hydro_Closed,2050,1,290,290,0.0
8321,GR_Pump_Hydro_Closed,2050,1,291,291,0.0
8322,GR_Pump_Hydro_Closed,2050,1,292,292,0.0
8323,GR_Pump_Hydro_Closed,2050,1,293,293,0.0
8324,GR_Pump_Hydro_Closed,2050,1,294,294,0.0
8325,GR_Pump_Hydro_Closed,2050,1,295,295,0.0
8326,GR_Pump_Hydro_Closed,2050,1,296,296,0.0
8327,GR_Pump_Hydro_Closed,2050,1,297,297,0.0
8328,GR_Pump_Hydro_Closed,2050,1,298,298,0.0
8329,GR_Pump_Hydro_Closed,2050,1,299,299,0.0
8330,GR_Pump_Hydro_Closed,2050,1,300,300,0.0
8331,GR_Pump_Hydro_Closed,2050,1,301,301,0.0
8332,GR_Pump_Hydro_Closed,2050,1,302,302,0.0
8333,GR_Pump_Hydro_Closed,2050,1,303,303,0.0
8334,GR_Pump_Hydro_Closed,2050,1,304,304,0.0
8335,GR_Pump_Hydro_Closed,2050,1,305,305,0.0
8336,GR_Pump_Hydro_Closed,2050,1,306,306,0.0
8337,GR_Pump_Hydro_Closed,2050,1,307,307,0.0
8338,GR_Pump_Hydro_Closed,2050,1,308,308,0.0
8339,GR_Pump_Hydro_Closed,2050,1,309,309,0.0
8340,GR_Pump_Hydro_Closed,2050,1,310,310,0.0
8341,GR_Pump_Hydro_Closed,2050,1,311,311,0.0
8342,GR_Pump_Hydro_Closed,2050,1,312,312,0.0
8343,GR_Pump_Hydro_Closed,2050,1,313,313,0.0
8344,GR_Pump_Hydro_Closed,2050,1,314,314,0.0
8345,GR_Pump_Hydro_Closed,2050,1,315,315,0.0
8346,GR_Pump_Hydro_Closed,2050,1,316,316,0.0
8347,GR_Pump_Hydro_Closed,2050,1,317,317,0.0
8348,GR_Pump_Hydro_Closed,2050,1,318,318,0.0
8349,GR_Pump_Hydro_Closed,2050,1,319,319,0.0
8350,GR_Pump_Hydro_Closed,2050,1,320,320,0.0
8351,GR_Pump_Hydro_Closed,2050,1,321,321,0.0
8352,GR_Pump_Hydro_Closed,2050,1,322,322,0.0
8353,GR_Pump_Hydro_Closed,2050,1,323,323,0.0
8354,GR_Pump_Hydro_Closed,2050,1,324,324,0.0
8355,GR_Pump_Hydro_Closed,2050,1,325,325,0.0
8356,GR_Pump_Hydro_Closed,2050,1,326,326,0.0
8357,GR_Pump_Hydro_Closed,2050,1,327,327,0.0
8358,GR_Pump_Hydro_Closed,2050,1,328,328,0.0
8359,GR_Pump_Hydro_Closed,2050,1,329,329,0.0
8360,GR_Pump_Hydro_Closed,2050,1,330,330,0.0
8361,GR_Pump_Hydro_Closed,2050,1,331,331,0.0
8362,GR_Pump_Hydro_Closed,2050,1,332,332,0.0
8363,GR_Pump_Hydro_Closed,2050,1,333,333,0.0
8364,GR_Pump_Hydro_Closed,2050,1,334,334,0.0
8365,GR_Pump_Hydro_Closed,2050,1,335,335,0.0
8366,GR_Pump_Hydro_Closed,2050,1,336,336,0.0
8367,GR_Pump_Hydro_Closed,2050,1,337,337,0.0
8368,GR_Pump_Hydro_Closed,2050,1,338,338,0.0
8369,GR_Pump_Hydro_Closed,2050,1,339,339,0.0
8370,GR_Pump_Hydro_Closed,2050,1,340,340,0.0
8371,GR_Pump_Hydro_Closed,2050,1,341,341,0.0
8372,GR_Pump_Hydro_Closed,2050,1,342,342,0.0
8373,GR_Pump_Hydro_Closed,2050,1,343,343,0.0
8374,GR_Pump_Hydro_Closed,2050,1,344,344,0.0
8375,GR_Pump_Hydro_Closed,2050,1,345,345,0.0
8376,GR_Pump_Hydro_Closed,2050,1,346,346,0.0
8377,GR_Pump_Hydro_Closed,2050,1,347,347,0.0
8378,GR_Pump_Hydro_Closed,2050,1,348,348,0.0
8379,GR_Pump_Hydro_Closed,2050,1,349,349,0.0
8380,GR_Pump_Hydro_Closed,2050,1,350,350,0.0
8381,GR_Pump_Hydro_Closed,2050,1,351,351,0.0
8382,GR_Pump_Hydro_Closed,2050,1,352,352,0.0
8383,GR_Pump_Hydro_Closed,2050,1,353,353,0.0
8384,GR_Pump_Hydro_Closed,2050,1,354,354,0.0
8385,GR_Pump_Hydro_Closed,2050,1,355,355,0.0
8386,GR_Pump_Hydro_Closed,2050,1,356,356,0.0
8387,GR_Pump_Hydro_Closed,2050,1,357,357,0.0
8388,GR_Pump_Hydro_Closed,2050,1,358,358,0.0
8389,GR_Pump_Hydro_Closed,2050,1,359,359,0.0
8390,GR_Pump_Hydro_Closed,2050,1,360,360,0.0
8391,GR_Pump_Hydro_Closed,2050,1,361,361,0.0
8392,GR_Pump_Hydro_Closed,2050,1,362,362,0.0
8393,GR_Pump_Hydro_Closed,2050,1,363,363,0.0
8394,GR_Pump_Hydro_Closed,2050,1,364,364,0.0
8395,GR_Pump_Hydro_Closed,2050,1,365,365,0.0
8396,GR_Pump_Hydro_Open,2050,1,1,1,2.215458185572893
8397,GR_Pump_Hydro_Open,2050,1,2,2,2.180916371145786
8398,GR_Pump_Hydro_Open,2050,1,3,3,2.146374556718679
8399,GR_Pump_Hydro_Open,2050,1,4,4,2.111832742291572
8400,GR_Pump_Hydro_Open,2050,1,5,5,2.0891511631379607
8401,GR_Pump_Hydro_Open,2050,1,6,6,2.0915995076588243
8402,GR_Pump_Hydro_Open,2050,1,7,7,2.0570576932317173
8403,GR_Pump_Hydro_Open,2050,1,8,8,2.0225158788046103
8404,GR_Pump_Hydro_Open,2050,1,9,9,1.9879740643775035
8405,GR_Pump_Hydro_Open,2050,1,10,10,1.9534322499503967
8406,GR_Pump_Hydro_Open,2050,1,11,11,1.9188904355232899
8407,GR_Pump_Hydro_Open,2050,1,12,12,1.884348621096183
8408,GR_Pump_Hydro_Open,2050,1,13,13,1.8498068066690763
8409,GR_Pump_Hydro_Open,2050,1,14,14,1.8152649922419695
8410,GR_Pump_Hydro_Open,2050,1,15,15,1.7807231778148627
8411,GR_Pump_Hydro_Open,2050,1,16,16,1.7461813633877559
8412,GR_Pump_Hydro_Open,2050,1,17,17,1.711639548960649
8413,GR_Pump_Hydro_Open,2050,1,18,18,1.727256785147759
8414,GR_Pump_Hydro_Open,2050,1,19,19,1.7967760213063138
8415,GR_Pump_Hydro_Open,2050,1,20,20,1.835781528692992
8416,GR_Pump_Hydro_Open,2050,1,21,21,1.8746895480217904
8417,GR_Pump_Hydro_Open,2050,1,22,22,1.9442087841803453
8418,GR_Pump_Hydro_Open,2050,1,23,23,1.983652500326962
8419,GR_Pump_Hydro_Open,2050,1,24,24,1.9575467336319874
8420,GR_Pump_Hydro_Open,2050,1,25,25,1.9862903656128066
8421,GR_Pump_Hydro_Open,2050,1,26,26,1.9657143904155356
8422,GR_Pump_Hydro_Open,2050,1,27,27,1.9652637449213688
8423,GR_Pump_Hydro_Open,2050,1,28,28,1.930721930494262
8424,GR_Pump_Hydro_Open,2050,1,29,29,1.8961801160671552
8425,GR_Pump_Hydro_Open,2050,1,30,30,1.8616383016400484
8426,GR_Pump_Hydro_Open,2050,1,31,31,1.8608424491845568
8427,GR_Pump_Hydro_Open,2050,1,32,32,1.827597812146218
8428,GR_Pump_Hydro_Open,2050,1,33,33,1.8329651556037
8429,GR_Pump_Hydro_Open,2050,1,34,34,1.8784802251899015
8430,GR_Pump_Hydro_Open,2050,1,35,35,1.9418732758263566
8431,GR_Pump_Hydro_Open,2050,1,36,36,1.9837643207760476
8432,GR_Pump_Hydro_Open,2050,1,37,37,1.9492225063489408
8433,GR_Pump_Hydro_Open,2050,1,38,38,1.914680691921834
8434,GR_Pump_Hydro_Open,2050,1,39,39,1.8801388774947272
8435,GR_Pump_Hydro_Open,2050,1,40,40,1.8617823769565531
8436,GR_Pump_Hydro_Open,2050,1,41,41,1.8717546687007158
8437,GR_Pump_Hydro_Open,2050,1,42,42,1.9196323150073236
8438,GR_Pump_Hydro_Open,2050,1,43,43,1.9552757919882968
8439,GR_Pump_Hydro_Open,2050,1,44,44,1.9806761494878793
8440,GR_Pump_Hydro_Open,2050,1,45,45,2.0197058029155133
8441,GR_Pump_Hydro_Open,2050,1,46,46,1.9834907836943847
8442,GR_Pump_Hydro_Open,2050,1,47,47,1.947432898769122
8443,GR_Pump_Hydro_Open,2050,1,48,48,1.915401969235992
8444,GR_Pump_Hydro_Open,2050,1,49,49,1.8802561816195653
8445,GR_Pump_Hydro_Open,2050,1,50,50,1.8457143671924585
8446,GR_Pump_Hydro_Open,2050,1,51,51,1.8098763826627473
8447,GR_Pump_Hydro_Open,2050,1,52,52,1.801680136967425
8448,GR_Pump_Hydro_Open,2050,1,53,53,1.7784375424183125
8449,GR_Pump_Hydro_Open,2050,1,54,54,1.7438957279912057
8450,GR_Pump_Hydro_Open,2050,1,55,55,1.720067162209828
8451,GR_Pump_Hydro_Open,2050,1,56,56,1.7557001278884736
8452,GR_Pump_Hydro_Open,2050,1,57,57,1.7752605032879465
8453,GR_Pump_Hydro_Open,2050,1,58,58,1.8098056168656682
8454,GR_Pump_Hydro_Open,2050,1,59,59,1.8246295914603707
8455,GR_Pump_Hydro_Open,2050,1,60,60,1.790087777033264
8456,GR_Pump_Hydro_Open,2050,1,61,61,1.7555459626061571
8457,GR_Pump_Hydro_Open,2050,1,62,62,1.720835620737381
8458,GR_Pump_Hydro_Open,2050,1,63,63,1.7260564093516197
8459,GR_Pump_Hydro_Open,2050,1,64,64,1.7525592799669445
8460,GR_Pump_Hydro_Open,2050,1,65,65,1.7246535600800317
8461,GR_Pump_Hydro_Open,2050,1,66,66,1.6901117456529249
8462,GR_Pump_Hydro_Open,2050,1,67,67,1.6549948929633593
8463,GR_Pump_Hydro_Open,2050,1,68,68,1.674473666206947
8464,GR_Pump_Hydro_Open,2050,1,69,69,1.6344987436701737
8465,GR_Pump_Hydro_Open,2050,1,70,70,1.6549073098053853
8466,GR_Pump_Hydro_Open,2050,1,71,71,1.6591038861095138
8467,GR_Pump_Hydro_Open,2050,1,72,72,1.6214269416984286
8468,GR_Pump_Hydro_Open,2050,1,73,73,1.5967636223879198
8469,GR_Pump_Hydro_Open,2050,1,74,74,1.5746588588834491
8470,GR_Pump_Hydro_Open,2050,1,75,75,1.5367176116258738
8471,GR_Pump_Hydro_Open,2050,1,76,76,1.4956308105890366
8472,GR_Pump_Hydro_Open,2050,1,77,77,1.5489345505347405
8473,GR_Pump_Hydro_Open,2050,1,78,78,1.603370440940346
8474,GR_Pump_Hydro_Open,2050,1,79,79,1.6558952115814662
8475,GR_Pump_Hydro_Open,2050,1,80,80,1.6482153346882995
8476,GR_Pump_Hydro_Open,2050,1,81,81,1.6650487588522322
8477,GR_Pump_Hydro_Open,2050,1,82,82,1.630534584543768
8478,GR_Pump_Hydro_Open,2050,1,83,83,1.6834002461358157
8479,GR_Pump_Hydro_Open,2050,1,84,84,1.7189659777114166
8480,GR_Pump_Hydro_Open,2050,1,85,85,1.690922964432377
8481,GR_Pump_Hydro_Open,2050,1,86,86,1.6939777649615717
8482,GR_Pump_Hydro_Open,2050,1,87,87,1.6946594064529399
8483,GR_Pump_Hydro_Open,2050,1,88,88,1.660117592025833
8484,GR_Pump_Hydro_Open,2050,1,89,89,1.6255757775987263
8485,GR_Pump_Hydro_Open,2050,1,90,90,1.5910339631716195
8486,GR_Pump_Hydro_Open,2050,1,91,91,1.5592033546074002
8487,GR_Pump_Hydro_Open,2050,1,92,92,1.5289167717222383
8488,GR_Pump_Hydro_Open,2050,1,93,93,1.5814507543124332
8489,GR_Pump_Hydro_Open,2050,1,94,94,1.626253573918044
8490,GR_Pump_Hydro_Open,2050,1,95,95,1.6854947514324674
8491,GR_Pump_Hydro_Open,2050,1,96,96,1.7403889663704142
8492,GR_Pump_Hydro_Open,2050,1,97,97,1.698951945133644
8493,GR_Pump_Hydro_Open,2050,1,98,98,1.6700152452416501
8494,GR_Pump_Hydro_Open,2050,1,99,99,1.6333517491485572
8495,GR_Pump_Hydro_Open,2050,1,100,100,1.630581866182552
8496,GR_Pump_Hydro_Open,2050,1,101,101,1.637227461621917
8497,GR_Pump_Hydro_Open,2050,1,102,102,1.5978910664296837
8498,GR_Pump_Hydro_Open,2050,1,103,103,1.5566768875648487
8499,GR_Pump_Hydro_Open,2050,1,104,104,1.5163080956217168
8500,GR_Pump_Hydro_Open,2050,1,105,105,1.4738585564681992
8501,GR_Pump_Hydro_Open,2050,1,106,106,1.4309977021143563
8502,GR_Pump_Hydro_Open,2050,1,107,107,1.407602479008845
8503,GR_Pump_Hydro_Open,2050,1,108,108,1.4240752743686855
8504,GR_Pump_Hydro_Open,2050,1,109,109,1.3968310842930975
8505,GR_Pump_Hydro_Open,2050,1,110,110,1.3540215962086575
8506,GR_Pump_Hydro_Open,2050,1,111,111,1.3267646088668286
8507,GR_Pump_Hydro_Open,2050,1,112,112,1.3083349021561295
8508,GR_Pump_Hydro_Open,2050,1,113,113,1.2622386696613135
8509,GR_Pump_Hydro_Open,2050,1,114,114,1.2476793093102712
8510,GR_Pump_Hydro_Open,2050,1,115,115,1.273934177089372
8511,GR_Pump_Hydro_Open,2050,1,116,116,1.3324145602322972
8512,GR_Pump_Hydro_Open,2050,1,117,117,1.4006535331045809
8513,GR_Pump_Hydro_Open,2050,1,118,118,1.4376433031183158
8514,GR_Pump_Hydro_Open,2050,1,119,119,1.3940823101239623
8515,GR_Pump_Hydro_Open,2050,1,120,120,1.3479860776291464
8516,GR_Pump_Hydro_Open,2050,1,121,121,1.3018898451343306
8517,GR_Pump_Hydro_Open,2050,1,122,122,1.2557936126395148
8518,GR_Pump_Hydro_Open,2050,1,123,123,1.2418604785204455
8519,GR_Pump_Hydro_Open,2050,1,124,124,1.1957642460256297
8520,GR_Pump_Hydro_Open,2050,1,125,125,1.149668013530814
8521,GR_Pump_Hydro_Open,2050,1,126,126,1.1043615353218994
8522,GR_Pump_Hydro_Open,2050,1,127,127,1.0582653028270834
8523,GR_Pump_Hydro_Open,2050,1,128,128,1.0121690703322677
8524,GR_Pump_Hydro_Open,2050,1,129,129,0.9660728378374518
8525,GR_Pump_Hydro_Open,2050,1,130,130,0.9199766053426359
8526,GR_Pump_Hydro_Open,2050,1,131,131,0.87388037284782
8527,GR_Pump_Hydro_Open,2050,1,132,132,0.8277841403530042
8528,GR_Pump_Hydro_Open,2050,1,133,133,0.7816879078581883
8529,GR_Pump_Hydro_Open,2050,1,134,134,0.7736719340847003
8530,GR_Pump_Hydro_Open,2050,1,135,135,0.7729508360266163
8531,GR_Pump_Hydro_Open,2050,1,136,136,0.7433127827274634
8532,GR_Pump_Hydro_Open,2050,1,137,137,0.6972165502326475
8533,GR_Pump_Hydro_Open,2050,1,138,138,0.6511203177378316
8534,GR_Pump_Hydro_Open,2050,1,139,139,0.6050240852430158
8535,GR_Pump_Hydro_Open,2050,1,140,140,0.6252867854833802
8536,GR_Pump_Hydro_Open,2050,1,141,141,0.6584693712775811
8537,GR_Pump_Hydro_Open,2050,1,142,142,0.635350257473573
8538,GR_Pump_Hydro_Open,2050,1,143,143,0.6039101528316532
8539,GR_Pump_Hydro_Open,2050,1,144,144,0.6227868474404441
8540,GR_Pump_Hydro_Open,2050,1,145,145,0.6593272208728034
8541,GR_Pump_Hydro_Open,2050,1,146,146,0.6488117232536699
8542,GR_Pump_Hydro_Open,2050,1,147,147,0.6193980653529069
8543,GR_Pump_Hydro_Open,2050,1,148,148,0.573301832858091
8544,GR_Pump_Hydro_Open,2050,1,149,149,0.5450342217128046
8545,GR_Pump_Hydro_Open,2050,1,150,150,0.4989379892179887
8546,GR_Pump_Hydro_Open,2050,1,151,151,0.45302463535618
8547,GR_Pump_Hydro_Open,2050,1,152,152,0.4069284028613641
8548,GR_Pump_Hydro_Open,2050,1,153,153,0.36083217036654824
8549,GR_Pump_Hydro_Open,2050,1,154,154,0.3147359378717324
8550,GR_Pump_Hydro_Open,2050,1,155,155,0.2686397053769165
8551,GR_Pump_Hydro_Open,2050,1,156,156,0.2428739956788769
8552,GR_Pump_Hydro_Open,2050,1,157,157,0.19677776318406104
8553,GR_Pump_Hydro_Open,2050,1,158,158,0.15068153068924517
8554,GR_Pump_Hydro_Open,2050,1,159,159,0.1045852981944293
8555,GR_Pump_Hydro_Open,2050,1,160,160,0.0893095782750511
8556,GR_Pump_Hydro_Open,2050,1,161,161,0.043213345780235224
8557,GR_Pump_Hydro_Open,2050,1,162,162,0.030358455754301433
8558,GR_Pump_Hydro_Open,2050,1,163,163,0.06354603374166613
8559,GR_Pump_Hydro_Open,2050,1,164,164,0.10497883376027085
8560,GR_Pump_Hydro_Open,2050,1,165,165,0.058882601265454984
8561,GR_Pump_Hydro_Open,2050,1,166,166,0.02737759651937556
8562,GR_Pump_Hydro_Open,2050,1,167,167,0.0544747282666133
8563,GR_Pump_Hydro_Open,2050,1,168,168,0.045394814865708386
8564,GR_Pump_Hydro_Open,2050,1,169,169,0.0
8565,GR_Pump_Hydro_Open,2050,1,170,170,0.0
8566,GR_Pump_Hydro_Open,2050,1,171,171,0.06951923615855476
8567,GR_Pump_Hydro_Open,2050,1,172,172,0.13903847231710953
8568,GR_Pump_Hydro_Open,2050,1,173,173,0.20214775232388715
8569,GR_Pump_Hydro_Open,2050,1,174,174,0.19669545917202935
8570,GR_Pump_Hydro_Open,2050,1,175,175,0.15059922667721348
8571,GR_Pump_Hydro_Open,2050,1,176,176,0.12745885071117008
8572,GR_Pump_Hydro_Open,2050,1,177,177,0.1795916459430718
8573,GR_Pump_Hydro_Open,2050,1,178,178,0.24911088210162657
8574,GR_Pump_Hydro_Open,2050,1,179,179,0.31863011826018134
8575,GR_Pump_Hydro_Open,2050,1,180,180,0.368690140435751
8576,GR_Pump_Hydro_Open,2050,1,181,181,0.42485427237012136
8577,GR_Pump_Hydro_Open,2050,1,182,182,0.4598205563833151
8578,GR_Pump_Hydro_Open,2050,1,183,183,0.48072012510693973
8579,GR_Pump_Hydro_Open,2050,1,184,184,0.5116051686756897
8580,GR_Pump_Hydro_Open,2050,1,185,185,0.5601808314984238
8581,GR_Pump_Hydro_Open,2050,1,186,186,0.6297000676569786
8582,GR_Pump_Hydro_Open,2050,1,187,187,0.5836038351621627
8583,GR_Pump_Hydro_Open,2050,1,188,188,0.5375076026673469
8584,GR_Pump_Hydro_Open,2050,1,189,189,0.4942224460240574
8585,GR_Pump_Hydro_Open,2050,1,190,190,0.4495669924665619
8586,GR_Pump_Hydro_Open,2050,1,191,191,0.40347075997174603
8587,GR_Pump_Hydro_Open,2050,1,192,192,0.4383289451044787
8588,GR_Pump_Hydro_Open,2050,1,193,193,0.5066174387434579
8589,GR_Pump_Hydro_Open,2050,1,194,194,0.5761366749020127
8590,GR_Pump_Hydro_Open,2050,1,195,195,0.6456559110605675
8591,GR_Pump_Hydro_Open,2050,1,196,196,0.6958220419520955
8592,GR_Pump_Hydro_Open,2050,1,197,197,0.7392123568376909
8593,GR_Pump_Hydro_Open,2050,1,198,198,0.7620298214864424
8594,GR_Pump_Hydro_Open,2050,1,199,199,0.7313128340919015
8595,GR_Pump_Hydro_Open,2050,1,200,200,0.758129453385151
8596,GR_Pump_Hydro_Open,2050,1,201,201,0.7907731718964551
8597,GR_Pump_Hydro_Open,2050,1,202,202,0.7773571418934129
8598,GR_Pump_Hydro_Open,2050,1,203,203,0.7692632661271636
8599,GR_Pump_Hydro_Open,2050,1,204,204,0.7725271263222016
8600,GR_Pump_Hydro_Open,2050,1,205,205,0.8198017983472606
8601,GR_Pump_Hydro_Open,2050,1,206,206,0.7866125621559759
8602,GR_Pump_Hydro_Open,2050,1,207,207,0.7428770152016839
8603,GR_Pump_Hydro_Open,2050,1,208,208,0.767163445108145
8604,GR_Pump_Hydro_Open,2050,1,209,209,0.802368717449109
8605,GR_Pump_Hydro_Open,2050,1,210,210,0.7782363281166527
8606,GR_Pump_Hydro_Open,2050,1,211,211,0.7706306389347419
8607,GR_Pump_Hydro_Open,2050,1,212,212,0.7733615319844916
8608,GR_Pump_Hydro_Open,2050,1,213,213,0.8289812058058942
8609,GR_Pump_Hydro_Open,2050,1,214,214,0.8985004419644489
8610,GR_Pump_Hydro_Open,2050,1,215,215,0.9656855473503676
8611,GR_Pump_Hydro_Open,2050,1,216,216,1.0144768854866533
8612,GR_Pump_Hydro_Open,2050,1,217,217,1.0585590539819387
8613,GR_Pump_Hydro_Open,2050,1,218,218,1.1280782901404935
8614,GR_Pump_Hydro_Open,2050,1,219,219,1.1975975262990484
8615,GR_Pump_Hydro_Open,2050,1,220,220,1.2671167624576032
8616,GR_Pump_Hydro_Open,2050,1,221,221,1.336635998616158
8617,GR_Pump_Hydro_Open,2050,1,222,222,1.4061552347747128
8618,GR_Pump_Hydro_Open,2050,1,223,223,1.4756744709332676
8619,GR_Pump_Hydro_Open,2050,1,224,224,1.5451937070918225
8620,GR_Pump_Hydro_Open,2050,1,225,225,1.5818076099332097
8621,GR_Pump_Hydro_Open,2050,1,226,226,1.613874180672134
8622,GR_Pump_Hydro_Open,2050,1,227,227,1.6487925395542364
8623,GR_Pump_Hydro_Open,2050,1,228,228,1.6507253364998746
8624,GR_Pump_Hydro_Open,2050,1,229,229,1.6151031246969456
8625,GR_Pump_Hydro_Open,2050,1,230,230,1.5926258662215667
8626,GR_Pump_Hydro_Open,2050,1,231,231,1.6442175763416529
8627,GR_Pump_Hydro_Open,2050,1,232,232,1.7137368125002077
8628,GR_Pump_Hydro_Open,2050,1,233,233,1.7832560486587625
8629,GR_Pump_Hydro_Open,2050,1,234,234,1.8484854562292181
8630,GR_Pump_Hydro_Open,2050,1,235,235,1.8642563232525764
8631,GR_Pump_Hydro_Open,2050,1,236,236,1.8371341883970453
8632,GR_Pump_Hydro_Open,2050,1,237,237,1.7950680955827136
8633,GR_Pump_Hydro_Open,2050,1,238,238,1.7794234135973488
8634,GR_Pump_Hydro_Open,2050,1,239,239,1.7560746216217673
8635,GR_Pump_Hydro_Open,2050,1,240,240,1.7365908741888503
8636,GR_Pump_Hydro_Open,2050,1,241,241,1.7317978053409167
8637,GR_Pump_Hydro_Open,2050,1,242,242,1.8013170414994715
8638,GR_Pump_Hydro_Open,2050,1,243,243,1.8708362776580263
8639,GR_Pump_Hydro_Open,2050,1,244,244,1.8704995797193025
8640,GR_Pump_Hydro_Open,2050,1,245,245,1.8427323108871176
8641,GR_Pump_Hydro_Open,2050,1,246,246,1.9122515470456725
8642,GR_Pump_Hydro_Open,2050,1,247,247,1.9817707832042273
8643,GR_Pump_Hydro_Open,2050,1,248,248,1.9579044452622885
8644,GR_Pump_Hydro_Open,2050,1,249,249,1.9451771100751327
8645,GR_Pump_Hydro_Open,2050,1,250,250,1.921021632280974
8646,GR_Pump_Hydro_Open,2050,1,251,251,1.9128926953949608
8647,GR_Pump_Hydro_Open,2050,1,252,252,1.9824119315535156
8648,GR_Pump_Hydro_Open,2050,1,253,253,2.05193116771207
8649,GR_Pump_Hydro_Open,2050,1,254,254,2.0836152717271257
8650,GR_Pump_Hydro_Open,2050,1,255,255,2.0536035339415015
8651,GR_Pump_Hydro_Open,2050,1,256,256,2.0476526103592323
8652,GR_Pump_Hydro_Open,2050,1,257,257,2.008626808883689
8653,GR_Pump_Hydro_Open,2050,1,258,258,1.9714863114190786
8654,GR_Pump_Hydro_Open,2050,1,259,259,2.0105608157057535
8655,GR_Pump_Hydro_Open,2050,1,260,260,1.984584670512419
8656,GR_Pump_Hydro_Open,2050,1,261,261,1.942829066761798
8657,GR_Pump_Hydro_Open,2050,1,262,262,1.9624557587783302
8658,GR_Pump_Hydro_Open,2050,1,263,263,2.031974994936885
8659,GR_Pump_Hydro_Open,2050,1,264,264,2.1014942310954394
8660,GR_Pump_Hydro_Open,2050,1,265,265,2.152879537260037
8661,GR_Pump_Hydro_Open,2050,1,266,266,2.213060105069189
8662,GR_Pump_Hydro_Open,2050,1,267,267,2.25233655874487
8663,GR_Pump_Hydro_Open,2050,1,268,268,2.316132114898923
8664,GR_Pump_Hydro_Open,2050,1,269,269,2.3856513510574775
8665,GR_Pump_Hydro_Open,2050,1,270,270,2.4337965619371142
8666,GR_Pump_Hydro_Open,2050,1,271,271,2.4692791319089284
8667,GR_Pump_Hydro_Open,2050,1,272,272,2.517383376765004
8668,GR_Pump_Hydro_Open,2050,1,273,273,2.543114130323892
8669,GR_Pump_Hydro_Open,2050,1,274,274,2.501659288788072
8670,GR_Pump_Hydro_Open,2050,1,275,275,2.458372077586569
8671,GR_Pump_Hydro_Open,2050,1,276,276,2.5278913137451235
8672,GR_Pump_Hydro_Open,2050,1,277,277,2.597410549903678
8673,GR_Pump_Hydro_Open,2050,1,278,278,2.6531476457171617
8674,GR_Pump_Hydro_Open,2050,1,279,279,2.6129907222036746
8675,GR_Pump_Hydro_Open,2050,1,280,280,2.58712657946566
8676,GR_Pump_Hydro_Open,2050,1,281,281,2.643555725788373
8677,GR_Pump_Hydro_Open,2050,1,282,282,2.7130749619469277
8678,GR_Pump_Hydro_Open,2050,1,283,283,2.7825941981054823
8679,GR_Pump_Hydro_Open,2050,1,284,284,2.8289830163863563
8680,GR_Pump_Hydro_Open,2050,1,285,285,2.890051641979113
8681,GR_Pump_Hydro_Open,2050,1,286,286,2.9210661241939007
8682,GR_Pump_Hydro_Open,2050,1,287,287,2.9499002964283525
8683,GR_Pump_Hydro_Open,2050,1,288,288,2.9274184659494873
8684,GR_Pump_Hydro_Open,2050,1,289,289,2.9182151670785315
8685,GR_Pump_Hydro_Open,2050,1,290,290,2.987734403237086
8686,GR_Pump_Hydro_Open,2050,1,291,291,3.0572536393956407
8687,GR_Pump_Hydro_Open,2050,1,292,292,3.1267728755541953
8688,GR_Pump_Hydro_Open,2050,1,293,293,3.19629211171275
8689,GR_Pump_Hydro_Open,2050,1,294,294,3.2388199881134825
8690,GR_Pump_Hydro_Open,2050,1,295,295,3.2004294729853715
8691,GR_Pump_Hydro_Open,2050,1,296,296,3.159637871021984
8692,GR_Pump_Hydro_Open,2050,1,297,297,3.196797190821964
8693,GR_Pump_Hydro_Open,2050,1,298,298,3.166080331252955
8694,GR_Pump_Hydro_Open,2050,1,299,299,3.1885044525699295
8695,GR_Pump_Hydro_Open,2050,1,300,300,3.220032948310514
8696,GR_Pump_Hydro_Open,2050,1,301,301,3.239321585633106
8697,GR_Pump_Hydro_Open,2050,1,302,302,3.2933547515131187
8698,GR_Pump_Hydro_Open,2050,1,303,303,3.3407558620186206
8699,GR_Pump_Hydro_Open,2050,1,304,304,3.3368606467689093
8700,GR_Pump_Hydro_Open,2050,1,305,305,3.312863253602992
8701,GR_Pump_Hydro_Open,2050,1,306,306,3.3057074087539196
8702,GR_Pump_Hydro_Open,2050,1,307,307,3.3710402074304984
8703,GR_Pump_Hydro_Open,2050,1,308,308,3.440559443589053
8704,GR_Pump_Hydro_Open,2050,1,309,309,3.5083266871384216
8705,GR_Pump_Hydro_Open,2050,1,310,310,3.546549444927459
8706,GR_Pump_Hydro_Open,2050,1,311,311,3.528392788561903
8707,GR_Pump_Hydro_Open,2050,1,312,312,3.4911418484962544
8708,GR_Pump_Hydro_Open,2050,1,313,313,3.4566000340691474
8709,GR_Pump_Hydro_Open,2050,1,314,314,3.4214293409298437
8710,GR_Pump_Hydro_Open,2050,1,315,315,3.3845399198450545
8711,GR_Pump_Hydro_Open,2050,1,316,316,3.3558873959842876
8712,GR_Pump_Hydro_Open,2050,1,317,317,3.320244487326695
8713,GR_Pump_Hydro_Open,2050,1,318,318,3.285702672899588
8714,GR_Pump_Hydro_Open,2050,1,319,319,3.289012106248757
8715,GR_Pump_Hydro_Open,2050,1,320,320,3.2743218906796088
8716,GR_Pump_Hydro_Open,2050,1,321,321,3.24779088875272
8717,GR_Pump_Hydro_Open,2050,1,322,322,3.2128054105482153
8718,GR_Pump_Hydro_Open,2050,1,323,323,3.1782635961211083
8719,GR_Pump_Hydro_Open,2050,1,324,324,3.169826709829026
8720,GR_Pump_Hydro_Open,2050,1,325,325,3.1635047476359643
8721,GR_Pump_Hydro_Open,2050,1,326,326,3.1659728887741
8722,GR_Pump_Hydro_Open,2050,1,327,327,3.221043343608394
8723,GR_Pump_Hydro_Open,2050,1,328,328,3.1858267033379697
8724,GR_Pump_Hydro_Open,2050,1,329,329,3.1545711759195356
8725,GR_Pump_Hydro_Open,2050,1,330,330,3.1621008567228786
8726,GR_Pump_Hydro_Open,2050,1,331,331,3.1275590422957715
8727,GR_Pump_Hydro_Open,2050,1,332,332,3.0930172278686645
8728,GR_Pump_Hydro_Open,2050,1,333,333,3.0584754134415575
8729,GR_Pump_Hydro_Open,2050,1,334,334,3.0239335990144505
8730,GR_Pump_Hydro_Open,2050,1,335,335,2.9893917845873434
8731,GR_Pump_Hydro_Open,2050,1,336,336,2.9619557067876303
8732,GR_Pump_Hydro_Open,2050,1,337,337,2.935964959246901
8733,GR_Pump_Hydro_Open,2050,1,338,338,2.901423144819794
8734,GR_Pump_Hydro_Open,2050,1,339,339,2.8668813303926868
8735,GR_Pump_Hydro_Open,2050,1,340,340,2.8323395159655798
8736,GR_Pump_Hydro_Open,2050,1,341,341,2.7977977015384727
8737,GR_Pump_Hydro_Open,2050,1,342,342,2.77047883433206
8738,GR_Pump_Hydro_Open,2050,1,343,343,2.735937019904953
8739,GR_Pump_Hydro_Open,2050,1,344,344,2.701395205477846
8740,GR_Pump_Hydro_Open,2050,1,345,345,2.666853391050739
8741,GR_Pump_Hydro_Open,2050,1,346,346,2.635767332510792
8742,GR_Pump_Hydro_Open,2050,1,347,347,2.6593221495770227
8743,GR_Pump_Hydro_Open,2050,1,348,348,2.694074088439951
8744,GR_Pump_Hydro_Open,2050,1,349,349,2.731885291552285
8745,GR_Pump_Hydro_Open,2050,1,350,350,2.711421475163636
8746,GR_Pump_Hydro_Open,2050,1,351,351,2.676879660736529
8747,GR_Pump_Hydro_Open,2050,1,352,352,2.642337846309422
8748,GR_Pump_Hydro_Open,2050,1,353,353,2.607796031882315
8749,GR_Pump_Hydro_Open,2050,1,354,354,2.573254217455208
8750,GR_Pump_Hydro_Open,2050,1,355,355,2.538712403028101
8751,GR_Pump_Hydro_Open,2050,1,356,356,2.504170588600994
8752,GR_Pump_Hydro_Open,2050,1,357,357,2.469628774173887
8753,GR_Pump_Hydro_Open,2050,1,358,358,2.43508695974678
8754,GR_Pump_Hydro_Open,2050,1,359,359,2.400545145319673
8755,GR_Pump_Hydro_Open,2050,1,360,360,2.367101554953972
8756,GR_Pump_Hydro_Open,2050,1,361,361,2.351631857255933
8757,GR_Pump_Hydro_Open,2050,1,362,362,2.339603911374309
8758,GR_Pump_Hydro_Open,2050,1,363,363,2.3190836288542136
8759,GR_Pump_Hydro_Open,2050,1,364,364,2.284541814427107
8760,GR_Pump_Hydro_Open,2050,1,365,365,2.25
8761,HR_Hydro_Reservoir,2050,1,1,1,1041.3125476654304
8762,HR_Hydro_Reservoir,2050,1,2,2,1059.6750953308608
8763,HR_Hydro_Reservoir,2050,1,3,3,1078.0376429962912
8764,HR_Hydro_Reservoir,2050,1,4,4,1096.4001906617216
8765,HR_Hydro_Reservoir,2050,1,5,5,1112.1246980712137
8766,HR_Hydro_Reservoir,2050,1,6,6,1122.2596240977743
8767,HR_Hydro_Reservoir,2050,1,7,7,1140.6221717632047
8768,HR_Hydro_Reservoir,2050,1,8,8,1158.984719428635
8769,HR_Hydro_Reservoir,2050,1,9,9,1177.3472670940653
8770,HR_Hydro_Reservoir,2050,1,10,10,1195.7098147594957
8771,HR_Hydro_Reservoir,2050,1,11,11,1214.072362424926
8772,HR_Hydro_Reservoir,2050,1,12,12,1232.4349100903564
8773,HR_Hydro_Reservoir,2050,1,13,13,1250.7974577557868
8774,HR_Hydro_Reservoir,2050,1,14,14,1269.1600054212172
8775,HR_Hydro_Reservoir,2050,1,15,15,1287.5225530866473
8776,HR_Hydro_Reservoir,2050,1,16,16,1305.8851007520777
8777,HR_Hydro_Reservoir,2050,1,17,17,1324.2476484175081
8778,HR_Hydro_Reservoir,2050,1,18,18,1331.4534532638775
8779,HR_Hydro_Reservoir,2050,1,19,19,1326.6699811253275
8780,HR_Hydro_Reservoir,2050,1,20,20,1328.6735956678383
8781,HR_Hydro_Reservoir,2050,1,21,21,1330.698894217051
8782,HR_Hydro_Reservoir,2050,1,22,22,1325.9154220785008
8783,HR_Hydro_Reservoir,2050,1,23,23,1327.8215670242823
8784,HR_Hydro_Reservoir,2050,1,24,24,1344.3077072656445
8785,HR_Hydro_Reservoir,2050,1,25,25,1348.593843174538
8786,HR_Hydro_Reservoir,2050,1,26,26,1363.8500067551095
8787,HR_Hydro_Reservoir,2050,1,27,27,1374.6297473392956
8788,HR_Hydro_Reservoir,2050,1,28,28,1392.9922950047257
8789,HR_Hydro_Reservoir,2050,1,29,29,1411.3548426701561
8790,HR_Hydro_Reservoir,2050,1,30,30,1429.7173903355865
8791,HR_Hydro_Reservoir,2050,1,31,31,1440.573914376391
8792,HR_Hydro_Reservoir,2050,1,32,32,1458.6479343615729
8793,HR_Hydro_Reservoir,2050,1,33,33,1468.1335952998556
8794,HR_Hydro_Reservoir,2050,1,34,34,1468.6893054176328
8795,HR_Hydro_Reservoir,2050,1,35,35,1465.2684642598324
8796,HR_Hydro_Reservoir,2050,1,36,36,1466.6302564374646
8797,HR_Hydro_Reservoir,2050,1,37,37,1484.992804102895
8798,HR_Hydro_Reservoir,2050,1,38,38,1503.3553517683254
8799,HR_Hydro_Reservoir,2050,1,39,39,1521.7178994337557
8800,HR_Hydro_Reservoir,2050,1,40,40,1536.480391231035
8801,HR_Hydro_Reservoir,2050,1,41,41,1544.941785898317
8802,HR_Hydro_Reservoir,2050,1,42,42,1544.9719944259102
8803,HR_Hydro_Reservoir,2050,1,43,43,1547.7234163556623
8804,HR_Hydro_Reservoir,2050,1,44,44,1552.753187821926
8805,HR_Hydro_Reservoir,2050,1,45,45,1554.7514316254428
8806,HR_Hydro_Reservoir,2050,1,46,46,1567.722925175769
8807,HR_Hydro_Reservoir,2050,1,47,47,1581.2007043256692
8808,HR_Hydro_Reservoir,2050,1,48,48,1597.0307887376828
8809,HR_Hydro_Reservoir,2050,1,49,49,1613.4473390217229
8810,HR_Hydro_Reservoir,2050,1,50,50,1631.8098866871533
8811,HR_Hydro_Reservoir,2050,1,51,51,1645.9961833697473
8812,HR_Hydro_Reservoir,2050,1,52,52,1658.4987569893551
8813,HR_Hydro_Reservoir,2050,1,53,53,1672.857979406597
8814,HR_Hydro_Reservoir,2050,1,54,54,1691.2205270720274
8815,HR_Hydro_Reservoir,2050,1,55,55,1707.2001556344558
8816,HR_Hydro_Reservoir,2050,1,56,56,1709.9539155649338
8817,HR_Hydro_Reservoir,2050,1,57,57,1716.2826585540035
8818,HR_Hydro_Reservoir,2050,1,58,58,1719.2783865035442
8819,HR_Hydro_Reservoir,2050,1,59,59,1726.6606343939177
8820,HR_Hydro_Reservoir,2050,1,60,60,1745.023182059348
8821,HR_Hydro_Reservoir,2050,1,61,61,1763.3857297247785
8822,HR_Hydro_Reservoir,2050,1,62,62,1781.205283154737
8823,HR_Hydro_Reservoir,2050,1,63,63,1790.723541892917
8824,HR_Hydro_Reservoir,2050,1,64,64,1795.5080843299957
8825,HR_Hydro_Reservoir,2050,1,65,65,1812.3945833222292
8826,HR_Hydro_Reservoir,2050,1,66,66,1830.7571309876596
8827,HR_Hydro_Reservoir,2050,1,67,67,1847.2669094031774
8828,HR_Hydro_Reservoir,2050,1,68,68,1853.6138029404642
8829,HR_Hydro_Reservoir,2050,1,69,69,1854.470914369352
8830,HR_Hydro_Reservoir,2050,1,70,70,1856.9739139062233
8831,HR_Hydro_Reservoir,2050,1,71,71,1866.7199854358355
8832,HR_Hydro_Reservoir,2050,1,72,72,1874.981166274024
8833,HR_Hydro_Reservoir,2050,1,73,73,1884.9771060330265
8834,HR_Hydro_Reservoir,2050,1,74,74,1898.2828732386733
8835,HR_Hydro_Reservoir,2050,1,75,75,1905.6924721585601
8836,HR_Hydro_Reservoir,2050,1,76,76,1902.967118855885
8837,HR_Hydro_Reservoir,2050,1,77,77,1901.790415958676
8838,HR_Hydro_Reservoir,2050,1,78,78,1900.3618918774748
8839,HR_Hydro_Reservoir,2050,1,79,79,1899.3584530291018
8840,HR_Hydro_Reservoir,2050,1,80,80,1911.7461721238553
8841,HR_Hydro_Reservoir,2050,1,81,81,1918.6814635472056
8842,HR_Hydro_Reservoir,2050,1,82,82,1924.3750632383808
8843,HR_Hydro_Reservoir,2050,1,83,83,1923.2958009319823
8844,HR_Hydro_Reservoir,2050,1,84,84,1926.0645155633001
8845,HR_Hydro_Reservoir,2050,1,85,85,1942.9815523557504
8846,HR_Hydro_Reservoir,2050,1,86,86,1952.9815860023084
8847,HR_Hydro_Reservoir,2050,1,87,87,1963.5094750354724
8848,HR_Hydro_Reservoir,2050,1,88,88,1981.8720227009028
8849,HR_Hydro_Reservoir,2050,1,89,89,2000.2345703663332
8850,HR_Hydro_Reservoir,2050,1,90,90,2018.5971180317636
8851,HR_Hydro_Reservoir,2050,1,91,91,2036.3566194638347
8852,HR_Hydro_Reservoir,2050,1,92,92,2045.9
8853,HR_Hydro_Reservoir,2050,1,93,93,2044.894512162553
8854,HR_Hydro_Reservoir,2050,1,94,94,2044.8966378899195
8855,HR_Hydro_Reservoir,2050,1,95,95,2042.3992867119462
8856,HR_Hydro_Reservoir,2050,1,96,96,2040.8688187368239
8857,HR_Hydro_Reservoir,2050,1,97,97,2037.0150584054406
8858,HR_Hydro_Reservoir,2050,1,98,98,2030.2323281565925
8859,HR_Hydro_Reservoir,2050,1,99,99,2021.281165425452
8860,HR_Hydro_Reservoir,2050,1,100,100,2013.096330426721
8861,HR_Hydro_Reservoir,2050,1,101,101,2018.318630028768
8862,HR_Hydro_Reservoir,2050,1,102,102,2021.2330720848981
8863,HR_Hydro_Reservoir,2050,1,103,103,2018.09730831349
8864,HR_Hydro_Reservoir,2050,1,104,104,2017.685375276602
8865,HR_Hydro_Reservoir,2050,1,105,105,2010.5692893164608
8866,HR_Hydro_Reservoir,2050,1,106,106,2002.1279486646993
8867,HR_Hydro_Reservoir,2050,1,107,107,1999.649089091652
8868,HR_Hydro_Reservoir,2050,1,108,108,2001.0633311708941
8869,HR_Hydro_Reservoir,2050,1,109,109,1991.9312884696465
8870,HR_Hydro_Reservoir,2050,1,110,110,1983.6554495777602
8871,HR_Hydro_Reservoir,2050,1,111,111,1972.8373998062725
8872,HR_Hydro_Reservoir,2050,1,112,112,1960.93228197054
8873,HR_Hydro_Reservoir,2050,1,113,113,1942.0665756325634
8874,HR_Hydro_Reservoir,2050,1,114,114,1927.042134002664
8875,HR_Hydro_Reservoir,2050,1,115,115,1921.7224369859139
8876,HR_Hydro_Reservoir,2050,1,116,116,1915.5944067595078
8877,HR_Hydro_Reservoir,2050,1,117,117,1910.6549955615549
8878,HR_Hydro_Reservoir,2050,1,118,118,1904.2820935359205
8879,HR_Hydro_Reservoir,2050,1,119,119,1893.5849110932716
8880,HR_Hydro_Reservoir,2050,1,120,120,1874.7192047552949
8881,HR_Hydro_Reservoir,2050,1,121,121,1855.8534984173182
8882,HR_Hydro_Reservoir,2050,1,122,122,1836.9877920793415
8883,HR_Hydro_Reservoir,2050,1,123,123,1822.0396262675758
8884,HR_Hydro_Reservoir,2050,1,124,124,1803.1739199295992
8885,HR_Hydro_Reservoir,2050,1,125,125,1784.3082135916225
8886,HR_Hydro_Reservoir,2050,1,126,126,1767.9870900256672
8887,HR_Hydro_Reservoir,2050,1,127,127,1749.1213836876905
8888,HR_Hydro_Reservoir,2050,1,128,128,1730.2556773497138
8889,HR_Hydro_Reservoir,2050,1,129,129,1711.389971011737
8890,HR_Hydro_Reservoir,2050,1,130,130,1692.5242646737604
8891,HR_Hydro_Reservoir,2050,1,131,131,1673.6585583357837
8892,HR_Hydro_Reservoir,2050,1,132,132,1654.792851997807
8893,HR_Hydro_Reservoir,2050,1,133,133,1635.9271456598303
8894,HR_Hydro_Reservoir,2050,1,134,134,1621.6997038026766
8895,HR_Hydro_Reservoir,2050,1,135,135,1608.360794850993
8896,HR_Hydro_Reservoir,2050,1,136,136,1591.4997331910076
8897,HR_Hydro_Reservoir,2050,1,137,137,1572.634026853031
8898,HR_Hydro_Reservoir,2050,1,138,138,1553.7683205150543
8899,HR_Hydro_Reservoir,2050,1,139,139,1534.9026141770776
8900,HR_Hydro_Reservoir,2050,1,140,140,1524.1195808835057
8901,HR_Hydro_Reservoir,2050,1,141,141,1514.9102198356811
8902,HR_Hydro_Reservoir,2050,1,142,142,1498.8431802366863
8903,HR_Hydro_Reservoir,2050,1,143,143,1481.7626245129413
8904,HR_Hydro_Reservoir,2050,1,144,144,1470.8107724952583
8905,HR_Hydro_Reservoir,2050,1,145,145,1462.0103978267066
8906,HR_Hydro_Reservoir,2050,1,146,146,1447.4785081254058
8907,HR_Hydro_Reservoir,2050,1,147,147,1430.6447783492094
8908,HR_Hydro_Reservoir,2050,1,148,148,1411.7790720112328
8909,HR_Hydro_Reservoir,2050,1,149,149,1395.0849334074119
8910,HR_Hydro_Reservoir,2050,1,150,150,1376.2192270694352
8911,HR_Hydro_Reservoir,2050,1,151,151,1357.9427544048024
8912,HR_Hydro_Reservoir,2050,1,152,152,1339.0770480668257
8913,HR_Hydro_Reservoir,2050,1,153,153,1320.211341728849
8914,HR_Hydro_Reservoir,2050,1,154,154,1301.3456353908723
8915,HR_Hydro_Reservoir,2050,1,155,155,1282.4799290528956
8916,HR_Hydro_Reservoir,2050,1,156,156,1266.090527890651
8917,HR_Hydro_Reservoir,2050,1,157,157,1247.2248215526743
8918,HR_Hydro_Reservoir,2050,1,158,158,1228.3591152146976
8919,HR_Hydro_Reservoir,2050,1,159,159,1209.4934088767209
8920,HR_Hydro_Reservoir,2050,1,160,160,1194.3817129777362
8921,HR_Hydro_Reservoir,2050,1,161,161,1175.5160066397596
8922,HR_Hydro_Reservoir,2050,1,162,162,1160.6991734776866
8923,HR_Hydro_Reservoir,2050,1,163,163,1151.490420490653
8924,HR_Hydro_Reservoir,2050,1,164,164,1143.285954810695
8925,HR_Hydro_Reservoir,2050,1,165,165,1124.4202484727184
8926,HR_Hydro_Reservoir,2050,1,166,166,1107.3317877646577
8927,HR_Hydro_Reservoir,2050,1,167,167,1097.3812041962024
8928,HR_Hydro_Reservoir,2050,1,168,168,1083.0241720066997
8929,HR_Hydro_Reservoir,2050,1,169,169,1066.418428351903
8930,HR_Hydro_Reservoir,2050,1,170,170,1053.167350828427
8931,HR_Hydro_Reservoir,2050,1,171,171,1048.3838786898768
8932,HR_Hydro_Reservoir,2050,1,172,172,1043.6004065513266
8933,HR_Hydro_Reservoir,2050,1,173,173,1038.0361867776307
8934,HR_Hydro_Reservoir,2050,1,174,174,1024.1210072098288
8935,HR_Hydro_Reservoir,2050,1,175,175,1005.2553008718522
8936,HR_Hydro_Reservoir,2050,1,176,176,989.1856714918458
8937,HR_Hydro_Reservoir,2050,1,177,177,982.2844902277315
8938,HR_Hydro_Reservoir,2050,1,178,178,977.5010180891813
8939,HR_Hydro_Reservoir,2050,1,179,179,972.7175459506312
8940,HR_Hydro_Reservoir,2050,1,180,180,965.5638960855457
8941,HR_Hydro_Reservoir,2050,1,181,181,959.1537410503794
8942,HR_Hydro_Reservoir,2050,1,182,182,950.16163861296
8943,HR_Hydro_Reservoir,2050,1,183,183,939.4561773885926
8944,HR_Hydro_Reservoir,2050,1,184,184,929.9669703298605
8945,HR_Hydro_Reservoir,2050,1,185,185,922.6325220276264
8946,HR_Hydro_Reservoir,2050,1,186,186,917.8490498890762
8947,HR_Hydro_Reservoir,2050,1,187,187,898.9833435510997
8948,HR_Hydro_Reservoir,2050,1,188,188,880.1176372131231
8949,HR_Hydro_Reservoir,2050,1,189,189,870.3091975596493
8950,HR_Hydro_Reservoir,2050,1,190,190,856.0856708560779
8951,HR_Hydro_Reservoir,2050,1,191,191,837.2199645181013
8952,HR_Hydro_Reservoir,2050,1,192,192,828.2146953844855
8953,HR_Hydro_Reservoir,2050,1,193,193,823.2813159316138
8954,HR_Hydro_Reservoir,2050,1,194,194,818.4978437930637
8955,HR_Hydro_Reservoir,2050,1,195,195,813.7143716545136
8956,HR_Hydro_Reservoir,2050,1,196,196,806.5736460789383
8957,HR_Hydro_Reservoir,2050,1,197,197,798.6076102832069
8958,HR_Hydro_Reservoir,2050,1,198,198,788.1357532633835
8959,HR_Hydro_Reservoir,2050,1,199,199,771.1432749098194
8960,HR_Hydro_Reservoir,2050,1,200,200,761.1585242690949
8961,HR_Hydro_Reservoir,2050,1,201,201,751.8835279272344
8962,HR_Hydro_Reservoir,2050,1,202,202,736.9983466049337
8963,HR_Hydro_Reservoir,2050,1,203,203,722.7614161030547
8964,HR_Hydro_Reservoir,2050,1,204,204,709.9078843768327
8965,HR_Hydro_Reservoir,2050,1,205,205,702.4149723558805
8966,HR_Hydro_Reservoir,2050,1,206,206,689.608995094812
8967,HR_Hydro_Reservoir,2050,1,207,207,678.3494010170801
8968,HR_Hydro_Reservoir,2050,1,208,208,676.2055235240985
8969,HR_Hydro_Reservoir,2050,1,209,209,669.157200570271
8970,HR_Hydro_Reservoir,2050,1,210,210,654.7078703039685
8971,HR_Hydro_Reservoir,2050,1,211,211,640.5304020686335
8972,HR_Hydro_Reservoir,2050,1,212,212,627.6119536989212
8973,HR_Hydro_Reservoir,2050,1,213,213,621.1354823935541
8974,HR_Hydro_Reservoir,2050,1,214,214,616.352010255004
8975,HR_Hydro_Reservoir,2050,1,215,215,611.2842355350156
8976,HR_Hydro_Reservoir,2050,1,216,216,603.9760569898638
8977,HR_Hydro_Reservoir,2050,1,217,217,596.0942905802003
8978,HR_Hydro_Reservoir,2050,1,218,218,591.3108184416502
8979,HR_Hydro_Reservoir,2050,1,219,219,586.5273463031001
8980,HR_Hydro_Reservoir,2050,1,220,220,581.74387416455
8981,HR_Hydro_Reservoir,2050,1,221,221,576.9604020259999
8982,HR_Hydro_Reservoir,2050,1,222,222,572.1769298874498
8983,HR_Hydro_Reservoir,2050,1,223,223,567.3934577488997
8984,HR_Hydro_Reservoir,2050,1,224,224,562.6099856103496
8985,HR_Hydro_Reservoir,2050,1,225,225,553.8185669956074
8986,HR_Hydro_Reservoir,2050,1,226,226,544.4732727066557
8987,HR_Hydro_Reservoir,2050,1,227,227,535.4753328762998
8988,HR_Hydro_Reservoir,2050,1,228,228,522.4596745364802
8989,HR_Hydro_Reservoir,2050,1,229,229,505.39521660090315
8990,HR_Hydro_Reservoir,2050,1,230,230,489.4063564805299
8991,HR_Hydro_Reservoir,2050,1,231,231,482.4392697856357
8992,HR_Hydro_Reservoir,2050,1,232,232,477.6557976470856
8993,HR_Hydro_Reservoir,2050,1,233,233,472.8723255085355
8994,HR_Hydro_Reservoir,2050,1,234,234,467.5663422254419
8995,HR_Hydro_Reservoir,2050,1,235,235,463.34031058971266
8996,HR_Hydro_Reservoir,2050,1,236,236,453.73405151934855
8997,HR_Hydro_Reservoir,2050,1,237,237,447.8534269756315
8998,HR_Hydro_Reservoir,2050,1,238,238,439.01234755657686
8999,HR_Hydro_Reservoir,2050,1,239,239,431.7344691374156
9000,HR_Hydro_Reservoir,2050,1,240,240,420.647799095752
9001,HR_Hydro_Reservoir,2050,1,241,241,406.8129145883426
9002,HR_Hydro_Reservoir,2050,1,242,242,402.0294424497925
9003,HR_Hydro_Reservoir,2050,1,243,243,397.2459703112424
9004,HR_Hydro_Reservoir,2050,1,244,244,386.3891736146062
9005,HR_Hydro_Reservoir,2050,1,245,245,370.75676821386656
9006,HR_Hydro_Reservoir,2050,1,246,246,365.97329607531645
9007,HR_Hydro_Reservoir,2050,1,247,247,361.18982393676635
9008,HR_Hydro_Reservoir,2050,1,248,248,356.9564651885892
9009,HR_Hydro_Reservoir,2050,1,249,249,351.7854052570617
9010,HR_Hydro_Reservoir,2050,1,250,250,340.9631054641097
9011,HR_Hydro_Reservoir,2050,1,251,251,326.72190443592865
9012,HR_Hydro_Reservoir,2050,1,252,252,321.93843229737854
9013,HR_Hydro_Reservoir,2050,1,253,253,317.15496015882843
9014,HR_Hydro_Reservoir,2050,1,254,254,313.91436088191494
9015,HR_Hydro_Reservoir,2050,1,255,255,313.0080831423612
9016,HR_Hydro_Reservoir,2050,1,256,256,308.62134871512006
9017,HR_Hydro_Reservoir,2050,1,257,257,312.53652154877994
9018,HR_Hydro_Reservoir,2050,1,258,258,315.6767983834534
9019,HR_Hydro_Reservoir,2050,1,259,259,317.6650661309361
9020,HR_Hydro_Reservoir,2050,1,260,260,322.3131945310793
9021,HR_Hydro_Reservoir,2050,1,261,261,317.432963573726
9022,HR_Hydro_Reservoir,2050,1,262,262,311.8676072657679
9023,HR_Hydro_Reservoir,2050,1,263,263,307.0841351272178
9024,HR_Hydro_Reservoir,2050,1,264,264,302.3006629886677
9025,HR_Hydro_Reservoir,2050,1,265,265,299.47787444591665
9026,HR_Hydro_Reservoir,2050,1,266,266,296.77157720942216
9027,HR_Hydro_Reservoir,2050,1,267,267,298.71492589707384
9028,HR_Hydro_Reservoir,2050,1,268,268,293.2342961614929
9029,HR_Hydro_Reservoir,2050,1,269,269,288.4508240229428
9030,HR_Hydro_Reservoir,2050,1,270,270,288.42151888167245
9031,HR_Hydro_Reservoir,2050,1,271,271,291.20873092501273
9032,HR_Hydro_Reservoir,2050,1,272,272,291.1885377462616
9033,HR_Hydro_Reservoir,2050,1,273,273,292.9781515005389
9034,HR_Hydro_Reservoir,2050,1,274,274,289.06697429055964
9035,HR_Hydro_Reservoir,2050,1,275,275,279.25191486492497
9036,HR_Hydro_Reservoir,2050,1,276,276,274.46844272637486
9037,HR_Hydro_Reservoir,2050,1,277,277,269.68497058782475
9038,HR_Hydro_Reservoir,2050,1,278,278,267.96702288491025
9039,HR_Hydro_Reservoir,2050,1,279,279,263.951328011956
9040,HR_Hydro_Reservoir,2050,1,280,280,261.0496999539124
9041,HR_Hydro_Reservoir,2050,1,281,281,254.67182429041077
9042,HR_Hydro_Reservoir,2050,1,282,282,249.88835215186063
9043,HR_Hydro_Reservoir,2050,1,283,283,245.1048800133105
9044,HR_Hydro_Reservoir,2050,1,284,284,245.46624455724645
9045,HR_Hydro_Reservoir,2050,1,285,285,239.6534683082533
9046,HR_Hydro_Reservoir,2050,1,286,286,233.75679568087747
9047,HR_Hydro_Reservoir,2050,1,287,287,228.02063887172255
9048,HR_Hydro_Reservoir,2050,1,288,288,222.46746390424943
9049,HR_Hydro_Reservoir,2050,1,289,289,215.92346609744123
9050,HR_Hydro_Reservoir,2050,1,290,290,211.1399939588911
9051,HR_Hydro_Reservoir,2050,1,291,291,206.35652182034096
9052,HR_Hydro_Reservoir,2050,1,292,292,201.57304968179082
9053,HR_Hydro_Reservoir,2050,1,293,293,196.78957754324068
9054,HR_Hydro_Reservoir,2050,1,294,294,198.00972101278643
9055,HR_Hydro_Reservoir,2050,1,295,295,203.97178200373094
9056,HR_Hydro_Reservoir,2050,1,296,296,202.19755804599936
9057,HR_Hydro_Reservoir,2050,1,297,297,204.0491018246235
9058,HR_Hydro_Reservoir,2050,1,298,298,198.87407448398844
9059,HR_Hydro_Reservoir,2050,1,299,299,201.96302454841262
9060,HR_Hydro_Reservoir,2050,1,300,300,202.92200825533044
9061,HR_Hydro_Reservoir,2050,1,301,301,202.23762960715652
9062,HR_Hydro_Reservoir,2050,1,302,302,200.89868245980765
9063,HR_Hydro_Reservoir,2050,1,303,303,201.03488556488833
9064,HR_Hydro_Reservoir,2050,1,304,304,209.01626441977268
9065,HR_Hydro_Reservoir,2050,1,305,305,207.15608592498054
9066,HR_Hydro_Reservoir,2050,1,306,306,204.47628598435702
9067,HR_Hydro_Reservoir,2050,1,307,307,200.62399188332031
9068,HR_Hydro_Reservoir,2050,1,308,308,195.84051974477018
9069,HR_Hydro_Reservoir,2050,1,309,309,191.44673861357035
9070,HR_Hydro_Reservoir,2050,1,310,310,193.62445804534156
9071,HR_Hydro_Reservoir,2050,1,311,311,203.62098890777278
9072,HR_Hydro_Reservoir,2050,1,312,312,213.25475276014132
9073,HR_Hydro_Reservoir,2050,1,313,313,231.61730042557167
9074,HR_Hydro_Reservoir,2050,1,314,314,247.9536052895209
9075,HR_Hydro_Reservoir,2050,1,315,315,258.7521807635225
9076,HR_Hydro_Reservoir,2050,1,316,316,265.542792775184
9077,HR_Hydro_Reservoir,2050,1,317,317,280.3576225500209
9078,HR_Hydro_Reservoir,2050,1,318,318,298.7201702154512
9079,HR_Hydro_Reservoir,2050,1,319,319,308.6635665682216
9080,HR_Hydro_Reservoir,2050,1,320,320,322.6105764534645
9081,HR_Hydro_Reservoir,2050,1,321,321,336.7672424846205
9082,HR_Hydro_Reservoir,2050,1,322,322,353.7003085699071
9083,HR_Hydro_Reservoir,2050,1,323,323,372.06285623533745
9084,HR_Hydro_Reservoir,2050,1,324,324,384.61895489612925
9085,HR_Hydro_Reservoir,2050,1,325,325,396.704636673713
9086,HR_Hydro_Reservoir,2050,1,326,326,406.83515939189977
9087,HR_Hydro_Reservoir,2050,1,327,327,405.2654908503008
9088,HR_Hydro_Reservoir,2050,1,328,328,421.4537543799248
9089,HR_Hydro_Reservoir,2050,1,329,329,439.0853420583455
9090,HR_Hydro_Reservoir,2050,1,330,330,448.09004011235527
9091,HR_Hydro_Reservoir,2050,1,331,331,466.4525877777856
9092,HR_Hydro_Reservoir,2050,1,332,332,484.8151354432159
9093,HR_Hydro_Reservoir,2050,1,333,333,503.17768310864625
9094,HR_Hydro_Reservoir,2050,1,334,334,521.5402307740766
9095,HR_Hydro_Reservoir,2050,1,335,335,539.902778439507
9096,HR_Hydro_Reservoir,2050,1,336,336,554.8859687894782
9097,HR_Hydro_Reservoir,2050,1,337,337,571.3465256294909
9098,HR_Hydro_Reservoir,2050,1,338,338,589.7090732949213
9099,HR_Hydro_Reservoir,2050,1,339,339,608.0716209603517
9100,HR_Hydro_Reservoir,2050,1,340,340,626.434168625782
9101,HR_Hydro_Reservoir,2050,1,341,341,644.7967162912124
9102,HR_Hydro_Reservoir,2050,1,342,342,661.5526832189665
9103,HR_Hydro_Reservoir,2050,1,343,343,679.9152308843969
9104,HR_Hydro_Reservoir,2050,1,344,344,698.2777785498273
9105,HR_Hydro_Reservoir,2050,1,345,345,716.6403262152577
9106,HR_Hydro_Reservoir,2050,1,346,346,734.2342193865064
9107,HR_Hydro_Reservoir,2050,1,347,347,739.6744894512278
9108,HR_Hydro_Reservoir,2050,1,348,348,742.6242138084502
9109,HR_Hydro_Reservoir,2050,1,349,349,744.8934742408532
9110,HR_Hydro_Reservoir,2050,1,350,350,760.1246906390644
9111,HR_Hydro_Reservoir,2050,1,351,351,778.4872383044948
9112,HR_Hydro_Reservoir,2050,1,352,352,796.8497859699252
9113,HR_Hydro_Reservoir,2050,1,353,353,815.2123336353555
9114,HR_Hydro_Reservoir,2050,1,354,354,833.5748813007859
9115,HR_Hydro_Reservoir,2050,1,355,355,851.9374289662163
9116,HR_Hydro_Reservoir,2050,1,356,356,870.2999766316467
9117,HR_Hydro_Reservoir,2050,1,357,357,888.6625242970771
9118,HR_Hydro_Reservoir,2050,1,358,358,907.0250719625075
9119,HR_Hydro_Reservoir,2050,1,359,359,925.3876196279379
9120,HR_Hydro_Reservoir,2050,1,360,360,943.5058922670119
9121,HR_Hydro_Reservoir,2050,1,361,361,957.626280267223
9122,HR_Hydro_Reservoir,2050,1,362,362,970.9811286610706
9123,HR_Hydro_Reservoir,2050,1,363,363,986.2249046691393
9124,HR_Hydro_Reservoir,2050,1,364,364,1004.5874523345697
9125,HR_Hydro_Reservoir,2050,1,365,365,1022.95
9126,HR_Pump_Hydro_Open,2050,1,1,1,9.230344707708712
9127,HR_Pump_Hydro_Open,2050,1,2,2,9.310689415417423
9128,HR_Pump_Hydro_Open,2050,1,3,3,9.391034123126135
9129,HR_Pump_Hydro_Open,2050,1,4,4,9.471378830834846
9130,HR_Pump_Hydro_Open,2050,1,5,5,9.563233183025956
9131,HR_Pump_Hydro_Open,2050,1,6,6,9.679474613609125
9132,HR_Pump_Hydro_Open,2050,1,7,7,9.759819321317837
9133,HR_Pump_Hydro_Open,2050,1,8,8,9.840164029026548
9134,HR_Pump_Hydro_Open,2050,1,9,9,9.92050873673526
9135,HR_Pump_Hydro_Open,2050,1,10,10,10.00085344444397
9136,HR_Pump_Hydro_Open,2050,1,11,11,10.081198152152682
9137,HR_Pump_Hydro_Open,2050,1,12,12,10.161542859861393
9138,HR_Pump_Hydro_Open,2050,1,13,13,10.241887567570105
9139,HR_Pump_Hydro_Open,2050,1,14,14,10.322232275278816
9140,HR_Pump_Hydro_Open,2050,1,15,15,10.402576982987528
9141,HR_Pump_Hydro_Open,2050,1,16,16,10.482921690696239
9142,HR_Pump_Hydro_Open,2050,1,17,17,10.56326639840495
9143,HR_Pump_Hydro_Open,2050,1,18,18,10.692287445733534
9144,HR_Pump_Hydro_Open,2050,1,19,19,10.873617139750433
9145,HR_Pump_Hydro_Open,2050,1,20,20,11.02533509657174
9146,HR_Pump_Hydro_Open,2050,1,21,21,11.17695844710054
9147,HR_Pump_Hydro_Open,2050,1,22,22,11.35828814111744
9148,HR_Pump_Hydro_Open,2050,1,23,23,11.510431353165112
9149,HR_Pump_Hydro_Open,2050,1,24,24,11.598962737444259
9150,HR_Pump_Hydro_Open,2050,1,25,25,11.740722161831723
9151,HR_Pump_Hydro_Open,2050,1,26,26,11.834619875929185
9152,HR_Pump_Hydro_Open,2050,1,27,27,11.948048011188813
9153,HR_Pump_Hydro_Open,2050,1,28,28,12.028392718897525
9154,HR_Pump_Hydro_Open,2050,1,29,29,12.108737426606236
9155,HR_Pump_Hydro_Open,2050,1,30,30,12.189082134314948
9156,HR_Pump_Hydro_Open,2050,1,31,31,12.302175266996121
9157,HR_Pump_Hydro_Open,2050,1,32,32,12.383778807285388
9158,HR_Pump_Hydro_Open,2050,1,33,33,12.502852950646192
9159,HR_Pump_Hydro_Open,2050,1,34,34,12.660888045780936
9160,HR_Pump_Hydro_Open,2050,1,35,35,12.836272645474946
9161,HR_Pump_Hydro_Open,2050,1,36,36,12.990790842824795
9162,HR_Pump_Hydro_Open,2050,1,37,37,13.071135550533507
9163,HR_Pump_Hydro_Open,2050,1,38,38,13.151480258242218
9164,HR_Pump_Hydro_Open,2050,1,39,39,13.23182496595093
9165,HR_Pump_Hydro_Open,2050,1,40,40,13.32787654661805
9166,HR_Pump_Hydro_Open,2050,1,41,41,13.451419515125853
9167,HR_Pump_Hydro_Open,2050,1,42,42,13.61174734876765
9168,HR_Pump_Hydro_Open,2050,1,43,43,13.760202657436004
9169,HR_Pump_Hydro_Open,2050,1,44,44,13.898717635166319
9170,HR_Pump_Hydro_Open,2050,1,45,45,14.05045902426706
9171,HR_Pump_Hydro_Open,2050,1,46,46,14.067732216663593
9172,HR_Pump_Hydro_Open,2050,1,47,47,14.090928592034011
9173,HR_Pump_Hydro_Open,2050,1,48,48,14.152663345694583
9174,HR_Pump_Hydro_Open,2050,1,49,49,14.210241262156675
9175,HR_Pump_Hydro_Open,2050,1,50,50,14.290585969865386
9176,HR_Pump_Hydro_Open,2050,1,51,51,14.32207149861066
9177,HR_Pump_Hydro_Open,2050,1,52,52,14.42798299507162
9178,HR_Pump_Hydro_Open,2050,1,53,53,14.503405706802736
9179,HR_Pump_Hydro_Open,2050,1,54,54,14.583750414511448
9180,HR_Pump_Hydro_Open,2050,1,55,55,14.674491685215788
9181,HR_Pump_Hydro_Open,2050,1,56,56,14.822936793297892
9182,HR_Pump_Hydro_Open,2050,1,57,57,14.955784419900187
9183,HR_Pump_Hydro_Open,2050,1,58,58,15.1031738329946
9184,HR_Pump_Hydro_Open,2050,1,59,59,15.231425067693028
9185,HR_Pump_Hydro_Open,2050,1,60,60,15.31176977540174
9186,HR_Pump_Hydro_Open,2050,1,61,61,15.39211448311045
9187,HR_Pump_Hydro_Open,2050,1,62,62,15.466106542801581
9188,HR_Pump_Hydro_Open,2050,1,63,63,15.585038463507942
9189,HR_Pump_Hydro_Open,2050,1,64,64,15.724623363858404
9190,HR_Pump_Hydro_Open,2050,1,65,65,15.811408001901373
9191,HR_Pump_Hydro_Open,2050,1,66,66,15.891752709610085
9192,HR_Pump_Hydro_Open,2050,1,67,67,15.950421329188202
9193,HR_Pump_Hydro_Open,2050,1,68,68,16.083189765809728
9194,HR_Pump_Hydro_Open,2050,1,69,69,15.958733266543705
9195,HR_Pump_Hydro_Open,2050,1,70,70,16.053625238188445
9196,HR_Pump_Hydro_Open,2050,1,71,71,16.171563222493713
9197,HR_Pump_Hydro_Open,2050,1,72,72,16.133729091905604
9198,HR_Pump_Hydro_Open,2050,1,73,73,16.157882224617616
9199,HR_Pump_Hydro_Open,2050,1,74,74,16.22587553902209
9200,HR_Pump_Hydro_Open,2050,1,75,75,16.178078503062792
9201,HR_Pump_Hydro_Open,2050,1,76,76,16.011709703465918
9202,HR_Pump_Hydro_Open,2050,1,77,77,16.177303234395676
9203,HR_Pump_Hydro_Open,2050,1,78,78,16.343995449204257
9204,HR_Pump_Hydro_Open,2050,1,79,79,16.50883303730896
9205,HR_Pump_Hydro_Open,2050,1,80,80,16.615245638612915
9206,HR_Pump_Hydro_Open,2050,1,81,81,16.7454469231724
9207,HR_Pump_Hydro_Open,2050,1,82,82,16.690806991696906
9208,HR_Pump_Hydro_Open,2050,1,83,83,16.85597539395175
9209,HR_Pump_Hydro_Open,2050,1,84,84,17.004355255383572
9210,HR_Pump_Hydro_Open,2050,1,85,85,17.091006658452976
9211,HR_Pump_Hydro_Open,2050,1,86,86,17.207836618090514
9212,HR_Pump_Hydro_Open,2050,1,87,87,17.322363569718878
9213,HR_Pump_Hydro_Open,2050,1,88,88,17.40270827742759
9214,HR_Pump_Hydro_Open,2050,1,89,89,17.4830529851363
9215,HR_Pump_Hydro_Open,2050,1,90,90,17.56339769284501
9216,HR_Pump_Hydro_Open,2050,1,91,91,17.64637346266007
9217,HR_Pump_Hydro_Open,2050,1,92,92,17.646908595485147
9218,HR_Pump_Hydro_Open,2050,1,93,93,17.811755123231972
9219,HR_Pump_Hydro_Open,2050,1,94,94,17.961507552094318
9220,HR_Pump_Hydro_Open,2050,1,95,95,18.132863008818678
9221,HR_Pump_Hydro_Open,2050,1,96,96,18.3
9222,HR_Pump_Hydro_Open,2050,1,97,97,18.12042963728208
9223,HR_Pump_Hydro_Open,2050,1,98,98,17.95140616085228
9224,HR_Pump_Hydro_Open,2050,1,99,99,17.733440003677163
9225,HR_Pump_Hydro_Open,2050,1,100,100,17.636915977144263
9226,HR_Pump_Hydro_Open,2050,1,101,101,17.71480581249007
9227,HR_Pump_Hydro_Open,2050,1,102,102,17.614418624603204
9228,HR_Pump_Hydro_Open,2050,1,103,103,17.443248313166475
9229,HR_Pump_Hydro_Open,2050,1,104,104,17.303944892362274
9230,HR_Pump_Hydro_Open,2050,1,105,105,17.086207630100343
9231,HR_Pump_Hydro_Open,2050,1,106,106,16.85296582646479
9232,HR_Pump_Hydro_Open,2050,1,107,107,16.748349912751063
9233,HR_Pump_Hydro_Open,2050,1,108,108,16.81848025788055
9234,HR_Pump_Hydro_Open,2050,1,109,109,16.630064604680427
9235,HR_Pump_Hydro_Open,2050,1,110,110,16.398759054430442
9236,HR_Pump_Hydro_Open,2050,1,111,111,16.192324334131996
9237,HR_Pump_Hydro_Open,2050,1,112,112,16.003799758903618
9238,HR_Pump_Hydro_Open,2050,1,113,113,15.648600259062457
9239,HR_Pump_Hydro_Open,2050,1,114,114,15.439751872832511
9240,HR_Pump_Hydro_Open,2050,1,115,115,15.470776004590006
9241,HR_Pump_Hydro_Open,2050,1,116,116,15.600878410610086
9242,HR_Pump_Hydro_Open,2050,1,117,117,15.776266869972922
9243,HR_Pump_Hydro_Open,2050,1,118,118,15.831937414334831
9244,HR_Pump_Hydro_Open,2050,1,119,119,15.572303859287029
9245,HR_Pump_Hydro_Open,2050,1,120,120,15.217104359445868
9246,HR_Pump_Hydro_Open,2050,1,121,121,14.861904859604707
9247,HR_Pump_Hydro_Open,2050,1,122,122,14.506705359763545
9248,HR_Pump_Hydro_Open,2050,1,123,123,14.300763060922483
9249,HR_Pump_Hydro_Open,2050,1,124,124,13.945563561081322
9250,HR_Pump_Hydro_Open,2050,1,125,125,13.59036406124016
9251,HR_Pump_Hydro_Open,2050,1,126,126,13.264934377810043
9252,HR_Pump_Hydro_Open,2050,1,127,127,12.909734877968882
9253,HR_Pump_Hydro_Open,2050,1,128,128,12.55453537812772
9254,HR_Pump_Hydro_Open,2050,1,129,129,12.19933587828656
9255,HR_Pump_Hydro_Open,2050,1,130,130,11.844136378445398
9256,HR_Pump_Hydro_Open,2050,1,131,131,11.488936878604237
9257,HR_Pump_Hydro_Open,2050,1,132,132,11.133737378763076
9258,HR_Pump_Hydro_Open,2050,1,133,133,10.778537878921915
9259,HR_Pump_Hydro_Open,2050,1,134,134,10.60005496165947
9260,HR_Pump_Hydro_Open,2050,1,135,135,10.455424900182395
9261,HR_Pump_Hydro_Open,2050,1,136,136,10.17660180324883
9262,HR_Pump_Hydro_Open,2050,1,137,137,9.82140230340767
9263,HR_Pump_Hydro_Open,2050,1,138,138,9.466202803566508
9264,HR_Pump_Hydro_Open,2050,1,139,139,9.111003303725347
9265,HR_Pump_Hydro_Open,2050,1,140,140,9.063751391697295
9266,HR_Pump_Hydro_Open,2050,1,141,141,9.076455953155682
9267,HR_Pump_Hydro_Open,2050,1,142,142,8.827884875202603
9268,HR_Pump_Hydro_Open,2050,1,143,143,8.540699115681697
9269,HR_Pump_Hydro_Open,2050,1,144,144,8.487015257367803
9270,HR_Pump_Hydro_Open,2050,1,145,145,8.515302085763576
9271,HR_Pump_Hydro_Open,2050,1,146,146,8.325219790584377
9272,HR_Pump_Hydro_Open,2050,1,147,147,8.047438030797181
9273,HR_Pump_Hydro_Open,2050,1,148,148,7.69223853095602
9274,HR_Pump_Hydro_Open,2050,1,149,149,7.41977515588846
9275,HR_Pump_Hydro_Open,2050,1,150,150,7.064575656047299
9276,HR_Pump_Hydro_Open,2050,1,151,151,6.7162697729009935
9277,HR_Pump_Hydro_Open,2050,1,152,152,6.361070273059832
9278,HR_Pump_Hydro_Open,2050,1,153,153,6.005870773218671
9279,HR_Pump_Hydro_Open,2050,1,154,154,5.65067127337751
9280,HR_Pump_Hydro_Open,2050,1,155,155,5.295471773536349
9281,HR_Pump_Hydro_Open,2050,1,156,156,5.0346188099668225
9282,HR_Pump_Hydro_Open,2050,1,157,157,4.679419310125661
9283,HR_Pump_Hydro_Open,2050,1,158,158,4.3242198102845
9284,HR_Pump_Hydro_Open,2050,1,159,159,3.969020310443339
9285,HR_Pump_Hydro_Open,2050,1,160,160,3.7568475609064045
9286,HR_Pump_Hydro_Open,2050,1,161,161,3.4016480610652433
9287,HR_Pump_Hydro_Open,2050,1,162,162,3.2007094995338194
9288,HR_Pump_Hydro_Open,2050,1,163,163,3.2134372279386803
9289,HR_Pump_Hydro_Open,2050,1,164,164,3.264428022532937
9290,HR_Pump_Hydro_Open,2050,1,165,165,2.909228522691776
9291,HR_Pump_Hydro_Open,2050,1,166,166,2.621741585474048
9292,HR_Pump_Hydro_Open,2050,1,167,167,2.606205775707835
9293,HR_Pump_Hydro_Open,2050,1,168,168,2.42278550294045
9294,HR_Pump_Hydro_Open,2050,1,169,169,2.0940259660330263
9295,HR_Pump_Hydro_Open,2050,1,170,170,1.9527422574644564
9296,HR_Pump_Hydro_Open,2050,1,171,171,2.1340719514813546
9297,HR_Pump_Hydro_Open,2050,1,172,172,2.315401645498253
9298,HR_Pump_Hydro_Open,2050,1,173,173,2.4669850724555986
9299,HR_Pump_Hydro_Open,2050,1,174,174,2.3003992612919637
9300,HR_Pump_Hydro_Open,2050,1,175,175,1.9451997614508025
9301,HR_Pump_Hydro_Open,2050,1,176,176,1.696530013563767
9302,HR_Pump_Hydro_Open,2050,1,177,177,1.7971755807671037
9303,HR_Pump_Hydro_Open,2050,1,178,178,1.978505274784002
9304,HR_Pump_Hydro_Open,2050,1,179,179,2.1598349688009004
9305,HR_Pump_Hydro_Open,2050,1,180,180,2.2508615527495066
9306,HR_Pump_Hydro_Open,2050,1,181,181,2.3702150822725794
9307,HR_Pump_Hydro_Open,2050,1,182,182,2.3911971361692115
9308,HR_Pump_Hydro_Open,2050,1,183,183,2.346900698334163
9309,HR_Pump_Hydro_Open,2050,1,184,184,2.3489432048579144
9310,HR_Pump_Hydro_Open,2050,1,185,185,2.4330814187964465
9311,HR_Pump_Hydro_Open,2050,1,186,186,2.614411112813345
9312,HR_Pump_Hydro_Open,2050,1,187,187,2.2592116129721838
9313,HR_Pump_Hydro_Open,2050,1,188,188,1.9040121131310226
9314,HR_Pump_Hydro_Open,2050,1,189,189,1.6547762193270619
9315,HR_Pump_Hydro_Open,2050,1,190,190,1.3538869337115294
9316,HR_Pump_Hydro_Open,2050,1,191,191,0.9986874338703683
9317,HR_Pump_Hydro_Open,2050,1,192,192,1.019167840315614
9318,HR_Pump_Hydro_Open,2050,1,193,193,1.1947861074830957
9319,HR_Pump_Hydro_Open,2050,1,194,194,1.376115801499994
9320,HR_Pump_Hydro_Open,2050,1,195,195,1.5574454955168922
9321,HR_Pump_Hydro_Open,2050,1,196,196,1.6489644912897778
9322,HR_Pump_Hydro_Open,2050,1,197,197,1.7090393979477971
9323,HR_Pump_Hydro_Open,2050,1,198,198,1.6736432151270413
9324,HR_Pump_Hydro_Open,2050,1,199,199,1.3898131788352157
9325,HR_Pump_Hydro_Open,2050,1,200,200,1.3729756131486364
9326,HR_Pump_Hydro_Open,2050,1,201,201,1.3831794882174206
9327,HR_Pump_Hydro_Open,2050,1,202,202,1.1796368808514193
9328,HR_Pump_Hydro_Open,2050,1,203,203,1.0007924488724496
9329,HR_Pump_Hydro_Open,2050,1,204,204,0.8746551242584293
9330,HR_Pump_Hydro_Open,2050,1,205,205,0.9527559147273905
9331,HR_Pump_Hydro_Open,2050,1,206,206,0.7053003945494574
9332,HR_Pump_Hydro_Open,2050,1,207,207,0.4390870216596293
9333,HR_Pump_Hydro_Open,2050,1,208,208,0.49739344968079496
9334,HR_Pump_Hydro_Open,2050,1,209,209,0.5398988783253418
9335,HR_Pump_Hydro_Open,2050,1,210,210,0.3051895668328026
9336,HR_Pump_Hydro_Open,2050,1,211,211,0.12861063061835498
9337,HR_Pump_Hydro_Open,2050,1,212,212,0.0
9338,HR_Pump_Hydro_Open,2050,1,213,213,0.11682689813159414
9339,HR_Pump_Hydro_Open,2050,1,214,214,0.29815659214849244
9340,HR_Pump_Hydro_Open,2050,1,215,215,0.4686544371369842
9341,HR_Pump_Hydro_Open,2050,1,216,216,0.5537935214907194
9342,HR_Pump_Hydro_Open,2050,1,217,217,0.6170790682455898
9343,HR_Pump_Hydro_Open,2050,1,218,218,0.798408762262488
9344,HR_Pump_Hydro_Open,2050,1,219,219,0.9797384562793863
9345,HR_Pump_Hydro_Open,2050,1,220,220,1.1610681502962845
9346,HR_Pump_Hydro_Open,2050,1,221,221,1.3423978443131828
9347,HR_Pump_Hydro_Open,2050,1,222,222,1.523727538330081
9348,HR_Pump_Hydro_Open,2050,1,223,223,1.7050572323469793
9349,HR_Pump_Hydro_Open,2050,1,224,224,1.8863869263638775
9350,HR_Pump_Hydro_Open,2050,1,225,225,1.9150149779109316
9351,HR_Pump_Hydro_Open,2050,1,226,226,1.9225405208096473
9352,HR_Pump_Hydro_Open,2050,1,227,227,1.9433001716641125
9353,HR_Pump_Hydro_Open,2050,1,228,228,1.8109858683076059
9354,HR_Pump_Hydro_Open,2050,1,229,229,1.5099952596565862
9355,HR_Pump_Hydro_Open,2050,1,230,230,1.2644027980258223
9356,HR_Pump_Hydro_Open,2050,1,231,231,1.3625373867049844
9357,HR_Pump_Hydro_Open,2050,1,232,232,1.5438670807218826
9358,HR_Pump_Hydro_Open,2050,1,233,233,1.7251967747387809
9359,HR_Pump_Hydro_Open,2050,1,234,234,1.8866189399364817
9360,HR_Pump_Hydro_Open,2050,1,235,235,1.8942665554683007
9361,HR_Pump_Hydro_Open,2050,1,236,236,1.701202686689431
9362,HR_Pump_Hydro_Open,2050,1,237,237,1.49791944807109
9363,HR_Pump_Hydro_Open,2050,1,238,238,1.3513712913073306
9364,HR_Pump_Hydro_Open,2050,1,239,239,1.1957431494274608
9365,HR_Pump_Hydro_Open,2050,1,240,240,1.012422334573829
9366,HR_Pump_Hydro_Open,2050,1,241,241,0.8488957428076996
9367,HR_Pump_Hydro_Open,2050,1,242,242,1.030225436824598
9368,HR_Pump_Hydro_Open,2050,1,243,243,1.2115551308414962
9369,HR_Pump_Hydro_Open,2050,1,244,244,1.094674139494229
9370,HR_Pump_Hydro_Open,2050,1,245,245,0.8352031514801208
9371,HR_Pump_Hydro_Open,2050,1,246,246,1.016532845497019
9372,HR_Pump_Hydro_Open,2050,1,247,247,1.1978625395139173
9373,HR_Pump_Hydro_Open,2050,1,248,248,1.0729656077162915
9374,HR_Pump_Hydro_Open,2050,1,249,249,0.9752970891707884
9375,HR_Pump_Hydro_Open,2050,1,250,250,0.7791822126739198
9376,HR_Pump_Hydro_Open,2050,1,251,251,0.6001750748343785
9377,HR_Pump_Hydro_Open,2050,1,252,252,0.7815047688512767
9378,HR_Pump_Hydro_Open,2050,1,253,253,0.962834462868175
9379,HR_Pump_Hydro_Open,2050,1,254,254,1.0341704026466711
9380,HR_Pump_Hydro_Open,2050,1,255,255,0.9242092357412526
9381,HR_Pump_Hydro_Open,2050,1,256,256,0.8575498155180288
9382,HR_Pump_Hydro_Open,2050,1,257,257,0.7688704690311398
9383,HR_Pump_Hydro_Open,2050,1,258,258,0.6782297723289643
9384,HR_Pump_Hydro_Open,2050,1,259,259,0.8300146864888944
9385,HR_Pump_Hydro_Open,2050,1,260,260,0.7927617367006672
9386,HR_Pump_Hydro_Open,2050,1,261,261,0.6011823945844531
9387,HR_Pump_Hydro_Open,2050,1,262,262,0.6074361164724476
9388,HR_Pump_Hydro_Open,2050,1,263,263,0.7887658104893458
9389,HR_Pump_Hydro_Open,2050,1,264,264,0.970095504506244
9390,HR_Pump_Hydro_Open,2050,1,265,265,1.1117270290493337
9391,HR_Pump_Hydro_Open,2050,1,266,266,1.2839941075141739
9392,HR_Pump_Hydro_Open,2050,1,267,267,1.4359750014010908
9393,HR_Pump_Hydro_Open,2050,1,268,268,1.5907431854878264
9394,HR_Pump_Hydro_Open,2050,1,269,269,1.7720728795047247
9395,HR_Pump_Hydro_Open,2050,1,270,270,1.9326603684603203
9396,HR_Pump_Hydro_Open,2050,1,271,271,2.0809595265610463
9397,HR_Pump_Hydro_Open,2050,1,272,272,2.2415072604564616
9398,HR_Pump_Hydro_Open,2050,1,273,273,2.3465796749503536
9399,HR_Pump_Hydro_Open,2050,1,274,274,2.1663375754143215
9400,HR_Pump_Hydro_Open,2050,1,275,275,1.9170242349640605
9401,HR_Pump_Hydro_Open,2050,1,276,276,2.0983539289809587
9402,HR_Pump_Hydro_Open,2050,1,277,277,2.279683622997857
9403,HR_Pump_Hydro_Open,2050,1,278,278,2.4476385793370987
9404,HR_Pump_Hydro_Open,2050,1,279,279,2.270619712360763
9405,HR_Pump_Hydro_Open,2050,1,280,280,2.153245158048838
9406,HR_Pump_Hydro_Open,2050,1,281,281,2.2738285226259434
9407,HR_Pump_Hydro_Open,2050,1,282,282,2.455158216642842
9408,HR_Pump_Hydro_Open,2050,1,283,283,2.6364879106597403
9409,HR_Pump_Hydro_Open,2050,1,284,284,2.7953709263129842
9410,HR_Pump_Hydro_Open,2050,1,285,285,2.937484420912229
9411,HR_Pump_Hydro_Open,2050,1,286,286,2.9782633050658505
9412,HR_Pump_Hydro_Open,2050,1,287,287,3.0134670829037487
9413,HR_Pump_Hydro_Open,2050,1,288,288,2.8791251839015524
9414,HR_Pump_Hydro_Open,2050,1,289,289,2.7785955574791026
9415,HR_Pump_Hydro_Open,2050,1,290,290,2.959925251496001
9416,HR_Pump_Hydro_Open,2050,1,291,291,3.1412549455128995
9417,HR_Pump_Hydro_Open,2050,1,292,292,3.322584639529798
9418,HR_Pump_Hydro_Open,2050,1,293,293,3.5039143335466965
9419,HR_Pump_Hydro_Open,2050,1,294,294,3.6590505374898097
9420,HR_Pump_Hydro_Open,2050,1,295,295,3.5943183328787165
9421,HR_Pump_Hydro_Open,2050,1,296,296,3.4390770730472853
9422,HR_Pump_Hydro_Open,2050,1,297,297,3.583003736080962
9423,HR_Pump_Hydro_Open,2050,1,298,298,3.425172431793766
9424,HR_Pump_Hydro_Open,2050,1,299,299,3.5330477685855124
9425,HR_Pump_Hydro_Open,2050,1,300,300,3.648639851846062
9426,HR_Pump_Hydro_Open,2050,1,301,301,3.7058050534680707
9427,HR_Pump_Hydro_Open,2050,1,302,302,3.872106448363975
9428,HR_Pump_Hydro_Open,2050,1,303,303,4.031971832692806
9429,HR_Pump_Hydro_Open,2050,1,304,304,4.104052027805574
9430,HR_Pump_Hydro_Open,2050,1,305,305,4.004020089943029
9431,HR_Pump_Hydro_Open,2050,1,306,306,3.951533284946972
9432,HR_Pump_Hydro_Open,2050,1,307,307,4.128800293363273
9433,HR_Pump_Hydro_Open,2050,1,308,308,4.310129987380171
9434,HR_Pump_Hydro_Open,2050,1,309,309,4.489759478019773
9435,HR_Pump_Hydro_Open,2050,1,310,310,4.640717823469145
9436,HR_Pump_Hydro_Open,2050,1,311,311,4.686622343294305
9437,HR_Pump_Hydro_Open,2050,1,312,312,4.664846461936813
9438,HR_Pump_Hydro_Open,2050,1,313,313,4.7451911696455245
9439,HR_Pump_Hydro_Open,2050,1,314,314,4.801830271520721
9440,HR_Pump_Hydro_Open,2050,1,315,315,4.793681861240509
9441,HR_Pump_Hydro_Open,2050,1,316,316,4.7703278058276855
9442,HR_Pump_Hydro_Open,2050,1,317,317,4.809166726637886
9443,HR_Pump_Hydro_Open,2050,1,318,318,4.8895114343465975
9444,HR_Pump_Hydro_Open,2050,1,319,319,5.006588499809937
9445,HR_Pump_Hydro_Open,2050,1,320,320,5.10619798937107
9446,HR_Pump_Hydro_Open,2050,1,321,321,5.168471268849514
9447,HR_Pump_Hydro_Open,2050,1,322,322,5.232092054400235
9448,HR_Pump_Hydro_Open,2050,1,323,323,5.3124367621089466
9449,HR_Pump_Hydro_Open,2050,1,324,324,5.418114731354563
9450,HR_Pump_Hydro_Open,2050,1,325,325,5.525845107144034
9451,HR_Pump_Hydro_Open,2050,1,326,326,5.642105749152736
9452,HR_Pump_Hydro_Open,2050,1,327,327,5.809413770545838
9453,HR_Pump_Hydro_Open,2050,1,328,328,5.864320893649283
9454,HR_Pump_Hydro_Open,2050,1,329,329,5.947854745103015
9455,HR_Pump_Hydro_Open,2050,1,330,330,6.069027306709997
9456,HR_Pump_Hydro_Open,2050,1,331,331,6.1493720144187085
9457,HR_Pump_Hydro_Open,2050,1,332,332,6.22971672212742
9458,HR_Pump_Hydro_Open,2050,1,333,333,6.310061429836131
9459,HR_Pump_Hydro_Open,2050,1,334,334,6.390406137544843
9460,HR_Pump_Hydro_Open,2050,1,335,335,6.470750845253554
9461,HR_Pump_Hydro_Open,2050,1,336,336,6.538811833793458
9462,HR_Pump_Hydro_Open,2050,1,337,337,6.627454837238963
9463,HR_Pump_Hydro_Open,2050,1,338,338,6.707799544947674
9464,HR_Pump_Hydro_Open,2050,1,339,339,6.7881442526563855
9465,HR_Pump_Hydro_Open,2050,1,340,340,6.868488960365097
9466,HR_Pump_Hydro_Open,2050,1,341,341,6.948833668073808
9467,HR_Pump_Hydro_Open,2050,1,342,342,7.0361878113213825
9468,HR_Pump_Hydro_Open,2050,1,343,343,7.116532519030094
9469,HR_Pump_Hydro_Open,2050,1,344,344,7.196877226738805
9470,HR_Pump_Hydro_Open,2050,1,345,345,7.277221934447517
9471,HR_Pump_Hydro_Open,2050,1,346,346,7.3609202452477325
9472,HR_Pump_Hydro_Open,2050,1,347,347,7.497644237067907
9473,HR_Pump_Hydro_Open,2050,1,348,348,7.645234361653097
9474,HR_Pump_Hydro_Open,2050,1,349,349,7.795793318059613
9475,HR_Pump_Hydro_Open,2050,1,350,350,7.889799875530162
9476,HR_Pump_Hydro_Open,2050,1,351,351,7.9701445832388735
9477,HR_Pump_Hydro_Open,2050,1,352,352,8.050489290947585
9478,HR_Pump_Hydro_Open,2050,1,353,353,8.130833998656296
9479,HR_Pump_Hydro_Open,2050,1,354,354,8.211178706365008
9480,HR_Pump_Hydro_Open,2050,1,355,355,8.291523414073719
9481,HR_Pump_Hydro_Open,2050,1,356,356,8.37186812178243
9482,HR_Pump_Hydro_Open,2050,1,357,357,8.452212829491142
9483,HR_Pump_Hydro_Open,2050,1,358,358,8.532557537199853
9484,HR_Pump_Hydro_Open,2050,1,359,359,8.612902244908565
9485,HR_Pump_Hydro_Open,2050,1,360,360,8.69431271296834
9486,HR_Pump_Hydro_Open,2050,1,361,361,8.793165762039296
9487,HR_Pump_Hydro_Open,2050,1,362,362,8.89535882409398
9488,HR_Pump_Hydro_Open,2050,1,363,363,8.989310584582578
9489,HR_Pump_Hydro_Open,2050,1,364,364,9.069655292291289
9490,HR_Pump_Hydro_Open,2050,1,365,365,9.15
9491,IE_Pump_Hydro_Closed,2050,1,1,1,0.8495463349775665
9492,IE_Pump_Hydro_Closed,2050,1,2,2,0.8490926699551329
9493,IE_Pump_Hydro_Closed,2050,1,3,3,0.8486390049326994
9494,IE_Pump_Hydro_Closed,2050,1,4,4,0.8481853399102659
9495,IE_Pump_Hydro_Closed,2050,1,5,5,0.850467880878856
9496,IE_Pump_Hydro_Closed,2050,1,6,6,0.8585480005738757
9497,IE_Pump_Hydro_Closed,2050,1,7,7,0.8580943355514422
9498,IE_Pump_Hydro_Closed,2050,1,8,8,0.8576406705290087
9499,IE_Pump_Hydro_Closed,2050,1,9,9,0.8571870055065752
9500,IE_Pump_Hydro_Closed,2050,1,10,10,0.8567333404841417
9501,IE_Pump_Hydro_Closed,2050,1,11,11,0.8562796754617082
9502,IE_Pump_Hydro_Closed,2050,1,12,12,0.8558260104392748
9503,IE_Pump_Hydro_Closed,2050,1,13,13,0.8553723454168413
9504,IE_Pump_Hydro_Closed,2050,1,14,14,0.8549186803944078
9505,IE_Pump_Hydro_Closed,2050,1,15,15,0.8544650153719743
9506,IE_Pump_Hydro_Closed,2050,1,16,16,0.8540113503495408
9507,IE_Pump_Hydro_Closed,2050,1,17,17,0.8535576853271073
9508,IE_Pump_Hydro_Closed,2050,1,18,18,0.8646759235283293
9509,IE_Pump_Hydro_Closed,2050,1,19,19,0.8882295790588876
9510,IE_Pump_Hydro_Closed,2050,1,20,20,0.9047435894602582
9511,IE_Pump_Hydro_Closed,2050,1,21,21,0.9212351089580447
9512,IE_Pump_Hydro_Closed,2050,1,22,22,0.9447887644886029
9513,IE_Pump_Hydro_Closed,2050,1,23,23,0.9614038714876897
9514,IE_Pump_Hydro_Closed,2050,1,24,24,0.9628964380376437
9515,IE_Pump_Hydro_Closed,2050,1,25,25,0.9770429907691486
9516,IE_Pump_Hydro_Closed,2050,1,26,26,0.9798113033963277
9517,IE_Pump_Hydro_Closed,2050,1,27,27,0.9872226139434571
9518,IE_Pump_Hydro_Closed,2050,1,28,28,0.9867689489210236
9519,IE_Pump_Hydro_Closed,2050,1,29,29,0.9863152838985901
9520,IE_Pump_Hydro_Closed,2050,1,30,30,0.9858616188761566
9521,IE_Pump_Hydro_Closed,2050,1,31,31,0.993193288730337
9522,IE_Pump_Hydro_Closed,2050,1,32,32,0.9930388879687482
9523,IE_Pump_Hydro_Closed,2050,1,33,33,1.001792432953738
9524,IE_Pump_Hydro_Closed,2050,1,34,34,1.0198082266400559
9525,IE_Pump_Hydro_Closed,2050,1,35,35,1.0419485454921122
9526,IE_Pump_Hydro_Closed,2050,1,36,36,1.0591282615043054
9527,IE_Pump_Hydro_Closed,2050,1,37,37,1.0586745964818718
9528,IE_Pump_Hydro_Closed,2050,1,38,38,1.0582209314594382
9529,IE_Pump_Hydro_Closed,2050,1,39,39,1.0577672664370046
9530,IE_Pump_Hydro_Closed,2050,1,40,40,1.0610476211712
9531,IE_Pump_Hydro_Closed,2050,1,41,41,1.070863547028054
9532,IE_Pump_Hydro_Closed,2050,1,42,42,1.0894243970667594
9533,IE_Pump_Hydro_Closed,2050,1,43,43,1.1051627729612286
9534,IE_Pump_Hydro_Closed,2050,1,44,44,1.1185380182562241
9535,IE_Pump_Hydro_Closed,2050,1,45,45,1.1350575992504541
9536,IE_Pump_Hydro_Closed,2050,1,46,46,1.130162281802081
9537,IE_Pump_Hydro_Closed,2050,1,47,47,1.1256840895788593
9538,IE_Pump_Hydro_Closed,2050,1,48,48,1.124420590685038
9539,IE_Pump_Hydro_Closed,2050,1,49,49,1.1223636317973644
9540,IE_Pump_Hydro_Closed,2050,1,50,50,1.1219099667749308
9541,IE_Pump_Hydro_Closed,2050,1,51,51,1.1180155172763635
9542,IE_Pump_Hydro_Closed,2050,1,52,52,1.1236398853905853
9543,IE_Pump_Hydro_Closed,2050,1,53,53,1.124744420207348
9544,IE_Pump_Hydro_Closed,2050,1,54,54,1.1242907551849144
9545,IE_Pump_Hydro_Closed,2050,1,55,55,1.1263086815307635
9546,IE_Pump_Hydro_Closed,2050,1,56,56,1.1420446324237263
9547,IE_Pump_Hydro_Closed,2050,1,57,57,1.1540725693693252
9548,IE_Pump_Hydro_Closed,2050,1,58,58,1.169557548222758
9549,IE_Pump_Hydro_Closed,2050,1,59,59,1.1804927776495724
9550,IE_Pump_Hydro_Closed,2050,1,60,60,1.1800391126271388
9551,IE_Pump_Hydro_Closed,2050,1,61,61,1.1795854476047052
9552,IE_Pump_Hydro_Closed,2050,1,62,62,1.1786844133643488
9553,IE_Pump_Hydro_Closed,2050,1,63,63,1.1874041475327022
9554,IE_Pump_Hydro_Closed,2050,1,64,64,1.2010337472247996
9555,IE_Pump_Hydro_Closed,2050,1,65,65,1.2021110570286797
9556,IE_Pump_Hydro_Closed,2050,1,66,66,1.201657392006246
9557,IE_Pump_Hydro_Closed,2050,1,67,67,1.1996772431352227
9558,IE_Pump_Hydro_Closed,2050,1,68,68,1.211686354121415
9559,IE_Pump_Hydro_Closed,2050,1,69,69,1.1968100805205721
9560,IE_Pump_Hydro_Closed,2050,1,70,70,1.206474246470406
9561,IE_Pump_Hydro_Closed,2050,1,71,71,1.214957690565723
9562,IE_Pump_Hydro_Closed,2050,1,72,72,1.2061815788537227
9563,IE_Pump_Hydro_Closed,2050,1,73,73,1.2036654819764676
9564,IE_Pump_Hydro_Closed,2050,1,74,74,1.2044692902963263
9565,IE_Pump_Hydro_Closed,2050,1,75,75,1.1949915660958308
9566,IE_Pump_Hydro_Closed,2050,1,76,76,1.1771637244294386
9567,IE_Pump_Hydro_Closed,2050,1,77,77,1.1969763970147278
9568,IE_Pump_Hydro_Closed,2050,1,78,78,1.2170502614566445
9569,IE_Pump_Hydro_Closed,2050,1,79,79,1.2366832225582343
9570,IE_Pump_Hydro_Closed,2050,1,80,80,1.2424267191195277
9571,IE_Pump_Hydro_Closed,2050,1,81,81,1.2538255369847835
9572,IE_Pump_Hydro_Closed,2050,1,82,82,1.2444673071516374
9573,IE_Pump_Hydro_Closed,2050,1,83,83,1.2641789132244865
9574,IE_Pump_Hydro_Closed,2050,1,84,84,1.2798993529280582
9575,IE_Pump_Hydro_Closed,2050,1,85,85,1.280944988570895
9576,IE_Pump_Hydro_Closed,2050,1,86,86,1.289165020209061
9577,IE_Pump_Hydro_Closed,2050,1,87,87,1.2968375541098538
9578,IE_Pump_Hydro_Closed,2050,1,88,88,1.2963838890874202
9579,IE_Pump_Hydro_Closed,2050,1,89,89,1.2959302240649866
9580,IE_Pump_Hydro_Closed,2050,1,90,90,1.295476559042553
9581,IE_Pump_Hydro_Closed,2050,1,91,91,1.2956483805769936
9582,IE_Pump_Hydro_Closed,2050,1,92,92,1.2906363249094694
9583,IE_Pump_Hydro_Closed,2050,1,93,93,1.3102714112463234
9584,IE_Pump_Hydro_Closed,2050,1,94,94,1.3276218384194496
9585,IE_Pump_Hydro_Closed,2050,1,95,95,1.348804302739239
9586,IE_Pump_Hydro_Closed,2050,1,96,96,1.3689839045718823
9587,IE_Pump_Hydro_Closed,2050,1,97,97,1.3502263761114983
9588,IE_Pump_Hydro_Closed,2050,1,98,98,1.334248183080236
9589,IE_Pump_Hydro_Closed,2050,1,99,99,1.3137520058442258
9590,IE_Pump_Hydro_Closed,2050,1,100,100,1.3069196762185882
9591,IE_Pump_Hydro_Closed,2050,1,101,101,1.313168026037789
9592,IE_Pump_Hydro_Closed,2050,1,102,102,1.2999867729981105
9593,IE_Pump_Hydro_Closed,2050,1,103,103,1.2818207969677966
9594,IE_Pump_Hydro_Closed,2050,1,104,104,1.2658989663553395
9595,IE_Pump_Hydro_Closed,2050,1,105,105,1.2444536302354885
9596,IE_Pump_Hydro_Closed,2050,1,106,106,1.2219164258853537
9597,IE_Pump_Hydro_Closed,2050,1,107,107,1.2111127285992023
9598,IE_Pump_Hydro_Closed,2050,1,108,108,1.2184866819797389
9599,IE_Pump_Hydro_Closed,2050,1,109,109,1.2015106419610053
9600,IE_Pump_Hydro_Closed,2050,1,110,110,1.1791097933731298
9601,IE_Pump_Hydro_Closed,2050,1,111,111,1.1609423375226453
9602,IE_Pump_Hydro_Closed,2050,1,112,112,1.1454280759513884
9603,IE_Pump_Hydro_Closed,2050,1,113,113,1.114302308372156
9604,IE_Pump_Hydro_Closed,2050,1,114,114,1.098091655488162
9605,IE_Pump_Hydro_Closed,2050,1,115,115,1.1045147650792853
9606,IE_Pump_Hydro_Closed,2050,1,116,116,1.12284768222839
9607,IE_Pump_Hydro_Closed,2050,1,117,117,1.145795847345448
9608,IE_Pump_Hydro_Closed,2050,1,118,118,1.1556346665578336
9609,IE_Pump_Hydro_Closed,2050,1,119,119,1.1312388896634242
9610,IE_Pump_Hydro_Closed,2050,1,120,120,1.1001131220841918
9611,IE_Pump_Hydro_Closed,2050,1,121,121,1.0689873545049593
9612,IE_Pump_Hydro_Closed,2050,1,122,122,1.0378615869257268
9613,IE_Pump_Hydro_Closed,2050,1,123,123,1.0219471027940579
9614,IE_Pump_Hydro_Closed,2050,1,124,124,0.9908213352148255
9615,IE_Pump_Hydro_Closed,2050,1,125,125,0.9596955676355932
9616,IE_Pump_Hydro_Closed,2050,1,126,126,0.9306662643101117
9617,IE_Pump_Hydro_Closed,2050,1,127,127,0.8995404967308793
9618,IE_Pump_Hydro_Closed,2050,1,128,128,0.868414729151647
9619,IE_Pump_Hydro_Closed,2050,1,129,129,0.8372889615724146
9620,IE_Pump_Hydro_Closed,2050,1,130,130,0.8061631939931823
9621,IE_Pump_Hydro_Closed,2050,1,131,131,0.7750374264139499
9622,IE_Pump_Hydro_Closed,2050,1,132,132,0.7439116588347175
9623,IE_Pump_Hydro_Closed,2050,1,133,133,0.7127858912554852
9624,IE_Pump_Hydro_Closed,2050,1,134,134,0.6996698813929859
9625,IE_Pump_Hydro_Closed,2050,1,135,135,0.690003925406684
9626,IE_Pump_Hydro_Closed,2050,1,136,136,0.6666619237399048
9627,IE_Pump_Hydro_Closed,2050,1,137,137,0.6355361561606725
9628,IE_Pump_Hydro_Closed,2050,1,138,138,0.6044103885814401
9629,IE_Pump_Hydro_Closed,2050,1,139,139,0.5732846210022078
9630,IE_Pump_Hydro_Closed,2050,1,140,140,0.5735427867530356
9631,IE_Pump_Hydro_Closed,2050,1,141,141,0.5799113103734175
9632,IE_Pump_Hydro_Closed,2050,1,142,142,0.5596523896735186
9633,IE_Pump_Hydro_Closed,2050,1,143,143,0.5354581220514619
9634,IE_Pump_Hydro_Closed,2050,1,144,144,0.5350607873814198
9635,IE_Pump_Hydro_Closed,2050,1,145,145,0.5430173501553699
9636,IE_Pump_Hydro_Closed,2050,1,146,146,0.5287192102239368
9637,IE_Pump_Hydro_Closed,2050,1,147,147,0.5054833345892134
9638,IE_Pump_Hydro_Closed,2050,1,148,148,0.474357567009981
9639,IE_Pump_Hydro_Closed,2050,1,149,149,0.45166370514016463
9640,IE_Pump_Hydro_Closed,2050,1,150,150,0.4205379375609323
9641,IE_Pump_Hydro_Closed,2050,1,151,151,0.38989763555462376
9642,IE_Pump_Hydro_Closed,2050,1,152,152,0.3587718679753914
9643,IE_Pump_Hydro_Closed,2050,1,153,153,0.32764610039615905
9644,IE_Pump_Hydro_Closed,2050,1,154,154,0.2965203328169267
9645,IE_Pump_Hydro_Closed,2050,1,155,155,0.26539456523769434
9646,IE_Pump_Hydro_Closed,2050,1,156,156,0.2438839579047181
9647,IE_Pump_Hydro_Closed,2050,1,157,157,0.2127581903254857
9648,IE_Pump_Hydro_Closed,2050,1,158,158,0.18163242274625332
9649,IE_Pump_Hydro_Closed,2050,1,159,159,0.15050665516702094
9650,IE_Pump_Hydro_Closed,2050,1,160,160,0.1339572056808766
9651,IE_Pump_Hydro_Closed,2050,1,161,161,0.10283143810164422
9652,IE_Pump_Hydro_Closed,2050,1,162,162,0.08742690100103312
9653,IE_Pump_Hydro_Closed,2050,1,163,163,0.0937977856397582
9654,IE_Pump_Hydro_Closed,2050,1,164,164,0.10406818294172408
9655,IE_Pump_Hydro_Closed,2050,1,165,165,0.07294241536249171
9656,IE_Pump_Hydro_Closed,2050,1,166,166,0.04871745374856228
9657,IE_Pump_Hydro_Closed,2050,1,167,167,0.05220790992239244
9658,IE_Pump_Hydro_Closed,2050,1,168,168,0.03858871821296202
9659,IE_Pump_Hydro_Closed,2050,1,169,169,0.009324918352835793
9660,IE_Pump_Hydro_Closed,2050,1,170,170,0.0
9661,IE_Pump_Hydro_Closed,2050,1,171,171,0.023553655530558194
9662,IE_Pump_Hydro_Closed,2050,1,172,172,0.04710731106111639
9663,IE_Pump_Hydro_Closed,2050,1,173,173,0.0676294284366112
9664,IE_Pump_Hydro_Closed,2050,1,174,174,0.055725891083727316
9665,IE_Pump_Hydro_Closed,2050,1,175,175,0.02460012350449494
9666,IE_Pump_Hydro_Closed,2050,1,176,176,0.004331147032927238
9667,IE_Pump_Hydro_Closed,2050,1,177,177,0.019662022594032574
9668,IE_Pump_Hydro_Closed,2050,1,178,178,0.04321567812459077
9669,IE_Pump_Hydro_Closed,2050,1,179,179,0.06676933365514896
9670,IE_Pump_Hydro_Closed,2050,1,180,180,0.08111990756390745
9671,IE_Pump_Hydro_Closed,2050,1,181,181,0.09835737199084343
9672,IE_Pump_Hydro_Closed,2050,1,182,182,0.10556948160151265
9673,IE_Pump_Hydro_Closed,2050,1,183,183,0.10612884927339042
9674,IE_Pump_Hydro_Closed,2050,1,184,184,0.11141076843745437
9675,IE_Pump_Hydro_Closed,2050,1,185,185,0.12505932630937946
9676,IE_Pump_Hydro_Closed,2050,1,186,186,0.14861298183993765
9677,IE_Pump_Hydro_Closed,2050,1,187,187,0.11748721426070527
9678,IE_Pump_Hydro_Closed,2050,1,188,188,0.08636144668147289
9679,IE_Pump_Hydro_Closed,2050,1,189,189,0.06269789886161825
9680,IE_Pump_Hydro_Closed,2050,1,190,190,0.03539679117163363
9681,IE_Pump_Hydro_Closed,2050,1,191,191,0.004271023592401252
9682,IE_Pump_Hydro_Closed,2050,1,192,192,0.01143200869100238
9683,IE_Pump_Hydro_Closed,2050,1,193,193,0.03440359426370013
9684,IE_Pump_Hydro_Closed,2050,1,194,194,0.05795724979425832
9685,IE_Pump_Hydro_Closed,2050,1,195,195,0.08151090532481652
9686,IE_Pump_Hydro_Closed,2050,1,196,196,0.095911662513054
9687,IE_Pump_Hydro_Closed,2050,1,197,197,0.1071078510166868
9688,IE_Pump_Hydro_Closed,2050,1,198,198,0.10857427242447043
9689,IE_Pump_Hydro_Closed,2050,1,199,199,0.08472199739551536
9690,IE_Pump_Hydro_Closed,2050,1,200,200,0.08807978741889146
9691,IE_Pump_Hydro_Closed,2050,1,201,201,0.09419345801221102
9692,IE_Pump_Hydro_Closed,2050,1,202,202,0.07852353418965421
9693,IE_Pump_Hydro_Closed,2050,1,203,203,0.06537068119471875
9694,IE_Pump_Hydro_Closed,2050,1,204,204,0.05758937975278915
9695,IE_Pump_Hydro_Closed,2050,1,205,205,0.07062264429834032
9696,IE_Pump_Hydro_Closed,2050,1,206,206,0.048759127431911846
9697,IE_Pump_Hydro_Closed,2050,1,207,207,0.023899983457520032
9698,IE_Pump_Hydro_Closed,2050,1,208,208,0.03179571426516168
9699,IE_Pump_Hydro_Closed,2050,1,209,209,0.04046822442176632
9700,IE_Pump_Hydro_Closed,2050,1,210,210,0.020955333049621522
9701,IE_Pump_Hydro_Closed,2050,1,211,211,0.008033364045491827
9702,IE_Pump_Hydro_Closed,2050,1,212,212,0.0
9703,IE_Pump_Hydro_Closed,2050,1,213,213,0.016979967260931476
9704,IE_Pump_Hydro_Closed,2050,1,214,214,0.04053362279148967
9705,IE_Pump_Hydro_Closed,2050,1,215,215,0.06298336960120704
9706,IE_Pump_Hydro_Closed,2050,1,216,216,0.0767339294099092
9707,IE_Pump_Hydro_Closed,2050,1,217,217,0.08825732461602655
9708,IE_Pump_Hydro_Closed,2050,1,218,218,0.11181098014658475
9709,IE_Pump_Hydro_Closed,2050,1,219,219,0.13536463567714294
9710,IE_Pump_Hydro_Closed,2050,1,220,220,0.15891829120770112
9711,IE_Pump_Hydro_Closed,2050,1,221,221,0.1824719467382593
9712,IE_Pump_Hydro_Closed,2050,1,222,222,0.2060256022688175
9713,IE_Pump_Hydro_Closed,2050,1,223,223,0.22957925779937569
9714,IE_Pump_Hydro_Closed,2050,1,224,224,0.2531329133299339
9715,IE_Pump_Hydro_Closed,2050,1,225,225,0.2611242512573655
9716,IE_Pump_Hydro_Closed,2050,1,226,226,0.26696496436834816
9717,IE_Pump_Hydro_Closed,2050,1,227,227,0.27415440816663905
9718,IE_Pump_Hydro_Closed,2050,1,228,228,0.2657435908697158
9719,IE_Pump_Hydro_Closed,2050,1,229,229,0.23994122009557917
9720,IE_Pump_Hydro_Closed,2050,1,230,230,0.21998585980587598
9721,IE_Pump_Hydro_Closed,2050,1,231,231,0.23506083343524178
9722,IE_Pump_Hydro_Closed,2050,1,232,232,0.25861448896579997
9723,IE_Pump_Hydro_Closed,2050,1,233,233,0.2821681444963582
9724,IE_Pump_Hydro_Closed,2050,1,234,234,0.303692959464583
9725,IE_Pump_Hydro_Closed,2050,1,235,235,0.3068259880289588
9726,IE_Pump_Hydro_Closed,2050,1,236,236,0.28956350038345535
9727,IE_Pump_Hydro_Closed,2050,1,237,237,0.2691360524317162
9728,IE_Pump_Hydro_Closed,2050,1,238,238,0.2568564270445646
9729,IE_Pump_Hydro_Closed,2050,1,239,239,0.24269359072819374
9730,IE_Pump_Hydro_Closed,2050,1,240,240,0.22734712454395622
9731,IE_Pump_Hydro_Closed,2050,1,241,241,0.2157553621210049
9732,IE_Pump_Hydro_Closed,2050,1,242,242,0.2393090176515631
9733,IE_Pump_Hydro_Closed,2050,1,243,243,0.2628626731821213
9734,IE_Pump_Hydro_Closed,2050,1,244,244,0.25509225560005233
9735,IE_Pump_Hydro_Closed,2050,1,245,245,0.23333929304293366
9736,IE_Pump_Hydro_Closed,2050,1,246,246,0.2568929485734919
9737,IE_Pump_Hydro_Closed,2050,1,247,247,0.2804466041040501
9738,IE_Pump_Hydro_Closed,2050,1,248,248,0.268225818741346
9739,IE_Pump_Hydro_Closed,2050,1,249,249,0.2596585034816634
9740,IE_Pump_Hydro_Closed,2050,1,250,250,0.24268904992075724
9741,IE_Pump_Hydro_Closed,2050,1,251,251,0.22951961504603877
9742,IE_Pump_Hydro_Closed,2050,1,252,252,0.25307327057659695
9743,IE_Pump_Hydro_Closed,2050,1,253,253,0.27662692610715517
9744,IE_Pump_Hydro_Closed,2050,1,254,254,0.2866154732993329
9745,IE_Pump_Hydro_Closed,2050,1,255,255,0.2743563144369652
9746,IE_Pump_Hydro_Closed,2050,1,256,256,0.2689649571324003
9747,IE_Pump_Hydro_Closed,2050,1,257,257,0.2566081993010474
9748,IE_Pump_Hydro_Closed,2050,1,258,258,0.24443618281037893
9749,IE_Pump_Hydro_Closed,2050,1,259,259,0.26096611108578666
9750,IE_Pump_Hydro_Closed,2050,1,260,260,0.25417834115753024
9751,IE_Pump_Hydro_Closed,2050,1,261,261,0.23457511060463296
9752,IE_Pump_Hydro_Closed,2050,1,262,262,0.23825872829830008
9753,IE_Pump_Hydro_Closed,2050,1,263,263,0.2618123838288583
9754,IE_Pump_Hydro_Closed,2050,1,264,264,0.2853660393594165
9755,IE_Pump_Hydro_Closed,2050,1,265,265,0.30327747234480995
9756,IE_Pump_Hydro_Closed,2050,1,266,266,0.32467665794314665
9757,IE_Pump_Hydro_Closed,2050,1,267,267,0.3412531767890903
9758,IE_Pump_Hydro_Closed,2050,1,268,268,0.36209986305025493
9759,IE_Pump_Hydro_Closed,2050,1,269,269,0.38565351858081315
9760,IE_Pump_Hydro_Closed,2050,1,270,270,0.40427609688804145
9761,IE_Pump_Hydro_Closed,2050,1,271,271,0.41997735086103893
9762,IE_Pump_Hydro_Closed,2050,1,272,272,0.4385904781349182
9763,IE_Pump_Hydro_Closed,2050,1,273,273,0.4498135302033598
9764,IE_Pump_Hydro_Closed,2050,1,274,274,0.4310086963713989
9765,IE_Pump_Hydro_Closed,2050,1,275,275,0.40733969456676666
9766,IE_Pump_Hydro_Closed,2050,1,276,276,0.4308933500973249
9767,IE_Pump_Hydro_Closed,2050,1,277,277,0.4544470056278831
9768,IE_Pump_Hydro_Closed,2050,1,278,278,0.474821063611537
9769,IE_Pump_Hydro_Closed,2050,1,279,279,0.45644527056009343
9770,IE_Pump_Hydro_Closed,2050,1,280,280,0.44438803058907506
9771,IE_Pump_Hydro_Closed,2050,1,281,281,0.4617508314786761
9772,IE_Pump_Hydro_Closed,2050,1,282,282,0.48530448700923434
9773,IE_Pump_Hydro_Closed,2050,1,283,283,0.5088581425397926
9774,IE_Pump_Hydro_Closed,2050,1,284,284,0.5270755137123811
9775,IE_Pump_Hydro_Closed,2050,1,285,285,0.5466325196938319
9776,IE_Pump_Hydro_Closed,2050,1,286,286,0.5544926643048296
9777,IE_Pump_Hydro_Closed,2050,1,287,287,0.561621487241666
9778,IE_Pump_Hydro_Closed,2050,1,288,288,0.5490080545793511
9779,IE_Pump_Hydro_Closed,2050,1,289,289,0.5408391964439816
9780,IE_Pump_Hydro_Closed,2050,1,290,290,0.5643928519745398
9781,IE_Pump_Hydro_Closed,2050,1,291,291,0.587946507505098
9782,IE_Pump_Hydro_Closed,2050,1,292,292,0.6115001630356562
9783,IE_Pump_Hydro_Closed,2050,1,293,293,0.6350538185662145
9784,IE_Pump_Hydro_Closed,2050,1,294,294,0.6523804542635088
9785,IE_Pump_Hydro_Closed,2050,1,295,295,0.6417101135141061
9786,IE_Pump_Hydro_Closed,2050,1,296,296,0.6246659007767049
9787,IE_Pump_Hydro_Closed,2050,1,297,297,0.6403580008721854
9788,IE_Pump_Hydro_Closed,2050,1,298,298,0.6248218361019456
9789,IE_Pump_Hydro_Closed,2050,1,299,299,0.6356788219407115
9790,IE_Pump_Hydro_Closed,2050,1,300,300,0.6485624025269916
9791,IE_Pump_Hydro_Closed,2050,1,301,301,0.6555499095311816
9792,IE_Pump_Hydro_Closed,2050,1,302,302,0.6755308637369817
9793,IE_Pump_Hydro_Closed,2050,1,303,303,0.6939817749689218
9794,IE_Pump_Hydro_Closed,2050,1,304,304,0.6980900140538489
9795,IE_Pump_Hydro_Closed,2050,1,305,305,0.6874885115053526
9796,IE_Pump_Hydro_Closed,2050,1,306,306,0.6828317614759309
9797,IE_Pump_Hydro_Closed,2050,1,307,307,0.7054195883315026
9798,IE_Pump_Hydro_Closed,2050,1,308,308,0.7289732438620609
9799,IE_Pump_Hydro_Closed,2050,1,309,309,0.7521227073540178
9800,IE_Pump_Hydro_Closed,2050,1,310,310,0.7684561341422352
9801,IE_Pump_Hydro_Closed,2050,1,311,311,0.7684600189468656
9802,IE_Pump_Hydro_Closed,2050,1,312,312,0.7608147689447589
9803,IE_Pump_Hydro_Closed,2050,1,313,313,0.7603611039223254
9804,IE_Pump_Hydro_Closed,2050,1,314,314,0.7582380313846665
9805,IE_Pump_Hydro_Closed,2050,1,315,315,0.7515524616704082
9806,IE_Pump_Hydro_Closed,2050,1,316,316,0.745236009048126
9807,IE_Pump_Hydro_Closed,2050,1,317,317,0.7418594036435592
9808,IE_Pump_Hydro_Closed,2050,1,318,318,0.7414057386211257
9809,IE_Pump_Hydro_Closed,2050,1,319,319,0.74968451511818
9810,IE_Pump_Hydro_Closed,2050,1,320,320,0.7538106971623499
9811,IE_Pump_Hydro_Closed,2050,1,321,321,0.7534993257346332
9812,IE_Pump_Hydro_Closed,2050,1,322,322,0.7518679206649439
9813,IE_Pump_Hydro_Closed,2050,1,323,323,0.7514142556425104
9814,IE_Pump_Hydro_Closed,2050,1,324,324,0.7569831069623892
9815,IE_Pump_Hydro_Closed,2050,1,325,325,0.7630398801368399
9816,IE_Pump_Hydro_Closed,2050,1,326,326,0.7711245669944439
9817,IE_Pump_Hydro_Closed,2050,1,327,327,0.7913448281099028
9818,IE_Pump_Hydro_Closed,2050,1,328,328,0.7890997853345677
9819,IE_Pump_Hydro_Closed,2050,1,329,329,0.789404280499854
9820,IE_Pump_Hydro_Closed,2050,1,330,330,0.7986566857741991
9821,IE_Pump_Hydro_Closed,2050,1,331,331,0.7982030207517656
9822,IE_Pump_Hydro_Closed,2050,1,332,332,0.7977493557293321
9823,IE_Pump_Hydro_Closed,2050,1,333,333,0.7972956907068987
9824,IE_Pump_Hydro_Closed,2050,1,334,334,0.7968420256844652
9825,IE_Pump_Hydro_Closed,2050,1,335,335,0.7963883606620317
9826,IE_Pump_Hydro_Closed,2050,1,336,336,0.7963081515981199
9827,IE_Pump_Hydro_Closed,2050,1,337,337,0.7978272535490732
9828,IE_Pump_Hydro_Closed,2050,1,338,338,0.7973735885266398
9829,IE_Pump_Hydro_Closed,2050,1,339,339,0.7969199235042063
9830,IE_Pump_Hydro_Closed,2050,1,340,340,0.7964662584817728
9831,IE_Pump_Hydro_Closed,2050,1,341,341,0.7960125934593393
9832,IE_Pump_Hydro_Closed,2050,1,342,342,0.7972252926364655
9833,IE_Pump_Hydro_Closed,2050,1,343,343,0.796771627614032
9834,IE_Pump_Hydro_Closed,2050,1,344,344,0.7963179625915985
9835,IE_Pump_Hydro_Closed,2050,1,345,345,0.795864297569165
9836,IE_Pump_Hydro_Closed,2050,1,346,346,0.7962078899150646
9837,IE_Pump_Hydro_Closed,2050,1,347,347,0.8091573612963084
9838,IE_Pump_Hydro_Closed,2050,1,348,348,0.8246900556099686
9839,IE_Pump_Hydro_Closed,2050,1,349,349,0.8409285350091955
9840,IE_Pump_Hydro_Closed,2050,1,350,350,0.8437227231436493
9841,IE_Pump_Hydro_Closed,2050,1,351,351,0.8432690581212158
9842,IE_Pump_Hydro_Closed,2050,1,352,352,0.8428153930987823
9843,IE_Pump_Hydro_Closed,2050,1,353,353,0.8423617280763488
9844,IE_Pump_Hydro_Closed,2050,1,354,354,0.8419080630539153
9845,IE_Pump_Hydro_Closed,2050,1,355,355,0.8414543980314818
9846,IE_Pump_Hydro_Closed,2050,1,356,356,0.8410007330090483
9847,IE_Pump_Hydro_Closed,2050,1,357,357,0.8405470679866148
9848,IE_Pump_Hydro_Closed,2050,1,358,358,0.8400934029641813
9849,IE_Pump_Hydro_Closed,2050,1,359,359,0.8396397379417478
9850,IE_Pump_Hydro_Closed,2050,1,360,360,0.8394394378136022
9851,IE_Pump_Hydro_Closed,2050,1,361,361,0.8433857900633553
9852,IE_Pump_Hydro_Closed,2050,1,362,362,0.8481261688836217
9853,IE_Pump_Hydro_Closed,2050,1,363,363,0.8509073300448671
9854,IE_Pump_Hydro_Closed,2050,1,364,364,0.8504536650224335
9855,IE_Pump_Hydro_Closed,2050,1,365,365,0.85
9856,IT_Hydro_Reservoir,2050,1,1,1,2830.430834780687
9857,IT_Hydro_Reservoir,2050,1,2,2,2876.9366695613735
9858,IT_Hydro_Reservoir,2050,1,3,3,2923.44250434206
9859,IT_Hydro_Reservoir,2050,1,4,4,2969.948339122747
9860,IT_Hydro_Reservoir,2050,1,5,5,3010.7836552373574
9861,IT_Hydro_Reservoir,2050,1,6,6,3039.6040578205625
9862,IT_Hydro_Reservoir,2050,1,7,7,3086.109892601249
9863,IT_Hydro_Reservoir,2050,1,8,8,3132.615727381936
9864,IT_Hydro_Reservoir,2050,1,9,9,3179.1215621626225
9865,IT_Hydro_Reservoir,2050,1,10,10,3225.6273969433096
9866,IT_Hydro_Reservoir,2050,1,11,11,3272.1332317239962
9867,IT_Hydro_Reservoir,2050,1,12,12,3318.639066504683
9868,IT_Hydro_Reservoir,2050,1,13,13,3365.14490128537
9869,IT_Hydro_Reservoir,2050,1,14,14,3411.6507360660567
9870,IT_Hydro_Reservoir,2050,1,15,15,3458.1565708467433
9871,IT_Hydro_Reservoir,2050,1,16,16,3504.6624056274304
9872,IT_Hydro_Reservoir,2050,1,17,17,3551.168240408117
9873,IT_Hydro_Reservoir,2050,1,18,18,3573.6924402362333
9874,IT_Hydro_Reservoir,2050,1,19,19,3570.445456784372
9875,IT_Hydro_Reservoir,2050,1,20,20,3581.787447714763
9876,IT_Hydro_Reservoir,2050,1,21,21,3593.1760488378836
9877,IT_Hydro_Reservoir,2050,1,22,22,3589.9290653860226
9878,IT_Hydro_Reservoir,2050,1,23,23,3601.0615435288864
9879,IT_Hydro_Reservoir,2050,1,24,24,3643.53400417914
9880,IT_Hydro_Reservoir,2050,1,25,25,3659.782319031107
9881,IT_Hydro_Reservoir,2050,1,26,26,3699.6109210070467
9882,IT_Hydro_Reservoir,2050,1,27,27,3729.817364980993
9883,IT_Hydro_Reservoir,2050,1,28,28,3776.3231997616795
9884,IT_Hydro_Reservoir,2050,1,29,29,3822.8290345423666
9885,IT_Hydro_Reservoir,2050,1,30,30,3869.334869323053
9886,IT_Hydro_Reservoir,2050,1,31,31,3899.706360825376
9887,IT_Hydro_Reservoir,2050,1,32,32,3945.59199976453
9888,IT_Hydro_Reservoir,2050,1,33,33,3973.0167944550876
9889,IT_Hydro_Reservoir,2050,1,34,34,3981.2464867582435
9890,IT_Hydro_Reservoir,2050,1,35,35,3980.9285050128274
9891,IT_Hydro_Reservoir,2050,1,36,36,3990.890886328787
9892,IT_Hydro_Reservoir,2050,1,37,37,4037.3967211094737
9893,IT_Hydro_Reservoir,2050,1,38,38,4083.902555890161
9894,IT_Hydro_Reservoir,2050,1,39,39,4130.408390670847
9895,IT_Hydro_Reservoir,2050,1,40,40,4169.175835579236
9896,IT_Hydro_Reservoir,2050,1,41,41,4194.3989500658345
9897,IT_Hydro_Reservoir,2050,1,42,42,4201.499066514535
9898,IT_Hydro_Reservoir,2050,1,43,43,4214.4484839193465
9899,IT_Hydro_Reservoir,2050,1,44,44,4232.29525781656
9900,IT_Hydro_Reservoir,2050,1,45,45,4243.625704239375
9901,IT_Hydro_Reservoir,2050,1,46,46,4274.7468103693545
9902,IT_Hydro_Reservoir,2050,1,47,47,4307.312729777573
9903,IT_Hydro_Reservoir,2050,1,48,48,4347.07461952866
9904,IT_Hydro_Reservoir,2050,1,49,49,4388.027061405388
9905,IT_Hydro_Reservoir,2050,1,50,50,4434.532896186075
9906,IT_Hydro_Reservoir,2050,1,51,51,4469.120748550637
9907,IT_Hydro_Reservoir,2050,1,52,52,4503.030455529725
9908,IT_Hydro_Reservoir,2050,1,53,53,4539.949473166653
9909,IT_Hydro_Reservoir,2050,1,54,54,4586.45530794734
9910,IT_Hydro_Reservoir,2050,1,55,55,4627.839011925472
9911,IT_Hydro_Reservoir,2050,1,56,56,4640.793454908163
9912,IT_Hydro_Reservoir,2050,1,57,57,4661.432393272992
9913,IT_Hydro_Reservoir,2050,1,58,58,4674.906951202982
9914,IT_Hydro_Reservoir,2050,1,59,59,4697.810418774368
9915,IT_Hydro_Reservoir,2050,1,60,60,4744.316253555055
9916,IT_Hydro_Reservoir,2050,1,61,61,4790.822088335742
9917,IT_Hydro_Reservoir,2050,1,62,62,4835.778352514229
9918,IT_Hydro_Reservoir,2050,1,63,63,4863.273216807543
9919,IT_Hydro_Reservoir,2050,1,64,64,4880.592866152987
9920,IT_Hydro_Reservoir,2050,1,65,65,4923.925905698818
9921,IT_Hydro_Reservoir,2050,1,66,66,4970.431740479505
9922,IT_Hydro_Reservoir,2050,1,67,67,5011.650232274258
9923,IT_Hydro_Reservoir,2050,1,68,68,5032.3281855943105
9924,IT_Hydro_Reservoir,2050,1,69,69,5028.877855836242
9925,IT_Hydro_Reservoir,2050,1,70,70,5038.897336226194
9926,IT_Hydro_Reservoir,2050,1,71,71,5066.881888530629
9927,IT_Hydro_Reservoir,2050,1,72,72,5084.560932794972
9928,IT_Hydro_Reservoir,2050,1,73,73,5109.018481257736
9929,IT_Hydro_Reservoir,2050,1,74,74,5143.14582800913
9930,IT_Hydro_Reservoir,2050,1,75,75,5158.394669115205
9931,IT_Hydro_Reservoir,2050,1,76,76,5144.720875333392
9932,IT_Hydro_Reservoir,2050,1,77,77,5149.226712279633
9933,IT_Hydro_Reservoir,2050,1,78,78,5153.191254709565
9934,IT_Hydro_Reservoir,2050,1,79,79,5158.069526087341
9935,IT_Hydro_Reservoir,2050,1,80,80,5191.732351038908
9936,IT_Hydro_Reservoir,2050,1,81,81,5213.675077020595
9937,IT_Hydro_Reservoir,2050,1,82,82,5224.607073179042
9938,IT_Hydro_Reservoir,2050,1,83,83,5229.322360564025
9939,IT_Hydro_Reservoir,2050,1,84,84,5242.308948966054
9940,IT_Hydro_Reservoir,2050,1,85,85,5285.707630105398
9941,IT_Hydro_Reservoir,2050,1,86,86,5314.238078903025
9942,IT_Hydro_Reservoir,2050,1,87,87,5343.903163086144
9943,IT_Hydro_Reservoir,2050,1,88,88,5390.408997866831
9944,IT_Hydro_Reservoir,2050,1,89,89,5436.914832647517
9945,IT_Hydro_Reservoir,2050,1,90,90,5483.420667428204
9946,IT_Hydro_Reservoir,2050,1,91,91,5528.6302426408
9947,IT_Hydro_Reservoir,2050,1,92,92,5550.992930472185
9948,IT_Hydro_Reservoir,2050,1,93,93,5555.866797508228
9949,IT_Hydro_Reservoir,2050,1,94,94,5562.437510078928
9950,IT_Hydro_Reservoir,2050,1,95,95,5564.104587946138
9951,IT_Hydro_Reservoir,2050,1,96,96,5567.85
9952,IT_Hydro_Reservoir,2050,1,97,97,5550.95601299186
9953,IT_Hydro_Reservoir,2050,1,98,98,5527.668285603337
9954,IT_Hydro_Reservoir,2050,1,99,99,5497.1588332002575
9955,IT_Hydro_Reservoir,2050,1,100,100,5473.767708810848
9956,IT_Hydro_Reservoir,2050,1,101,101,5489.407109025476
9957,IT_Hydro_Reservoir,2050,1,102,102,5491.827889586303
9958,IT_Hydro_Reservoir,2050,1,103,103,5476.982886322623
9959,IT_Hydro_Reservoir,2050,1,104,104,5469.911019044286
9960,IT_Hydro_Reservoir,2050,1,105,105,5443.707165450301
9961,IT_Hydro_Reservoir,2050,1,106,106,5413.721364320946
9962,IT_Hydro_Reservoir,2050,1,107,107,5403.332055019526
9963,IT_Hydro_Reservoir,2050,1,108,108,5409.717315495932
9964,IT_Hydro_Reservoir,2050,1,109,109,5380.080068287822
9965,IT_Hydro_Reservoir,2050,1,110,110,5350.566568050376
9966,IT_Hydro_Reservoir,2050,1,111,111,5316.192674384631
9967,IT_Hydro_Reservoir,2050,1,112,112,5280.059413985786
9968,IT_Hydro_Reservoir,2050,1,113,113,5220.325063868796
9969,IT_Hydro_Reservoir,2050,1,114,114,5175.9989881030315
9970,IT_Hydro_Reservoir,2050,1,115,115,5164.906816743913
9971,IT_Hydro_Reservoir,2050,1,116,116,5156.266474210268
9972,IT_Hydro_Reservoir,2050,1,117,117,5152.39398015397
9973,IT_Hydro_Reservoir,2050,1,118,118,5139.917053502908
9974,IT_Hydro_Reservoir,2050,1,119,119,5103.493640527941
9975,IT_Hydro_Reservoir,2050,1,120,120,5043.7592904109515
9976,IT_Hydro_Reservoir,2050,1,121,121,4984.024940293962
9977,IT_Hydro_Reservoir,2050,1,122,122,4924.290590176972
9978,IT_Hydro_Reservoir,2050,1,123,123,4880.27047581233
9979,IT_Hydro_Reservoir,2050,1,124,124,4820.53612569534
9980,IT_Hydro_Reservoir,2050,1,125,125,4760.80177557835
9981,IT_Hydro_Reservoir,2050,1,126,126,4708.329032308737
9982,IT_Hydro_Reservoir,2050,1,127,127,4648.594682191747
9983,IT_Hydro_Reservoir,2050,1,128,128,4588.860332074757
9984,IT_Hydro_Reservoir,2050,1,129,129,4529.125981957767
9985,IT_Hydro_Reservoir,2050,1,130,130,4469.391631840777
9986,IT_Hydro_Reservoir,2050,1,131,131,4409.6572817237875
9987,IT_Hydro_Reservoir,2050,1,132,132,4349.922931606798
9988,IT_Hydro_Reservoir,2050,1,133,133,4290.188581489808
9989,IT_Hydro_Reservoir,2050,1,134,134,4249.059471330315
9990,IT_Hydro_Reservoir,2050,1,135,135,4211.494489086508
9991,IT_Hydro_Reservoir,2050,1,136,136,4159.801270607821
9992,IT_Hydro_Reservoir,2050,1,137,137,4100.066920490831
9993,IT_Hydro_Reservoir,2050,1,138,138,4040.3325703738406
9994,IT_Hydro_Reservoir,2050,1,139,139,3980.5982202568503
9995,IT_Hydro_Reservoir,2050,1,140,140,3953.2854951056083
9996,IT_Hydro_Reservoir,2050,1,141,141,3932.2851632789916
9997,IT_Hydro_Reservoir,2050,1,142,142,3883.776966059303
9998,IT_Hydro_Reservoir,2050,1,143,143,3831.203301943592
9999,IT_Hydro_Reservoir,2050,1,144,144,3803.2134026285244
10000,IT_Hydro_Reservoir,2050,1,145,145,3783.8536175532163
10001,IT_Hydro_Reservoir,2050,1,146,146,3741.5032908765775
10002,IT_Hydro_Reservoir,2050,1,147,147,3689.9197074259228
10003,IT_Hydro_Reservoir,2050,1,148,148,3630.1853573089325
10004,IT_Hydro_Reservoir,2050,1,149,149,3579.161708995384
10005,IT_Hydro_Reservoir,2050,1,150,150,3519.4273588783935
10006,IT_Hydro_Reservoir,2050,1,151,151,3461.374535227787
10007,IT_Hydro_Reservoir,2050,1,152,152,3401.6401851107967
10008,IT_Hydro_Reservoir,2050,1,153,153,3341.9058349938064
10009,IT_Hydro_Reservoir,2050,1,154,154,3282.171484876816
10010,IT_Hydro_Reservoir,2050,1,155,155,3222.4371347598258
10011,IT_Hydro_Reservoir,2050,1,156,156,3172.6358646112135
10012,IT_Hydro_Reservoir,2050,1,157,157,3112.901514494223
10013,IT_Hydro_Reservoir,2050,1,158,158,3053.167164377233
10014,IT_Hydro_Reservoir,2050,1,159,159,2993.4328142602426
10015,IT_Hydro_Reservoir,2050,1,160,160,2948.7567397782864
10016,IT_Hydro_Reservoir,2050,1,161,161,2889.022389661296
10017,IT_Hydro_Reservoir,2050,1,162,162,2845.529083431872
10018,IT_Hydro_Reservoir,2050,1,163,163,2824.531190689307
10019,IT_Hydro_Reservoir,2050,1,164,164,2807.5617457447656
10020,IT_Hydro_Reservoir,2050,1,165,165,2747.8273956277753
10021,IT_Hydro_Reservoir,2050,1,166,166,2695.222022641072
10022,IT_Hydro_Reservoir,2050,1,167,167,2671.248461729469
10023,IT_Hydro_Reservoir,2050,1,168,168,2629.599532305795
10024,IT_Hydro_Reservoir,2050,1,169,169,2576.3145540368887
10025,IT_Hydro_Reservoir,2050,1,170,170,2539.1018856389974
10026,IT_Hydro_Reservoir,2050,1,171,171,2535.854902187136
10027,IT_Hydro_Reservoir,2050,1,172,172,2532.6079187352743
10028,IT_Hydro_Reservoir,2050,1,173,173,2526.2291610695456
10029,IT_Hydro_Reservoir,2050,1,174,174,2486.352613123165
10030,IT_Hydro_Reservoir,2050,1,175,175,2426.618263006175
10031,IT_Hydro_Reservoir,2050,1,176,176,2378.0996775265326
10032,IT_Hydro_Reservoir,2050,1,177,177,2366.358032633044
10033,IT_Hydro_Reservoir,2050,1,178,178,2363.1110491811824
10034,IT_Hydro_Reservoir,2050,1,179,179,2359.864065729321
10035,IT_Hydro_Reservoir,2050,1,180,180,2347.1097060753386
10036,IT_Hydro_Reservoir,2050,1,181,181,2337.337690307739
10037,IT_Hydro_Reservoir,2050,1,182,182,2317.208837155125
10038,IT_Hydro_Reservoir,2050,1,183,183,2290.20727299255
10039,IT_Hydro_Reservoir,2050,1,184,184,2268.084408760631
10040,IT_Hydro_Reservoir,2050,1,185,185,2254.6048213148742
10041,IT_Hydro_Reservoir,2050,1,186,186,2251.3578378630127
10042,IT_Hydro_Reservoir,2050,1,187,187,2191.6234877460224
10043,IT_Hydro_Reservoir,2050,1,188,188,2131.889137629032
10044,IT_Hydro_Reservoir,2050,1,189,189,2098.0019757025248
10045,IT_Hydro_Reservoir,2050,1,190,190,2051.515252579868
10046,IT_Hydro_Reservoir,2050,1,191,191,1991.780902462878
10047,IT_Hydro_Reservoir,2050,1,192,192,1971.5992343957228
10048,IT_Hydro_Reservoir,2050,1,193,193,1967.750935178909
10049,IT_Hydro_Reservoir,2050,1,194,194,1964.5039517270477
10050,IT_Hydro_Reservoir,2050,1,195,195,1961.2569682751864
10051,IT_Hydro_Reservoir,2050,1,196,196,1948.5544511818455
10052,IT_Hydro_Reservoir,2050,1,197,197,1932.5414081905374
10053,IT_Hydro_Reservoir,2050,1,198,198,1906.476888971948
10054,IT_Hydro_Reservoir,2050,1,199,199,1854.2565252369766
10055,IT_Hydro_Reservoir,2050,1,200,200,1830.1459116452506
10056,IT_Hydro_Reservoir,2050,1,201,201,1808.8823002233746
10057,IT_Hydro_Reservoir,2050,1,202,202,1765.1148324132673
10058,IT_Hydro_Reservoir,2050,1,203,203,1723.9476609244373
10059,IT_Hydro_Reservoir,2050,1,204,204,1688.3296482393866
10060,IT_Hydro_Reservoir,2050,1,205,205,1674.2144231486664
10061,IT_Hydro_Reservoir,2050,1,206,206,1633.388658551875
10062,IT_Hydro_Reservoir,2050,1,207,207,1595.3602625418632
10063,IT_Hydro_Reservoir,2050,1,208,208,1592.8982396461502
10064,IT_Hydro_Reservoir,2050,1,209,209,1578.263071444095
10065,IT_Hydro_Reservoir,2050,1,210,210,1534.1493763193012
10066,IT_Hydro_Reservoir,2050,1,211,211,1493.2207228671293
10067,IT_Hydro_Reservoir,2050,1,212,212,1457.3423132740609
10068,IT_Hydro_Reservoir,2050,1,213,213,1447.3042863453313
10069,IT_Hydro_Reservoir,2050,1,214,214,1444.05730289347
10070,IT_Hydro_Reservoir,2050,1,215,215,1439.6699106162675
10071,IT_Hydro_Reservoir,2050,1,216,216,1426.2956977424356
10072,IT_Hydro_Reservoir,2050,1,217,217,1410.6206803543134
10073,IT_Hydro_Reservoir,2050,1,218,218,1407.3736969024521
10074,IT_Hydro_Reservoir,2050,1,219,219,1404.1267134505908
10075,IT_Hydro_Reservoir,2050,1,220,220,1400.8797299987295
10076,IT_Hydro_Reservoir,2050,1,221,221,1397.6327465468682
10077,IT_Hydro_Reservoir,2050,1,222,222,1394.385763095007
10078,IT_Hydro_Reservoir,2050,1,223,223,1391.1387796431457
10079,IT_Hydro_Reservoir,2050,1,224,224,1387.8917961912844
10080,IT_Hydro_Reservoir,2050,1,225,225,1368.5679360898298
10081,IT_Hydro_Reservoir,2050,1,226,226,1347.0223420040586
10082,IT_Hydro_Reservoir,2050,1,227,227,1326.8700736070664
10083,IT_Hydro_Reservoir,2050,1,228,228,1290.6017304887348
10084,IT_Hydro_Reservoir,2050,1,229,229,1237.4604892208151
10085,IT_Hydro_Reservoir,2050,1,230,230,1189.265889461021
10086,IT_Hydro_Reservoir,2050,1,231,231,1177.2598813861678
10087,IT_Hydro_Reservoir,2050,1,232,232,1174.0128979343065
10088,IT_Hydro_Reservoir,2050,1,233,233,1170.7659144824452
10089,IT_Hydro_Reservoir,2050,1,234,234,1165.4230080264308
10090,IT_Hydro_Reservoir,2050,1,235,235,1155.8659792008275
10091,IT_Hydro_Reservoir,2050,1,236,236,1124.9148862343097
10092,IT_Hydro_Reservoir,2050,1,237,237,1102.2367324838574
10093,IT_Hydro_Reservoir,2050,1,238,238,1075.1162106182078
10094,IT_Hydro_Reservoir,2050,1,239,239,1051.2567404814358
10095,IT_Hydro_Reservoir,2050,1,240,240,1017.2674629316575
10096,IT_Hydro_Reservoir,2050,1,241,241,977.7129985732608
10097,IT_Hydro_Reservoir,2050,1,242,242,974.4660151213994
10098,IT_Hydro_Reservoir,2050,1,243,243,971.219031669538
10099,IT_Hydro_Reservoir,2050,1,244,244,940.6808272804146
10100,IT_Hydro_Reservoir,2050,1,245,245,892.712130437718
10101,IT_Hydro_Reservoir,2050,1,246,246,889.4651469858566
10102,IT_Hydro_Reservoir,2050,1,247,247,886.2181635339952
10103,IT_Hydro_Reservoir,2050,1,248,248,870.832708033741
10104,IT_Hydro_Reservoir,2050,1,249,249,854.4460746526795
10105,IT_Hydro_Reservoir,2050,1,250,250,820.5146951232995
10106,IT_Hydro_Reservoir,2050,1,251,251,779.330393484405
10107,IT_Hydro_Reservoir,2050,1,252,252,776.0834100325436
10108,IT_Hydro_Reservoir,2050,1,253,253,772.8364265806822
10109,IT_Hydro_Reservoir,2050,1,254,254,768.3784532447315
10110,IT_Hydro_Reservoir,2050,1,255,255,761.4358997724611
10111,IT_Hydro_Reservoir,2050,1,256,256,748.2447832108014
10112,IT_Hydro_Reservoir,2050,1,257,257,753.5214007074096
10113,IT_Hydro_Reservoir,2050,1,258,258,756.8981418031299
10114,IT_Hydro_Reservoir,2050,1,259,259,768.2071445001246
10115,IT_Hydro_Reservoir,2050,1,260,260,777.4542064579197
10116,IT_Hydro_Reservoir,2050,1,261,261,757.6309273834596
10117,IT_Hydro_Reservoir,2050,1,262,262,744.8776822994542
10118,IT_Hydro_Reservoir,2050,1,263,263,741.6306988475928
10119,IT_Hydro_Reservoir,2050,1,264,264,738.3837153957314
10120,IT_Hydro_Reservoir,2050,1,265,265,737.9857924120365
10121,IT_Hydro_Reservoir,2050,1,266,266,739.2037366762316
10122,IT_Hydro_Reservoir,2050,1,267,267,750.4161849834056
10123,IT_Hydro_Reservoir,2050,1,268,268,744.3727278861578
10124,IT_Hydro_Reservoir,2050,1,269,269,741.1257444342964
10125,IT_Hydro_Reservoir,2050,1,270,270,748.0979350981577
10126,IT_Hydro_Reservoir,2050,1,271,271,761.1242840458843
10127,IT_Hydro_Reservoir,2050,1,272,272,768.1160610498075
10128,IT_Hydro_Reservoir,2050,1,273,273,776.9119927295344
10129,IT_Hydro_Reservoir,2050,1,274,274,759.8541522192193
10130,IT_Hydro_Reservoir,2050,1,275,275,725.9480991081215
10131,IT_Hydro_Reservoir,2050,1,276,276,722.7011156562601
10132,IT_Hydro_Reservoir,2050,1,277,277,719.4541322043987
10133,IT_Hydro_Reservoir,2050,1,278,278,722.796552949253
10134,IT_Hydro_Reservoir,2050,1,279,279,705.6353758316302
10135,IT_Hydro_Reservoir,2050,1,280,280,693.6970574163188
10136,IT_Hydro_Reservoir,2050,1,281,281,684.0545222891574
10137,IT_Hydro_Reservoir,2050,1,282,282,680.807538837296
10138,IT_Hydro_Reservoir,2050,1,283,283,677.5605553854346
10139,IT_Hydro_Reservoir,2050,1,284,284,685.3724981104124
10140,IT_Hydro_Reservoir,2050,1,285,285,677.9967181996135
10141,IT_Hydro_Reservoir,2050,1,286,286,665.9816442620802
10142,IT_Hydro_Reservoir,2050,1,287,287,654.0978724709587
10143,IT_Hydro_Reservoir,2050,1,288,288,635.2088754692682
10144,IT_Hydro_Reservoir,2050,1,289,289,615.4830153069125
10145,IT_Hydro_Reservoir,2050,1,290,290,612.2360318550511
10146,IT_Hydro_Reservoir,2050,1,291,291,608.9890484031897
10147,IT_Hydro_Reservoir,2050,1,292,292,605.7420649513283
10148,IT_Hydro_Reservoir,2050,1,293,293,602.4950814994669
10149,IT_Hydro_Reservoir,2050,1,294,294,612.1529861716672
10150,IT_Hydro_Reservoir,2050,1,295,295,623.270913773092
10151,IT_Hydro_Reservoir,2050,1,296,296,612.3114067654899
10152,IT_Hydro_Reservoir,2050,1,297,297,622.9558281467226
10153,IT_Hydro_Reservoir,2050,1,298,298,603.9221341947625
10154,IT_Hydro_Reservoir,2050,1,299,299,615.8824544074134
10155,IT_Hydro_Reservoir,2050,1,300,300,623.1952640160364
10156,IT_Hydro_Reservoir,2050,1,301,301,624.0996124400765
10157,IT_Hydro_Reservoir,2050,1,302,302,628.2567022256895
10158,IT_Hydro_Reservoir,2050,1,303,303,635.5846560733045
10159,IT_Hydro_Reservoir,2050,1,304,304,657.4278147067099
10160,IT_Hydro_Reservoir,2050,1,305,305,648.6876988481939
10161,IT_Hydro_Reservoir,2050,1,306,306,640.1135722078463
10162,IT_Hydro_Reservoir,2050,1,307,307,638.8681739976332
10163,IT_Hydro_Reservoir,2050,1,308,308,635.6211905457718
10164,IT_Hydro_Reservoir,2050,1,309,309,633.2118554680047
10165,IT_Hydro_Reservoir,2050,1,310,310,644.9280882327208
10166,IT_Hydro_Reservoir,2050,1,311,311,670.3406868878301
10167,IT_Hydro_Reservoir,2050,1,312,312,691.9367419580135
10168,IT_Hydro_Reservoir,2050,1,313,313,738.4425767387003
10169,IT_Hydro_Reservoir,2050,1,314,314,779.1660181292152
10170,IT_Hydro_Reservoir,2050,1,315,315,804.086156086604
10171,IT_Hydro_Reservoir,2050,1,316,316,818.957744023056
10172,IT_Hydro_Reservoir,2050,1,317,317,855.3392736287819
10173,IT_Hydro_Reservoir,2050,1,318,318,901.8451084094687
10174,IT_Hydro_Reservoir,2050,1,319,319,930.2538142462386
10175,IT_Hydro_Reservoir,2050,1,320,320,967.2683649773526
10176,IT_Hydro_Reservoir,2050,1,321,321,1003.1367139891296
10177,IT_Hydro_Reservoir,2050,1,322,322,1045.563163597243
10178,IT_Hydro_Reservoir,2050,1,323,323,1092.0689983779298
10179,IT_Hydro_Reservoir,2050,1,324,324,1126.0937584705762
10180,IT_Hydro_Reservoir,2050,1,325,325,1159.1073483541768
10181,IT_Hydro_Reservoir,2050,1,326,326,1187.9182859406783
10182,IT_Hydro_Reservoir,2050,1,327,327,1191.579435617033
10183,IT_Hydro_Reservoir,2050,1,328,328,1231.880403830864
10184,IT_Hydro_Reservoir,2050,1,329,329,1276.8150259504996
10185,IT_Hydro_Reservoir,2050,1,330,330,1303.2059815982966
10186,IT_Hydro_Reservoir,2050,1,331,331,1349.7118163789833
10187,IT_Hydro_Reservoir,2050,1,332,332,1396.2176511596701
10188,IT_Hydro_Reservoir,2050,1,333,333,1442.723485940357
10189,IT_Hydro_Reservoir,2050,1,334,334,1489.2293207210437
10190,IT_Hydro_Reservoir,2050,1,335,335,1535.7351555017306
10191,IT_Hydro_Reservoir,2050,1,336,336,1573.7919955714374
10192,IT_Hydro_Reservoir,2050,1,337,337,1616.2094642045802
10193,IT_Hydro_Reservoir,2050,1,338,338,1662.715298985267
10194,IT_Hydro_Reservoir,2050,1,339,339,1709.221133765954
10195,IT_Hydro_Reservoir,2050,1,340,340,1755.7269685466408
10196,IT_Hydro_Reservoir,2050,1,341,341,1802.2328033273277
10197,IT_Hydro_Reservoir,2050,1,342,342,1845.285261670318
10198,IT_Hydro_Reservoir,2050,1,343,343,1891.791096451005
10199,IT_Hydro_Reservoir,2050,1,344,344,1938.2969312316918
10200,IT_Hydro_Reservoir,2050,1,345,345,1984.8027660123787
10201,IT_Hydro_Reservoir,2050,1,346,346,2029.6563630581757
10202,IT_Hydro_Reservoir,2050,1,347,347,2048.385511649903
10203,IT_Hydro_Reservoir,2050,1,348,348,2061.7611839664683
10204,IT_Hydro_Reservoir,2050,1,349,349,2073.6741858864784
10205,IT_Hydro_Reservoir,2050,1,350,350,2113.449163410357
10206,IT_Hydro_Reservoir,2050,1,351,351,2159.9549981910436
10207,IT_Hydro_Reservoir,2050,1,352,352,2206.4608329717303
10208,IT_Hydro_Reservoir,2050,1,353,353,2252.966667752417
10209,IT_Hydro_Reservoir,2050,1,354,354,2299.4725025331036
10210,IT_Hydro_Reservoir,2050,1,355,355,2345.9783373137902
10211,IT_Hydro_Reservoir,2050,1,356,356,2392.484172094477
10212,IT_Hydro_Reservoir,2050,1,357,357,2438.9900068751635
10213,IT_Hydro_Reservoir,2050,1,358,358,2485.49584165585
10214,IT_Hydro_Reservoir,2050,1,359,359,2532.001676436537
10215,IT_Hydro_Reservoir,2050,1,360,360,2577.982437313028
10216,IT_Hydro_Reservoir,2050,1,361,361,2615.369667663039
10217,IT_Hydro_Reservoir,2050,1,362,362,2651.111355789903
10218,IT_Hydro_Reservoir,2050,1,363,363,2690.913330438627
10219,IT_Hydro_Reservoir,2050,1,364,364,2737.4191652193135
10220,IT_Hydro_Reservoir,2050,1,365,365,2783.925
10221,IT_Pump_Hydro_Closed,2050,1,1,1,31.776596534734907
10222,IT_Pump_Hydro_Closed,2050,1,2,2,32.05319306946981
10223,IT_Pump_Hydro_Closed,2050,1,3,3,32.32978960420473
10224,IT_Pump_Hydro_Closed,2050,1,4,4,32.606386138939634
10225,IT_Pump_Hydro_Closed,2050,1,5,5,32.92260603992542
10226,IT_Pump_Hydro_Closed,2050,1,6,6,33.32278145668715
10227,IT_Pump_Hydro_Closed,2050,1,7,7,33.59937799142206
10228,IT_Pump_Hydro_Closed,2050,1,8,8,33.875974526156966
10229,IT_Pump_Hydro_Closed,2050,1,9,9,34.15257106089187
10230,IT_Pump_Hydro_Closed,2050,1,10,10,34.42916759562678
10231,IT_Pump_Hydro_Closed,2050,1,11,11,34.705764130361686
10232,IT_Pump_Hydro_Closed,2050,1,12,12,34.98236066509659
10233,IT_Pump_Hydro_Closed,2050,1,13,13,35.2589571998315
10234,IT_Pump_Hydro_Closed,2050,1,14,14,35.535553734566406
10235,IT_Pump_Hydro_Closed,2050,1,15,15,35.81215026930131
10236,IT_Pump_Hydro_Closed,2050,1,16,16,36.08874680403622
10237,IT_Pump_Hydro_Closed,2050,1,17,17,36.365343338771126
10238,IT_Pump_Hydro_Closed,2050,1,18,18,36.80951415744331
10239,IT_Pump_Hydro_Closed,2050,1,19,19,37.43376392373099
10240,IT_Pump_Hydro_Closed,2050,1,20,20,37.956071643935495
10241,IT_Pump_Hydro_Closed,2050,1,21,21,38.47805367034613
10242,IT_Pump_Hydro_Closed,2050,1,22,22,39.10230343663381
10243,IT_Pump_Hydro_Closed,2050,1,23,23,39.626075150240545
10244,IT_Pump_Hydro_Closed,2050,1,24,24,39.930855325627775
10245,IT_Pump_Hydro_Closed,2050,1,25,25,40.41887957351905
10246,IT_Pump_Hydro_Closed,2050,1,26,26,40.74213399910047
10247,IT_Pump_Hydro_Closed,2050,1,27,27,41.132624300813944
10248,IT_Pump_Hydro_Closed,2050,1,28,28,41.40922083554885
10249,IT_Pump_Hydro_Closed,2050,1,29,29,41.68581737028376
10250,IT_Pump_Hydro_Closed,2050,1,30,30,41.962413905018664
10251,IT_Pump_Hydro_Closed,2050,1,31,31,42.351750919166975
10252,IT_Pump_Hydro_Closed,2050,1,32,32,42.63268113983494
10253,IT_Pump_Hydro_Closed,2050,1,33,33,43.04260851861804
10254,IT_Pump_Hydro_Closed,2050,1,34,34,43.58666376416388
10255,IT_Pump_Hydro_Closed,2050,1,35,35,44.1904468122908
10256,IT_Pump_Hydro_Closed,2050,1,36,36,44.722394704806675
10257,IT_Pump_Hydro_Closed,2050,1,37,37,44.99899123954158
10258,IT_Pump_Hydro_Closed,2050,1,38,38,45.27558777427649
10259,IT_Pump_Hydro_Closed,2050,1,39,39,45.552184309011395
10260,IT_Pump_Hydro_Closed,2050,1,40,40,45.88285368507854
10261,IT_Pump_Hydro_Closed,2050,1,41,41,46.30816554387589
10262,IT_Pump_Hydro_Closed,2050,1,42,42,46.86011382362634
10263,IT_Pump_Hydro_Closed,2050,1,43,43,47.37118947641903
10264,IT_Pump_Hydro_Closed,2050,1,44,44,47.84804431778569
10265,IT_Pump_Hydro_Closed,2050,1,45,45,48.370432706493155
10266,IT_Pump_Hydro_Closed,2050,1,46,46,48.42989779507138
10267,IT_Pump_Hydro_Closed,2050,1,47,47,48.509754169297416
10268,IT_Pump_Hydro_Closed,2050,1,48,48,48.72228364911249
10269,IT_Pump_Hydro_Closed,2050,1,49,49,48.92050270578527
10270,IT_Pump_Hydro_Closed,2050,1,50,50,49.197099240520174
10271,IT_Pump_Hydro_Closed,2050,1,51,51,49.30549204439735
10272,IT_Pump_Hydro_Closed,2050,1,52,52,49.6701053928695
10273,IT_Pump_Hydro_Closed,2050,1,53,53,49.9297573512881
10274,IT_Pump_Hydro_Closed,2050,1,54,54,50.20635388602301
10275,IT_Pump_Hydro_Closed,2050,1,55,55,50.51874186713631
10276,IT_Pump_Hydro_Closed,2050,1,56,56,51.02978240315667
10277,IT_Pump_Hydro_Closed,2050,1,57,57,51.48712669145966
10278,IT_Pump_Hydro_Closed,2050,1,58,58,51.994532867686324
10279,IT_Pump_Hydro_Closed,2050,1,59,59,52.436053511730094
10280,IT_Pump_Hydro_Closed,2050,1,60,60,52.712650046465
10281,IT_Pump_Hydro_Closed,2050,1,61,61,52.98924658119991
10282,IT_Pump_Hydro_Closed,2050,1,62,62,53.243973344071016
10283,IT_Pump_Hydro_Closed,2050,1,63,63,53.653411103879805
10284,IT_Pump_Hydro_Closed,2050,1,64,64,54.13394928541418
10285,IT_Pump_Hydro_Closed,2050,1,65,65,54.43271607211948
10286,IT_Pump_Hydro_Closed,2050,1,66,66,54.70931260685439
10287,IT_Pump_Hydro_Closed,2050,1,67,67,54.911286543106925
10288,IT_Pump_Hydro_Closed,2050,1,68,68,55.36835821016464
10289,IT_Pump_Hydro_Closed,2050,1,69,69,54.939901409412755
10290,IT_Pump_Hydro_Closed,2050,1,70,70,55.266578688845456
10291,IT_Pump_Hydro_Closed,2050,1,71,71,55.67259470038818
10292,IT_Pump_Hydro_Closed,2050,1,72,72,55.54234605410125
10293,IT_Pump_Hydro_Closed,2050,1,73,73,55.625496183109824
10294,IT_Pump_Hydro_Closed,2050,1,74,74,55.859571527780965
10295,IT_Pump_Hydro_Closed,2050,1,75,75,55.695024354806336
10296,IT_Pump_Hydro_Closed,2050,1,76,76,55.12227930701382
10297,IT_Pump_Hydro_Closed,2050,1,77,77,55.69235539709987
10298,IT_Pump_Hydro_Closed,2050,1,78,78,56.266213841522855
10299,IT_Pump_Hydro_Closed,2050,1,79,79,56.83368750548986
10300,IT_Pump_Hydro_Closed,2050,1,80,80,57.200025968995284
10301,IT_Pump_Hydro_Closed,2050,1,81,81,57.64825989944596
10302,IT_Pump_Hydro_Closed,2050,1,82,82,57.460155217317215
10303,IT_Pump_Hydro_Closed,2050,1,83,83,58.028767749669946
10304,IT_Pump_Hydro_Closed,2050,1,84,84,58.539583666074584
10305,IT_Pump_Hydro_Closed,2050,1,85,85,58.837891775002035
10306,IT_Pump_Hydro_Closed,2050,1,86,86,59.24009327539356
10307,IT_Pump_Hydro_Closed,2050,1,87,87,59.634366387556774
10308,IT_Pump_Hydro_Closed,2050,1,88,88,59.91096292229168
10309,IT_Pump_Hydro_Closed,2050,1,89,89,60.18755945702659
10310,IT_Pump_Hydro_Closed,2050,1,90,90,60.464155991761494
10311,IT_Pump_Hydro_Closed,2050,1,91,91,60.749810281288745
10312,IT_Pump_Hydro_Closed,2050,1,92,92,60.75165254183411
10313,IT_Pump_Hydro_Closed,2050,1,93,93,61.319156981618264
10314,IT_Pump_Hydro_Closed,2050,1,94,94,61.83469813016077
10315,IT_Pump_Hydro_Closed,2050,1,95,95,62.42461035822823
10316,IT_Pump_Hydro_Closed,2050,1,96,96,63.0
10317,IT_Pump_Hydro_Closed,2050,1,97,97,62.38180694802028
10318,IT_Pump_Hydro_Closed,2050,1,98,98,61.79992284883571
10319,IT_Pump_Hydro_Closed,2050,1,99,99,61.04954755364269
10320,IT_Pump_Hydro_Closed,2050,1,100,100,60.717251724595
10321,IT_Pump_Hydro_Closed,2050,1,101,101,60.98539705939205
10322,IT_Pump_Hydro_Closed,2050,1,102,102,60.63980182240448
10323,IT_Pump_Hydro_Closed,2050,1,103,103,60.05052697975344
10324,IT_Pump_Hydro_Closed,2050,1,104,104,59.57095782616521
10325,IT_Pump_Hydro_Closed,2050,1,105,105,58.821370529853645
10326,IT_Pump_Hydro_Closed,2050,1,106,106,58.018406943567314
10327,IT_Pump_Hydro_Closed,2050,1,107,107,57.65825379799547
10328,IT_Pump_Hydro_Closed,2050,1,108,108,57.899686133687155
10329,IT_Pump_Hydro_Closed,2050,1,109,109,57.25104208168673
10330,IT_Pump_Hydro_Closed,2050,1,110,110,56.454744285744155
10331,IT_Pump_Hydro_Closed,2050,1,111,111,55.744067379798686
10332,IT_Pump_Hydro_Closed,2050,1,112,112,55.095048350323935
10333,IT_Pump_Hydro_Closed,2050,1,113,113,53.87223040005109
10334,IT_Pump_Hydro_Closed,2050,1,114,114,53.15324415237423
10335,IT_Pump_Hydro_Closed,2050,1,115,115,53.260048540391814
10336,IT_Pump_Hydro_Closed,2050,1,116,116,53.707942069313404
10337,IT_Pump_Hydro_Closed,2050,1,117,117,54.31173840482481
10338,IT_Pump_Hydro_Closed,2050,1,118,118,54.503391098529754
10339,IT_Pump_Hydro_Closed,2050,1,119,119,53.609570663119285
10340,IT_Pump_Hydro_Closed,2050,1,120,120,52.38675271284644
10341,IT_Pump_Hydro_Closed,2050,1,121,121,51.16393476257359
10342,IT_Pump_Hydro_Closed,2050,1,122,122,49.94111681230074
10343,IT_Pump_Hydro_Closed,2050,1,123,123,49.232135127765936
10344,IT_Pump_Hydro_Closed,2050,1,124,124,48.00931717749309
10345,IT_Pump_Hydro_Closed,2050,1,125,125,46.78649922722024
10346,IT_Pump_Hydro_Closed,2050,1,126,126,45.66616753016574
10347,IT_Pump_Hydro_Closed,2050,1,127,127,44.44334957989289
10348,IT_Pump_Hydro_Closed,2050,1,128,128,43.22053162962004
10349,IT_Pump_Hydro_Closed,2050,1,129,129,41.99771367934719
10350,IT_Pump_Hydro_Closed,2050,1,130,130,40.774895729074345
10351,IT_Pump_Hydro_Closed,2050,1,131,131,39.5520777788015
10352,IT_Pump_Hydro_Closed,2050,1,132,132,38.32925982852865
10353,IT_Pump_Hydro_Closed,2050,1,133,133,37.1064418782558
10354,IT_Pump_Hydro_Closed,2050,1,134,134,36.49199249095885
10355,IT_Pump_Hydro_Closed,2050,1,135,135,35.99408572193941
10356,IT_Pump_Hydro_Closed,2050,1,136,136,35.03420292921731
10357,IT_Pump_Hydro_Closed,2050,1,137,137,33.81138497894446
10358,IT_Pump_Hydro_Closed,2050,1,138,138,32.58856702867161
10359,IT_Pump_Hydro_Closed,2050,1,139,139,31.365749078398764
10360,IT_Pump_Hydro_Closed,2050,1,140,140,31.20307856158087
10361,IT_Pump_Hydro_Closed,2050,1,141,141,31.246815576437612
10362,IT_Pump_Hydro_Closed,2050,1,142,142,30.39107907856636
10363,IT_Pump_Hydro_Closed,2050,1,143,143,29.40240679169111
10364,IT_Pump_Hydro_Closed,2050,1,144,144,29.217593508971145
10365,IT_Pump_Hydro_Closed,2050,1,145,145,29.314974393612328
10366,IT_Pump_Hydro_Closed,2050,1,146,146,28.660592721683937
10367,IT_Pump_Hydro_Closed,2050,1,147,147,27.70429486012146
10368,IT_Pump_Hydro_Closed,2050,1,148,148,26.481476909848613
10369,IT_Pump_Hydro_Closed,2050,1,149,149,25.54348824158324
10370,IT_Pump_Hydro_Closed,2050,1,150,150,24.320670291310392
10371,IT_Pump_Hydro_Closed,2050,1,151,151,23.121584464085405
10372,IT_Pump_Hydro_Closed,2050,1,152,152,21.898766513812557
10373,IT_Pump_Hydro_Closed,2050,1,153,153,20.67594856353971
10374,IT_Pump_Hydro_Closed,2050,1,154,154,19.45313061326686
10375,IT_Pump_Hydro_Closed,2050,1,155,155,18.230312662994013
10376,IT_Pump_Hydro_Closed,2050,1,156,156,17.332294263820227
10377,IT_Pump_Hydro_Closed,2050,1,157,157,16.10947631354738
10378,IT_Pump_Hydro_Closed,2050,1,158,158,14.88665836327453
10379,IT_Pump_Hydro_Closed,2050,1,159,159,13.66384041300168
10380,IT_Pump_Hydro_Closed,2050,1,160,160,12.933409635907314
10381,IT_Pump_Hydro_Closed,2050,1,161,161,11.710591685634464
10382,IT_Pump_Hydro_Closed,2050,1,162,162,11.018835982001693
10383,IT_Pump_Hydro_Closed,2050,1,163,163,11.062652751920067
10384,IT_Pump_Hydro_Closed,2050,1,164,164,11.238194831670787
10385,IT_Pump_Hydro_Closed,2050,1,165,165,10.015376881397938
10386,IT_Pump_Hydro_Closed,2050,1,166,166,9.025667753271332
10387,IT_Pump_Hydro_Closed,2050,1,167,167,8.972183818010597
10388,IT_Pump_Hydro_Closed,2050,1,168,168,8.340736977335993
10389,IT_Pump_Hydro_Closed,2050,1,169,169,7.20894185027765
10390,IT_Pump_Hydro_Closed,2050,1,170,170,6.722555312582574
10391,IT_Pump_Hydro_Closed,2050,1,171,171,7.346805078870257
10392,IT_Pump_Hydro_Closed,2050,1,172,172,7.97105484515794
10393,IT_Pump_Hydro_Closed,2050,1,173,173,8.492899429765194
10394,IT_Pump_Hydro_Closed,2050,1,174,174,7.919407292972353
10395,IT_Pump_Hydro_Closed,2050,1,175,175,6.696589342699503
10396,IT_Pump_Hydro_Closed,2050,1,176,176,5.840513161449053
10397,IT_Pump_Hydro_Closed,2050,1,177,177,6.186997901001523
10398,IT_Pump_Hydro_Closed,2050,1,178,178,6.811247667289206
10399,IT_Pump_Hydro_Closed,2050,1,179,179,7.435497433576889
10400,IT_Pump_Hydro_Closed,2050,1,180,180,7.748867640613074
10401,IT_Pump_Hydro_Closed,2050,1,181,181,8.159756840610537
10402,IT_Pump_Hydro_Closed,2050,1,182,182,8.231990140910417
10403,IT_Pump_Hydro_Closed,2050,1,183,183,8.079494207379923
10404,IT_Pump_Hydro_Closed,2050,1,184,184,8.086525787215788
10405,IT_Pump_Hydro_Closed,2050,1,185,185,8.376181933561554
10406,IT_Pump_Hydro_Closed,2050,1,186,186,9.000431699849237
10407,IT_Pump_Hydro_Closed,2050,1,187,187,7.777613749576387
10408,IT_Pump_Hydro_Closed,2050,1,188,188,6.5547957993035375
10409,IT_Pump_Hydro_Closed,2050,1,189,189,5.696770591125951
10410,IT_Pump_Hydro_Closed,2050,1,190,190,4.660922230810183
10411,IT_Pump_Hydro_Closed,2050,1,191,191,3.438104280537333
10412,IT_Pump_Hydro_Closed,2050,1,192,192,3.5086105978078512
10413,IT_Pump_Hydro_Closed,2050,1,193,193,4.113198074941805
10414,IT_Pump_Hydro_Closed,2050,1,194,194,4.737447841229488
10415,IT_Pump_Hydro_Closed,2050,1,195,195,5.361697607517171
10416,IT_Pump_Hydro_Closed,2050,1,196,196,5.676763002800875
10417,IT_Pump_Hydro_Closed,2050,1,197,197,5.883578255230122
10418,IT_Pump_Hydro_Closed,2050,1,198,198,5.761722543879979
10419,IT_Pump_Hydro_Closed,2050,1,199,199,4.784602746809759
10420,IT_Pump_Hydro_Closed,2050,1,200,200,4.726637356741207
10421,IT_Pump_Hydro_Closed,2050,1,201,201,4.761765451240301
10422,IT_Pump_Hydro_Closed,2050,1,202,202,4.061044999652427
10423,IT_Pump_Hydro_Closed,2050,1,203,203,3.445351053495318
10424,IT_Pump_Hydro_Closed,2050,1,204,204,3.0111078048241007
10425,IT_Pump_Hydro_Closed,2050,1,205,205,3.279979378569705
10426,IT_Pump_Hydro_Closed,2050,1,206,206,2.4280833254981316
10427,IT_Pump_Hydro_Closed,2050,1,207,207,1.511611058172494
10428,IT_Pump_Hydro_Closed,2050,1,208,208,1.7123381054584748
10429,IT_Pump_Hydro_Closed,2050,1,209,209,1.8586682696446195
10430,IT_Pump_Hydro_Closed,2050,1,210,210,1.0506526071293205
10431,IT_Pump_Hydro_Closed,2050,1,211,211,0.44275790868614007
10432,IT_Pump_Hydro_Closed,2050,1,212,212,0.0
10433,IT_Pump_Hydro_Closed,2050,1,213,213,0.4021909607808978
10434,IT_Pump_Hydro_Closed,2050,1,214,214,1.0264407270685805
10435,IT_Pump_Hydro_Closed,2050,1,215,215,1.6134005212912572
10436,IT_Pump_Hydro_Closed,2050,1,216,216,1.906502287099198
10437,IT_Pump_Hydro_Closed,2050,1,217,217,2.1243705628126865
10438,IT_Pump_Hydro_Closed,2050,1,218,218,2.748620329100369
10439,IT_Pump_Hydro_Closed,2050,1,219,219,3.3728700953880515
10440,IT_Pump_Hydro_Closed,2050,1,220,220,3.997119861675734
10441,IT_Pump_Hydro_Closed,2050,1,221,221,4.621369627963417
10442,IT_Pump_Hydro_Closed,2050,1,222,222,5.2456193942511
10443,IT_Pump_Hydro_Closed,2050,1,223,223,5.869869160538783
10444,IT_Pump_Hydro_Closed,2050,1,224,224,6.494118926826466
10445,IT_Pump_Hydro_Closed,2050,1,225,225,6.592674514119599
10446,IT_Pump_Hydro_Closed,2050,1,226,226,6.618582120820096
10447,IT_Pump_Hydro_Closed,2050,1,227,227,6.690049771302684
10448,IT_Pump_Hydro_Closed,2050,1,228,228,6.234541513845857
10449,IT_Pump_Hydro_Closed,2050,1,229,229,5.198344336522673
10450,IT_Pump_Hydro_Closed,2050,1,230,230,4.3528620915643055
10451,IT_Pump_Hydro_Closed,2050,1,231,231,4.6907024788204374
10452,IT_Pump_Hydro_Closed,2050,1,232,232,5.31495224510812
10453,IT_Pump_Hydro_Closed,2050,1,233,233,5.939202011395803
10454,IT_Pump_Hydro_Closed,2050,1,234,234,6.4949176620764115
10455,IT_Pump_Hydro_Closed,2050,1,235,235,6.521245518825307
10456,IT_Pump_Hydro_Closed,2050,1,236,236,5.856599413193123
10457,IT_Pump_Hydro_Closed,2050,1,237,237,5.1567718704086705
10458,IT_Pump_Hydro_Closed,2050,1,238,238,4.652261822533436
10459,IT_Pump_Hydro_Closed,2050,1,239,239,4.116492809504365
10460,IT_Pump_Hydro_Closed,2050,1,240,240,3.4853883649262904
10461,IT_Pump_Hydro_Closed,2050,1,241,241,2.922427967042894
10462,IT_Pump_Hydro_Closed,2050,1,242,242,3.5466777333305766
10463,IT_Pump_Hydro_Closed,2050,1,243,243,4.1709274996182595
10464,IT_Pump_Hydro_Closed,2050,1,244,244,3.768550316291609
10465,IT_Pump_Hydro_Closed,2050,1,245,245,2.875289537882388
10466,IT_Pump_Hydro_Closed,2050,1,246,246,3.4995393041700704
10467,IT_Pump_Hydro_Closed,2050,1,247,247,4.123789070457753
10468,IT_Pump_Hydro_Closed,2050,1,248,248,3.6938160265642743
10469,IT_Pump_Hydro_Closed,2050,1,249,249,3.3575801430469703
10470,IT_Pump_Hydro_Closed,2050,1,250,250,2.6824305682216796
10471,IT_Pump_Hydro_Closed,2050,1,251,251,2.066176487134734
10472,IT_Pump_Hydro_Closed,2050,1,252,252,2.6904262534224164
10473,IT_Pump_Hydro_Closed,2050,1,253,253,3.314676019710099
10474,IT_Pump_Hydro_Closed,2050,1,254,254,3.5602587632098484
10475,IT_Pump_Hydro_Closed,2050,1,255,255,3.181703926322342
10476,IT_Pump_Hydro_Closed,2050,1,256,256,2.952220676373539
10477,IT_Pump_Hydro_Closed,2050,1,257,257,2.646931122894085
10478,IT_Pump_Hydro_Closed,2050,1,258,258,2.334889380148894
10479,IT_Pump_Hydro_Closed,2050,1,259,259,2.857427609224063
10480,IT_Pump_Hydro_Closed,2050,1,260,260,2.729179749297378
10481,IT_Pump_Hydro_Closed,2050,1,261,261,2.0696443092251657
10482,IT_Pump_Hydro_Closed,2050,1,262,262,2.0911735157248224
10483,IT_Pump_Hydro_Closed,2050,1,263,263,2.715423282012505
10484,IT_Pump_Hydro_Closed,2050,1,264,264,3.3396730483001873
10485,IT_Pump_Hydro_Closed,2050,1,265,265,3.827256985251802
10486,IT_Pump_Hydro_Closed,2050,1,266,266,4.420307583245514
10487,IT_Pump_Hydro_Closed,2050,1,267,267,4.943520496626704
10488,IT_Pump_Hydro_Closed,2050,1,268,268,5.476328999220383
10489,IT_Pump_Hydro_Closed,2050,1,269,269,6.100578765508066
10490,IT_Pump_Hydro_Closed,2050,1,270,270,6.653420940601101
10491,IT_Pump_Hydro_Closed,2050,1,271,271,7.163959025865895
10492,IT_Pump_Hydro_Closed,2050,1,272,272,7.716664339276342
10493,IT_Pump_Hydro_Closed,2050,1,273,273,8.078389044911056
10494,IT_Pump_Hydro_Closed,2050,1,274,274,7.457883456344388
10495,IT_Pump_Hydro_Closed,2050,1,275,275,6.599591628564801
10496,IT_Pump_Hydro_Closed,2050,1,276,276,7.223841394852484
10497,IT_Pump_Hydro_Closed,2050,1,277,277,7.848091161140167
10498,IT_Pump_Hydro_Closed,2050,1,278,278,8.426296748537556
10499,IT_Pump_Hydro_Closed,2050,1,279,279,7.816887534356724
10500,IT_Pump_Hydro_Closed,2050,1,280,280,7.412811199840261
10501,IT_Pump_Hydro_Closed,2050,1,281,281,7.82793425822046
10502,IT_Pump_Hydro_Closed,2050,1,282,282,8.452184024508142
10503,IT_Pump_Hydro_Closed,2050,1,283,283,9.076433790795825
10504,IT_Pump_Hydro_Closed,2050,1,284,284,9.623408106979126
10505,IT_Pump_Hydro_Closed,2050,1,285,285,10.112651285107674
10506,IT_Pump_Hydro_Closed,2050,1,286,286,10.253037607603746
10507,IT_Pump_Hydro_Closed,2050,1,287,287,10.374230941144054
10508,IT_Pump_Hydro_Closed,2050,1,288,288,9.911742436382394
10509,IT_Pump_Hydro_Closed,2050,1,289,289,9.565656837223143
10510,IT_Pump_Hydro_Closed,2050,1,290,290,10.189906603510826
10511,IT_Pump_Hydro_Closed,2050,1,291,291,10.814156369798509
10512,IT_Pump_Hydro_Closed,2050,1,292,292,11.438406136086192
10513,IT_Pump_Hydro_Closed,2050,1,293,293,12.062655902373875
10514,IT_Pump_Hydro_Closed,2050,1,294,294,12.596731358571478
10515,IT_Pump_Hydro_Closed,2050,1,295,295,12.373882785320173
10516,IT_Pump_Hydro_Closed,2050,1,296,296,11.839445661310327
10517,IT_Pump_Hydro_Closed,2050,1,297,297,12.334930894704954
10518,IT_Pump_Hydro_Closed,2050,1,298,298,11.791577224208043
10519,IT_Pump_Hydro_Closed,2050,1,299,299,12.162951334474718
10520,IT_Pump_Hydro_Closed,2050,1,300,300,12.560891293240536
10521,IT_Pump_Hydro_Closed,2050,1,301,301,12.757689528332698
10522,IT_Pump_Hydro_Closed,2050,1,302,302,13.330202527154663
10523,IT_Pump_Hydro_Closed,2050,1,303,303,13.880558768286702
10524,IT_Pump_Hydro_Closed,2050,1,304,304,14.128703702281484
10525,IT_Pump_Hydro_Closed,2050,1,305,305,13.784331457180922
10526,IT_Pump_Hydro_Closed,2050,1,306,306,13.603639177686295
10527,IT_Pump_Hydro_Closed,2050,1,307,307,14.213902649283396
10528,IT_Pump_Hydro_Closed,2050,1,308,308,14.838152415571079
10529,IT_Pump_Hydro_Closed,2050,1,309,309,15.45654902269102
10530,IT_Pump_Hydro_Closed,2050,1,310,310,15.97624168735279
10531,IT_Pump_Hydro_Closed,2050,1,311,311,16.13427364084924
10532,IT_Pump_Hydro_Closed,2050,1,312,312,16.059307491913614
10533,IT_Pump_Hydro_Closed,2050,1,313,313,16.33590402664852
10534,IT_Pump_Hydro_Closed,2050,1,314,314,16.530891098677888
10535,IT_Pump_Hydro_Closed,2050,1,315,315,16.502839194434536
10536,IT_Pump_Hydro_Closed,2050,1,316,316,16.422439987275638
10537,IT_Pump_Hydro_Closed,2050,1,317,317,16.5561477474419
10538,IT_Pump_Hydro_Closed,2050,1,318,318,16.832744282176808
10539,IT_Pump_Hydro_Closed,2050,1,319,319,17.23579647475552
10540,IT_Pump_Hydro_Closed,2050,1,320,320,17.578714389638108
10541,IT_Pump_Hydro_Closed,2050,1,321,321,17.793097810793405
10542,IT_Pump_Hydro_Closed,2050,1,322,322,18.012120187279496
10543,IT_Pump_Hydro_Closed,2050,1,323,323,18.288716722014403
10544,IT_Pump_Hydro_Closed,2050,1,324,324,18.652526124335377
10545,IT_Pump_Hydro_Closed,2050,1,325,325,19.02340118852864
10546,IT_Pump_Hydro_Closed,2050,1,326,326,19.42364274298483
10547,IT_Pump_Hydro_Closed,2050,1,327,327,19.99962117728895
10548,IT_Pump_Hydro_Closed,2050,1,328,328,20.18864569944835
10549,IT_Pump_Hydro_Closed,2050,1,329,329,20.476221253633334
10550,IT_Pump_Hydro_Closed,2050,1,330,330,20.89337269523114
10551,IT_Pump_Hydro_Closed,2050,1,331,331,21.169969229966046
10552,IT_Pump_Hydro_Closed,2050,1,332,332,21.446565764700953
10553,IT_Pump_Hydro_Closed,2050,1,333,333,21.72316229943586
10554,IT_Pump_Hydro_Closed,2050,1,334,334,21.999758834170766
10555,IT_Pump_Hydro_Closed,2050,1,335,335,22.276355368905673
10556,IT_Pump_Hydro_Closed,2050,1,336,336,22.510663690108625
10557,IT_Pump_Hydro_Closed,2050,1,337,337,22.81582812819971
10558,IT_Pump_Hydro_Closed,2050,1,338,338,23.092424662934615
10559,IT_Pump_Hydro_Closed,2050,1,339,339,23.36902119766952
10560,IT_Pump_Hydro_Closed,2050,1,340,340,23.64561773240443
10561,IT_Pump_Hydro_Closed,2050,1,341,341,23.922214267139335
10562,IT_Pump_Hydro_Closed,2050,1,342,342,24.222941645532625
10563,IT_Pump_Hydro_Closed,2050,1,343,343,24.499538180267532
10564,IT_Pump_Hydro_Closed,2050,1,344,344,24.77613471500244
10565,IT_Pump_Hydro_Closed,2050,1,345,345,25.052731249737345
10566,IT_Pump_Hydro_Closed,2050,1,346,346,25.340872975443013
10567,IT_Pump_Hydro_Closed,2050,1,347,347,25.81156212761083
10568,IT_Pump_Hydro_Closed,2050,1,348,348,26.319659277822137
10569,IT_Pump_Hydro_Closed,2050,1,349,349,26.837976996598666
10570,IT_Pump_Hydro_Closed,2050,1,350,350,27.16160612887433
10571,IT_Pump_Hydro_Closed,2050,1,351,351,27.438202663609236
10572,IT_Pump_Hydro_Closed,2050,1,352,352,27.714799198344142
10573,IT_Pump_Hydro_Closed,2050,1,353,353,27.99139573307905
10574,IT_Pump_Hydro_Closed,2050,1,354,354,28.267992267813955
10575,IT_Pump_Hydro_Closed,2050,1,355,355,28.544588802548862
10576,IT_Pump_Hydro_Closed,2050,1,356,356,28.82118533728377
10577,IT_Pump_Hydro_Closed,2050,1,357,357,29.097781872018675
10578,IT_Pump_Hydro_Closed,2050,1,358,358,29.374378406753582
10579,IT_Pump_Hydro_Closed,2050,1,359,359,29.65097494148849
10580,IT_Pump_Hydro_Closed,2050,1,360,360,29.93124048726806
10581,IT_Pump_Hydro_Closed,2050,1,361,361,30.27155426275823
10582,IT_Pump_Hydro_Closed,2050,1,362,362,30.62336644360223
10583,IT_Pump_Hydro_Closed,2050,1,363,363,30.946806930530183
10584,IT_Pump_Hydro_Closed,2050,1,364,364,31.223403465265093
10585,IT_Pump_Hydro_Closed,2050,1,365,365,31.5
10586,IT_Pump_Hydro_Open,2050,1,1,1,147.12415394381273
10587,IT_Pump_Hydro_Open,2050,1,2,2,149.75330788762545
10588,IT_Pump_Hydro_Open,2050,1,3,3,152.38246183143818
10589,IT_Pump_Hydro_Open,2050,1,4,4,155.0116157752509
10590,IT_Pump_Hydro_Open,2050,1,5,5,157.25175357472855
10591,IT_Pump_Hydro_Open,2050,1,6,6,158.66762897216722
10592,IT_Pump_Hydro_Open,2050,1,7,7,161.29678291597995
10593,IT_Pump_Hydro_Open,2050,1,8,8,163.92593685979267
10594,IT_Pump_Hydro_Open,2050,1,9,9,166.5550908036054
10595,IT_Pump_Hydro_Open,2050,1,10,10,169.18424474741812
10596,IT_Pump_Hydro_Open,2050,1,11,11,171.81339869123084
10597,IT_Pump_Hydro_Open,2050,1,12,12,174.44255263504357
10598,IT_Pump_Hydro_Open,2050,1,13,13,177.0717065788563
10599,IT_Pump_Hydro_Open,2050,1,14,14,179.70086052266902
10600,IT_Pump_Hydro_Open,2050,1,15,15,182.33001446648174
10601,IT_Pump_Hydro_Open,2050,1,16,16,184.95916841029447
10602,IT_Pump_Hydro_Open,2050,1,17,17,187.5883223541072
10603,IT_Pump_Hydro_Open,2050,1,18,18,188.57225763037326
10604,IT_Pump_Hydro_Open,2050,1,19,19,187.78820536530444
10605,IT_Pump_Hydro_Open,2050,1,20,20,188.00500450346607
10606,IT_Pump_Hydro_Open,2050,1,21,21,188.22500125343896
10607,IT_Pump_Hydro_Open,2050,1,22,22,187.44094898837014
10608,IT_Pump_Hydro_Open,2050,1,23,23,187.64337486341566
10609,IT_Pump_Hydro_Open,2050,1,24,24,189.99582613763508
10610,IT_Pump_Hydro_Open,2050,1,25,25,190.54921515887898
10611,IT_Pump_Hydro_Open,2050,1,26,26,192.72028907271667
10612,IT_Pump_Hydro_Open,2050,1,27,27,194.23125144710872
10613,IT_Pump_Hydro_Open,2050,1,28,28,196.86040539092144
10614,IT_Pump_Hydro_Open,2050,1,29,29,199.48955933473417
10615,IT_Pump_Hydro_Open,2050,1,30,30,202.1187132785469
10616,IT_Pump_Hydro_Open,2050,1,31,31,203.64099845370941
10617,IT_Pump_Hydro_Open,2050,1,32,32,206.22760493242887
10618,IT_Pump_Hydro_Open,2050,1,33,33,207.54773705956504
10619,IT_Pump_Hydro_Open,2050,1,34,34,207.55102232302076
10620,IT_Pump_Hydro_Open,2050,1,35,35,206.96790916382398
10621,IT_Pump_Hydro_Open,2050,1,36,36,207.09006256594313
10622,IT_Pump_Hydro_Open,2050,1,37,37,209.71921650975585
10623,IT_Pump_Hydro_Open,2050,1,38,38,212.34837045356858
10624,IT_Pump_Hydro_Open,2050,1,39,39,214.9775243973813
10625,IT_Pump_Hydro_Open,2050,1,40,40,217.0757994624254
10626,IT_Pump_Hydro_Open,2050,1,41,41,218.24488911982655
10627,IT_Pump_Hydro_Open,2050,1,42,42,218.1706817817213
10628,IT_Pump_Hydro_Open,2050,1,43,43,218.4977556383354
10629,IT_Pump_Hydro_Open,2050,1,44,44,219.16080418303338
10630,IT_Pump_Hydro_Open,2050,1,45,45,219.37681133018162
10631,IT_Pump_Hydro_Open,2050,1,46,46,221.25342865448147
10632,IT_Pump_Hydro_Open,2050,1,47,47,223.20071832698574
10633,IT_Pump_Hydro_Open,2050,1,48,48,225.47096463674896
10634,IT_Pump_Hydro_Open,2050,1,49,49,227.828477031487
10635,IT_Pump_Hydro_Open,2050,1,50,50,230.45763097529974
10636,IT_Pump_Hydro_Open,2050,1,51,51,232.50382252812926
10637,IT_Pump_Hydro_Open,2050,1,52,52,234.26884086821946
10638,IT_Pump_Hydro_Open,2050,1,53,53,236.31862359768067
10639,IT_Pump_Hydro_Open,2050,1,54,54,238.9477775414934
10640,IT_Pump_Hydro_Open,2050,1,55,55,241.2255365436916
10641,IT_Pump_Hydro_Open,2050,1,56,56,241.55295517140078
10642,IT_Pump_Hydro_Open,2050,1,57,57,242.4075553394167
10643,IT_Pump_Hydro_Open,2050,1,58,58,242.77065555523518
10644,IT_Pump_Hydro_Open,2050,1,59,59,243.7806098403161
10645,IT_Pump_Hydro_Open,2050,1,60,60,246.4097637841288
10646,IT_Pump_Hydro_Open,2050,1,61,61,249.03891772794154
10647,IT_Pump_Hydro_Open,2050,1,62,62,251.59227516931662
10648,IT_Pump_Hydro_Open,2050,1,63,63,252.91721430059204
10649,IT_Pump_Hydro_Open,2050,1,64,64,253.54410037536638
10650,IT_Pump_Hydro_Open,2050,1,65,65,255.9555901791398
10651,IT_Pump_Hydro_Open,2050,1,66,66,258.58474412295254
10652,IT_Pump_Hydro_Open,2050,1,67,67,260.95527022176543
10653,IT_Pump_Hydro_Open,2050,1,68,68,261.81254694343477
10654,IT_Pump_Hydro_Open,2050,1,69,69,261.9981190705416
10655,IT_Pump_Hydro_Open,2050,1,70,70,262.3153492046824
10656,IT_Pump_Hydro_Open,2050,1,71,71,263.67388253663523
10657,IT_Pump_Hydro_Open,2050,1,72,72,264.892987855016
10658,IT_Pump_Hydro_Open,2050,1,73,73,266.3338094228819
10659,IT_Pump_Hydro_Open,2050,1,74,74,268.234140650484
10660,IT_Pump_Hydro_Open,2050,1,75,75,269.33437374752276
10661,IT_Pump_Hydro_Open,2050,1,76,76,269.0198700376868
10662,IT_Pump_Hydro_Open,2050,1,77,77,268.7676866326987
10663,IT_Pump_Hydro_Open,2050,1,78,78,268.47836865183064
10664,IT_Pump_Hydro_Open,2050,1,79,79,268.25173546810174
10665,IT_Pump_Hydro_Open,2050,1,80,80,269.9998168928747
10666,IT_Pump_Hydro_Open,2050,1,81,81,270.9438611596776
10667,IT_Pump_Hydro_Open,2050,1,82,82,271.79807087969795
10668,IT_Pump_Hydro_Open,2050,1,83,83,271.5602564604952
10669,IT_Pump_Hydro_Open,2050,1,84,84,271.889880369207
10670,IT_Pump_Hydro_Open,2050,1,85,85,274.3058734011893
10671,IT_Pump_Hydro_Open,2050,1,86,86,275.701857019702
10672,IT_Pump_Hydro_Open,2050,1,87,87,277.1756803401684
10673,IT_Pump_Hydro_Open,2050,1,88,88,279.8048342839811
10674,IT_Pump_Hydro_Open,2050,1,89,89,282.43398822779386
10675,IT_Pump_Hydro_Open,2050,1,90,90,285.0631421716066
10676,IT_Pump_Hydro_Open,2050,1,91,91,287.60336846542265
10677,IT_Pump_Hydro_Open,2050,1,92,92,288.99
10678,IT_Pump_Hydro_Open,2050,1,93,93,288.76306466400956
10679,IT_Pump_Hydro_Open,2050,1,94,94,288.6899605599015
10680,IT_Pump_Hydro_Open,2050,1,95,95,288.24302898871343
10681,IT_Pump_Hydro_Open,2050,1,96,96,287.93867794666954
10682,IT_Pump_Hydro_Open,2050,1,97,97,287.4666600303931
10683,IT_Pump_Hydro_Open,2050,1,98,98,286.56381852508537
10684,IT_Pump_Hydro_Open,2050,1,99,99,285.36984222836656
10685,IT_Pump_Hydro_Open,2050,1,100,100,284.2276981889708
10686,IT_Pump_Hydro_Open,2050,1,101,101,284.9484461473986
10687,IT_Pump_Hydro_Open,2050,1,102,102,285.42120081847355
10688,IT_Pump_Hydro_Open,2050,1,103,103,285.0494079588426
10689,IT_Pump_Hydro_Open,2050,1,104,104,285.05783431595785
10690,IT_Pump_Hydro_Open,2050,1,105,105,284.1304287430193
10691,IT_Pump_Hydro_Open,2050,1,106,106,283.01803102117407
10692,IT_Pump_Hydro_Open,2050,1,107,107,282.70907599373083
10693,IT_Pump_Hydro_Open,2050,1,108,108,282.88022108565116
10694,IT_Pump_Hydro_Open,2050,1,109,109,281.6454718451604
10695,IT_Pump_Hydro_Open,2050,1,110,110,280.556176494807
10696,IT_Pump_Hydro_Open,2050,1,111,111,279.0852413809016
10697,IT_Pump_Hydro_Open,2050,1,112,112,277.44754778423015
10698,IT_Pump_Hydro_Open,2050,1,113,113,274.88001406363986
10699,IT_Pump_Hydro_Open,2050,1,114,114,272.79896737881296
10700,IT_Pump_Hydro_Open,2050,1,115,115,272.01067230364606
10701,IT_Pump_Hydro_Open,2050,1,116,116,271.05633495585505
10702,IT_Pump_Hydro_Open,2050,1,117,117,270.2525333799384
10703,IT_Pump_Hydro_Open,2050,1,118,118,269.29909866235585
10704,IT_Pump_Hydro_Open,2050,1,119,119,267.8718082462017
10705,IT_Pump_Hydro_Open,2050,1,120,120,265.3042745256114
10706,IT_Pump_Hydro_Open,2050,1,121,121,262.7367408050211
10707,IT_Pump_Hydro_Open,2050,1,122,122,260.1692070844308
10708,IT_Pump_Hydro_Open,2050,1,123,123,258.0978205504877
10709,IT_Pump_Hydro_Open,2050,1,124,124,255.53028682989745
10710,IT_Pump_Hydro_Open,2050,1,125,125,252.9627531093072
10711,IT_Pump_Hydro_Open,2050,1,126,126,250.75041740313912
10712,IT_Pump_Hydro_Open,2050,1,127,127,248.18288368254886
10713,IT_Pump_Hydro_Open,2050,1,128,128,245.6153499619586
10714,IT_Pump_Hydro_Open,2050,1,129,129,243.04781624136834
10715,IT_Pump_Hydro_Open,2050,1,130,130,240.48028252077808
10716,IT_Pump_Hydro_Open,2050,1,131,131,237.9127488001878
10717,IT_Pump_Hydro_Open,2050,1,132,132,235.34521507959755
10718,IT_Pump_Hydro_Open,2050,1,133,133,232.7776813590073
10719,IT_Pump_Hydro_Open,2050,1,134,134,230.79757279909828
10720,IT_Pump_Hydro_Open,2050,1,135,135,228.9299948175824
10721,IT_Pump_Hydro_Open,2050,1,136,136,226.61634457581206
10722,IT_Pump_Hydro_Open,2050,1,137,137,224.0488108552218
10723,IT_Pump_Hydro_Open,2050,1,138,138,221.48127713463154
10724,IT_Pump_Hydro_Open,2050,1,139,139,218.91374341404128
10725,IT_Pump_Hydro_Open,2050,1,140,140,217.36986100343458
10726,IT_Pump_Hydro_Open,2050,1,141,141,216.02528043851612
10727,IT_Pump_Hydro_Open,2050,1,142,142,213.81219120155487
10728,IT_Pump_Hydro_Open,2050,1,143,143,211.47074255885119
10729,IT_Pump_Hydro_Open,2050,1,144,144,209.90547965850595
10730,IT_Pump_Hydro_Open,2050,1,145,145,208.61269624542183
10731,IT_Pump_Hydro_Open,2050,1,146,146,206.594030090424
10732,IT_Pump_Hydro_Open,2050,1,147,147,204.2838413667048
10733,IT_Pump_Hydro_Open,2050,1,148,148,201.71630764611453
10734,IT_Pump_Hydro_Open,2050,1,149,149,199.42379781224767
10735,IT_Pump_Hydro_Open,2050,1,150,150,196.8562640916574
10736,IT_Pump_Hydro_Open,2050,1,151,151,194.37098143128168
10737,IT_Pump_Hydro_Open,2050,1,152,152,191.80344771069142
10738,IT_Pump_Hydro_Open,2050,1,153,153,189.23591399010115
10739,IT_Pump_Hydro_Open,2050,1,154,154,186.6683802695109
10740,IT_Pump_Hydro_Open,2050,1,155,155,184.10084654892063
10741,IT_Pump_Hydro_Open,2050,1,156,156,181.84693098696806
10742,IT_Pump_Hydro_Open,2050,1,157,157,179.2793972663778
10743,IT_Pump_Hydro_Open,2050,1,158,158,176.71186354578754
10744,IT_Pump_Hydro_Open,2050,1,159,159,174.14432982519727
10745,IT_Pump_Hydro_Open,2050,1,160,160,172.05223259479465
10746,IT_Pump_Hydro_Open,2050,1,161,161,169.48469887420438
10747,IT_Pump_Hydro_Open,2050,1,162,162,167.4299453078652
10748,IT_Pump_Hydro_Open,2050,1,163,163,166.08544175239916
10749,IT_Pump_Hydro_Open,2050,1,164,164,164.86812879487516
10750,IT_Pump_Hydro_Open,2050,1,165,165,162.3005950742849
10751,IT_Pump_Hydro_Open,2050,1,166,166,159.95814528412598
10752,IT_Pump_Hydro_Open,2050,1,167,167,158.51969065055908
10753,IT_Pump_Hydro_Open,2050,1,168,168,156.5231697833923
10754,IT_Pump_Hydro_Open,2050,1,169,169,154.27110399198875
10755,IT_Pump_Hydro_Open,2050,1,170,170,152.4146496518782
10756,IT_Pump_Hydro_Open,2050,1,171,171,151.63059738680937
10757,IT_Pump_Hydro_Open,2050,1,172,172,150.84654512174055
10758,IT_Pump_Hydro_Open,2050,1,173,173,149.963613026312
10759,IT_Pump_Hydro_Open,2050,1,174,174,148.02305174238444
10760,IT_Pump_Hydro_Open,2050,1,175,175,145.45551802179418
10761,IT_Pump_Hydro_Open,2050,1,176,176,143.24210079522967
10762,IT_Pump_Hydro_Open,2050,1,177,177,142.18984570806987
10763,IT_Pump_Hydro_Open,2050,1,178,178,141.40579344300104
10764,IT_Pump_Hydro_Open,2050,1,179,179,140.62174117793222
10765,IT_Pump_Hydro_Open,2050,1,180,180,139.53751154315754
10766,IT_Pump_Hydro_Open,2050,1,181,181,138.5474437595961
10767,IT_Pump_Hydro_Open,2050,1,182,182,137.2303784807624
10768,IT_Pump_Hydro_Open,2050,1,183,183,135.6963203881534
10769,IT_Pump_Hydro_Open,2050,1,184,184,134.3162979917906
10770,IT_Pump_Hydro_Open,2050,1,185,185,133.20917066512447
10771,IT_Pump_Hydro_Open,2050,1,186,186,132.42511840005565
10772,IT_Pump_Hydro_Open,2050,1,187,187,129.8575846794654
10773,IT_Pump_Hydro_Open,2050,1,188,188,127.29005095887513
10774,IT_Pump_Hydro_Open,2050,1,189,189,125.98682004572393
10775,IT_Pump_Hydro_Open,2050,1,190,190,124.06728764262355
10776,IT_Pump_Hydro_Open,2050,1,191,191,121.49975392203329
10777,IT_Pump_Hydro_Open,2050,1,192,192,120.18102111245382
10778,IT_Pump_Hydro_Open,2050,1,193,193,119.37798344270038
10779,IT_Pump_Hydro_Open,2050,1,194,194,118.59393117763155
10780,IT_Pump_Hydro_Open,2050,1,195,195,117.80987891256271
10781,IT_Pump_Hydro_Open,2050,1,196,196,116.72728610830376
10782,IT_Pump_Hydro_Open,2050,1,197,197,115.54016972832123
10783,IT_Pump_Hydro_Open,2050,1,198,198,114.03569705240363
10784,IT_Pump_Hydro_Open,2050,1,199,199,111.70540319907104
10785,IT_Pump_Hydro_Open,2050,1,200,200,110.26262138709492
10786,IT_Pump_Hydro_Open,2050,1,201,201,108.90972826835277
10787,IT_Pump_Hydro_Open,2050,1,202,202,106.84631857014143
10788,IT_Pump_Hydro_Open,2050,1,203,203,104.86500829595444
10789,IT_Pump_Hydro_Open,2050,1,204,204,103.05890218518606
10790,IT_Pump_Hydro_Open,2050,1,205,205,101.93170580557671
10791,IT_Pump_Hydro_Open,2050,1,206,206,100.19198428998828
10792,IT_Pump_Hydro_Open,2050,1,207,207,98.68618689883374
10793,IT_Pump_Hydro_Open,2050,1,208,208,98.34604391288997
10794,IT_Pump_Hydro_Open,2050,1,209,209,97.30090742582559
10795,IT_Pump_Hydro_Open,2050,1,210,210,95.31611670908308
10796,IT_Pump_Hydro_Open,2050,1,211,211,93.34233718947542
10797,IT_Pump_Hydro_Open,2050,1,212,212,91.52800954026503
10798,IT_Pump_Hydro_Open,2050,1,213,213,90.52954295886887
10799,IT_Pump_Hydro_Open,2050,1,214,214,89.74549069380004
10800,IT_Pump_Hydro_Open,2050,1,215,215,88.9254321832327
10801,IT_Pump_Hydro_Open,2050,1,216,216,87.82163185879743
10802,IT_Pump_Hydro_Open,2050,1,217,217,86.6451879960584
10803,IT_Pump_Hydro_Open,2050,1,218,218,85.86113573098956
10804,IT_Pump_Hydro_Open,2050,1,219,219,85.07708346592072
10805,IT_Pump_Hydro_Open,2050,1,220,220,84.29303120085189
10806,IT_Pump_Hydro_Open,2050,1,221,221,83.50897893578305
10807,IT_Pump_Hydro_Open,2050,1,222,222,82.72492667071421
10808,IT_Pump_Hydro_Open,2050,1,223,223,81.94087440564537
10809,IT_Pump_Hydro_Open,2050,1,224,224,81.15682214057654
10810,IT_Pump_Hydro_Open,2050,1,225,225,79.86517299039828
10811,IT_Pump_Hydro_Open,2050,1,226,226,78.5033768039168
10812,IT_Pump_Hydro_Open,2050,1,227,227,77.18557223315658
10813,IT_Pump_Hydro_Open,2050,1,228,228,75.3589331725236
10814,IT_Pump_Hydro_Open,2050,1,229,229,73.02659148571885
10815,IT_Pump_Hydro_Open,2050,1,230,230,70.82340349371272
10816,IT_Pump_Hydro_Open,2050,1,231,231,69.76280164055333
10817,IT_Pump_Hydro_Open,2050,1,232,232,68.9787493754845
10818,IT_Pump_Hydro_Open,2050,1,233,233,68.19469711041566
10819,IT_Pump_Hydro_Open,2050,1,234,234,67.34447005210028
10820,IT_Pump_Hydro_Open,2050,1,235,235,66.72657199142387
10821,IT_Pump_Hydro_Open,2050,1,236,236,65.4251858443354
10822,IT_Pump_Hydro_Open,2050,1,237,237,64.67023818741917
10823,IT_Pump_Hydro_Open,2050,1,238,238,63.457248577034946
10824,IT_Pump_Hydro_Open,2050,1,239,239,62.47588276987201
10825,IT_Pump_Hydro_Open,2050,1,240,240,60.954579242903044
10826,IT_Pump_Hydro_Open,2050,1,241,241,59.02418713732827
10827,IT_Pump_Hydro_Open,2050,1,242,242,58.24013487225943
10828,IT_Pump_Hydro_Open,2050,1,243,243,57.456082607190595
10829,IT_Pump_Hydro_Open,2050,1,244,244,55.935614727499356
10830,IT_Pump_Hydro_Open,2050,1,245,245,53.79103225595446
10831,IT_Pump_Hydro_Open,2050,1,246,246,53.006979990885625
10832,IT_Pump_Hydro_Open,2050,1,247,247,52.22292772581679
10833,IT_Pump_Hydro_Open,2050,1,248,248,51.668942069384585
10834,IT_Pump_Hydro_Open,2050,1,249,249,50.96533661702214
10835,IT_Pump_Hydro_Open,2050,1,250,250,49.488724778181336
10836,IT_Pump_Hydro_Open,2050,1,251,251,47.506873651999044
10837,IT_Pump_Hydro_Open,2050,1,252,252,46.72282138693021
10838,IT_Pump_Hydro_Open,2050,1,253,253,45.93876912186137
10839,IT_Pump_Hydro_Open,2050,1,254,254,45.432857353589796
10840,IT_Pump_Hydro_Open,2050,1,255,255,45.3550585261157
10841,IT_Pump_Hydro_Open,2050,1,256,256,44.750233781866484
10842,IT_Pump_Hydro_Open,2050,1,257,257,45.36268034626794
10843,IT_Pump_Hydro_Open,2050,1,258,258,45.8634764907429
10844,IT_Pump_Hydro_Open,2050,1,259,259,46.078012528098455
10845,IT_Pump_Hydro_Open,2050,1,260,260,46.771765295565714
10846,IT_Pump_Hydro_Open,2050,1,261,261,46.15646246350022
10847,IT_Pump_Hydro_Open,2050,1,262,262,45.34461007816867
10848,IT_Pump_Hydro_Open,2050,1,263,263,44.560557813099834
10849,IT_Pump_Hydro_Open,2050,1,264,264,43.776505548031
10850,IT_Pump_Hydro_Open,2050,1,265,265,43.29685126230942
10851,IT_Pump_Hydro_Open,2050,1,266,266,42.81910765560482
10852,IT_Pump_Hydro_Open,2050,1,267,267,43.02701974572405
10853,IT_Pump_Hydro_Open,2050,1,268,268,42.15467412973715
10854,IT_Pump_Hydro_Open,2050,1,269,269,41.370621864668315
10855,IT_Pump_Hydro_Open,2050,1,270,270,41.28763839892647
10856,IT_Pump_Hydro_Open,2050,1,271,271,41.619990011239004
10857,IT_Pump_Hydro_Open,2050,1,272,272,41.538350232546115
10858,IT_Pump_Hydro_Open,2050,1,273,273,41.7469166699523
10859,IT_Pump_Hydro_Open,2050,1,274,274,41.26688393824287
10860,IT_Pump_Hydro_Open,2050,1,275,275,39.96272897186251
10861,IT_Pump_Hydro_Open,2050,1,276,276,39.178676706793674
10862,IT_Pump_Hydro_Open,2050,1,277,277,38.39462444172484
10863,IT_Pump_Hydro_Open,2050,1,278,278,38.062626876591516
10864,IT_Pump_Hydro_Open,2050,1,279,279,37.565824969567515
10865,IT_Pump_Hydro_Open,2050,1,280,280,37.201685678431815
10866,IT_Pump_Hydro_Open,2050,1,281,281,36.215706000489476
10867,IT_Pump_Hydro_Open,2050,1,282,282,35.43165373542064
10868,IT_Pump_Hydro_Open,2050,1,283,283,34.6476014703518
10869,IT_Pump_Hydro_Open,2050,1,284,284,34.62222774513816
10870,IT_Pump_Hydro_Open,2050,1,285,285,33.707816563503236
10871,IT_Pump_Hydro_Open,2050,1,286,286,32.83089031572741
10872,IT_Pump_Hydro_Open,2050,1,287,287,31.98002414486204
10873,IT_Pump_Hydro_Open,2050,1,288,288,31.23886610600477
10874,IT_Pump_Hydro_Open,2050,1,289,289,30.337140754253767
10875,IT_Pump_Hydro_Open,2050,1,290,290,29.553088489184933
10876,IT_Pump_Hydro_Open,2050,1,291,291,28.7690362241161
10877,IT_Pump_Hydro_Open,2050,1,292,292,27.984983959047266
10878,IT_Pump_Hydro_Open,2050,1,293,293,27.200931693978433
10879,IT_Pump_Hydro_Open,2050,1,294,294,27.302197001556237
10880,IT_Pump_Hydro_Open,2050,1,295,295,28.200368446753885
10881,IT_Pump_Hydro_Open,2050,1,296,296,28.01863277201482
10882,IT_Pump_Hydro_Open,2050,1,297,297,28.2171517133876
10883,IT_Pump_Hydro_Open,2050,1,298,298,27.54246325577313
10884,IT_Pump_Hydro_Open,2050,1,299,299,27.938481953224986
10885,IT_Pump_Hydro_Open,2050,1,300,300,28.02117984689142
10886,IT_Pump_Hydro_Open,2050,1,301,301,27.89369831370803
10887,IT_Pump_Hydro_Open,2050,1,302,302,27.617589711790902
10888,IT_Pump_Hydro_Open,2050,1,303,303,27.559012765133136
10889,IT_Pump_Hydro_Open,2050,1,304,304,28.683572577704037
10890,IT_Pump_Hydro_Open,2050,1,305,305,28.46228031463746
10891,IT_Pump_Hydro_Open,2050,1,306,306,28.098568368528852
10892,IT_Pump_Hydro_Open,2050,1,307,307,27.45183140372034
10893,IT_Pump_Hydro_Open,2050,1,308,308,26.667779138651508
10894,IT_Pump_Hydro_Open,2050,1,309,309,25.94119229429421
10895,IT_Pump_Hydro_Open,2050,1,310,310,26.18366564746358
10896,IT_Pump_Hydro_Open,2050,1,311,311,27.61390995064535
10897,IT_Pump_Hydro_Open,2050,1,312,312,29.024613972997145
10898,IT_Pump_Hydro_Open,2050,1,313,313,31.65376791680987
10899,IT_Pump_Hydro_Open,2050,1,314,314,34.00007886265179
10900,IT_Pump_Hydro_Open,2050,1,315,315,35.57337880435398
10901,IT_Pump_Hydro_Open,2050,1,316,316,36.571674828171446
10902,IT_Pump_Hydro_Open,2050,1,317,317,38.705603242547795
10903,IT_Pump_Hydro_Open,2050,1,318,318,41.33475718636052
10904,IT_Pump_Hydro_Open,2050,1,319,319,42.722388839202836
10905,IT_Pump_Hydro_Open,2050,1,320,320,44.70040962515422
10906,IT_Pump_Hydro_Open,2050,1,321,321,46.72720204007331
10907,IT_Pump_Hydro_Open,2050,1,322,322,49.156814815682324
10908,IT_Pump_Hydro_Open,2050,1,323,323,51.78596875949505
10909,IT_Pump_Hydro_Open,2050,1,324,324,53.558880119830064
10910,IT_Pump_Hydro_Open,2050,1,325,325,55.26242189350932
10911,IT_Pump_Hydro_Open,2050,1,326,326,56.67764796118812
10912,IT_Pump_Hydro_Open,2050,1,327,327,56.36751624419353
10913,IT_Pump_Hydro_Open,2050,1,328,328,58.69316211732376
10914,IT_Pump_Hydro_Open,2050,1,329,329,61.214525728835966
10915,IT_Pump_Hydro_Open,2050,1,330,330,62.463733113111566
10916,IT_Pump_Hydro_Open,2050,1,331,331,65.0928870569243
10917,IT_Pump_Hydro_Open,2050,1,332,332,67.72204100073702
10918,IT_Pump_Hydro_Open,2050,1,333,333,70.35119494454975
10919,IT_Pump_Hydro_Open,2050,1,334,334,72.98034888836247
10920,IT_Pump_Hydro_Open,2050,1,335,335,75.6095028321752
10921,IT_Pump_Hydro_Open,2050,1,336,336,77.75357277078304
10922,IT_Pump_Hydro_Open,2050,1,337,337,80.1022514125987
10923,IT_Pump_Hydro_Open,2050,1,338,338,82.73140535641143
10924,IT_Pump_Hydro_Open,2050,1,339,339,85.36055930022415
10925,IT_Pump_Hydro_Open,2050,1,340,340,87.98971324403688
10926,IT_Pump_Hydro_Open,2050,1,341,341,90.6188671878496
10927,IT_Pump_Hydro_Open,2050,1,342,342,93.01110820255633
10928,IT_Pump_Hydro_Open,2050,1,343,343,95.64026214636905
10929,IT_Pump_Hydro_Open,2050,1,344,344,98.26941609018178
10930,IT_Pump_Hydro_Open,2050,1,345,345,100.8985700339945
10931,IT_Pump_Hydro_Open,2050,1,346,346,103.41437506018582
10932,IT_Pump_Hydro_Open,2050,1,347,347,104.13795739759881
10933,IT_Pump_Hydro_Open,2050,1,348,348,104.49427373660991
10934,IT_Pump_Hydro_Open,2050,1,349,349,104.75024609800487
10935,IT_Pump_Hydro_Open,2050,1,350,350,106.91764119887824
10936,IT_Pump_Hydro_Open,2050,1,351,351,109.54679514269097
10937,IT_Pump_Hydro_Open,2050,1,352,352,112.17594908650369
10938,IT_Pump_Hydro_Open,2050,1,353,353,114.80510303031642
10939,IT_Pump_Hydro_Open,2050,1,354,354,117.43425697412914
10940,IT_Pump_Hydro_Open,2050,1,355,355,120.06341091794187
10941,IT_Pump_Hydro_Open,2050,1,356,356,122.69256486175459
10942,IT_Pump_Hydro_Open,2050,1,357,357,125.32171880556731
10943,IT_Pump_Hydro_Open,2050,1,358,358,127.95087274938004
10944,IT_Pump_Hydro_Open,2050,1,359,359,130.58002669319276
10945,IT_Pump_Hydro_Open,2050,1,360,360,133.17315884821866
10946,IT_Pump_Hydro_Open,2050,1,361,361,135.1767466760851
10947,IT_Pump_Hydro_Open,2050,1,362,362,137.06744492035506
10948,IT_Pump_Hydro_Open,2050,1,363,363,139.23669211237456
10949,IT_Pump_Hydro_Open,2050,1,364,364,141.86584605618728
10950,IT_Pump_Hydro_Open,2050,1,365,365,144.495
10951,LT_Pump_Hydro_Closed,2050,1,1,1,5.297171265154238
10952,LT_Pump_Hydro_Closed,2050,1,2,2,5.294342530308476
10953,LT_Pump_Hydro_Closed,2050,1,3,3,5.291513795462714
10954,LT_Pump_Hydro_Closed,2050,1,4,4,5.2886850606169515
10955,LT_Pump_Hydro_Closed,2050,1,5,5,5.302917374891691
10956,LT_Pump_Hydro_Closed,2050,1,6,6,5.35329929769593
10957,LT_Pump_Hydro_Closed,2050,1,7,7,5.350470562850168
10958,LT_Pump_Hydro_Closed,2050,1,8,8,5.347641828004406
10959,LT_Pump_Hydro_Closed,2050,1,9,9,5.344813093158644
10960,LT_Pump_Hydro_Closed,2050,1,10,10,5.341984358312882
10961,LT_Pump_Hydro_Closed,2050,1,11,11,5.33915562346712
10962,LT_Pump_Hydro_Closed,2050,1,12,12,5.3363268886213575
10963,LT_Pump_Hydro_Closed,2050,1,13,13,5.333498153775595
10964,LT_Pump_Hydro_Closed,2050,1,14,14,5.330669418929833
10965,LT_Pump_Hydro_Closed,2050,1,15,15,5.327840684084071
10966,LT_Pump_Hydro_Closed,2050,1,16,16,5.325011949238309
10967,LT_Pump_Hydro_Closed,2050,1,17,17,5.322183214392547
10968,LT_Pump_Hydro_Closed,2050,1,18,18,5.39150869964723
10969,LT_Pump_Hydro_Closed,2050,1,19,19,5.538372669426004
10970,LT_Pump_Hydro_Closed,2050,1,20,20,5.641342381340433
10971,LT_Pump_Hydro_Closed,2050,1,21,21,5.744171855856043
10972,LT_Pump_Hydro_Closed,2050,1,22,22,5.891035825634817
10973,LT_Pump_Hydro_Closed,2050,1,23,23,5.9946359045703
10974,LT_Pump_Hydro_Closed,2050,1,24,24,6.003942495999425
10975,LT_Pump_Hydro_Closed,2050,1,25,25,6.0921504130311614
10976,LT_Pump_Hydro_Closed,2050,1,26,26,6.10941165647122
10977,LT_Pump_Hydro_Closed,2050,1,27,27,6.155623357529792
10978,LT_Pump_Hydro_Closed,2050,1,28,28,6.15279462268403
10979,LT_Pump_Hydro_Closed,2050,1,29,29,6.149965887838268
10980,LT_Pump_Hydro_Closed,2050,1,30,30,6.147137152992506
10981,LT_Pump_Hydro_Closed,2050,1,31,31,6.1928522709068075
10982,LT_Pump_Hydro_Closed,2050,1,32,32,6.191889536746313
10983,LT_Pump_Hydro_Closed,2050,1,33,33,6.246470464299779
10984,LT_Pump_Hydro_Closed,2050,1,34,34,6.35880423669682
10985,LT_Pump_Hydro_Closed,2050,1,35,35,6.496855636597878
10986,LT_Pump_Hydro_Closed,2050,1,36,36,6.603976218791552
10987,LT_Pump_Hydro_Closed,2050,1,37,37,6.60114748394579
10988,LT_Pump_Hydro_Closed,2050,1,38,38,6.598318749100028
10989,LT_Pump_Hydro_Closed,2050,1,39,39,6.595490014254266
10990,LT_Pump_Hydro_Closed,2050,1,40,40,6.615943990832189
10991,LT_Pump_Hydro_Closed,2050,1,41,41,6.67714917558669
10992,LT_Pump_Hydro_Closed,2050,1,42,42,6.792881534651559
10993,LT_Pump_Hydro_Closed,2050,1,43,43,6.891014937287661
10994,LT_Pump_Hydro_Closed,2050,1,44,44,6.974413525597634
10995,LT_Pump_Hydro_Closed,2050,1,45,45,7.07741797179695
10996,LT_Pump_Hydro_Closed,2050,1,46,46,7.046894227707094
10997,LT_Pump_Hydro_Closed,2050,1,47,47,7.018971382079948
10998,LT_Pump_Hydro_Closed,2050,1,48,48,7.01109309485965
10999,LT_Pump_Hydro_Closed,2050,1,49,49,6.9982673512070965
11000,LT_Pump_Hydro_Closed,2050,1,50,50,6.9954386163613345
11001,LT_Pump_Hydro_Closed,2050,1,51,51,6.9711555783114445
11002,LT_Pump_Hydro_Closed,2050,1,52,52,7.006225167729534
11003,LT_Pump_Hydro_Closed,2050,1,53,53,7.013112267175232
11004,LT_Pump_Hydro_Closed,2050,1,54,54,7.01028353232947
11005,LT_Pump_Hydro_Closed,2050,1,55,55,7.022865896603586
11006,LT_Pump_Hydro_Closed,2050,1,56,56,7.120984178642061
11007,LT_Pump_Hydro_Closed,2050,1,57,57,7.195981903126383
11008,LT_Pump_Hydro_Closed,2050,1,58,58,7.292535300683082
11009,LT_Pump_Hydro_Closed,2050,1,59,59,7.360719672403218
11010,LT_Pump_Hydro_Closed,2050,1,60,60,7.357890937557456
11011,LT_Pump_Hydro_Closed,2050,1,61,61,7.355062202711694
11012,LT_Pump_Hydro_Closed,2050,1,62,62,7.349443989213
11013,LT_Pump_Hydro_Closed,2050,1,63,63,7.403814096380381
11014,LT_Pump_Hydro_Closed,2050,1,64,64,7.488798659166401
11015,LT_Pump_Hydro_Closed,2050,1,65,65,7.495516002649418
11016,LT_Pump_Hydro_Closed,2050,1,66,66,7.492687267803656
11017,LT_Pump_Hydro_Closed,2050,1,67,67,7.480340457196098
11018,LT_Pump_Hydro_Closed,2050,1,68,68,7.555220796286472
11019,LT_Pump_Hydro_Closed,2050,1,69,69,7.462462855010629
11020,LT_Pump_Hydro_Closed,2050,1,70,70,7.522721772109591
11021,LT_Pump_Hydro_Closed,2050,1,71,71,7.575618541174509
11022,LT_Pump_Hydro_Closed,2050,1,72,72,7.52089690344086
11023,LT_Pump_Hydro_Closed,2050,1,73,73,7.505208299382682
11024,LT_Pump_Hydro_Closed,2050,1,74,74,7.510220280671211
11025,LT_Pump_Hydro_Closed,2050,1,75,75,7.451123882715179
11026,LT_Pump_Hydro_Closed,2050,1,76,76,7.339962046442381
11027,LT_Pump_Hydro_Closed,2050,1,77,77,7.463499887268303
11028,LT_Pump_Hydro_Closed,2050,1,78,78,7.588666336141431
11029,LT_Pump_Hydro_Closed,2050,1,79,79,7.7110836230101665
11030,LT_Pump_Hydro_Closed,2050,1,80,80,7.746896013333527
11031,LT_Pump_Hydro_Closed,2050,1,81,81,7.817970995316886
11032,LT_Pump_Hydro_Closed,2050,1,82,82,7.759619679886681
11033,LT_Pump_Hydro_Closed,2050,1,83,83,7.882527341282093
11034,LT_Pump_Hydro_Closed,2050,1,84,84,7.980548906492599
11035,LT_Pump_Hydro_Closed,2050,1,85,85,7.987068752265581
11036,LT_Pump_Hydro_Closed,2050,1,86,86,8.03832306718591
11037,LT_Pump_Hydro_Closed,2050,1,87,87,8.08616357268497
11038,LT_Pump_Hydro_Closed,2050,1,88,88,8.083334837839208
11039,LT_Pump_Hydro_Closed,2050,1,89,89,8.080506102993446
11040,LT_Pump_Hydro_Closed,2050,1,90,90,8.077677368147684
11041,LT_Pump_Hydro_Closed,2050,1,91,91,8.078748725950666
11042,LT_Pump_Hydro_Closed,2050,1,92,92,8.047497084729635
11043,LT_Pump_Hydro_Closed,2050,1,93,93,8.169927623065313
11044,LT_Pump_Hydro_Closed,2050,1,94,94,8.27811263955657
11045,LT_Pump_Hydro_Closed,2050,1,95,95,8.41019153472702
11046,LT_Pump_Hydro_Closed,2050,1,96,96,8.53601728733056
11047,LT_Pump_Hydro_Closed,2050,1,97,97,8.41905858045993
11048,LT_Pump_Hydro_Closed,2050,1,98,98,8.319429847441473
11049,LT_Pump_Hydro_Closed,2050,1,99,99,8.191630154087523
11050,LT_Pump_Hydro_Closed,2050,1,100,100,8.149028569362963
11051,LT_Pump_Hydro_Closed,2050,1,101,101,8.187988868235626
11052,LT_Pump_Hydro_Closed,2050,1,102,102,8.105799878694102
11053,LT_Pump_Hydro_Closed,2050,1,103,103,7.992529675210967
11054,LT_Pump_Hydro_Closed,2050,1,104,104,7.893252378450941
11055,LT_Pump_Hydro_Closed,2050,1,105,105,7.759534400291871
11056,LT_Pump_Hydro_Closed,2050,1,106,106,7.6190083025792665
11057,LT_Pump_Hydro_Closed,2050,1,107,107,7.551644072442087
11058,LT_Pump_Hydro_Closed,2050,1,108,108,7.59762284057955
11059,LT_Pump_Hydro_Closed,2050,1,109,109,7.491772238109798
11060,LT_Pump_Hydro_Closed,2050,1,110,110,7.352096358679516
11061,LT_Pump_Hydro_Closed,2050,1,111,111,7.238816928082378
11062,LT_Pump_Hydro_Closed,2050,1,112,112,7.142080944167482
11063,LT_Pump_Hydro_Closed,2050,1,113,113,6.948002628673445
11064,LT_Pump_Hydro_Closed,2050,1,114,114,6.846924440102658
11065,LT_Pump_Hydro_Closed,2050,1,115,115,6.8869744175531915
11066,LT_Pump_Hydro_Closed,2050,1,116,116,7.001285548012314
11067,LT_Pump_Hydro_Closed,2050,1,117,117,7.144374106977499
11068,LT_Pump_Hydro_Closed,2050,1,118,118,7.205722038537081
11069,LT_Pump_Hydro_Closed,2050,1,119,119,7.05360719437194
11070,LT_Pump_Hydro_Closed,2050,1,120,120,6.859528878877903
11071,LT_Pump_Hydro_Closed,2050,1,121,121,6.665450563383866
11072,LT_Pump_Hydro_Closed,2050,1,122,122,6.471372247889828
11073,LT_Pump_Hydro_Closed,2050,1,123,123,6.372140758598244
11074,LT_Pump_Hydro_Closed,2050,1,124,124,6.178062443104206
11075,LT_Pump_Hydro_Closed,2050,1,125,125,5.983984127610169
11076,LT_Pump_Hydro_Closed,2050,1,126,126,5.802977883345402
11077,LT_Pump_Hydro_Closed,2050,1,127,127,5.608899567851365
11078,LT_Pump_Hydro_Closed,2050,1,128,128,5.414821252357328
11079,LT_Pump_Hydro_Closed,2050,1,129,129,5.2207429368632905
11080,LT_Pump_Hydro_Closed,2050,1,130,130,5.026664621369253
11081,LT_Pump_Hydro_Closed,2050,1,131,131,4.832586305875216
11082,LT_Pump_Hydro_Closed,2050,1,132,132,4.638507990381179
11083,LT_Pump_Hydro_Closed,2050,1,133,133,4.444429674887141
11084,LT_Pump_Hydro_Closed,2050,1,134,134,4.3626474957445005
11085,LT_Pump_Hydro_Closed,2050,1,135,135,4.302377417241677
11086,LT_Pump_Hydro_Closed,2050,1,136,136,4.156833171554701
11087,LT_Pump_Hydro_Closed,2050,1,137,137,3.9627548560606636
11088,LT_Pump_Hydro_Closed,2050,1,138,138,3.7686765405666263
11089,LT_Pump_Hydro_Closed,2050,1,139,139,3.574598225072589
11090,LT_Pump_Hydro_Closed,2050,1,140,140,3.5762079644601044
11091,LT_Pump_Hydro_Closed,2050,1,141,141,3.6159175823283674
11092,LT_Pump_Hydro_Closed,2050,1,142,142,3.489597253258409
11093,LT_Pump_Hydro_Closed,2050,1,143,143,3.3387388786738206
11094,LT_Pump_Hydro_Closed,2050,1,144,144,3.33626138014297
11095,LT_Pump_Hydro_Closed,2050,1,145,145,3.3858728892040704
11096,LT_Pump_Hydro_Closed,2050,1,146,146,3.2967197813963107
11097,LT_Pump_Hydro_Closed,2050,1,147,147,3.1518372627327413
11098,LT_Pump_Hydro_Closed,2050,1,148,148,2.957758947238704
11099,LT_Pump_Hydro_Closed,2050,1,149,149,2.8162560438151436
11100,LT_Pump_Hydro_Closed,2050,1,150,150,2.6221777283211063
11101,LT_Pump_Hydro_Closed,2050,1,151,151,2.4311264334582416
11102,LT_Pump_Hydro_Closed,2050,1,152,152,2.2370481179642043
11103,LT_Pump_Hydro_Closed,2050,1,153,153,2.042969802470167
11104,LT_Pump_Hydro_Closed,2050,1,154,154,1.8488914869761297
11105,LT_Pump_Hydro_Closed,2050,1,155,155,1.6548131714820924
11106,LT_Pump_Hydro_Closed,2050,1,156,156,1.520688208111771
11107,LT_Pump_Hydro_Closed,2050,1,157,157,1.3266098926177339
11108,LT_Pump_Hydro_Closed,2050,1,158,158,1.1325315771236966
11109,LT_Pump_Hydro_Closed,2050,1,159,159,0.9384532616296594
11110,LT_Pump_Hydro_Closed,2050,1,160,160,0.8352625765984062
11111,LT_Pump_Hydro_Closed,2050,1,161,161,0.641184261104369
11112,LT_Pump_Hydro_Closed,2050,1,162,162,0.5451324415358527
11113,LT_Pump_Hydro_Closed,2050,1,163,163,0.5848567810479032
11114,LT_Pump_Hydro_Closed,2050,1,164,164,0.6488957289307493
11115,LT_Pump_Hydro_Closed,2050,1,165,165,0.4548174134367121
11116,LT_Pump_Hydro_Closed,2050,1,166,166,0.30376765278515216
11117,LT_Pump_Hydro_Closed,2050,1,167,167,0.3255316736337402
11118,LT_Pump_Hydro_Closed,2050,1,168,168,0.24061200768082108
11119,LT_Pump_Hydro_Closed,2050,1,169,169,0.058143608552976116
11120,LT_Pump_Hydro_Closed,2050,1,170,170,0.0
11121,LT_Pump_Hydro_Closed,2050,1,171,171,0.14686396977877467
11122,LT_Pump_Hydro_Closed,2050,1,172,172,0.29372793955754933
11123,LT_Pump_Hydro_Closed,2050,1,173,173,0.42168937731063466
11124,LT_Pump_Hydro_Closed,2050,1,174,174,0.3474673208750057
11125,LT_Pump_Hydro_Closed,2050,1,175,175,0.1533890053809685
11126,LT_Pump_Hydro_Closed,2050,1,176,176,0.02700597561707574
11127,LT_Pump_Hydro_Closed,2050,1,177,177,0.12259849382161492
11128,LT_Pump_Hydro_Closed,2050,1,178,178,0.2694624636003896
11129,LT_Pump_Hydro_Closed,2050,1,179,179,0.4163264333791643
11130,LT_Pump_Hydro_Closed,2050,1,180,180,0.5058064824573055
11131,LT_Pump_Hydro_Closed,2050,1,181,181,0.6132871430017298
11132,LT_Pump_Hydro_Closed,2050,1,182,182,0.6582567676329616
11133,LT_Pump_Hydro_Closed,2050,1,183,183,0.6617445895870228
11134,LT_Pump_Hydro_Closed,2050,1,184,184,0.6946789090805982
11135,LT_Pump_Hydro_Closed,2050,1,185,185,0.7797816816937782
11136,LT_Pump_Hydro_Closed,2050,1,186,186,0.9266456514725528
11137,LT_Pump_Hydro_Closed,2050,1,187,187,0.7325673359785156
11138,LT_Pump_Hydro_Closed,2050,1,188,188,0.5384890204844784
11139,LT_Pump_Hydro_Closed,2050,1,189,189,0.39093983996067827
11140,LT_Pump_Hydro_Closed,2050,1,190,190,0.22070940377606824
11141,LT_Pump_Hydro_Closed,2050,1,191,191,0.026631088282031035
11142,LT_Pump_Hydro_Closed,2050,1,192,192,0.07128193654389686
11143,LT_Pump_Hydro_Closed,2050,1,193,193,0.2145165289383652
11144,LT_Pump_Hydro_Closed,2050,1,194,194,0.36138049871713984
11145,LT_Pump_Hydro_Closed,2050,1,195,195,0.5082444684959145
11146,LT_Pump_Hydro_Closed,2050,1,196,196,0.5980374250813955
11147,LT_Pump_Hydro_Closed,2050,1,197,197,0.6678489533981647
11148,LT_Pump_Hydro_Closed,2050,1,198,198,0.6769925221761098
11149,LT_Pump_Hydro_Closed,2050,1,199,199,0.5282665719955665
11150,LT_Pump_Hydro_Closed,2050,1,200,200,0.5492033803766174
11151,LT_Pump_Hydro_Closed,2050,1,201,201,0.5873239146643747
11152,LT_Pump_Hydro_Closed,2050,1,202,202,0.4896173308296088
11153,LT_Pump_Hydro_Closed,2050,1,203,203,0.4076054239200112
11154,LT_Pump_Hydro_Closed,2050,1,204,204,0.35908672081150894
11155,LT_Pump_Hydro_Closed,2050,1,205,205,0.44035295856612217
11156,LT_Pump_Hydro_Closed,2050,1,206,206,0.30402750045780336
11157,LT_Pump_Hydro_Closed,2050,1,207,207,0.1490234262645367
11158,LT_Pump_Hydro_Closed,2050,1,208,208,0.19825563012394926
11159,LT_Pump_Hydro_Closed,2050,1,209,209,0.2523312816886606
11160,LT_Pump_Hydro_Closed,2050,1,210,210,0.13066266489764006
11161,LT_Pump_Hydro_Closed,2050,1,211,211,0.05009038757777258
11162,LT_Pump_Hydro_Closed,2050,1,212,212,0.0
11163,LT_Pump_Hydro_Closed,2050,1,213,213,0.10587508997992572
11164,LT_Pump_Hydro_Closed,2050,1,214,214,0.25273905975870037
11165,LT_Pump_Hydro_Closed,2050,1,215,215,0.39271983398399696
11166,LT_Pump_Hydro_Closed,2050,1,216,216,0.4784586186735517
11167,LT_Pump_Hydro_Closed,2050,1,217,217,0.5503103770175776
11168,LT_Pump_Hydro_Closed,2050,1,218,218,0.6971743467963523
11169,LT_Pump_Hydro_Closed,2050,1,219,219,0.844038316575127
11170,LT_Pump_Hydro_Closed,2050,1,220,220,0.9909022863539017
11171,LT_Pump_Hydro_Closed,2050,1,221,221,1.1377662561326762
11172,LT_Pump_Hydro_Closed,2050,1,222,222,1.2846302259114508
11173,LT_Pump_Hydro_Closed,2050,1,223,223,1.4314941956902254
11174,LT_Pump_Hydro_Closed,2050,1,224,224,1.578358165469
11175,LT_Pump_Hydro_Closed,2050,1,225,225,1.6281865078400442
11176,LT_Pump_Hydro_Closed,2050,1,226,226,1.6646050719438186
11177,LT_Pump_Hydro_Closed,2050,1,227,227,1.7094333685684555
11178,LT_Pump_Hydro_Closed,2050,1,228,228,1.6569894489523458
11179,LT_Pump_Hydro_Closed,2050,1,229,229,1.4961040782430235
11180,LT_Pump_Hydro_Closed,2050,1,230,230,1.3716765376131095
11181,LT_Pump_Hydro_Closed,2050,1,231,231,1.4656734320079787
11182,LT_Pump_Hydro_Closed,2050,1,232,232,1.6125374017867533
11183,LT_Pump_Hydro_Closed,2050,1,233,233,1.759401371565528
11184,LT_Pump_Hydro_Closed,2050,1,234,234,1.893614923720342
11185,LT_Pump_Hydro_Closed,2050,1,235,235,1.913150278298211
11186,LT_Pump_Hydro_Closed,2050,1,236,236,1.805513590626247
11187,LT_Pump_Hydro_Closed,2050,1,237,237,1.6781424445742263
11188,LT_Pump_Hydro_Closed,2050,1,238,238,1.6015753686308116
11189,LT_Pump_Hydro_Closed,2050,1,239,239,1.5132659186581474
11190,LT_Pump_Hydro_Closed,2050,1,240,240,1.4175761883329008
11191,LT_Pump_Hydro_Closed,2050,1,241,241,1.3452981402839101
11192,LT_Pump_Hydro_Closed,2050,1,242,242,1.4921621100626847
11193,LT_Pump_Hydro_Closed,2050,1,243,243,1.6390260798414593
11194,LT_Pump_Hydro_Closed,2050,1,244,244,1.5905752408003258
11195,LT_Pump_Hydro_Closed,2050,1,245,245,1.4549391213265261
11196,LT_Pump_Hydro_Closed,2050,1,246,246,1.6018030911053007
11197,LT_Pump_Hydro_Closed,2050,1,247,247,1.7486670608840753
11198,LT_Pump_Hydro_Closed,2050,1,248,248,1.6724668697989795
11199,LT_Pump_Hydro_Closed,2050,1,249,249,1.6190471393562529
11200,LT_Pump_Hydro_Closed,2050,1,250,250,1.51323760538825
11201,LT_Pump_Hydro_Closed,2050,1,251,251,1.4311223055811817
11202,LT_Pump_Hydro_Closed,2050,1,252,252,1.5779862753599563
11203,LT_Pump_Hydro_Closed,2050,1,253,253,1.7248502451387309
11204,LT_Pump_Hydro_Closed,2050,1,254,254,1.787131774689957
11205,LT_Pump_Hydro_Closed,2050,1,255,255,1.710692313548135
11206,LT_Pump_Hydro_Closed,2050,1,256,256,1.6770756150608488
11207,LT_Pump_Hydro_Closed,2050,1,257,257,1.6000275956418246
11208,LT_Pump_Hydro_Closed,2050,1,258,258,1.5241314928176557
11209,LT_Pump_Hydro_Closed,2050,1,259,259,1.6272004573584333
11210,LT_Pump_Hydro_Closed,2050,1,260,260,1.5848767154528351
11211,LT_Pump_Hydro_Closed,2050,1,261,261,1.4626448072994755
11212,LT_Pump_Hydro_Closed,2050,1,262,262,1.4856132470364578
11213,LT_Pump_Hydro_Closed,2050,1,263,263,1.6324772168152324
11214,LT_Pump_Hydro_Closed,2050,1,264,264,1.779341186594007
11215,LT_Pump_Hydro_Closed,2050,1,265,265,1.8910242393264616
11216,LT_Pump_Hydro_Closed,2050,1,266,266,2.024454455410208
11217,LT_Pump_Hydro_Closed,2050,1,267,267,2.1278139258613864
11218,LT_Pump_Hydro_Closed,2050,1,268,268,2.25779914607806
11219,LT_Pump_Hydro_Closed,2050,1,269,269,2.404663115856835
11220,LT_Pump_Hydro_Closed,2050,1,270,270,2.5207803688313177
11221,LT_Pump_Hydro_Closed,2050,1,271,271,2.6186823053688317
11222,LT_Pump_Hydro_Closed,2050,1,272,272,2.734740628370667
11223,LT_Pump_Hydro_Closed,2050,1,273,273,2.8047196589150643
11224,LT_Pump_Hydro_Closed,2050,1,274,274,2.687465989139308
11225,LT_Pump_Hydro_Closed,2050,1,275,275,2.539882801416307
11226,LT_Pump_Hydro_Closed,2050,1,276,276,2.686746771195082
11227,LT_Pump_Hydro_Closed,2050,1,277,277,2.8336107409738567
11228,LT_Pump_Hydro_Closed,2050,1,278,278,2.9606489848719337
11229,LT_Pump_Hydro_Closed,2050,1,279,279,2.8460705105511703
11230,LT_Pump_Hydro_Closed,2050,1,280,280,2.77089007308482
11231,LT_Pump_Hydro_Closed,2050,1,281,281,2.8791522433376264
11232,LT_Pump_Hydro_Closed,2050,1,282,282,3.0260162131164012
11233,LT_Pump_Hydro_Closed,2050,1,283,283,3.172880182895176
11234,LT_Pump_Hydro_Closed,2050,1,284,284,3.286470850206611
11235,LT_Pump_Hydro_Closed,2050,1,285,285,3.408414534561539
11236,LT_Pump_Hydro_Closed,2050,1,286,286,3.4574248480183485
11237,LT_Pump_Hydro_Closed,2050,1,287,287,3.5018751557421526
11238,LT_Pump_Hydro_Closed,2050,1,288,288,3.4232266932594824
11239,LT_Pump_Hydro_Closed,2050,1,289,289,3.3722914601801195
11240,LT_Pump_Hydro_Closed,2050,1,290,290,3.5191554299588943
11241,LT_Pump_Hydro_Closed,2050,1,291,291,3.666019399737669
11242,LT_Pump_Hydro_Closed,2050,1,292,292,3.812883369516444
11243,LT_Pump_Hydro_Closed,2050,1,293,293,3.9597473392952187
11244,LT_Pump_Hydro_Closed,2050,1,294,294,4.0677840089371715
11245,LT_Pump_Hydro_Closed,2050,1,295,295,4.001251296029132
11246,LT_Pump_Hydro_Closed,2050,1,296,296,3.894975616607689
11247,LT_Pump_Hydro_Closed,2050,1,297,297,3.9928204760265666
11248,LT_Pump_Hydro_Closed,2050,1,298,298,3.8959479192238966
11249,LT_Pump_Hydro_Closed,2050,1,299,299,3.963644419159729
11250,LT_Pump_Hydro_Closed,2050,1,300,300,4.043977333403594
11251,LT_Pump_Hydro_Closed,2050,1,301,301,4.087546494723837
11252,LT_Pump_Hydro_Closed,2050,1,302,302,4.212133620948237
11253,LT_Pump_Hydro_Closed,2050,1,303,303,4.327180479217982
11254,LT_Pump_Hydro_Closed,2050,1,304,304,4.352796558218117
11255,LT_Pump_Hydro_Closed,2050,1,305,305,4.286693071739258
11256,LT_Pump_Hydro_Closed,2050,1,306,306,4.257656865673452
11257,LT_Pump_Hydro_Closed,2050,1,307,307,4.3984986095964285
11258,LT_Pump_Hydro_Closed,2050,1,308,308,4.545362579375203
11259,LT_Pump_Hydro_Closed,2050,1,309,309,4.6897062929132876
11260,LT_Pump_Hydro_Closed,2050,1,310,310,4.791550012886878
11261,LT_Pump_Hydro_Closed,2050,1,311,311,4.791574235786338
11262,LT_Pump_Hydro_Closed,2050,1,312,312,4.743903853420261
11263,LT_Pump_Hydro_Closed,2050,1,313,313,4.741075118574499
11264,LT_Pump_Hydro_Closed,2050,1,314,314,4.727837136869097
11265,LT_Pump_Hydro_Closed,2050,1,315,315,4.686150643356663
11266,LT_Pump_Hydro_Closed,2050,1,316,316,4.646765703476549
11267,LT_Pump_Hydro_Closed,2050,1,317,317,4.625711575659839
11268,LT_Pump_Hydro_Closed,2050,1,318,318,4.622882840814077
11269,LT_Pump_Hydro_Closed,2050,1,319,319,4.674503447207475
11270,LT_Pump_Hydro_Closed,2050,1,320,320,4.7002314058358285
11271,LT_Pump_Hydro_Closed,2050,1,321,321,4.698289913404183
11272,LT_Pump_Hydro_Closed,2050,1,322,322,4.68811762296965
11273,LT_Pump_Hydro_Closed,2050,1,323,323,4.685288888123888
11274,LT_Pump_Hydro_Closed,2050,1,324,324,4.72001231400078
11275,LT_Pump_Hydro_Closed,2050,1,325,325,4.757778076147354
11276,LT_Pump_Hydro_Closed,2050,1,326,326,4.808188476553591
11277,LT_Pump_Hydro_Closed,2050,1,327,327,4.934267751744099
11278,LT_Pump_Hydro_Closed,2050,1,328,328,4.920269249733186
11279,LT_Pump_Hydro_Closed,2050,1,329,329,4.922167866646148
11280,LT_Pump_Hydro_Closed,2050,1,330,330,4.979859334827358
11281,LT_Pump_Hydro_Closed,2050,1,331,331,4.977030599981596
11282,LT_Pump_Hydro_Closed,2050,1,332,332,4.974201865135834
11283,LT_Pump_Hydro_Closed,2050,1,333,333,4.971373130290072
11284,LT_Pump_Hydro_Closed,2050,1,334,334,4.96854439544431
11285,LT_Pump_Hydro_Closed,2050,1,335,335,4.965715660598548
11286,LT_Pump_Hydro_Closed,2050,1,336,336,4.965215533494159
11287,LT_Pump_Hydro_Closed,2050,1,337,337,4.974687580953045
11288,LT_Pump_Hydro_Closed,2050,1,338,338,4.971858846107283
11289,LT_Pump_Hydro_Closed,2050,1,339,339,4.969030111261521
11290,LT_Pump_Hydro_Closed,2050,1,340,340,4.966201376415759
11291,LT_Pump_Hydro_Closed,2050,1,341,341,4.963372641569997
11292,LT_Pump_Hydro_Closed,2050,1,342,342,4.970934177615607
11293,LT_Pump_Hydro_Closed,2050,1,343,343,4.968105442769845
11294,LT_Pump_Hydro_Closed,2050,1,344,344,4.965276707924083
11295,LT_Pump_Hydro_Closed,2050,1,345,345,4.962447973078321
11296,LT_Pump_Hydro_Closed,2050,1,346,346,4.96459037241158
11297,LT_Pump_Hydro_Closed,2050,1,347,347,5.045334135141688
11298,LT_Pump_Hydro_Closed,2050,1,348,348,5.1421850526268615
11299,LT_Pump_Hydro_Closed,2050,1,349,349,5.243436747704395
11300,LT_Pump_Hydro_Closed,2050,1,350,350,5.260859332542754
11301,LT_Pump_Hydro_Closed,2050,1,351,351,5.258030597696992
11302,LT_Pump_Hydro_Closed,2050,1,352,352,5.25520186285123
11303,LT_Pump_Hydro_Closed,2050,1,353,353,5.252373128005468
11304,LT_Pump_Hydro_Closed,2050,1,354,354,5.249544393159706
11305,LT_Pump_Hydro_Closed,2050,1,355,355,5.246715658313944
11306,LT_Pump_Hydro_Closed,2050,1,356,356,5.243886923468182
11307,LT_Pump_Hydro_Closed,2050,1,357,357,5.24105818862242
11308,LT_Pump_Hydro_Closed,2050,1,358,358,5.238229453776658
11309,LT_Pump_Hydro_Closed,2050,1,359,359,5.2354007189308955
11310,LT_Pump_Hydro_Closed,2050,1,360,360,5.2341517887201086
11311,LT_Pump_Hydro_Closed,2050,1,361,361,5.258758455689157
11312,LT_Pump_Hydro_Closed,2050,1,362,362,5.288316111862581
11313,LT_Pump_Hydro_Closed,2050,1,363,363,5.305657469691524
11314,LT_Pump_Hydro_Closed,2050,1,364,364,5.302828734845762
11315,LT_Pump_Hydro_Closed,2050,1,365,365,5.3
11316,LU_Pump_Hydro_Closed,2050,1,1,1,2.540661699002406
11317,LU_Pump_Hydro_Closed,2050,1,2,2,2.581323398004811
11318,LU_Pump_Hydro_Closed,2050,1,3,3,2.621985097007217
11319,LU_Pump_Hydro_Closed,2050,1,4,4,2.6626467960096227
11320,LU_Pump_Hydro_Closed,2050,1,5,5,2.6986741259174014
11321,LU_Pump_Hydro_Closed,2050,1,6,6,2.724881975946263
11322,LU_Pump_Hydro_Closed,2050,1,7,7,2.7655436749486686
11323,LU_Pump_Hydro_Closed,2050,1,8,8,2.806205373951074
11324,LU_Pump_Hydro_Closed,2050,1,9,9,2.8468670729534797
11325,LU_Pump_Hydro_Closed,2050,1,10,10,2.8875287719558855
11326,LU_Pump_Hydro_Closed,2050,1,11,11,2.9281904709582913
11327,LU_Pump_Hydro_Closed,2050,1,12,12,2.9688521699606967
11328,LU_Pump_Hydro_Closed,2050,1,13,13,3.0095138689631025
11329,LU_Pump_Hydro_Closed,2050,1,14,14,3.0501755679655083
11330,LU_Pump_Hydro_Closed,2050,1,15,15,3.090837266967914
11331,LU_Pump_Hydro_Closed,2050,1,16,16,3.1314989659703194
11332,LU_Pump_Hydro_Closed,2050,1,17,17,3.172160664972725
11333,LU_Pump_Hydro_Closed,2050,1,18,18,3.193222790389788
11334,LU_Pump_Hydro_Closed,2050,1,19,19,3.193222790389788
11335,LU_Pump_Hydro_Closed,2050,1,20,20,3.205145984012956
11336,LU_Pump_Hydro_Closed,2050,1,21,21,3.2171072709481123
11337,LU_Pump_Hydro_Closed,2050,1,22,22,3.2171072709481123
11338,LU_Pump_Hydro_Closed,2050,1,23,23,3.2288592351574255
11339,LU_Pump_Hydro_Closed,2050,1,24,24,3.266224561196813
11340,LU_Pump_Hydro_Closed,2050,1,25,25,3.2821575672003553
11341,LU_Pump_Hydro_Closed,2050,1,26,26,3.3173621355291463
11342,LU_Pump_Hydro_Closed,2050,1,27,27,3.3447027615461296
11343,LU_Pump_Hydro_Closed,2050,1,28,28,3.3853644605485353
11344,LU_Pump_Hydro_Closed,2050,1,29,29,3.4260261595509407
11345,LU_Pump_Hydro_Closed,2050,1,30,30,3.4666878585533465
11346,LU_Pump_Hydro_Closed,2050,1,31,31,3.494163373671255
11347,LU_Pump_Hydro_Closed,2050,1,32,32,3.534318202560031
11348,LU_Pump_Hydro_Closed,2050,1,33,33,3.5593854581447544
11349,LU_Pump_Hydro_Closed,2050,1,34,34,3.568765050129223
11350,LU_Pump_Hydro_Closed,2050,1,35,35,3.57115884790784
11351,LU_Pump_Hydro_Closed,2050,1,36,36,3.581954522068279
11352,LU_Pump_Hydro_Closed,2050,1,37,37,3.6226162210706843
11353,LU_Pump_Hydro_Closed,2050,1,38,38,3.66327792007309
11354,LU_Pump_Hydro_Closed,2050,1,39,39,3.703939619075496
11355,LU_Pump_Hydro_Closed,2050,1,40,40,3.738276931019465
11356,LU_Pump_Hydro_Closed,2050,1,41,41,3.7615448099872815
11357,LU_Pump_Hydro_Closed,2050,1,42,42,3.7700012286717053
11358,LU_Pump_Hydro_Closed,2050,1,43,43,3.783238130619211
11359,LU_Pump_Hydro_Closed,2050,1,44,44,3.800477516097815
11360,LU_Pump_Hydro_Closed,2050,1,45,45,3.8123912746917967
11361,LU_Pump_Hydro_Closed,2050,1,46,46,3.839047367850756
11362,LU_Pump_Hydro_Closed,2050,1,47,47,3.8670187578701163
11363,LU_Pump_Hydro_Closed,2050,1,48,48,3.9016783049310853
11364,LU_Pump_Hydro_Closed,2050,1,49,49,3.9372844300671908
11365,LU_Pump_Hydro_Closed,2050,1,50,50,3.9779461290695965
11366,LU_Pump_Hydro_Closed,2050,1,51,51,4.007758201279157
11367,LU_Pump_Hydro_Closed,2050,1,52,52,4.038125408924903
11368,LU_Pump_Hydro_Closed,2050,1,53,53,4.070581791592561
11369,LU_Pump_Hydro_Closed,2050,1,54,54,4.111243490594966
11370,LU_Pump_Hydro_Closed,2050,1,55,55,4.147719003802409
11371,LU_Pump_Hydro_Closed,2050,1,56,56,4.160960013025489
11372,LU_Pump_Hydro_Closed,2050,1,57,57,4.180481362726035
11373,LU_Pump_Hydro_Closed,2050,1,58,58,4.194147448521358
11374,LU_Pump_Hydro_Closed,2050,1,59,59,4.215519539712543
11375,LU_Pump_Hydro_Closed,2050,1,60,60,4.256181238714948
11376,LU_Pump_Hydro_Closed,2050,1,61,61,4.296842937717353
11377,LU_Pump_Hydro_Closed,2050,1,62,62,4.336093973225218
11378,LU_Pump_Hydro_Closed,2050,1,63,63,4.361218494894511
11379,LU_Pump_Hydro_Closed,2050,1,64,64,4.378027075031384
11380,LU_Pump_Hydro_Closed,2050,1,65,65,4.416095730073286
11381,LU_Pump_Hydro_Closed,2050,1,66,66,4.456757429075691
11382,LU_Pump_Hydro_Closed,2050,1,67,67,4.492605754797269
11383,LU_Pump_Hydro_Closed,2050,1,68,68,4.512158990417492
11384,LU_Pump_Hydro_Closed,2050,1,69,69,4.507342711493524
11385,LU_Pump_Hydro_Closed,2050,1,70,70,4.517281297804293
11386,LU_Pump_Hydro_Closed,2050,1,71,71,4.5428060288932866
11387,LU_Pump_Hydro_Closed,2050,1,72,72,4.557225037831418
11388,LU_Pump_Hydro_Closed,2050,1,73,73,4.5783342576859525
11389,LU_Pump_Hydro_Closed,2050,1,74,74,4.608310201004738
11390,LU_Pump_Hydro_Closed,2050,1,75,75,4.620516855839851
11391,LU_Pump_Hydro_Closed,2050,1,76,76,4.606393567951208
11392,LU_Pump_Hydro_Closed,2050,1,77,77,4.612729748707319
11393,LU_Pump_Hydro_Closed,2050,1,78,78,4.618623543374045
11394,LU_Pump_Hydro_Closed,2050,1,79,79,4.625264105214306
11395,LU_Pump_Hydro_Closed,2050,1,80,80,4.655429542527259
11396,LU_Pump_Hydro_Closed,2050,1,81,81,4.676016444321597
11397,LU_Pump_Hydro_Closed,2050,1,82,82,4.684458068369761
11398,LU_Pump_Hydro_Closed,2050,1,83,83,4.690965427583667
11399,LU_Pump_Hydro_Closed,2050,1,84,84,4.704232708431388
11400,LU_Pump_Hydro_Closed,2050,1,85,85,4.742355010659766
11401,LU_Pump_Hydro_Closed,2050,1,86,86,4.768325888915518
11402,LU_Pump_Hydro_Closed,2050,1,87,87,4.79522407549593
11403,LU_Pump_Hydro_Closed,2050,1,88,88,4.835885774498335
11404,LU_Pump_Hydro_Closed,2050,1,89,89,4.87654747350074
11405,LU_Pump_Hydro_Closed,2050,1,90,90,4.917209172503146
11406,LU_Pump_Hydro_Closed,2050,1,91,91,4.956811471892441
11407,LU_Pump_Hydro_Closed,2050,1,92,92,4.9757853681963455
11408,LU_Pump_Hydro_Closed,2050,1,93,93,4.982422330481362
11409,LU_Pump_Hydro_Closed,2050,1,94,94,4.99026915899855
11410,LU_Pump_Hydro_Closed,2050,1,95,95,4.99428529495494
11411,LU_Pump_Hydro_Closed,2050,1,96,96,5.0
11412,LU_Pump_Hydro_Closed,2050,1,97,97,4.9829451844847314
11413,LU_Pump_Hydro_Closed,2050,1,98,98,4.960628015456459
11414,LU_Pump_Hydro_Closed,2050,1,99,99,4.931442841969734
11415,LU_Pump_Hydro_Closed,2050,1,100,100,4.910138994755977
11416,LU_Pump_Hydro_Closed,2050,1,101,101,4.924585625631479
11417,LU_Pump_Hydro_Closed,2050,1,102,102,4.925114157061773
11418,LU_Pump_Hydro_Closed,2050,1,103,103,4.9099246496293505
11419,LU_Pump_Hydro_Closed,2050,1,104,104,4.901811476219445
11420,LU_Pump_Hydro_Closed,2050,1,105,105,4.876281352181239
11421,LU_Pump_Hydro_Closed,2050,1,106,106,4.847308303168305
11422,LU_Pump_Hydro_Closed,2050,1,107,107,4.836908392769649
11423,LU_Pump_Hydro_Closed,2050,1,108,108,4.84338875903245
11424,LU_Pump_Hydro_Closed,2050,1,109,109,4.815392070400928
11425,LU_Pump_Hydro_Closed,2050,1,110,110,4.786848984131032
11426,LU_Pump_Hydro_Closed,2050,1,111,111,4.754561504642654
11427,LU_Pump_Hydro_Closed,2050,1,112,112,4.7210539006439305
11428,LU_Pump_Hydro_Closed,2050,1,113,113,4.664999031665577
11429,LU_Pump_Hydro_Closed,2050,1,114,114,4.624234462995622
11430,LU_Pump_Hydro_Closed,2050,1,115,115,4.615298353270724
11431,LU_Pump_Hydro_Closed,2050,1,116,116,4.609946288649358
11432,LU_Pump_Hydro_Closed,2050,1,117,117,4.609325567290827
11433,LU_Pump_Hydro_Closed,2050,1,118,118,4.599589340890464
11434,LU_Pump_Hydro_Closed,2050,1,119,119,4.564755762509101
11435,LU_Pump_Hydro_Closed,2050,1,120,120,4.508700893530747
11436,LU_Pump_Hydro_Closed,2050,1,121,121,4.4526460245523936
11437,LU_Pump_Hydro_Closed,2050,1,122,122,4.39659115557404
11438,LU_Pump_Hydro_Closed,2050,1,123,123,4.35613020570002
11439,LU_Pump_Hydro_Closed,2050,1,124,124,4.300075336721666
11440,LU_Pump_Hydro_Closed,2050,1,125,125,4.244020467743312
11441,LU_Pump_Hydro_Closed,2050,1,126,126,4.194576258309463
11442,LU_Pump_Hydro_Closed,2050,1,127,127,4.1385213893311095
11443,LU_Pump_Hydro_Closed,2050,1,128,128,4.082466520352756
11444,LU_Pump_Hydro_Closed,2050,1,129,129,4.026411651374402
11445,LU_Pump_Hydro_Closed,2050,1,130,130,3.9703567823960477
11446,LU_Pump_Hydro_Closed,2050,1,131,131,3.9143019134176935
11447,LU_Pump_Hydro_Closed,2050,1,132,132,3.8582470444393393
11448,LU_Pump_Hydro_Closed,2050,1,133,133,3.802192175460985
11449,LU_Pump_Hydro_Closed,2050,1,134,134,3.7646000947076703
11450,LU_Pump_Hydro_Closed,2050,1,135,135,3.730544852988121
11451,LU_Pump_Hydro_Closed,2050,1,136,136,3.6824695484156433
11452,LU_Pump_Hydro_Closed,2050,1,137,137,3.626414679437289
11453,LU_Pump_Hydro_Closed,2050,1,138,138,3.570359810458935
11454,LU_Pump_Hydro_Closed,2050,1,139,139,3.5143049414805807
11455,LU_Pump_Hydro_Closed,2050,1,140,140,3.490423460054425
11456,LU_Pump_Hydro_Closed,2050,1,141,141,3.472806040871592
11457,LU_Pump_Hydro_Closed,2050,1,142,142,3.4278913713208325
11458,LU_Pump_Hydro_Closed,2050,1,143,143,3.3789423622770793
11459,LU_Pump_Hydro_Closed,2050,1,144,144,3.354388891497025
11460,LU_Pump_Hydro_Closed,2050,1,145,145,3.338399458156453
11461,LU_Pump_Hydro_Closed,2050,1,146,146,3.2995955111770368
11462,LU_Pump_Hydro_Closed,2050,1,147,147,3.2516290022077996
11463,LU_Pump_Hydro_Closed,2050,1,148,148,3.1955741332294454
11464,LU_Pump_Hydro_Closed,2050,1,149,149,3.148163272232487
11465,LU_Pump_Hydro_Closed,2050,1,150,150,3.092108403254133
11466,LU_Pump_Hydro_Closed,2050,1,151,151,3.0375843248043735
11467,LU_Pump_Hydro_Closed,2050,1,152,152,2.9815294558260192
11468,LU_Pump_Hydro_Closed,2050,1,153,153,2.925474586847665
11469,LU_Pump_Hydro_Closed,2050,1,154,154,2.869419717869311
11470,LU_Pump_Hydro_Closed,2050,1,155,155,2.8133648488909566
11471,LU_Pump_Hydro_Closed,2050,1,156,156,2.7671670068736876
11472,LU_Pump_Hydro_Closed,2050,1,157,157,2.7111121378953333
11473,LU_Pump_Hydro_Closed,2050,1,158,158,2.655057268916979
11474,LU_Pump_Hydro_Closed,2050,1,159,159,2.599002399938625
11475,LU_Pump_Hydro_Closed,2050,1,160,160,2.557890512331056
11476,LU_Pump_Hydro_Closed,2050,1,161,161,2.5018356433527016
11477,LU_Pump_Hydro_Closed,2050,1,162,162,2.4618974680872303
11478,LU_Pump_Hydro_Closed,2050,1,163,163,2.4442824693135083
11479,LU_Pump_Hydro_Closed,2050,1,164,164,2.4306650743729232
11480,LU_Pump_Hydro_Closed,2050,1,165,165,2.374610205394569
11481,LU_Pump_Hydro_Closed,2050,1,166,166,2.3256297302600086
11482,LU_Pump_Hydro_Closed,2050,1,167,167,2.3050618466345756
11483,LU_Pump_Hydro_Closed,2050,1,168,168,2.266953926633188
11484,LU_Pump_Hydro_Closed,2050,1,169,169,2.2167702928317983
11485,LU_Pump_Hydro_Closed,2050,1,170,170,2.1830646674537064
11486,LU_Pump_Hydro_Closed,2050,1,171,171,2.1830646674537064
11487,LU_Pump_Hydro_Closed,2050,1,172,172,2.1830646674537064
11488,LU_Pump_Hydro_Closed,2050,1,173,173,2.1799568717890785
11489,LU_Pump_Hydro_Closed,2050,1,174,174,2.143607762958307
11490,LU_Pump_Hydro_Closed,2050,1,175,175,2.087552893979953
11491,LU_Pump_Hydro_Closed,2050,1,176,176,2.04262791570735
11492,LU_Pump_Hydro_Closed,2050,1,177,177,2.034198293966462
11493,LU_Pump_Hydro_Closed,2050,1,178,178,2.034198293966462
11494,LU_Pump_Hydro_Closed,2050,1,179,179,2.034198293966462
11495,LU_Pump_Hydro_Closed,2050,1,180,180,2.0247637113544386
11496,LU_Pump_Hydro_Closed,2050,1,181,181,2.0182886381985847
11497,LU_Pump_Hydro_Closed,2050,1,182,182,2.001536025179902
11498,LU_Pump_Hydro_Closed,2050,1,183,183,1.9779633223263837
11499,LU_Pump_Hydro_Closed,2050,1,184,184,1.959231965450611
11500,LU_Pump_Hydro_Closed,2050,1,185,185,1.9490777077811832
11501,LU_Pump_Hydro_Closed,2050,1,186,186,1.9490777077811832
11502,LU_Pump_Hydro_Closed,2050,1,187,187,1.8930228388028292
11503,LU_Pump_Hydro_Closed,2050,1,188,188,1.8369679698244752
11504,LU_Pump_Hydro_Closed,2050,1,189,189,1.8044432870571487
11505,LU_Pump_Hydro_Closed,2050,1,190,190,1.7604484970217604
11506,LU_Pump_Hydro_Closed,2050,1,191,191,1.7043936280434064
11507,LU_Pump_Hydro_Closed,2050,1,192,192,1.687588604489598
11508,LU_Pump_Hydro_Closed,2050,1,193,193,1.686991892721835
11509,LU_Pump_Hydro_Closed,2050,1,194,194,1.686991892721835
11510,LU_Pump_Hydro_Closed,2050,1,195,195,1.686991892721835
11511,LU_Pump_Hydro_Closed,2050,1,196,196,1.6776087557359016
11512,LU_Pump_Hydro_Closed,2050,1,197,197,1.6649404400203578
11513,LU_Pump_Hydro_Closed,2050,1,198,198,1.6422976075903157
11514,LU_Pump_Hydro_Closed,2050,1,199,199,1.5936991938694025
11515,LU_Pump_Hydro_Closed,2050,1,200,200,1.5729953069129425
11516,LU_Pump_Hydro_Closed,2050,1,201,201,1.5551166239451564
11517,LU_Pump_Hydro_Closed,2050,1,202,202,1.5149063862276473
11518,LU_Pump_Hydro_Closed,2050,1,203,203,1.4772765355630202
11519,LU_Pump_Hydro_Closed,2050,1,204,204,1.4451533563552157
11520,LU_Pump_Hydro_Closed,2050,1,205,205,1.4343683278248025
11521,LU_Pump_Hydro_Closed,2050,1,206,206,1.3959860618511195
11522,LU_Pump_Hydro_Closed,2050,1,207,207,1.3596913748415451
11523,LU_Pump_Hydro_Closed,2050,1,208,208,1.358488806494508
11524,LU_Pump_Hydro_Closed,2050,1,209,209,1.3467222459552342
11525,LU_Pump_Hydro_Closed,2050,1,210,210,1.3057450601913172
11526,LU_Pump_Hydro_Closed,2050,1,211,211,1.2683519013408635
11527,LU_Pump_Hydro_Closed,2050,1,212,212,1.2359703189639428
11528,LU_Pump_Hydro_Closed,2050,1,213,213,1.2292312713716047
11529,LU_Pump_Hydro_Closed,2050,1,214,214,1.2292312713716047
11530,LU_Pump_Hydro_Closed,2050,1,215,215,1.2280995941301212
11531,LU_Pump_Hydro_Closed,2050,1,216,216,1.2180499042281714
11532,LU_Pump_Hydro_Closed,2050,1,217,217,1.2057170260098333
11533,LU_Pump_Hydro_Closed,2050,1,218,218,1.2057170260098333
11534,LU_Pump_Hydro_Closed,2050,1,219,219,1.2057170260098333
11535,LU_Pump_Hydro_Closed,2050,1,220,220,1.2057170260098333
11536,LU_Pump_Hydro_Closed,2050,1,221,221,1.2057170260098333
11537,LU_Pump_Hydro_Closed,2050,1,222,222,1.2057170260098333
11538,LU_Pump_Hydro_Closed,2050,1,223,223,1.2057170260098333
11539,LU_Pump_Hydro_Closed,2050,1,224,224,1.2057170260098333
11540,LU_Pump_Hydro_Closed,2050,1,225,225,1.189763242582177
11541,LU_Pump_Hydro_Closed,2050,1,226,226,1.1716047359615638
11542,LU_Pump_Hydro_Closed,2050,1,227,227,1.1548288869782184
11543,LU_Pump_Hydro_Closed,2050,1,228,228,1.1220603566170082
11544,LU_Pump_Hydro_Closed,2050,1,229,229,1.0724203387491253
11545,LU_Pump_Hydro_Closed,2050,1,230,230,1.0278168655872955
11546,LU_Pump_Hydro_Closed,2050,1,231,231,1.019124904771868
11547,LU_Pump_Hydro_Closed,2050,1,232,232,1.019124904771868
11548,LU_Pump_Hydro_Closed,2050,1,233,233,1.019124904771868
11549,LU_Pump_Hydro_Closed,2050,1,234,234,1.0170450292824866
11550,LU_Pump_Hydro_Closed,2050,1,235,235,1.0090558647552799
11551,LU_Pump_Hydro_Closed,2050,1,236,236,0.9798743149531637
11552,LU_Pump_Hydro_Closed,2050,1,237,237,0.9575538388360836
11553,LU_Pump_Hydro_Closed,2050,1,238,238,0.9323274026531192
11554,LU_Pump_Hydro_Closed,2050,1,239,239,0.909728767476004
11555,LU_Pump_Hydro_Closed,2050,1,240,240,0.8781184997273237
11556,LU_Pump_Hydro_Closed,2050,1,241,241,0.8420890084392063
11557,LU_Pump_Hydro_Closed,2050,1,242,242,0.8420890084392063
11558,LU_Pump_Hydro_Closed,2050,1,243,243,0.8420890084392063
11559,LU_Pump_Hydro_Closed,2050,1,244,244,0.8144145800112139
11560,LU_Pump_Hydro_Closed,2050,1,245,245,0.7697919286487114
11561,LU_Pump_Hydro_Closed,2050,1,246,246,0.7697919286487114
11562,LU_Pump_Hydro_Closed,2050,1,247,247,0.7697919286487114
11563,LU_Pump_Hydro_Closed,2050,1,248,248,0.7548467948526145
11564,LU_Pump_Hydro_Closed,2050,1,249,249,0.7394660674823279
11565,LU_Pump_Hydro_Closed,2050,1,250,250,0.7077106059964127
11566,LU_Pump_Hydro_Closed,2050,1,251,251,0.6700637563393714
11567,LU_Pump_Hydro_Closed,2050,1,252,252,0.6700637563393714
11568,LU_Pump_Hydro_Closed,2050,1,253,253,0.6700637563393714
11569,LU_Pump_Hydro_Closed,2050,1,254,254,0.6673662973914554
11570,LU_Pump_Hydro_Closed,2050,1,255,255,0.6598084009256544
11571,LU_Pump_Hydro_Closed,2050,1,256,256,0.6476087072329233
11572,LU_Pump_Hydro_Closed,2050,1,257,257,0.6507370717433982
11573,LU_Pump_Hydro_Closed,2050,1,258,258,0.6522243672509975
11574,LU_Pump_Hydro_Closed,2050,1,259,259,0.6641206004392669
11575,LU_Pump_Hydro_Closed,2050,1,260,260,0.6713972811019535
11576,LU_Pump_Hydro_Closed,2050,1,261,261,0.6516757620644671
11577,LU_Pump_Hydro_Closed,2050,1,262,262,0.640954721888296
11578,LU_Pump_Hydro_Closed,2050,1,263,263,0.640954721888296
11579,LU_Pump_Hydro_Closed,2050,1,264,264,0.640954721888296
11580,LU_Pump_Hydro_Closed,2050,1,265,265,0.6427681306156052
11581,LU_Pump_Hydro_Closed,2050,1,266,266,0.6464172012272277
11582,LU_Pump_Hydro_Closed,2050,1,267,267,0.6582345229954866
11583,LU_Pump_Hydro_Closed,2050,1,268,268,0.6554594606576924
11584,LU_Pump_Hydro_Closed,2050,1,269,269,0.6554594606576924
11585,LU_Pump_Hydro_Closed,2050,1,270,270,0.6638113288876383
11586,LU_Pump_Hydro_Closed,2050,1,271,271,0.6771111050069589
11587,LU_Pump_Hydro_Closed,2050,1,272,272,0.6854789806489962
11588,LU_Pump_Hydro_Closed,2050,1,273,273,0.6945344819898205
11589,LU_Pump_Hydro_Closed,2050,1,274,274,0.6773305011808617
11590,LU_Pump_Hydro_Closed,2050,1,275,275,0.644788620678606
11591,LU_Pump_Hydro_Closed,2050,1,276,276,0.644788620678606
11592,LU_Pump_Hydro_Closed,2050,1,277,277,0.644788620678606
11593,LU_Pump_Hydro_Closed,2050,1,278,278,0.6501739712892929
11594,LU_Pump_Hydro_Closed,2050,1,279,279,0.6329313004361419
11595,LU_Pump_Hydro_Closed,2050,1,280,280,0.6210239181523391
11596,LU_Pump_Hydro_Closed,2050,1,281,281,0.6146773342634402
11597,LU_Pump_Hydro_Closed,2050,1,282,282,0.6146773342634402
11598,LU_Pump_Hydro_Closed,2050,1,283,283,0.6146773342634402
11599,LU_Pump_Hydro_Closed,2050,1,284,284,0.623715510259635
11600,LU_Pump_Hydro_Closed,2050,1,285,285,0.6196183260889501
11601,LU_Pump_Hydro_Closed,2050,1,286,286,0.6100476442815665
11602,LU_Pump_Hydro_Closed,2050,1,287,287,0.6005036533353896
11603,LU_Pump_Hydro_Closed,2050,1,288,288,0.5824437341037263
11604,LU_Pump_Hydro_Closed,2050,1,289,289,0.5641875621817358
11605,LU_Pump_Hydro_Closed,2050,1,290,290,0.5641875621817358
11606,LU_Pump_Hydro_Closed,2050,1,291,291,0.5641875621817358
11607,LU_Pump_Hydro_Closed,2050,1,292,292,0.5641875621817358
11608,LU_Pump_Hydro_Closed,2050,1,293,293,0.5641875621817358
11609,LU_Pump_Hydro_Closed,2050,1,294,294,0.5747343954105123
11610,LU_Pump_Hydro_Closed,2050,1,295,295,0.5831804414215731
11611,LU_Pump_Hydro_Closed,2050,1,296,296,0.5715281253367728
11612,LU_Pump_Hydro_Closed,2050,1,297,297,0.582741388576502
11613,LU_Pump_Hydro_Closed,2050,1,298,298,0.5642020302429498
11614,LU_Pump_Hydro_Closed,2050,1,299,299,0.5759838123854846
11615,LU_Pump_Hydro_Closed,2050,1,300,300,0.583941236544685
11616,LU_Pump_Hydro_Closed,2050,1,301,301,0.5855763525626618
11617,LU_Pump_Hydro_Closed,2050,1,302,302,0.5916275112320415
11618,LU_Pump_Hydro_Closed,2050,1,303,303,0.6002701355640099
11619,LU_Pump_Hydro_Closed,2050,1,304,304,0.6198899386458947
11620,LU_Pump_Hydro_Closed,2050,1,305,305,0.6109583218221375
11621,LU_Pump_Hydro_Closed,2050,1,306,306,0.6028895242866836
11622,LU_Pump_Hydro_Closed,2050,1,307,307,0.6045253684361175
11623,LU_Pump_Hydro_Closed,2050,1,308,308,0.6045253684361175
11624,LU_Pump_Hydro_Closed,2050,1,309,309,0.6052099569130571
11625,LU_Pump_Hydro_Closed,2050,1,310,310,0.6174390087642014
11626,LU_Pump_Hydro_Closed,2050,1,311,311,0.6396885329536122
11627,LU_Pump_Hydro_Closed,2050,1,312,312,0.6576734227516945
11628,LU_Pump_Hydro_Closed,2050,1,313,313,0.6983351217541002
11629,LU_Pump_Hydro_Closed,2050,1,314,314,0.7337327745394298
11630,LU_Pump_Hydro_Closed,2050,1,315,315,0.7547437687145304
11631,LU_Pump_Hydro_Closed,2050,1,316,316,0.7670016788306162
11632,LU_Pump_Hydro_Closed,2050,1,317,317,0.7984466388876297
11633,LU_Pump_Hydro_Closed,2050,1,318,318,0.8391083378900354
11634,LU_Pump_Hydro_Closed,2050,1,319,319,0.8649797187543646
11635,LU_Pump_Hydro_Closed,2050,1,320,320,0.8978844353609955
11636,LU_Pump_Hydro_Closed,2050,1,321,321,0.9292500533753874
11637,LU_Pump_Hydro_Closed,2050,1,322,322,0.966198052766456
11638,LU_Pump_Hydro_Closed,2050,1,323,323,1.0068597517688616
11639,LU_Pump_Hydro_Closed,2050,1,324,324,1.0373209893658542
11640,LU_Pump_Hydro_Closed,2050,1,325,325,1.0669558235521244
11641,LU_Pump_Hydro_Closed,2050,1,326,326,1.0931559380825617
11642,LU_Pump_Hydro_Closed,2050,1,327,327,1.0988017776531995
11643,LU_Pump_Hydro_Closed,2050,1,328,328,1.133814828738597
11644,LU_Pump_Hydro_Closed,2050,1,329,329,1.1731924160351326
11645,LU_Pump_Hydro_Closed,2050,1,330,330,1.1974147415542438
11646,LU_Pump_Hydro_Closed,2050,1,331,331,1.2380764405566493
11647,LU_Pump_Hydro_Closed,2050,1,332,332,1.278738139559055
11648,LU_Pump_Hydro_Closed,2050,1,333,333,1.3193998385614605
11649,LU_Pump_Hydro_Closed,2050,1,334,334,1.360061537563866
11650,LU_Pump_Hydro_Closed,2050,1,335,335,1.4007232365662716
11651,LU_Pump_Hydro_Closed,2050,1,336,336,1.4340328063258971
11652,LU_Pump_Hydro_Closed,2050,1,337,337,1.4713531888037585
11653,LU_Pump_Hydro_Closed,2050,1,338,338,1.5120148878061643
11654,LU_Pump_Hydro_Closed,2050,1,339,339,1.5526765868085697
11655,LU_Pump_Hydro_Closed,2050,1,340,340,1.5933382858109755
11656,LU_Pump_Hydro_Closed,2050,1,341,341,1.6339999848133813
11657,LU_Pump_Hydro_Closed,2050,1,342,342,1.6718393280530384
11658,LU_Pump_Hydro_Closed,2050,1,343,343,1.712501027055444
11659,LU_Pump_Hydro_Closed,2050,1,344,344,1.7531627260578495
11660,LU_Pump_Hydro_Closed,2050,1,345,345,1.7938244250602553
11661,LU_Pump_Hydro_Closed,2050,1,346,346,1.8331357926474134
11662,LU_Pump_Hydro_Closed,2050,1,347,347,1.851096320274549
11663,LU_Pump_Hydro_Closed,2050,1,348,348,1.8646815894007545
11664,LU_Pump_Hydro_Closed,2050,1,349,349,1.8770714556228185
11665,LU_Pump_Hydro_Closed,2050,1,350,350,1.9122321980658339
11666,LU_Pump_Hydro_Closed,2050,1,351,351,1.9528938970682395
11667,LU_Pump_Hydro_Closed,2050,1,352,352,1.993555596070645
11668,LU_Pump_Hydro_Closed,2050,1,353,353,2.034217295073051
11669,LU_Pump_Hydro_Closed,2050,1,354,354,2.0748789940754566
11670,LU_Pump_Hydro_Closed,2050,1,355,355,2.115540693077862
11671,LU_Pump_Hydro_Closed,2050,1,356,356,2.1562023920802678
11672,LU_Pump_Hydro_Closed,2050,1,357,357,2.1968640910826736
11673,LU_Pump_Hydro_Closed,2050,1,358,358,2.2375257900850793
11674,LU_Pump_Hydro_Closed,2050,1,359,359,2.2781874890874847
11675,LU_Pump_Hydro_Closed,2050,1,360,360,2.31842005868969
11676,LU_Pump_Hydro_Closed,2050,1,361,361,2.351629356765798
11677,LU_Pump_Hydro_Closed,2050,1,362,362,2.383493795496239
11678,LU_Pump_Hydro_Closed,2050,1,363,363,2.418676601995189
11679,LU_Pump_Hydro_Closed,2050,1,364,364,2.459338300997594
11680,LU_Pump_Hydro_Closed,2050,1,365,365,2.5
11681,NO_Hydro_Reservoir,2050,1,1,1,53525.12311415555
11682,NO_Hydro_Reservoir,2050,1,2,2,53303.806228311085
11683,NO_Hydro_Reservoir,2050,1,3,3,53082.48934246663
11684,NO_Hydro_Reservoir,2050,1,4,4,52861.17245662217
11685,NO_Hydro_Reservoir,2050,1,5,5,52682.878421152185
11686,NO_Hydro_Reservoir,2050,1,6,6,52595.74285945928
11687,NO_Hydro_Reservoir,2050,1,7,7,52374.42597361482
11688,NO_Hydro_Reservoir,2050,1,8,8,52153.10908777037
11689,NO_Hydro_Reservoir,2050,1,9,9,51931.79220192591
11690,NO_Hydro_Reservoir,2050,1,10,10,51710.47531608146
11691,NO_Hydro_Reservoir,2050,1,11,11,51489.158430237
11692,NO_Hydro_Reservoir,2050,1,12,12,51267.84154439255
11693,NO_Hydro_Reservoir,2050,1,13,13,51046.52465854809
11694,NO_Hydro_Reservoir,2050,1,14,14,50825.20777270364
11695,NO_Hydro_Reservoir,2050,1,15,15,50603.89088685918
11696,NO_Hydro_Reservoir,2050,1,16,16,50382.57400101473
11697,NO_Hydro_Reservoir,2050,1,17,17,50161.25711517027
11698,NO_Hydro_Reservoir,2050,1,18,18,50121.89153802567
11699,NO_Hydro_Reservoir,2050,1,19,19,50278.05477006409
11700,NO_Hydro_Reservoir,2050,1,20,20,50323.52984482341
11701,NO_Hydro_Reservoir,2050,1,21,21,50368.65128291104
11702,NO_Hydro_Reservoir,2050,1,22,22,50524.81451494946
11703,NO_Hydro_Reservoir,2050,1,23,23,50571.87918632948
11704,NO_Hydro_Reservoir,2050,1,24,24,50381.163954749216
11705,NO_Hydro_Reservoir,2050,1,25,25,50389.41420892387
11706,NO_Hydro_Reservoir,2050,1,26,26,50218.75822462846
11707,NO_Hydro_Reservoir,2050,1,27,27,50121.10661407332
11708,NO_Hydro_Reservoir,2050,1,28,28,49899.78972822886
11709,NO_Hydro_Reservoir,2050,1,29,29,49678.472842384406
11710,NO_Hydro_Reservoir,2050,1,30,30,49457.15595653995
11711,NO_Hydro_Reservoir,2050,1,31,31,49358.25211218818
11712,NO_Hydro_Reservoir,2050,1,32,32,49141.6407205788
11713,NO_Hydro_Reservoir,2050,1,33,33,49065.093789852945
11714,NO_Hydro_Reservoir,2050,1,34,34,49134.18221747207
11715,NO_Hydro_Reservoir,2050,1,35,35,49268.12279059978
11716,NO_Hydro_Reservoir,2050,1,36,36,49324.06511562527
11717,NO_Hydro_Reservoir,2050,1,37,37,49102.74822978082
11718,NO_Hydro_Reservoir,2050,1,38,38,48881.43134393636
11719,NO_Hydro_Reservoir,2050,1,39,39,48660.114458091906
11720,NO_Hydro_Reservoir,2050,1,40,40,48497.509589475594
11721,NO_Hydro_Reservoir,2050,1,41,41,48437.66704922358
11722,NO_Hydro_Reservoir,2050,1,42,42,48515.325693402185
11723,NO_Hydro_Reservoir,2050,1,43,43,48548.605046258555
11724,NO_Hydro_Reservoir,2050,1,44,44,48544.72761540418
11725,NO_Hydro_Reservoir,2050,1,45,45,48590.290279615416
11726,NO_Hydro_Reservoir,2050,1,46,46,48414.719617291805
11727,NO_Hydro_Reservoir,2050,1,47,47,48234.852827771356
11728,NO_Hydro_Reservoir,2050,1,48,48,48040.391676480824
11729,NO_Hydro_Reservoir,2050,1,49,49,47835.58770801381
11730,NO_Hydro_Reservoir,2050,1,50,50,47614.270822169354
11731,NO_Hydro_Reservoir,2050,1,51,51,47428.39185010964
11732,NO_Hydro_Reservoir,2050,1,52,52,47302.64317479731
11733,NO_Hydro_Reservoir,2050,1,53,53,47135.71093124618
11734,NO_Hydro_Reservoir,2050,1,54,54,46914.39404540173
11735,NO_Hydro_Reservoir,2050,1,55,55,46731.939330743684
11736,NO_Hydro_Reservoir,2050,1,56,56,46765.18055398652
11737,NO_Hydro_Reservoir,2050,1,57,57,46740.11866344069
11738,NO_Hydro_Reservoir,2050,1,58,58,46769.413717228344
11739,NO_Hydro_Reservoir,2050,1,59,59,46727.17059389596
11740,NO_Hydro_Reservoir,2050,1,60,60,46505.8537080515
11741,NO_Hydro_Reservoir,2050,1,61,61,46284.53682220705
11742,NO_Hydro_Reservoir,2050,1,62,62,46067.82755764333
11743,NO_Hydro_Reservoir,2050,1,63,63,45990.74900111519
11744,NO_Hydro_Reservoir,2050,1,64,64,45990.87092235803
11745,NO_Hydro_Reservoir,2050,1,65,65,45793.62638380601
11746,NO_Hydro_Reservoir,2050,1,66,66,45572.309497961556
11747,NO_Hydro_Reservoir,2050,1,67,67,45366.71443468266
11748,NO_Hydro_Reservoir,2050,1,68,68,45341.356533369595
11749,NO_Hydro_Reservoir,2050,1,69,69,45268.583435402004
11750,NO_Hydro_Reservoir,2050,1,70,70,45279.29849541808
11751,NO_Hydro_Reservoir,2050,1,71,71,45198.50462195453
11752,NO_Hydro_Reservoir,2050,1,72,72,45062.90369719649
11753,NO_Hydro_Reservoir,2050,1,73,73,44932.88818787654
11754,NO_Hydro_Reservoir,2050,1,74,74,44777.279353622165
11755,NO_Hydro_Reservoir,2050,1,75,75,44648.90459576009
11756,NO_Hydro_Reservoir,2050,1,76,76,44606.530790559096
11757,NO_Hydro_Reservoir,2050,1,77,77,44703.8725193789
11758,NO_Hydro_Reservoir,2050,1,78,78,44805.32110937933
11759,NO_Hydro_Reservoir,2050,1,79,79,44899.83713710092
11760,NO_Hydro_Reservoir,2050,1,80,80,44775.961582953634
11761,NO_Hydro_Reservoir,2050,1,81,81,44741.007711997656
11762,NO_Hydro_Reservoir,2050,1,82,82,44633.63932925523
11763,NO_Hydro_Reservoir,2050,1,83,83,44729.39193450143
11764,NO_Hydro_Reservoir,2050,1,84,84,44762.38926690327
11765,NO_Hydro_Reservoir,2050,1,85,85,44564.646698343364
11766,NO_Hydro_Reservoir,2050,1,86,86,44479.71104799315
11767,NO_Hydro_Reservoir,2050,1,87,87,44386.1667938636
11768,NO_Hydro_Reservoir,2050,1,88,88,44164.84990801915
11769,NO_Hydro_Reservoir,2050,1,89,89,43943.53302217469
11770,NO_Hydro_Reservoir,2050,1,90,90,43722.21613633024
11771,NO_Hydro_Reservoir,2050,1,91,91,43510.73411475984
11772,NO_Hydro_Reservoir,2050,1,92,92,43375.63449604485
11773,NO_Hydro_Reservoir,2050,1,93,93,43470.18393999281
11774,NO_Hydro_Reservoir,2050,1,94,94,43543.09018759847
11775,NO_Hydro_Reservoir,2050,1,95,95,43661.96989456427
11776,NO_Hydro_Reservoir,2050,1,96,96,43765.08105089016
11777,NO_Hydro_Reservoir,2050,1,97,97,43732.28243433607
11778,NO_Hydro_Reservoir,2050,1,98,98,43746.16421328529
11779,NO_Hydro_Reservoir,2050,1,99,99,43766.964982152625
11780,NO_Hydro_Reservoir,2050,1,100,100,43836.044370098185
11781,NO_Hydro_Reservoir,2050,1,101,101,43799.908917643574
11782,NO_Hydro_Reservoir,2050,1,102,102,43709.67817508169
11783,NO_Hydro_Reservoir,2050,1,103,103,43670.78694093955
11784,NO_Hydro_Reservoir,2050,1,104,104,43608.78242190843
11785,NO_Hydro_Reservoir,2050,1,105,105,43603.66653200195
11786,NO_Hydro_Reservoir,2050,1,106,106,43609.79619742668
11787,NO_Hydro_Reservoir,2050,1,107,107,43594.00273182033
11788,NO_Hydro_Reservoir,2050,1,108,108,43608.10031510231
11789,NO_Hydro_Reservoir,2050,1,109,109,43645.85909744825
11790,NO_Hydro_Reservoir,2050,1,110,110,43650.58438437135
11791,NO_Hydro_Reservoir,2050,1,111,111,43703.480827271924
11792,NO_Hydro_Reservoir,2050,1,112,112,43780.51896916392
11793,NO_Hydro_Reservoir,2050,1,113,113,43875.10542848514
11794,NO_Hydro_Reservoir,2050,1,114,114,43986.488418848676
11795,NO_Hydro_Reservoir,2050,1,115,115,44077.05149290142
11796,NO_Hydro_Reservoir,2050,1,116,116,44227.335434295426
11797,NO_Hydro_Reservoir,2050,1,117,117,44382.81679839424
11798,NO_Hydro_Reservoir,2050,1,118,118,44500.32214431674
11799,NO_Hydro_Reservoir,2050,1,119,119,44525.5939367894
11800,NO_Hydro_Reservoir,2050,1,120,120,44620.18039611063
11801,NO_Hydro_Reservoir,2050,1,121,121,44714.76685543185
11802,NO_Hydro_Reservoir,2050,1,122,122,44809.353314753076
11803,NO_Hydro_Reservoir,2050,1,123,123,44921.06983306754
11804,NO_Hydro_Reservoir,2050,1,124,124,45015.65629238876
11805,NO_Hydro_Reservoir,2050,1,125,125,45110.242751709986
11806,NO_Hydro_Reservoir,2050,1,126,126,45183.23694915239
11807,NO_Hydro_Reservoir,2050,1,127,127,45277.82340847362
11808,NO_Hydro_Reservoir,2050,1,128,128,45372.40986779484
11809,NO_Hydro_Reservoir,2050,1,129,129,45466.99632711607
11810,NO_Hydro_Reservoir,2050,1,130,130,45561.58278643729
11811,NO_Hydro_Reservoir,2050,1,131,131,45656.169245758516
11812,NO_Hydro_Reservoir,2050,1,132,132,45750.75570507974
11813,NO_Hydro_Reservoir,2050,1,133,133,45845.342164400965
11814,NO_Hydro_Reservoir,2050,1,134,134,45960.21016099056
11815,NO_Hydro_Reservoir,2050,1,135,135,46078.96340675279
11816,NO_Hydro_Reservoir,2050,1,136,136,46182.315488628454
11817,NO_Hydro_Reservoir,2050,1,137,137,46276.90194794968
11818,NO_Hydro_Reservoir,2050,1,138,138,46371.4884072709
11819,NO_Hydro_Reservoir,2050,1,139,139,46466.07486659213
11820,NO_Hydro_Reservoir,2050,1,140,140,46596.004078629594
11821,NO_Hydro_Reservoir,2050,1,141,141,46732.81441882013
11822,NO_Hydro_Reservoir,2050,1,142,142,46839.63848641125
11823,NO_Hydro_Reservoir,2050,1,143,143,46942.03079614525
11824,NO_Hydro_Reservoir,2050,1,144,144,47071.22182189369
11825,NO_Hydro_Reservoir,2050,1,145,145,47209.820519028464
11826,NO_Hydro_Reservoir,2050,1,146,146,47323.35726977755
11827,NO_Hydro_Reservoir,2050,1,147,147,47426.82886459216
11828,NO_Hydro_Reservoir,2050,1,148,148,47521.41532391338
11829,NO_Hydro_Reservoir,2050,1,149,149,47625.49730297334
11830,NO_Hydro_Reservoir,2050,1,150,150,47720.08376229456
11831,NO_Hydro_Reservoir,2050,1,151,151,47809.67023186401
11832,NO_Hydro_Reservoir,2050,1,152,152,47904.256691185234
11833,NO_Hydro_Reservoir,2050,1,153,153,47998.84315050646
11834,NO_Hydro_Reservoir,2050,1,154,154,48093.42960982768
11835,NO_Hydro_Reservoir,2050,1,155,155,48188.01606914891
11836,NO_Hydro_Reservoir,2050,1,156,156,48293.430560359455
11837,NO_Hydro_Reservoir,2050,1,157,157,48388.01701968068
11838,NO_Hydro_Reservoir,2050,1,158,158,48482.603479001904
11839,NO_Hydro_Reservoir,2050,1,159,159,48577.18993832313
11840,NO_Hydro_Reservoir,2050,1,160,160,48688.19139574096
11841,NO_Hydro_Reservoir,2050,1,161,161,48782.77785506219
11842,NO_Hydro_Reservoir,2050,1,162,162,48895.06864593923
11843,NO_Hydro_Reservoir,2050,1,163,163,49031.88164497073
11844,NO_Hydro_Reservoir,2050,1,164,164,49173.08604740987
11845,NO_Hydro_Reservoir,2050,1,165,165,49267.6725067311
11846,NO_Hydro_Reservoir,2050,1,166,166,49370.030250684154
11847,NO_Hydro_Reservoir,2050,1,167,167,49503.59947941188
11848,NO_Hydro_Reservoir,2050,1,168,168,49617.90082199415
11849,NO_Hydro_Reservoir,2050,1,169,169,49693.31018610428
11850,NO_Hydro_Reservoir,2050,1,170,170,49812.44748853078
11851,NO_Hydro_Reservoir,2050,1,171,171,49968.610720569195
11852,NO_Hydro_Reservoir,2050,1,172,172,50124.77395260761
11853,NO_Hydro_Reservoir,2050,1,173,173,50277.52324343484
11854,NO_Hydro_Reservoir,2050,1,174,174,50393.756655749494
11855,NO_Hydro_Reservoir,2050,1,175,175,50488.34311507072
11856,NO_Hydro_Reservoir,2050,1,176,176,50595.15585843909
11857,NO_Hydro_Reservoir,2050,1,177,177,50742.059075932986
11858,NO_Hydro_Reservoir,2050,1,178,178,50898.2223079714
11859,NO_Hydro_Reservoir,2050,1,179,179,51054.38554000982
11860,NO_Hydro_Reservoir,2050,1,180,180,51200.18479903803
11861,NO_Hydro_Reservoir,2050,1,181,181,51349.235105556996
11862,NO_Hydro_Reservoir,2050,1,182,182,51486.99544301958
11863,NO_Hydro_Reservoir,2050,1,183,183,51617.26385106864
11864,NO_Hydro_Reservoir,2050,1,184,184,51752.85052078435
11865,NO_Hydro_Reservoir,2050,1,185,185,51897.85921035361
11866,NO_Hydro_Reservoir,2050,1,186,186,52054.02244239202
11867,NO_Hydro_Reservoir,2050,1,187,187,52148.60890171325
11868,NO_Hydro_Reservoir,2050,1,188,188,52243.19536103447
11869,NO_Hydro_Reservoir,2050,1,189,189,52260.925655050945
11870,NO_Hydro_Reservoir,2050,1,190,190,52316.12052552048
11871,NO_Hydro_Reservoir,2050,1,191,191,52410.7069848417
11872,NO_Hydro_Reservoir,2050,1,192,192,52548.40974886475
11873,NO_Hydro_Reservoir,2050,1,193,193,52703.91748771282
11874,NO_Hydro_Reservoir,2050,1,194,194,52860.08071975123
11875,NO_Hydro_Reservoir,2050,1,195,195,53016.24395178965
11876,NO_Hydro_Reservoir,2050,1,196,196,53162.09972429622
11877,NO_Hydro_Reservoir,2050,1,197,197,53304.34669871521
11878,NO_Hydro_Reservoir,2050,1,198,198,53435.63657770455
11879,NO_Hydro_Reservoir,2050,1,199,199,53538.41401952259
11880,NO_Hydro_Reservoir,2050,1,200,200,53671.833847380134
11881,NO_Hydro_Reservoir,2050,1,201,201,53808.357186976464
11882,NO_Hydro_Reservoir,2050,1,202,202,53920.349114827346
11883,NO_Hydro_Reservoir,2050,1,203,203,54035.17562083305
11884,NO_Hydro_Reservoir,2050,1,204,204,54156.05125446861
11885,NO_Hydro_Reservoir,2050,1,205,205,54300.367036630334
11886,NO_Hydro_Reservoir,2050,1,206,206,54361.48056888801
11887,NO_Hydro_Reservoir,2050,1,207,207,54391.52475054837
11888,NO_Hydro_Reservoir,2050,1,208,208,54450.330764773855
11889,NO_Hydro_Reservoir,2050,1,209,209,54571.0040411416
11890,NO_Hydro_Reservoir,2050,1,210,210,54661.634362637575
11891,NO_Hydro_Reservoir,2050,1,211,211,54776.72087670879
11892,NO_Hydro_Reservoir,2050,1,212,212,54897.31265216211
11893,NO_Hydro_Reservoir,2050,1,213,213,55046.07298041202
11894,NO_Hydro_Reservoir,2050,1,214,214,55202.236212450436
11895,NO_Hydro_Reservoir,2050,1,215,215,55357.15628696198
11896,NO_Hydro_Reservoir,2050,1,216,216,55502.27984515494
11897,NO_Hydro_Reservoir,2050,1,217,217,55644.89530065154
11898,NO_Hydro_Reservoir,2050,1,218,218,55801.05853268995
11899,NO_Hydro_Reservoir,2050,1,219,219,55957.22176472837
11900,NO_Hydro_Reservoir,2050,1,220,220,56113.384996766785
11901,NO_Hydro_Reservoir,2050,1,221,221,56269.5482288052
11902,NO_Hydro_Reservoir,2050,1,222,222,56425.71146084362
11903,NO_Hydro_Reservoir,2050,1,223,223,56581.87469288203
11904,NO_Hydro_Reservoir,2050,1,224,224,56738.03792492045
11905,NO_Hydro_Reservoir,2050,1,225,225,56876.67578380199
11906,NO_Hydro_Reservoir,2050,1,226,226,57012.891734623976
11907,NO_Hydro_Reservoir,2050,1,227,227,57150.62654717248
11908,NO_Hydro_Reservoir,2050,1,228,228,57270.79325681945
11909,NO_Hydro_Reservoir,2050,1,229,229,57366.23363705453
11910,NO_Hydro_Reservoir,2050,1,230,230,57473.39955664995
11911,NO_Hydro_Reservoir,2050,1,231,231,57620.014592334446
11912,NO_Hydro_Reservoir,2050,1,232,232,57776.17782437286
11913,NO_Hydro_Reservoir,2050,1,233,233,57932.34105641128
11914,NO_Hydro_Reservoir,2050,1,234,234,58086.219526704204
11915,NO_Hydro_Reservoir,2050,1,235,235,58149.884950528816
11916,NO_Hydro_Reservoir,2050,1,236,236,58192.10596880041
11917,NO_Hydro_Reservoir,2050,1,237,237,58176.506471625224
11918,NO_Hydro_Reservoir,2050,1,238,238,58230.52974209022
11919,NO_Hydro_Reservoir,2050,1,239,239,58257.958695096364
11920,NO_Hydro_Reservoir,2050,1,240,240,58325.9227089256
11921,NO_Hydro_Reservoir,2050,1,241,241,58442.50722395691
11922,NO_Hydro_Reservoir,2050,1,242,242,58598.67045599533
11923,NO_Hydro_Reservoir,2050,1,243,243,58754.833688033745
11924,NO_Hydro_Reservoir,2050,1,244,244,58851.89653629468
11925,NO_Hydro_Reservoir,2050,1,245,245,58947.24712842412
11926,NO_Hydro_Reservoir,2050,1,246,246,59103.410360462534
11927,NO_Hydro_Reservoir,2050,1,247,247,59259.57359250095
11928,NO_Hydro_Reservoir,2050,1,248,248,59258.78758219126
11929,NO_Hydro_Reservoir,2050,1,249,249,59284.56312889085
11930,NO_Hydro_Reservoir,2050,1,250,250,59342.546096669714
11931,NO_Hydro_Reservoir,2050,1,251,251,59457.353929130884
11932,NO_Hydro_Reservoir,2050,1,252,252,59613.5171611693
11933,NO_Hydro_Reservoir,2050,1,253,253,59769.68039320772
11934,NO_Hydro_Reservoir,2050,1,254,254,59850.387936258485
11935,NO_Hydro_Reservoir,2050,1,255,255,59809.68608661324
11936,NO_Hydro_Reservoir,2050,1,256,256,59839.43988473651
11937,NO_Hydro_Reservoir,2050,1,257,257,59740.71736063142
11938,NO_Hydro_Reservoir,2050,1,258,258,59652.03044443578
11939,NO_Hydro_Reservoir,2050,1,259,259,59697.75580455929
11940,NO_Hydro_Reservoir,2050,1,260,260,59613.68432059709
11941,NO_Hydro_Reservoir,2050,1,261,261,59589.59590314147
11942,NO_Hydro_Reservoir,2050,1,262,262,59671.57898816475
11943,NO_Hydro_Reservoir,2050,1,263,263,59827.74222020317
11944,NO_Hydro_Reservoir,2050,1,264,264,59983.90545224158
11945,NO_Hydro_Reservoir,2050,1,265,265,60092.92412105736
11946,NO_Hydro_Reservoir,2050,1,266,266,60215.21145419256
11947,NO_Hydro_Reservoir,2050,1,267,267,60261.66938311813
11948,NO_Hydro_Reservoir,2050,1,268,268,60414.784184467746
11949,NO_Hydro_Reservoir,2050,1,269,269,60570.94741650616
11950,NO_Hydro_Reservoir,2050,1,270,270,60649.57664771997
11951,NO_Hydro_Reservoir,2050,1,271,271,60682.27231247744
11952,NO_Hydro_Reservoir,2050,1,272,272,60760.752939969534
11953,NO_Hydro_Reservoir,2050,1,273,273,60786.54478465381
11954,NO_Hydro_Reservoir,2050,1,274,274,60754.23338364348
11955,NO_Hydro_Reservoir,2050,1,275,275,60772.01985026935
11956,NO_Hydro_Reservoir,2050,1,276,276,60928.18308230777
11957,NO_Hydro_Reservoir,2050,1,277,277,61084.346314346185
11958,NO_Hydro_Reservoir,2050,1,278,278,61190.515010169016
11959,NO_Hydro_Reservoir,2050,1,279,279,61161.255918396644
11960,NO_Hydro_Reservoir,2050,1,280,280,61145.24481418156
11961,NO_Hydro_Reservoir,2050,1,281,281,61294.43626730442
11962,NO_Hydro_Reservoir,2050,1,282,282,61450.59949934284
11963,NO_Hydro_Reservoir,2050,1,283,283,61606.762731381255
11964,NO_Hydro_Reservoir,2050,1,284,284,61679.02067111282
11965,NO_Hydro_Reservoir,2050,1,285,285,61830.68310985607
11966,NO_Hydro_Reservoir,2050,1,286,286,61934.180839332075
11967,NO_Hydro_Reservoir,2050,1,287,287,62032.68652775818
11968,NO_Hydro_Reservoir,2050,1,288,288,62046.020229697235
11969,NO_Hydro_Reservoir,2050,1,289,289,62089.87559492747
11970,NO_Hydro_Reservoir,2050,1,290,290,62246.03882696589
11971,NO_Hydro_Reservoir,2050,1,291,291,62402.2020590043
11972,NO_Hydro_Reservoir,2050,1,292,292,62558.36529104272
11973,NO_Hydro_Reservoir,2050,1,293,293,62714.528523081135
11974,NO_Hydro_Reservoir,2050,1,294,294,62772.78094597568
11975,NO_Hydro_Reservoir,2050,1,295,295,62656.68938769544
11976,NO_Hydro_Reservoir,2050,1,296,296,62606.24469789897
11977,NO_Hydro_Reservoir,2050,1,297,297,62650.08197320464
11978,NO_Hydro_Reservoir,2050,1,298,298,62646.61171737622
11979,NO_Hydro_Reservoir,2050,1,299,299,62655.339345475666
11980,NO_Hydro_Reservoir,2050,1,300,300,62698.036148732645
11981,NO_Hydro_Reservoir,2050,1,301,301,62735.585268404815
11982,NO_Hydro_Reservoir,2050,1,302,302,62835.57298038662
11983,NO_Hydro_Reservoir,2050,1,303,303,62911.50299709736
11984,NO_Hydro_Reservoir,2050,1,304,304,62833.404083090456
11985,NO_Hydro_Reservoir,2050,1,305,305,62811.06805265305
11986,NO_Hydro_Reservoir,2050,1,306,306,62823.51396147971
11987,NO_Hydro_Reservoir,2050,1,307,307,62964.49094558663
11988,NO_Hydro_Reservoir,2050,1,308,308,63120.654177625045
11989,NO_Hydro_Reservoir,2050,1,309,309,63270.46207908661
11990,NO_Hydro_Reservoir,2050,1,310,310,63313.097739783436
11991,NO_Hydro_Reservoir,2050,1,311,311,63193.66778368104
11992,NO_Hydro_Reservoir,2050,1,312,312,63046.41969530213
11993,NO_Hydro_Reservoir,2050,1,313,313,62825.102809457676
11994,NO_Hydro_Reservoir,2050,1,314,314,62620.97976996032
11995,NO_Hydro_Reservoir,2050,1,315,315,62463.84757883171
11996,NO_Hydro_Reservoir,2050,1,316,316,62356.15720148206
11997,NO_Hydro_Reservoir,2050,1,317,317,62164.94476128902
11998,NO_Hydro_Reservoir,2050,1,318,318,61943.62787544457
11999,NO_Hydro_Reservoir,2050,1,319,319,61859.61590236226
12000,NO_Hydro_Reservoir,2050,1,320,320,61710.310435150335
12001,NO_Hydro_Reservoir,2050,1,321,321,61539.84680138917
12002,NO_Hydro_Reservoir,2050,1,322,322,61330.659896525794
12003,NO_Hydro_Reservoir,2050,1,323,323,61109.34301068134
12004,NO_Hydro_Reservoir,2050,1,324,324,60982.72141471021
12005,NO_Hydro_Reservoir,2050,1,325,325,60863.771678610945
12006,NO_Hydro_Reservoir,2050,1,326,326,60776.70792889168
12007,NO_Hydro_Reservoir,2050,1,327,327,60880.45839316685
12008,NO_Hydro_Reservoir,2050,1,328,328,60677.59157032505
12009,NO_Hydro_Reservoir,2050,1,329,329,60468.195648188426
12010,NO_Hydro_Reservoir,2050,1,330,330,60399.492568275375
12011,NO_Hydro_Reservoir,2050,1,331,331,60178.17568243092
12012,NO_Hydro_Reservoir,2050,1,332,332,59956.858796586464
12013,NO_Hydro_Reservoir,2050,1,333,333,59735.54191074201
12014,NO_Hydro_Reservoir,2050,1,334,334,59514.225024897554
12015,NO_Hydro_Reservoir,2050,1,335,335,59292.9081390531
12016,NO_Hydro_Reservoir,2050,1,336,336,59113.54023256008
12017,NO_Hydro_Reservoir,2050,1,337,337,58923.242231477285
12018,NO_Hydro_Reservoir,2050,1,338,338,58701.92534563283
12019,NO_Hydro_Reservoir,2050,1,339,339,58480.608459788375
12020,NO_Hydro_Reservoir,2050,1,340,340,58259.29157394392
12021,NO_Hydro_Reservoir,2050,1,341,341,58037.974688099464
12022,NO_Hydro_Reservoir,2050,1,342,342,57842.85895007144
12023,NO_Hydro_Reservoir,2050,1,343,343,57621.54206422698
12024,NO_Hydro_Reservoir,2050,1,344,344,57400.22517838253
12025,NO_Hydro_Reservoir,2050,1,345,345,57178.90829253807
12026,NO_Hydro_Reservoir,2050,1,346,346,56970.12711657081
12027,NO_Hydro_Reservoir,2050,1,347,347,56959.55501161485
12028,NO_Hydro_Reservoir,2050,1,348,348,56989.6003214551
12029,NO_Hydro_Reservoir,2050,1,349,349,57030.743072874124
12030,NO_Hydro_Reservoir,2050,1,350,350,56860.49394320937
12031,NO_Hydro_Reservoir,2050,1,351,351,56639.17705736491
12032,NO_Hydro_Reservoir,2050,1,352,352,56417.86017152046
12033,NO_Hydro_Reservoir,2050,1,353,353,56196.543285676
12034,NO_Hydro_Reservoir,2050,1,354,354,55975.22639983155
12035,NO_Hydro_Reservoir,2050,1,355,355,55753.90951398709
12036,NO_Hydro_Reservoir,2050,1,356,356,55532.59262814264
12037,NO_Hydro_Reservoir,2050,1,357,357,55311.27574229818
12038,NO_Hydro_Reservoir,2050,1,358,358,55089.958856453726
12039,NO_Hydro_Reservoir,2050,1,359,359,54868.64197060927
12040,NO_Hydro_Reservoir,2050,1,360,360,54651.30887837274
12041,NO_Hydro_Reservoir,2050,1,361,361,54499.17584979905
12042,NO_Hydro_Reservoir,2050,1,362,362,54359.5277315167
12043,NO_Hydro_Reservoir,2050,1,363,363,54189.07377168892
12044,NO_Hydro_Reservoir,2050,1,364,364,53967.75688584446
12045,NO_Hydro_Reservoir,2050,1,365,365,53746.44
12046,NO_Pump_Hydro_Open,2050,1,1,1,2.3359976726016334
12047,NO_Pump_Hydro_Open,2050,1,2,2,2.391995345203267
12048,NO_Pump_Hydro_Open,2050,1,3,3,2.4479930178049005
12049,NO_Pump_Hydro_Open,2050,1,4,4,2.503990690406534
12050,NO_Pump_Hydro_Open,2050,1,5,5,2.5454231466055157
12051,NO_Pump_Hydro_Open,2050,1,6,6,2.555994260844543
12052,NO_Pump_Hydro_Open,2050,1,7,7,2.6119919334461765
12053,NO_Pump_Hydro_Open,2050,1,8,8,2.66798960604781
12054,NO_Pump_Hydro_Open,2050,1,9,9,2.7239872786494437
12055,NO_Pump_Hydro_Open,2050,1,10,10,2.7799849512510773
12056,NO_Pump_Hydro_Open,2050,1,11,11,2.835982623852711
12057,NO_Pump_Hydro_Open,2050,1,12,12,2.8919802964543444
12058,NO_Pump_Hydro_Open,2050,1,13,13,2.947977969055978
12059,NO_Pump_Hydro_Open,2050,1,14,14,3.0039756416576116
12060,NO_Pump_Hydro_Open,2050,1,15,15,3.059973314259245
12061,NO_Pump_Hydro_Open,2050,1,16,16,3.1159709868608787
12062,NO_Pump_Hydro_Open,2050,1,17,17,3.1719686594625123
12063,NO_Pump_Hydro_Open,2050,1,18,18,3.166367433737036
12064,NO_Pump_Hydro_Open,2050,1,19,19,3.0945707004170084
12065,NO_Pump_Hydro_Open,2050,1,20,20,3.0602470064225513
12066,NO_Pump_Hydro_Open,2050,1,21,21,3.026043034729291
12067,NO_Pump_Hydro_Open,2050,1,22,22,2.9542463014092633
12068,NO_Pump_Hydro_Open,2050,1,23,23,2.9193844557448885
12069,NO_Pump_Hydro_Open,2050,1,24,24,2.9650220589239376
12070,NO_Pump_Hydro_Open,2050,1,25,25,2.9433006812020257
12071,NO_Pump_Hydro_Open,2050,1,26,26,2.98214730528426
12072,NO_Pump_Hydro_Open,2050,1,27,27,2.9962785864124215
12073,NO_Pump_Hydro_Open,2050,1,28,28,3.052276259014055
12074,NO_Pump_Hydro_Open,2050,1,29,29,3.1082739316156887
12075,NO_Pump_Hydro_Open,2050,1,30,30,3.1642716042173222
12076,NO_Pump_Hydro_Open,2050,1,31,31,3.178826824161152
12077,NO_Pump_Hydro_Open,2050,1,32,32,3.233231470238071
12078,NO_Pump_Hydro_Open,2050,1,33,33,3.240217845202493
12079,NO_Pump_Hydro_Open,2050,1,34,34,3.197899943678741
12080,NO_Pump_Hydro_Open,2050,1,35,35,3.1336266039335086
12081,NO_Pump_Hydro_Open,2050,1,36,36,3.095759263622255
12082,NO_Pump_Hydro_Open,2050,1,37,37,3.1517569362238884
12083,NO_Pump_Hydro_Open,2050,1,38,38,3.207754608825522
12084,NO_Pump_Hydro_Open,2050,1,39,39,3.2637522814271556
12085,NO_Pump_Hydro_Open,2050,1,40,40,3.299873232032896
12086,NO_Pump_Hydro_Open,2050,1,41,41,3.301204401449379
12087,NO_Pump_Hydro_Open,2050,1,42,42,3.2559850868923217
12088,NO_Pump_Hydro_Open,2050,1,43,43,3.2257902064738326
12089,NO_Pump_Hydro_Open,2050,1,44,44,3.208174608712416
12090,NO_Pump_Hydro_Open,2050,1,45,45,3.1738212616542816
12091,NO_Pump_Hydro_Open,2050,1,46,46,3.224546426321074
12092,NO_Pump_Hydro_Open,2050,1,47,47,3.2757667436582083
12093,NO_Pump_Hydro_Open,2050,1,48,48,3.3261711720138836
12094,NO_Pump_Hydro_Open,2050,1,49,49,3.3802656385976415
12095,NO_Pump_Hydro_Open,2050,1,50,50,3.436263311199275
12096,NO_Pump_Hydro_Open,2050,1,51,51,3.48817656617594
12097,NO_Pump_Hydro_Open,2050,1,52,52,3.5118199978219224
12098,NO_Pump_Hydro_Open,2050,1,53,53,3.552046955054141
12099,NO_Pump_Hydro_Open,2050,1,54,54,3.6080446276557745
12100,NO_Pump_Hydro_Open,2050,1,55,55,3.6508856653929063
12101,NO_Pump_Hydro_Open,2050,1,56,56,3.620703693604773
12102,NO_Pump_Hydro_Open,2050,1,57,57,3.610260011164952
12103,NO_Pump_Hydro_Open,2050,1,58,58,3.5814139994904806
12104,NO_Pump_Hydro_Open,2050,1,59,59,3.5767869556839034
12105,NO_Pump_Hydro_Open,2050,1,60,60,3.632784628285537
12106,NO_Pump_Hydro_Open,2050,1,61,61,3.6887823008871705
12107,NO_Pump_Hydro_Open,2050,1,62,62,3.7442489193843613
12108,NO_Pump_Hydro_Open,2050,1,63,63,3.751415274168531
12109,NO_Pump_Hydro_Open,2050,1,64,64,3.732445711519636
12110,NO_Pump_Hydro_Open,2050,1,65,65,3.780293785836117
12111,NO_Pump_Hydro_Open,2050,1,66,66,3.8362914584377505
12112,NO_Pump_Hydro_Open,2050,1,67,67,3.890477103119979
12113,NO_Pump_Hydro_Open,2050,1,68,68,3.880133633958561
12114,NO_Pump_Hydro_Open,2050,1,69,69,3.9190108048012835
12115,NO_Pump_Hydro_Open,2050,1,70,70,3.902901319117932
12116,NO_Pump_Hydro_Open,2050,1,71,71,3.91132547980519
12117,NO_Pump_Hydro_Open,2050,1,72,72,3.957443908828067
12118,NO_Pump_Hydro_Open,2050,1,73,73,3.9934663963915042
12119,NO_Pump_Hydro_Open,2050,1,74,74,4.031278429678178
12120,NO_Pump_Hydro_Open,2050,1,75,75,4.076564002579497
12121,NO_Pump_Hydro_Open,2050,1,76,76,4.111937485030271
12122,NO_Pump_Hydro_Open,2050,1,77,77,4.060054539756621
12123,NO_Pump_Hydro_Open,2050,1,78,78,4.006781232819093
12124,NO_Pump_Hydro_Open,2050,1,79,79,3.9558549175136224
12125,NO_Pump_Hydro_Open,2050,1,80,80,3.9788642113728288
12126,NO_Pump_Hydro_Open,2050,1,81,81,3.971769419907699
12127,NO_Pump_Hydro_Open,2050,1,82,82,4.011633742778886
12128,NO_Pump_Hydro_Open,2050,1,83,83,3.96028878902692
12129,NO_Pump_Hydro_Open,2050,1,84,84,3.9301893855216163
12130,NO_Pump_Hydro_Open,2050,1,85,85,3.9782060659340868
12131,NO_Pump_Hydro_Open,2050,1,86,86,3.988032408859869
12132,NO_Pump_Hydro_Open,2050,1,87,87,4.000773160660921
12133,NO_Pump_Hydro_Open,2050,1,88,88,4.056770833262554
12134,NO_Pump_Hydro_Open,2050,1,89,89,4.112768505864188
12135,NO_Pump_Hydro_Open,2050,1,90,90,4.168766178465821
12136,NO_Pump_Hydro_Open,2050,1,91,91,4.2214342965354845
12137,NO_Pump_Hydro_Open,2050,1,92,92,4.262196954645297
12138,NO_Pump_Hydro_Open,2050,1,93,93,4.211259326408112
12139,NO_Pump_Hydro_Open,2050,1,94,94,4.168910875882522
12140,NO_Pump_Hydro_Open,2050,1,95,95,4.109736333008031
12141,NO_Pump_Hydro_Open,2050,1,96,96,4.05590017079468
12142,NO_Pump_Hydro_Open,2050,1,97,97,4.090170059238501
12143,NO_Pump_Hydro_Open,2050,1,98,98,4.108899785347824
12144,NO_Pump_Hydro_Open,2050,1,99,99,4.132176556036486
12145,NO_Pump_Hydro_Open,2050,1,100,100,4.124388718929917
12146,NO_Pump_Hydro_Open,2050,1,101,101,4.124746378223404
12147,NO_Pump_Hydro_Open,2050,1,102,102,4.1656356401757915
12148,NO_Pump_Hydro_Open,2050,1,103,103,4.200607736848064
12149,NO_Pump_Hydro_Open,2050,1,104,104,4.238243768783143
12150,NO_Pump_Hydro_Open,2050,1,105,105,4.269323068263022
12151,NO_Pump_Hydro_Open,2050,1,106,106,4.29910625463996
12152,NO_Pump_Hydro_Open,2050,1,107,107,4.318069655081539
12153,NO_Pump_Hydro_Open,2050,1,108,108,4.304296330364647
12154,NO_Pump_Hydro_Open,2050,1,109,109,4.318439261591479
12155,NO_Pump_Hydro_Open,2050,1,110,110,4.3483843104397515
12156,NO_Pump_Hydro_Open,2050,1,111,111,4.360395759687003
12157,NO_Pump_Hydro_Open,2050,1,112,112,4.362680876548323
12158,NO_Pump_Hydro_Open,2050,1,113,113,4.382268923046722
12159,NO_Pump_Hydro_Open,2050,1,114,114,4.376929594769164
12160,NO_Pump_Hydro_Open,2050,1,115,115,4.345347996370245
12161,NO_Pump_Hydro_Open,2050,1,116,116,4.282276593354467
12162,NO_Pump_Hydro_Open,2050,1,117,117,4.211491805753194
12163,NO_Pump_Hydro_Open,2050,1,118,118,4.168423694089127
12164,NO_Pump_Hydro_Open,2050,1,119,119,4.1960006433391035
12165,NO_Pump_Hydro_Open,2050,1,120,120,4.215588689837503
12166,NO_Pump_Hydro_Open,2050,1,121,121,4.2351767363359025
12167,NO_Pump_Hydro_Open,2050,1,122,122,4.254764782834302
12168,NO_Pump_Hydro_Open,2050,1,123,123,4.24893047281259
12169,NO_Pump_Hydro_Open,2050,1,124,124,4.268518519310989
12170,NO_Pump_Hydro_Open,2050,1,125,125,4.288106565809389
12171,NO_Pump_Hydro_Open,2050,1,126,126,4.310183241167729
12172,NO_Pump_Hydro_Open,2050,1,127,127,4.329771287666128
12173,NO_Pump_Hydro_Open,2050,1,128,128,4.349359334164528
12174,NO_Pump_Hydro_Open,2050,1,129,129,4.368947380662927
12175,NO_Pump_Hydro_Open,2050,1,130,130,4.388535427161327
12176,NO_Pump_Hydro_Open,2050,1,131,131,4.408123473659726
12177,NO_Pump_Hydro_Open,2050,1,132,132,4.427711520158126
12178,NO_Pump_Hydro_Open,2050,1,133,133,4.447299566656525
12179,NO_Pump_Hydro_Open,2050,1,134,134,4.4367882146989075
12180,NO_Pump_Hydro_Open,2050,1,135,135,4.420510847009831
12181,NO_Pump_Hydro_Open,2050,1,136,136,4.427090019353881
12182,NO_Pump_Hydro_Open,2050,1,137,137,4.44667806585228
12183,NO_Pump_Hydro_Open,2050,1,138,138,4.46626611235068
12184,NO_Pump_Hydro_Open,2050,1,139,139,4.4858541588490795
12185,NO_Pump_Hydro_Open,2050,1,140,140,4.452990777111943
12186,NO_Pump_Hydro_Open,2050,1,141,141,4.4099152593140465
12187,NO_Pump_Hydro_Open,2050,1,142,142,4.4113417314411425
12188,NO_Pump_Hydro_Open,2050,1,143,143,4.4193452812244605
12189,NO_Pump_Hydro_Open,2050,1,144,144,4.387577426071643
12190,NO_Pump_Hydro_Open,2050,1,145,145,4.34184784573727
12191,NO_Pump_Hydro_Open,2050,1,146,146,4.333312167441191
12192,NO_Pump_Hydro_Open,2050,1,147,147,4.339713973172339
12193,NO_Pump_Hydro_Open,2050,1,148,148,4.359302019670738
12194,NO_Pump_Hydro_Open,2050,1,149,149,4.364797967114663
12195,NO_Pump_Hydro_Open,2050,1,150,150,4.384386013613063
12196,NO_Pump_Hydro_Open,2050,1,151,151,4.4045503368751255
12197,NO_Pump_Hydro_Open,2050,1,152,152,4.424138383373525
12198,NO_Pump_Hydro_Open,2050,1,153,153,4.443726429871925
12199,NO_Pump_Hydro_Open,2050,1,154,154,4.463314476370324
12200,NO_Pump_Hydro_Open,2050,1,155,155,4.482902522868724
12201,NO_Pump_Hydro_Open,2050,1,156,156,4.486420917347229
12202,NO_Pump_Hydro_Open,2050,1,157,157,4.506008963845629
12203,NO_Pump_Hydro_Open,2050,1,158,158,4.525597010344028
12204,NO_Pump_Hydro_Open,2050,1,159,159,4.545185056842428
12205,NO_Pump_Hydro_Open,2050,1,160,160,4.5404119535016
12206,NO_Pump_Hydro_Open,2050,1,161,161,4.56
12207,NO_Pump_Hydro_Open,2050,1,162,162,4.5533134242720665
12208,NO_Pump_Hydro_Open,2050,1,163,163,4.510233960544803
12209,NO_Pump_Hydro_Open,2050,1,164,164,4.460637308342198
12210,NO_Pump_Hydro_Open,2050,1,165,165,4.480225354840598
12211,NO_Pump_Hydro_Open,2050,1,166,166,4.488280202964854
12212,NO_Pump_Hydro_Open,2050,1,167,167,4.450014749811891
12213,NO_Pump_Hydro_Open,2050,1,168,168,4.440344357024562
12214,NO_Pump_Hydro_Open,2050,1,169,169,4.4621426709261645
12215,NO_Pump_Hydro_Open,2050,1,170,170,4.445295332903248
12216,NO_Pump_Hydro_Open,2050,1,171,171,4.37349859958322
12217,NO_Pump_Hydro_Open,2050,1,172,172,4.301701866263192
12218,NO_Pump_Hydro_Open,2050,1,173,173,4.234971690544831
12219,NO_Pump_Hydro_Open,2050,1,174,174,4.222433954126193
12220,NO_Pump_Hydro_Open,2050,1,175,175,4.242022000624592
12221,NO_Pump_Hydro_Open,2050,1,176,176,4.243465278790004
12222,NO_Pump_Hydro_Open,2050,1,177,177,4.18541113627045
12223,NO_Pump_Hydro_Open,2050,1,178,178,4.1136144029504225
12224,NO_Pump_Hydro_Open,2050,1,179,179,4.041817669630395
12225,NO_Pump_Hydro_Open,2050,1,180,180,3.985401888409487
12226,NO_Pump_Hydro_Open,2050,1,181,181,3.9241612966957202
12227,NO_Pump_Hydro_Open,2050,1,182,182,3.8796759081348213
12228,NO_Pump_Hydro_Open,2050,1,183,183,3.846309132805166
12229,NO_Pump_Hydro_Open,2050,1,184,184,3.8050496383546806
12230,NO_Pump_Hydro_Open,2050,1,185,185,3.7498071244673765
12231,NO_Pump_Hydro_Open,2050,1,186,186,3.6780103911473487
12232,NO_Pump_Hydro_Open,2050,1,187,187,3.6975984376457487
12233,NO_Pump_Hydro_Open,2050,1,188,188,3.7171864841441487
12234,NO_Pump_Hydro_Open,2050,1,189,189,3.745632633240371
12235,NO_Pump_Hydro_Open,2050,1,190,190,3.7697607805121582
12236,NO_Pump_Hydro_Open,2050,1,191,191,3.789348827010558
12237,NO_Pump_Hydro_Open,2050,1,192,192,3.7449488819677685
12238,NO_Pump_Hydro_Open,2050,1,193,193,3.6741249521616184
12239,NO_Pump_Hydro_Open,2050,1,194,194,3.6023282188415906
12240,NO_Pump_Hydro_Open,2050,1,195,195,3.530531485521563
12241,NO_Pump_Hydro_Open,2050,1,196,196,3.474031833848391
12242,NO_Pump_Hydro_Open,2050,1,197,197,3.4228879227262414
12243,NO_Pump_Hydro_Open,2050,1,198,198,3.3880052040814417
12244,NO_Pump_Hydro_Open,2050,1,199,199,3.3954371875232976
12245,NO_Pump_Hydro_Open,2050,1,200,200,3.3573934570268484
12246,NO_Pump_Hydro_Open,2050,1,201,201,3.3147438707117582
12247,NO_Pump_Hydro_Open,2050,1,202,202,3.3085008312497997
12248,NO_Pump_Hydro_Open,2050,1,203,203,3.298051054586029
12249,NO_Pump_Hydro_Open,2050,1,204,204,3.278623896157108
12250,NO_Pump_Hydro_Open,2050,1,205,205,3.2244097114283163
12251,NO_Pump_Hydro_Open,2050,1,206,206,3.2395013507151256
12252,NO_Pump_Hydro_Open,2050,1,207,207,3.266528255438501
12253,NO_Pump_Hydro_Open,2050,1,208,208,3.240845096828914
12254,NO_Pump_Hydro_Open,2050,1,209,209,3.1986051068968098
12255,NO_Pump_Hydro_Open,2050,1,210,210,3.2030461524876133
12256,NO_Pump_Hydro_Open,2050,1,211,211,3.192210503379267
12257,NO_Pump_Hydro_Open,2050,1,212,212,3.1732046128463285
12258,NO_Pump_Hydro_Open,2050,1,213,213,3.1123943717193256
12259,NO_Pump_Hydro_Open,2050,1,214,214,3.040597638399298
12260,NO_Pump_Hydro_Open,2050,1,215,215,2.9706458487464906
12261,NO_Pump_Hydro_Open,2050,1,216,216,2.915232860775824
12262,NO_Pump_Hydro_Open,2050,1,217,217,2.863542094717008
12263,NO_Pump_Hydro_Open,2050,1,218,218,2.79174536139698
12264,NO_Pump_Hydro_Open,2050,1,219,219,2.7199486280769523
12265,NO_Pump_Hydro_Open,2050,1,220,220,2.6481518947569245
12266,NO_Pump_Hydro_Open,2050,1,221,221,2.5763551614368967
12267,NO_Pump_Hydro_Open,2050,1,222,222,2.504558428116869
12268,NO_Pump_Hydro_Open,2050,1,223,223,2.432761694796841
12269,NO_Pump_Hydro_Open,2050,1,224,224,2.3609649614768133
12270,NO_Pump_Hydro_Open,2050,1,225,225,2.315177262026266
12271,NO_Pump_Hydro_Open,2050,1,226,226,2.2729838648588383
12272,NO_Pump_Hydro_Open,2050,1,227,227,2.2285363572805066
12273,NO_Pump_Hydro_Open,2050,1,228,228,2.2101612978776726
12274,NO_Pump_Hydro_Open,2050,1,229,229,2.2221385713047503
12275,NO_Pump_Hydro_Open,2050,1,230,230,2.2230577081369653
12276,NO_Pump_Hydro_Open,2050,1,231,231,2.1654312501165727
12277,NO_Pump_Hydro_Open,2050,1,232,232,2.093634516796545
12278,NO_Pump_Hydro_Open,2050,1,233,233,2.021837783476517
12279,NO_Pump_Hydro_Open,2050,1,234,234,1.9534318165093687
12280,NO_Pump_Hydro_Open,2050,1,235,235,1.9331510006070447
12281,NO_Pump_Hydro_Open,2050,1,236,236,1.9465756398691512
12282,NO_Pump_Hydro_Open,2050,1,237,237,1.9788632336792684
12283,NO_Pump_Hydro_Open,2050,1,238,238,1.9824113253548226
12284,NO_Pump_Hydro_Open,2050,1,239,239,1.9952293925507467
12285,NO_Pump_Hydro_Open,2050,1,240,240,1.9995514411692186
12286,NO_Pump_Hydro_Open,2050,1,241,241,1.9864926406700842
12287,NO_Pump_Hydro_Open,2050,1,242,242,1.9146959073500565
12288,NO_Pump_Hydro_Open,2050,1,243,243,1.8428991740300287
12289,NO_Pump_Hydro_Open,2050,1,244,244,1.8294141832503972
12290,NO_Pump_Hydro_Open,2050,1,245,245,1.8357870487686863
12291,NO_Pump_Hydro_Open,2050,1,246,246,1.7639903154486585
12292,NO_Pump_Hydro_Open,2050,1,247,247,1.6921935821286307
12293,NO_Pump_Hydro_Open,2050,1,248,248,1.709371658010308
12294,NO_Pump_Hydro_Open,2050,1,249,249,1.7148280838431842
12295,NO_Pump_Hydro_Open,2050,1,250,250,1.7239023385815477
12296,NO_Pump_Hydro_Open,2050,1,251,251,1.7134802749283902
12297,NO_Pump_Hydro_Open,2050,1,252,252,1.6416835416083624
12298,NO_Pump_Hydro_Open,2050,1,253,253,1.5698868082883346
12299,NO_Pump_Hydro_Open,2050,1,254,254,1.5358164202750952
12300,NO_Pump_Hydro_Open,2050,1,255,255,1.5630336422393007
12301,NO_Pump_Hydro_Open,2050,1,256,256,1.5630816567998007
12302,NO_Pump_Hydro_Open,2050,1,257,257,1.6049496440353173
12303,NO_Pump_Hydro_Open,2050,1,258,258,1.6440502954769634
12304,NO_Pump_Hydro_Open,2050,1,259,259,1.609641868359057
12305,NO_Pump_Hydro_Open,2050,1,260,260,1.6401061680350568
12306,NO_Pump_Hydro_Open,2050,1,261,261,1.6733721573517761
12307,NO_Pump_Hydro_Open,2050,1,262,262,1.6477437029263697
12308,NO_Pump_Hydro_Open,2050,1,263,263,1.575946969606342
12309,NO_Pump_Hydro_Open,2050,1,264,264,1.5041502362863142
12310,NO_Pump_Hydro_Open,2050,1,265,265,1.4519879225818846
12311,NO_Pump_Hydro_Open,2050,1,266,266,1.391659741300248
12312,NO_Pump_Hydro_Open,2050,1,267,267,1.3570033059021154
12313,NO_Pump_Hydro_Open,2050,1,268,268,1.2897306837849816
12314,NO_Pump_Hydro_Open,2050,1,269,269,1.2179339504649538
12315,NO_Pump_Hydro_Open,2050,1,270,270,1.1723860474930818
12316,NO_Pump_Hydro_Open,2050,1,271,271,1.1423887723796362
12317,NO_Pump_Hydro_Open,2050,1,272,272,1.0968911786119724
12318,NO_Pump_Hydro_Open,2050,1,273,273,1.0748437479988049
12319,NO_Pump_Hydro_Open,2050,1,274,274,1.1090574821281765
12320,NO_Pump_Hydro_Open,2050,1,275,275,1.1374971570172228
12321,NO_Pump_Hydro_Open,2050,1,276,276,1.065700423697195
12322,NO_Pump_Hydro_Open,2050,1,277,277,0.9939036903771672
12323,NO_Pump_Hydro_Open,2050,1,278,278,0.9390324102196319
12324,NO_Pump_Hydro_Open,2050,1,279,279,0.9718863669172234
12325,NO_Pump_Hydro_Open,2050,1,280,280,0.9926460793769827
12326,NO_Pump_Hydro_Open,2050,1,281,281,0.9311960149878944
12327,NO_Pump_Hydro_Open,2050,1,282,282,0.8593992816678666
12328,NO_Pump_Hydro_Open,2050,1,283,283,0.7876025483478388
12329,NO_Pump_Hydro_Open,2050,1,284,284,0.7442116209923085
12330,NO_Pump_Hydro_Open,2050,1,285,285,0.6790944193550356
12331,NO_Pump_Hydro_Open,2050,1,286,286,0.6422800953643992
12332,NO_Pump_Hydro_Open,2050,1,287,287,0.6077308508779443
12333,NO_Pump_Hydro_Open,2050,1,288,288,0.6219221751003381
12334,NO_Pump_Hydro_Open,2050,1,289,289,0.6223018595763399
12335,NO_Pump_Hydro_Open,2050,1,290,290,0.5505051262563121
12336,NO_Pump_Hydro_Open,2050,1,291,291,0.47870839293628437
12337,NO_Pump_Hydro_Open,2050,1,292,292,0.40691165961625664
12338,NO_Pump_Hydro_Open,2050,1,293,293,0.3351149262962289
12339,NO_Pump_Hydro_Open,2050,1,294,294,0.29646551145757055
12340,NO_Pump_Hydro_Open,2050,1,295,295,0.340335376956705
12341,NO_Pump_Hydro_Open,2050,1,296,296,0.3766390739650047
12342,NO_Pump_Hydro_Open,2050,1,297,297,0.34386720002969384
12343,NO_Pump_Hydro_Open,2050,1,298,298,0.36632369678328736
12344,NO_Pump_Hydro_Open,2050,1,299,299,0.3490539235013573
12345,NO_Pump_Hydro_Open,2050,1,300,300,0.3204699525195377
12346,NO_Pump_Hydro_Open,2050,1,301,301,0.30136669882575484
12347,NO_Pump_Hydro_Open,2050,1,302,302,0.2485879663828014
12348,NO_Pump_Hydro_Open,2050,1,303,303,0.20395387184091834
12349,NO_Pump_Hydro_Open,2050,1,304,304,0.21778341175181634
12350,NO_Pump_Hydro_Open,2050,1,305,305,0.23810261805052013
12351,NO_Pump_Hydro_Open,2050,1,306,306,0.24145980502703876
12352,NO_Pump_Hydro_Open,2050,1,307,307,0.17480431608159938
12353,NO_Pump_Hydro_Open,2050,1,308,308,0.10300758276157164
12354,NO_Pump_Hydro_Open,2050,1,309,309,0.03336242155627877
12355,NO_Pump_Hydro_Open,2050,1,310,310,0.0
12356,NO_Pump_Hydro_Open,2050,1,311,311,0.029872628895341057
12357,NO_Pump_Hydro_Open,2050,1,312,312,0.07733345862111876
12358,NO_Pump_Hydro_Open,2050,1,313,313,0.13333113122275236
12359,NO_Pump_Hydro_Open,2050,1,314,314,0.18734711693706796
12360,NO_Pump_Hydro_Open,2050,1,315,315,0.23594714474665804
12361,NO_Pump_Hydro_Open,2050,1,316,316,0.27166530871016137
12362,NO_Pump_Hydro_Open,2050,1,317,317,0.32419327569776213
12363,NO_Pump_Hydro_Open,2050,1,318,318,0.3801909482993957
12364,NO_Pump_Hydro_Open,2050,1,319,319,0.38970458392716806
12365,NO_Pump_Hydro_Open,2050,1,320,320,0.42132307461232094
12366,NO_Pump_Hydro_Open,2050,1,321,321,0.46440096451228413
12367,NO_Pump_Hydro_Open,2050,1,322,322,0.5190005890118035
12368,NO_Pump_Hydro_Open,2050,1,323,323,0.574998261613437
12369,NO_Pump_Hydro_Open,2050,1,324,324,0.5989372171074927
12370,NO_Pump_Hydro_Open,2050,1,325,325,0.6202788946836082
12371,NO_Pump_Hydro_Open,2050,1,326,326,0.6308256972620347
12372,NO_Pump_Hydro_Open,2050,1,327,327,0.5767730998625442
12373,NO_Pump_Hydro_Open,2050,1,328,328,0.6306442995863561
12374,NO_Pump_Hydro_Open,2050,1,329,329,0.6826061769159084
12375,NO_Pump_Hydro_Open,2050,1,330,330,0.6869370471073023
12376,NO_Pump_Hydro_Open,2050,1,331,331,0.7429347197089359
12377,NO_Pump_Hydro_Open,2050,1,332,332,0.7989323923105695
12378,NO_Pump_Hydro_Open,2050,1,333,333,0.854930064912203
12379,NO_Pump_Hydro_Open,2050,1,334,334,0.9109277375138366
12380,NO_Pump_Hydro_Open,2050,1,335,335,0.9669254101154702
12381,NO_Pump_Hydro_Open,2050,1,336,336,1.0119096869100794
12382,NO_Pump_Hydro_Open,2050,1,337,337,1.0574060383488881
12383,NO_Pump_Hydro_Open,2050,1,338,338,1.1134037109505217
12384,NO_Pump_Hydro_Open,2050,1,339,339,1.1694013835521553
12385,NO_Pump_Hydro_Open,2050,1,340,340,1.2253990561537889
12386,NO_Pump_Hydro_Open,2050,1,341,341,1.2813967287554224
12387,NO_Pump_Hydro_Open,2050,1,342,342,1.3285241060460145
12388,NO_Pump_Hydro_Open,2050,1,343,343,1.384521778647648
12389,NO_Pump_Hydro_Open,2050,1,344,344,1.4405194512492816
12390,NO_Pump_Hydro_Open,2050,1,345,345,1.4965171238509152
12391,NO_Pump_Hydro_Open,2050,1,346,346,1.5482708812880916
12392,NO_Pump_Hydro_Open,2050,1,347,347,1.532921739054053
12393,NO_Pump_Hydro_Open,2050,1,348,348,1.503821731150408
12394,NO_Pump_Hydro_Open,2050,1,349,349,1.470964728145236
12395,NO_Pump_Hydro_Open,2050,1,350,350,1.5096736131960455
12396,NO_Pump_Hydro_Open,2050,1,351,351,1.5656712857976791
12397,NO_Pump_Hydro_Open,2050,1,352,352,1.6216689583993127
12398,NO_Pump_Hydro_Open,2050,1,353,353,1.6776666310009463
12399,NO_Pump_Hydro_Open,2050,1,354,354,1.7336643036025798
12400,NO_Pump_Hydro_Open,2050,1,355,355,1.7896619762042134
12401,NO_Pump_Hydro_Open,2050,1,356,356,1.845659648805847
12402,NO_Pump_Hydro_Open,2050,1,357,357,1.9016573214074806
12403,NO_Pump_Hydro_Open,2050,1,358,358,1.9576549940091141
12404,NO_Pump_Hydro_Open,2050,1,359,359,2.013652666610748
12405,NO_Pump_Hydro_Open,2050,1,360,360,2.0683016415901085
12406,NO_Pump_Hydro_Open,2050,1,361,361,2.100877392028335
12407,NO_Pump_Hydro_Open,2050,1,362,362,2.1292264253016544
12408,NO_Pump_Hydro_Open,2050,1,363,363,2.1680046547967327
12409,NO_Pump_Hydro_Open,2050,1,364,364,2.2240023273983662
12410,NO_Pump_Hydro_Open,2050,1,365,365,2.28
12411,PL_Hydro_Reservoir,2050,1,1,1,0.4098241530880059
12412,PL_Hydro_Reservoir,2050,1,2,2,0.41964830617601184
12413,PL_Hydro_Reservoir,2050,1,3,3,0.4294724592640177
12414,PL_Hydro_Reservoir,2050,1,4,4,0.4392966123520236
12415,PL_Hydro_Reservoir,2050,1,5,5,0.4465654643167572
12416,PL_Hydro_Reservoir,2050,1,6,6,0.4484200457622006
12417,PL_Hydro_Reservoir,2050,1,7,7,0.4582441988502065
12418,PL_Hydro_Reservoir,2050,1,8,8,0.4680683519382124
12419,PL_Hydro_Reservoir,2050,1,9,9,0.4778925050262183
12420,PL_Hydro_Reservoir,2050,1,10,10,0.48771665811422416
12421,PL_Hydro_Reservoir,2050,1,11,11,0.49754081120223004
12422,PL_Hydro_Reservoir,2050,1,12,12,0.5073649642902359
12423,PL_Hydro_Reservoir,2050,1,13,13,0.5171891173782418
12424,PL_Hydro_Reservoir,2050,1,14,14,0.5270132704662477
12425,PL_Hydro_Reservoir,2050,1,15,15,0.5368374235542536
12426,PL_Hydro_Reservoir,2050,1,16,16,0.5466615766422595
12427,PL_Hydro_Reservoir,2050,1,17,17,0.5564857297302653
12428,PL_Hydro_Reservoir,2050,1,18,18,0.5555030585503573
12429,PL_Hydro_Reservoir,2050,1,19,19,0.5429071404240366
12430,PL_Hydro_Reservoir,2050,1,20,20,0.5368854397232548
12431,PL_Hydro_Reservoir,2050,1,21,21,0.5308847429349635
12432,PL_Hydro_Reservoir,2050,1,22,22,0.5182888248086428
12433,PL_Hydro_Reservoir,2050,1,23,23,0.5121727115341912
12434,PL_Hydro_Reservoir,2050,1,24,24,0.520179308583147
12435,PL_Hydro_Reservoir,2050,1,25,25,0.516368540561759
12436,PL_Hydro_Reservoir,2050,1,26,26,0.5231837377691686
12437,PL_Hydro_Reservoir,2050,1,27,27,0.5256629098969162
12438,PL_Hydro_Reservoir,2050,1,28,28,0.5354870629849221
12439,PL_Hydro_Reservoir,2050,1,29,29,0.545311216072928
12440,PL_Hydro_Reservoir,2050,1,30,30,0.5551353691609339
12441,PL_Hydro_Reservoir,2050,1,31,31,0.5576889165195006
12442,PL_Hydro_Reservoir,2050,1,32,32,0.5672335912698373
12443,PL_Hydro_Reservoir,2050,1,33,33,0.5684592710881569
12444,PL_Hydro_Reservoir,2050,1,34,34,0.5610350778383758
12445,PL_Hydro_Reservoir,2050,1,35,35,0.5497590533216684
12446,PL_Hydro_Reservoir,2050,1,36,36,0.5431156602846063
12447,PL_Hydro_Reservoir,2050,1,37,37,0.5529398133726122
12448,PL_Hydro_Reservoir,2050,1,38,38,0.5627639664606181
12449,PL_Hydro_Reservoir,2050,1,39,39,0.572588119548624
12450,PL_Hydro_Reservoir,2050,1,40,40,0.5789251284268241
12451,PL_Hydro_Reservoir,2050,1,41,41,0.579158666920944
12452,PL_Hydro_Reservoir,2050,1,42,42,0.5712254538407585
12453,PL_Hydro_Reservoir,2050,1,43,43,0.5659281063989183
12454,PL_Hydro_Reservoir,2050,1,44,44,0.5628376506513014
12455,PL_Hydro_Reservoir,2050,1,45,45,0.5568107476586462
12456,PL_Hydro_Reservoir,2050,1,46,46,0.5657098993545747
12457,PL_Hydro_Reservoir,2050,1,47,47,0.5746959199400369
12458,PL_Hydro_Reservoir,2050,1,48,48,0.583538802107699
12459,PL_Hydro_Reservoir,2050,1,49,49,0.5930290594030951
12460,PL_Hydro_Reservoir,2050,1,50,50,0.602853212491101
12461,PL_Hydro_Reservoir,2050,1,51,51,0.6119608010834984
12462,PL_Hydro_Reservoir,2050,1,52,52,0.6161087715477058
12463,PL_Hydro_Reservoir,2050,1,53,53,0.6231661324656389
12464,PL_Hydro_Reservoir,2050,1,54,54,0.6329902855536448
12465,PL_Hydro_Reservoir,2050,1,55,55,0.6405062570864749
12466,PL_Hydro_Reservoir,2050,1,56,56,0.635211174316627
12467,PL_Hydro_Reservoir,2050,1,57,57,0.6333789493271847
12468,PL_Hydro_Reservoir,2050,1,58,58,0.6283182455246459
12469,PL_Hydro_Reservoir,2050,1,59,59,0.6275064834533166
12470,PL_Hydro_Reservoir,2050,1,60,60,0.6373306365413225
12471,PL_Hydro_Reservoir,2050,1,61,61,0.6471547896293284
12472,PL_Hydro_Reservoir,2050,1,62,62,0.65688577533059
12473,PL_Hydro_Reservoir,2050,1,63,63,0.658143030555883
12474,PL_Hydro_Reservoir,2050,1,64,64,0.6548150371087084
12475,PL_Hydro_Reservoir,2050,1,65,65,0.6632094361115998
12476,PL_Hydro_Reservoir,2050,1,66,66,0.6730335891996057
12477,PL_Hydro_Reservoir,2050,1,67,67,0.6825398426526281
12478,PL_Hydro_Reservoir,2050,1,68,68,0.6807251989400986
12479,PL_Hydro_Reservoir,2050,1,69,69,0.6875457552282956
12480,PL_Hydro_Reservoir,2050,1,70,70,0.6847195296698128
12481,PL_Hydro_Reservoir,2050,1,71,71,0.6861974525974018
12482,PL_Hydro_Reservoir,2050,1,72,72,0.6942884050575557
12483,PL_Hydro_Reservoir,2050,1,73,73,0.7006081397178079
12484,PL_Hydro_Reservoir,2050,1,74,74,0.7072418297681015
12485,PL_Hydro_Reservoir,2050,1,75,75,0.7151866671192101
12486,PL_Hydro_Reservoir,2050,1,76,76,0.721392541233381
12487,PL_Hydro_Reservoir,2050,1,77,77,0.7122902701327406
12488,PL_Hydro_Reservoir,2050,1,78,78,0.7029440759331744
12489,PL_Hydro_Reservoir,2050,1,79,79,0.6940096346515129
12490,PL_Hydro_Reservoir,2050,1,80,80,0.6980463528724263
12491,PL_Hydro_Reservoir,2050,1,81,81,0.6968016526153861
12492,PL_Hydro_Reservoir,2050,1,82,82,0.7037953934699801
12493,PL_Hydro_Reservoir,2050,1,83,83,0.6947875068468281
12494,PL_Hydro_Reservoir,2050,1,84,84,0.6895069097406344
12495,PL_Hydro_Reservoir,2050,1,85,85,0.6979308887603661
12496,PL_Hydro_Reservoir,2050,1,86,86,0.6996548085719069
12497,PL_Hydro_Reservoir,2050,1,87,87,0.7018900281861264
12498,PL_Hydro_Reservoir,2050,1,88,88,0.7117141812741323
12499,PL_Hydro_Reservoir,2050,1,89,89,0.7215383343621382
12500,PL_Hydro_Reservoir,2050,1,90,90,0.7313624874501441
12501,PL_Hydro_Reservoir,2050,1,91,91,0.7406025081641201
12502,PL_Hydro_Reservoir,2050,1,92,92,0.7477538516921578
12503,PL_Hydro_Reservoir,2050,1,93,93,0.7388174256856341
12504,PL_Hydro_Reservoir,2050,1,94,94,0.7313878729618459
12505,PL_Hydro_Reservoir,2050,1,95,95,0.721006374211935
12506,PL_Hydro_Reservoir,2050,1,96,96,0.7115614334727507
12507,PL_Hydro_Reservoir,2050,1,97,97,0.7175736946032456
12508,PL_Hydro_Reservoir,2050,1,98,98,0.7208596114645307
12509,PL_Hydro_Reservoir,2050,1,99,99,0.7249432554449977
12510,PL_Hydro_Reservoir,2050,1,100,100,0.723576968233319
12511,PL_Hydro_Reservoir,2050,1,101,101,0.7236397154777903
12512,PL_Hydro_Reservoir,2050,1,102,102,0.7308132702062794
12513,PL_Hydro_Reservoir,2050,1,103,103,0.7369487257628184
12514,PL_Hydro_Reservoir,2050,1,104,104,0.7435515383830077
12515,PL_Hydro_Reservoir,2050,1,105,105,0.7490040470636883
12516,PL_Hydro_Reservoir,2050,1,106,106,0.7542291674806949
12517,PL_Hydro_Reservoir,2050,1,107,107,0.7575560798388665
12518,PL_Hydro_Reservoir,2050,1,108,108,0.7551397070815169
12519,PL_Hydro_Reservoir,2050,1,109,109,0.7576209230862244
12520,PL_Hydro_Reservoir,2050,1,110,110,0.7628744404280267
12521,PL_Hydro_Reservoir,2050,1,111,111,0.7649817122257901
12522,PL_Hydro_Reservoir,2050,1,112,112,0.7653826099207583
12523,PL_Hydro_Reservoir,2050,1,113,113,0.7688191093064426
12524,PL_Hydro_Reservoir,2050,1,114,114,0.7678823850472217
12525,PL_Hydro_Reservoir,2050,1,115,115,0.7623417537491659
12526,PL_Hydro_Reservoir,2050,1,116,116,0.7512765953253452
12527,PL_Hydro_Reservoir,2050,1,117,117,0.738858211535648
12528,PL_Hydro_Reservoir,2050,1,118,118,0.7313024024717769
12529,PL_Hydro_Reservoir,2050,1,119,119,0.7361404637437026
12530,PL_Hydro_Reservoir,2050,1,120,120,0.7395769631293868
12531,PL_Hydro_Reservoir,2050,1,121,121,0.743013462515071
12532,PL_Hydro_Reservoir,2050,1,122,122,0.7464499619007553
12533,PL_Hydro_Reservoir,2050,1,123,123,0.7454263987390509
12534,PL_Hydro_Reservoir,2050,1,124,124,0.7488628981247352
12535,PL_Hydro_Reservoir,2050,1,125,125,0.7522993975104194
12536,PL_Hydro_Reservoir,2050,1,126,126,0.7561724984504788
12537,PL_Hydro_Reservoir,2050,1,127,127,0.7596089978361631
12538,PL_Hydro_Reservoir,2050,1,128,128,0.7630454972218473
12539,PL_Hydro_Reservoir,2050,1,129,129,0.7664819966075316
12540,PL_Hydro_Reservoir,2050,1,130,130,0.7699184959932158
12541,PL_Hydro_Reservoir,2050,1,131,131,0.7733549953789001
12542,PL_Hydro_Reservoir,2050,1,132,132,0.7767914947645843
12543,PL_Hydro_Reservoir,2050,1,133,133,0.7802279941502686
12544,PL_Hydro_Reservoir,2050,1,134,134,0.778383897315598
12545,PL_Hydro_Reservoir,2050,1,135,135,0.7755282187736547
12546,PL_Hydro_Reservoir,2050,1,136,136,0.7766824595357688
12547,PL_Hydro_Reservoir,2050,1,137,137,0.780118958921453
12548,PL_Hydro_Reservoir,2050,1,138,138,0.7835554583071372
12549,PL_Hydro_Reservoir,2050,1,139,139,0.7869919576928215
12550,PL_Hydro_Reservoir,2050,1,140,140,0.7812264521249025
12551,PL_Hydro_Reservoir,2050,1,141,141,0.7736693437393066
12552,PL_Hydro_Reservoir,2050,1,142,142,0.7739196020072182
12553,PL_Hydro_Reservoir,2050,1,143,143,0.7753237335481512
12554,PL_Hydro_Reservoir,2050,1,144,144,0.7697504256266043
12555,PL_Hydro_Reservoir,2050,1,145,145,0.761727692234609
12556,PL_Hydro_Reservoir,2050,1,146,146,0.7602302048142443
12557,PL_Hydro_Reservoir,2050,1,147,147,0.7613533286267264
12558,PL_Hydro_Reservoir,2050,1,148,148,0.7647898280124107
12559,PL_Hydro_Reservoir,2050,1,149,149,0.7657540293183623
12560,PL_Hydro_Reservoir,2050,1,150,150,0.7691905287040466
12561,PL_Hydro_Reservoir,2050,1,151,151,0.772728129276338
12562,PL_Hydro_Reservoir,2050,1,152,152,0.7761646286620223
12563,PL_Hydro_Reservoir,2050,1,153,153,0.7796011280477065
12564,PL_Hydro_Reservoir,2050,1,154,154,0.7830376274333908
12565,PL_Hydro_Reservoir,2050,1,155,155,0.786474126819075
12566,PL_Hydro_Reservoir,2050,1,156,156,0.787091389008286
12567,PL_Hydro_Reservoir,2050,1,157,157,0.7905278883939703
12568,PL_Hydro_Reservoir,2050,1,158,158,0.7939643877796545
12569,PL_Hydro_Reservoir,2050,1,159,159,0.7974008871653387
12570,PL_Hydro_Reservoir,2050,1,160,160,0.7965635006143158
12571,PL_Hydro_Reservoir,2050,1,161,161,0.8
12572,PL_Hydro_Reservoir,2050,1,162,162,0.7988269165389591
12573,PL_Hydro_Reservoir,2050,1,163,163,0.7912691158850532
12574,PL_Hydro_Reservoir,2050,1,164,164,0.7825679488319646
12575,PL_Hydro_Reservoir,2050,1,165,165,0.7860044482176488
12576,PL_Hydro_Reservoir,2050,1,166,166,0.7874175794675184
12577,PL_Hydro_Reservoir,2050,1,167,167,0.7807043420722617
12578,PL_Hydro_Reservoir,2050,1,168,168,0.7790077819341339
12579,PL_Hydro_Reservoir,2050,1,169,169,0.782832047530906
12580,PL_Hydro_Reservoir,2050,1,170,170,0.7798763741935522
12581,PL_Hydro_Reservoir,2050,1,171,171,0.7672804560672315
12582,PL_Hydro_Reservoir,2050,1,172,172,0.7546845379409108
12583,PL_Hydro_Reservoir,2050,1,173,173,0.7429774895692685
12584,PL_Hydro_Reservoir,2050,1,174,174,0.7407778866888057
12585,PL_Hydro_Reservoir,2050,1,175,175,0.74421438607449
12586,PL_Hydro_Reservoir,2050,1,176,176,0.7444675927701762
12587,PL_Hydro_Reservoir,2050,1,177,177,0.7342826554860439
12588,PL_Hydro_Reservoir,2050,1,178,178,0.7216867373597232
12589,PL_Hydro_Reservoir,2050,1,179,179,0.7090908192334026
12590,PL_Hydro_Reservoir,2050,1,180,180,0.6991933137560503
12591,PL_Hydro_Reservoir,2050,1,181,181,0.6884493502974948
12592,PL_Hydro_Reservoir,2050,1,182,182,0.6806448961640038
12593,PL_Hydro_Reservoir,2050,1,183,183,0.674791075930731
12594,PL_Hydro_Reservoir,2050,1,184,184,0.6675525681324002
12595,PL_Hydro_Reservoir,2050,1,185,185,0.6578608990293643
12596,PL_Hydro_Reservoir,2050,1,186,186,0.6452649809030436
12597,PL_Hydro_Reservoir,2050,1,187,187,0.6487014802887279
12598,PL_Hydro_Reservoir,2050,1,188,188,0.6521379796744121
12599,PL_Hydro_Reservoir,2050,1,189,189,0.6571285321474336
12600,PL_Hydro_Reservoir,2050,1,190,190,0.6613615404407297
12601,PL_Hydro_Reservoir,2050,1,191,191,0.664798039826414
12602,PL_Hydro_Reservoir,2050,1,192,192,0.6570085757838192
12603,PL_Hydro_Reservoir,2050,1,193,193,0.644583324940635
12604,PL_Hydro_Reservoir,2050,1,194,194,0.6319874068143143
12605,PL_Hydro_Reservoir,2050,1,195,195,0.6193914886879937
12606,PL_Hydro_Reservoir,2050,1,196,196,0.6094792690962091
12607,PL_Hydro_Reservoir,2050,1,197,197,0.6005066531098671
12608,PL_Hydro_Reservoir,2050,1,198,198,0.594386877909025
12609,PL_Hydro_Reservoir,2050,1,199,199,0.5956907346532102
12610,PL_Hydro_Reservoir,2050,1,200,200,0.5890163959696226
12611,PL_Hydro_Reservoir,2050,1,201,201,0.5815340124055717
12612,PL_Hydro_Reservoir,2050,1,202,202,0.5804387423245263
12613,PL_Hydro_Reservoir,2050,1,203,203,0.5786054481729876
12614,PL_Hydro_Reservoir,2050,1,204,204,0.575197174764405
12615,PL_Hydro_Reservoir,2050,1,205,205,0.5656859142856696
12616,PL_Hydro_Reservoir,2050,1,206,206,0.5683335703008991
12617,PL_Hydro_Reservoir,2050,1,207,207,0.5730751325330703
12618,PL_Hydro_Reservoir,2050,1,208,208,0.5685693152331428
12619,PL_Hydro_Reservoir,2050,1,209,209,0.5611587906836508
12620,PL_Hydro_Reservoir,2050,1,210,210,0.5619379214890549
12621,PL_Hydro_Reservoir,2050,1,211,211,0.5600369304174151
12622,PL_Hydro_Reservoir,2050,1,212,212,0.5567025636572505
12623,PL_Hydro_Reservoir,2050,1,213,213,0.5460341003016359
12624,PL_Hydro_Reservoir,2050,1,214,214,0.5334381821753152
12625,PL_Hydro_Reservoir,2050,1,215,215,0.5211659383765771
12626,PL_Hydro_Reservoir,2050,1,216,216,0.511444361539618
12627,PL_Hydro_Reservoir,2050,1,217,217,0.502375806090703
12628,PL_Hydro_Reservoir,2050,1,218,218,0.4897798879643823
12629,PL_Hydro_Reservoir,2050,1,219,219,0.47718396983806166
12630,PL_Hydro_Reservoir,2050,1,220,220,0.464588051711741
12631,PL_Hydro_Reservoir,2050,1,221,221,0.45199213358542034
12632,PL_Hydro_Reservoir,2050,1,222,222,0.4393962154590997
12633,PL_Hydro_Reservoir,2050,1,223,223,0.426800297332779
12634,PL_Hydro_Reservoir,2050,1,224,224,0.41420437920645836
12635,PL_Hydro_Reservoir,2050,1,225,225,0.4061714494782921
12636,PL_Hydro_Reservoir,2050,1,226,226,0.3987690990980417
12637,PL_Hydro_Reservoir,2050,1,227,227,0.390971290750966
12638,PL_Hydro_Reservoir,2050,1,228,228,0.38774759611888987
12639,PL_Hydro_Reservoir,2050,1,229,229,0.3898488721587281
12640,PL_Hydro_Reservoir,2050,1,230,230,0.3900101242345553
12641,PL_Hydro_Reservoir,2050,1,231,231,0.3799002193186969
12642,PL_Hydro_Reservoir,2050,1,232,232,0.3673043011923762
12643,PL_Hydro_Reservoir,2050,1,233,233,0.35470838306605557
12644,PL_Hydro_Reservoir,2050,1,234,234,0.3427073362297137
12645,PL_Hydro_Reservoir,2050,1,235,235,0.33914929835211316
12646,PL_Hydro_Reservoir,2050,1,236,236,0.34150449822265805
12647,PL_Hydro_Reservoir,2050,1,237,237,0.3471689883647839
12648,PL_Hydro_Reservoir,2050,1,238,238,0.34779146058856536
12649,PL_Hydro_Reservoir,2050,1,239,239,0.35004024430714853
12650,PL_Hydro_Reservoir,2050,1,240,240,0.35079849845074007
12651,PL_Hydro_Reservoir,2050,1,241,241,0.348507480819313
12652,PL_Hydro_Reservoir,2050,1,242,242,0.3359115626929923
12653,PL_Hydro_Reservoir,2050,1,243,243,0.32331564456667167
12654,PL_Hydro_Reservoir,2050,1,244,244,0.320949856710596
12655,PL_Hydro_Reservoir,2050,1,245,245,0.322067903292752
12656,PL_Hydro_Reservoir,2050,1,246,246,0.3094719851664313
12657,PL_Hydro_Reservoir,2050,1,247,247,0.29687606704011066
12658,PL_Hydro_Reservoir,2050,1,248,248,0.29988976456321187
12659,PL_Hydro_Reservoir,2050,1,249,249,0.3008470322531902
12660,PL_Hydro_Reservoir,2050,1,250,250,0.3024390067686926
12661,PL_Hydro_Reservoir,2050,1,251,251,0.3006105745488404
12662,PL_Hydro_Reservoir,2050,1,252,252,0.2880146564225197
12663,PL_Hydro_Reservoir,2050,1,253,253,0.27541873829619906
12664,PL_Hydro_Reservoir,2050,1,254,254,0.26944147724124473
12665,PL_Hydro_Reservoir,2050,1,255,255,0.2742164284630352
12666,PL_Hydro_Reservoir,2050,1,256,256,0.2742248520701404
12667,PL_Hydro_Reservoir,2050,1,257,257,0.2815701129886521
12668,PL_Hydro_Reservoir,2050,1,258,258,0.2884298763994672
12669,PL_Hydro_Reservoir,2050,1,259,259,0.282393310238431
12670,PL_Hydro_Reservoir,2050,1,260,260,0.2877379242166766
12671,PL_Hydro_Reservoir,2050,1,261,261,0.29357406269329406
12672,PL_Hydro_Reservoir,2050,1,262,262,0.2890778426186613
12673,PL_Hydro_Reservoir,2050,1,263,263,0.27648192449234066
12674,PL_Hydro_Reservoir,2050,1,264,264,0.26388600636602
12675,PL_Hydro_Reservoir,2050,1,265,265,0.25473472325997976
12676,PL_Hydro_Reservoir,2050,1,266,266,0.24415083180706107
12677,PL_Hydro_Reservoir,2050,1,267,267,0.23807075542142375
12678,PL_Hydro_Reservoir,2050,1,268,268,0.22626854101490904
12679,PL_Hydro_Reservoir,2050,1,269,269,0.21367262288858838
12680,PL_Hydro_Reservoir,2050,1,270,270,0.20568176271808453
12681,PL_Hydro_Reservoir,2050,1,271,271,0.2004190828736204
12682,PL_Hydro_Reservoir,2050,1,272,272,0.19243704887929342
12683,PL_Hydro_Reservoir,2050,1,273,273,0.18856907859628153
12684,PL_Hydro_Reservoir,2050,1,274,274,0.1945714880926625
12685,PL_Hydro_Reservoir,2050,1,275,275,0.19956090473986363
12686,PL_Hydro_Reservoir,2050,1,276,276,0.18696498661354297
12687,PL_Hydro_Reservoir,2050,1,277,277,0.1743690684872223
12688,PL_Hydro_Reservoir,2050,1,278,278,0.16474252810870735
12689,PL_Hydro_Reservoir,2050,1,279,279,0.17050638016091635
12690,PL_Hydro_Reservoir,2050,1,280,280,0.17414843497841803
12691,PL_Hydro_Reservoir,2050,1,281,281,0.16336772192770077
12692,PL_Hydro_Reservoir,2050,1,282,282,0.1507718038013801
12693,PL_Hydro_Reservoir,2050,1,283,283,0.13817588567505945
12694,PL_Hydro_Reservoir,2050,1,284,284,0.13056344227935238
12695,PL_Hydro_Reservoir,2050,1,285,285,0.11913937181667292
12696,PL_Hydro_Reservoir,2050,1,286,286,0.1126807184849823
12697,PL_Hydro_Reservoir,2050,1,287,287,0.10661944752244636
12698,PL_Hydro_Reservoir,2050,1,288,288,0.10910915352637511
12699,PL_Hydro_Reservoir,2050,1,289,289,0.10917576483795435
12700,PL_Hydro_Reservoir,2050,1,290,290,0.0965798467116337
12701,PL_Hydro_Reservoir,2050,1,291,291,0.08398392858531303
12702,PL_Hydro_Reservoir,2050,1,292,292,0.07138801045899237
12703,PL_Hydro_Reservoir,2050,1,293,293,0.058792092332671714
12704,PL_Hydro_Reservoir,2050,1,294,294,0.05201149323817027
12705,PL_Hydro_Reservoir,2050,1,295,295,0.05970796086959737
12706,PL_Hydro_Reservoir,2050,1,296,296,0.06607703052017626
12707,PL_Hydro_Reservoir,2050,1,297,297,0.06032757895257784
12708,PL_Hydro_Reservoir,2050,1,298,298,0.06426731522513812
12709,PL_Hydro_Reservoir,2050,1,299,299,0.061237530438834606
12710,PL_Hydro_Reservoir,2050,1,300,300,0.05622279868763817
12711,PL_Hydro_Reservoir,2050,1,301,301,0.05287135067118505
12712,PL_Hydro_Reservoir,2050,1,302,302,0.04361192392680725
12713,PL_Hydro_Reservoir,2050,1,303,303,0.03578138102472251
12714,PL_Hydro_Reservoir,2050,1,304,304,0.03820761609680989
12715,PL_Hydro_Reservoir,2050,1,305,305,0.041772389131670196
12716,PL_Hydro_Reservoir,2050,1,306,306,0.042361369302989255
12717,PL_Hydro_Reservoir,2050,1,307,307,0.030667423873964803
12718,PL_Hydro_Reservoir,2050,1,308,308,0.018071505747644146
12719,PL_Hydro_Reservoir,2050,1,309,309,0.0058530564133822405
12720,PL_Hydro_Reservoir,2050,1,310,310,0.0
12721,PL_Hydro_Reservoir,2050,1,311,311,0.0052408120869019414
12722,PL_Hydro_Reservoir,2050,1,312,312,0.01356727344230154
12723,PL_Hydro_Reservoir,2050,1,313,313,0.023391426530307437
12724,PL_Hydro_Reservoir,2050,1,314,314,0.03286791525211719
12725,PL_Hydro_Reservoir,2050,1,315,315,0.04139423592046633
12726,PL_Hydro_Reservoir,2050,1,316,316,0.047660580475466896
12727,PL_Hydro_Reservoir,2050,1,317,317,0.05687601328030913
12728,PL_Hydro_Reservoir,2050,1,318,318,0.06670016636831504
12729,PL_Hydro_Reservoir,2050,1,319,319,0.06836922525038035
12730,PL_Hydro_Reservoir,2050,1,320,320,0.07391632887935454
12731,PL_Hydro_Reservoir,2050,1,321,321,0.08147385342320765
12732,PL_Hydro_Reservoir,2050,1,322,322,0.09105273491435138
12733,PL_Hydro_Reservoir,2050,1,323,323,0.10087688800235728
12734,PL_Hydro_Reservoir,2050,1,324,324,0.10507670475570037
12735,PL_Hydro_Reservoir,2050,1,325,325,0.10882085871642239
12736,PL_Hydro_Reservoir,2050,1,326,326,0.11067117495825161
12737,PL_Hydro_Reservoir,2050,1,327,327,0.10118826313377959
12738,PL_Hydro_Reservoir,2050,1,328,328,0.11063935080462378
12739,PL_Hydro_Reservoir,2050,1,329,329,0.11975546963436978
12740,PL_Hydro_Reservoir,2050,1,330,330,0.12051527142233362
12741,PL_Hydro_Reservoir,2050,1,331,331,0.13033942451033953
12742,PL_Hydro_Reservoir,2050,1,332,332,0.14016357759834544
12743,PL_Hydro_Reservoir,2050,1,333,333,0.14998773068635135
12744,PL_Hydro_Reservoir,2050,1,334,334,0.15981188377435726
12745,PL_Hydro_Reservoir,2050,1,335,335,0.16963603686236317
12746,PL_Hydro_Reservoir,2050,1,336,336,0.17752801524738232
12747,PL_Hydro_Reservoir,2050,1,337,337,0.18550983128927861
12748,PL_Hydro_Reservoir,2050,1,338,338,0.19533398437728453
12749,PL_Hydro_Reservoir,2050,1,339,339,0.20515813746529044
12750,PL_Hydro_Reservoir,2050,1,340,340,0.21498229055329635
12751,PL_Hydro_Reservoir,2050,1,341,341,0.22480644364130226
12752,PL_Hydro_Reservoir,2050,1,342,342,0.2330744045694762
12753,PL_Hydro_Reservoir,2050,1,343,343,0.2428985576574821
12754,PL_Hydro_Reservoir,2050,1,344,344,0.252722710745488
12755,PL_Hydro_Reservoir,2050,1,345,345,0.2625468638334939
12756,PL_Hydro_Reservoir,2050,1,346,346,0.27162647040141963
12757,PL_Hydro_Reservoir,2050,1,347,347,0.26893363843053564
12758,PL_Hydro_Reservoir,2050,1,348,348,0.2638283738860365
12759,PL_Hydro_Reservoir,2050,1,349,349,0.2580639873939011
12760,PL_Hydro_Reservoir,2050,1,350,350,0.2648550198589554
12761,PL_Hydro_Reservoir,2050,1,351,351,0.27467917294696126
12762,PL_Hydro_Reservoir,2050,1,352,352,0.28450332603496714
12763,PL_Hydro_Reservoir,2050,1,353,353,0.294327479122973
12764,PL_Hydro_Reservoir,2050,1,354,354,0.3041516322109789
12765,PL_Hydro_Reservoir,2050,1,355,355,0.3139757852989848
12766,PL_Hydro_Reservoir,2050,1,356,356,0.32379993838699067
12767,PL_Hydro_Reservoir,2050,1,357,357,0.33362409147499655
12768,PL_Hydro_Reservoir,2050,1,358,358,0.34344824456300244
12769,PL_Hydro_Reservoir,2050,1,359,359,0.3532723976510083
12770,PL_Hydro_Reservoir,2050,1,360,360,0.3628599371210717
12771,PL_Hydro_Reservoir,2050,1,361,361,0.3685749810576026
12772,PL_Hydro_Reservoir,2050,1,362,362,0.37354849566695697
12773,PL_Hydro_Reservoir,2050,1,363,363,0.3803516938239882
12774,PL_Hydro_Reservoir,2050,1,364,364,0.39017584691199414
12775,PL_Hydro_Reservoir,2050,1,365,365,0.4
12776,PL_Pump_Hydro_Closed,2050,1,1,1,3.2273652055680464
12777,PL_Pump_Hydro_Closed,2050,1,2,2,3.304730411136093
12778,PL_Pump_Hydro_Closed,2050,1,3,3,3.382095616704139
12779,PL_Pump_Hydro_Closed,2050,1,4,4,3.4594608222721854
12780,PL_Pump_Hydro_Closed,2050,1,5,5,3.5167030314944627
12781,PL_Pump_Hydro_Closed,2050,1,6,6,3.531307860377329
12782,PL_Pump_Hydro_Closed,2050,1,7,7,3.6086730659453754
12783,PL_Pump_Hydro_Closed,2050,1,8,8,3.686038271513422
12784,PL_Pump_Hydro_Closed,2050,1,9,9,3.7634034770814684
12785,PL_Pump_Hydro_Closed,2050,1,10,10,3.840768682649515
12786,PL_Pump_Hydro_Closed,2050,1,11,11,3.9181338882175614
12787,PL_Pump_Hydro_Closed,2050,1,12,12,3.995499093785608
12788,PL_Pump_Hydro_Closed,2050,1,13,13,4.072864299353654
12789,PL_Pump_Hydro_Closed,2050,1,14,14,4.1502295049217
12790,PL_Pump_Hydro_Closed,2050,1,15,15,4.227594710489747
12791,PL_Pump_Hydro_Closed,2050,1,16,16,4.304959916057793
12792,PL_Pump_Hydro_Closed,2050,1,17,17,4.38232512162584
12793,PL_Pump_Hydro_Closed,2050,1,18,18,4.374586586084063
12794,PL_Pump_Hydro_Closed,2050,1,19,19,4.275393730839288
12795,PL_Pump_Hydro_Closed,2050,1,20,20,4.22797283782063
12796,PL_Pump_Hydro_Closed,2050,1,21,21,4.180717350612836
12797,PL_Pump_Hydro_Closed,2050,1,22,22,4.081524495368061
12798,PL_Pump_Hydro_Closed,2050,1,23,23,4.033360103331754
12799,PL_Pump_Hydro_Closed,2050,1,24,24,4.096412055092282
12800,PL_Pump_Hydro_Closed,2050,1,25,25,4.066402256923851
12801,PL_Pump_Hydro_Closed,2050,1,26,26,4.120071934932201
12802,PL_Pump_Hydro_Closed,2050,1,27,27,4.139595415438214
12803,PL_Pump_Hydro_Closed,2050,1,28,28,4.216960621006261
12804,PL_Pump_Hydro_Closed,2050,1,29,29,4.294325826574307
12805,PL_Pump_Hydro_Closed,2050,1,30,30,4.371691032142354
12806,PL_Pump_Hydro_Closed,2050,1,31,31,4.391800217591066
12807,PL_Pump_Hydro_Closed,2050,1,32,32,4.4669645312499675
12808,PL_Pump_Hydro_Closed,2050,1,33,33,4.476616759819234
12809,PL_Pump_Hydro_Closed,2050,1,34,34,4.4181512379772085
12810,PL_Pump_Hydro_Closed,2050,1,35,35,4.329352544908137
12811,PL_Pump_Hydro_Closed,2050,1,36,36,4.277035824741273
12812,PL_Pump_Hydro_Closed,2050,1,37,37,4.35440103030932
12813,PL_Pump_Hydro_Closed,2050,1,38,38,4.431766235877366
12814,PL_Pump_Hydro_Closed,2050,1,39,39,4.509131441445413
12815,PL_Pump_Hydro_Closed,2050,1,40,40,4.559035386361238
12816,PL_Pump_Hydro_Closed,2050,1,41,41,4.560874502002432
12817,PL_Pump_Hydro_Closed,2050,1,42,42,4.498400448995971
12818,PL_Pump_Hydro_Closed,2050,1,43,43,4.45668383789148
12819,PL_Pump_Hydro_Closed,2050,1,44,44,4.432346498878996
12820,PL_Pump_Hydro_Closed,2050,1,45,45,4.384884637811837
12821,PL_Pump_Hydro_Closed,2050,1,46,46,4.4549654574172735
12822,PL_Pump_Hydro_Closed,2050,1,47,47,4.525730369527788
12823,PL_Pump_Hydro_Closed,2050,1,48,48,4.5953680665981285
12824,PL_Pump_Hydro_Closed,2050,1,49,49,4.670103842799373
12825,PL_Pump_Hydro_Closed,2050,1,50,50,4.747469048367419
12826,PL_Pump_Hydro_Closed,2050,1,51,51,4.819191308532548
12827,PL_Pump_Hydro_Closed,2050,1,52,52,4.851856575938181
12828,PL_Pump_Hydro_Closed,2050,1,53,53,4.907433293166905
12829,PL_Pump_Hydro_Closed,2050,1,54,54,4.984798498734952
12830,PL_Pump_Hydro_Closed,2050,1,55,55,5.0439867745559885
12831,PL_Pump_Hydro_Closed,2050,1,56,56,5.002287997743436
12832,PL_Pump_Hydro_Closed,2050,1,57,57,4.987859225951579
12833,PL_Pump_Hydro_Closed,2050,1,58,58,4.948006183506585
12834,PL_Pump_Hydro_Closed,2050,1,59,59,4.941613557194867
12835,PL_Pump_Hydro_Closed,2050,1,60,60,5.018978762762914
12836,PL_Pump_Hydro_Closed,2050,1,61,61,5.09634396833096
12837,PL_Pump_Hydro_Closed,2050,1,62,62,5.172975480728395
12838,PL_Pump_Hydro_Closed,2050,1,63,63,5.182876365627577
12839,PL_Pump_Hydro_Closed,2050,1,64,64,5.156668417231077
12840,PL_Pump_Hydro_Closed,2050,1,65,65,5.222774309378846
12841,PL_Pump_Hydro_Closed,2050,1,66,66,5.300139514946893
12842,PL_Pump_Hydro_Closed,2050,1,67,67,5.375001260889445
12843,PL_Pump_Hydro_Closed,2050,1,68,68,5.360710941653275
12844,PL_Pump_Hydro_Closed,2050,1,69,69,5.414422822422827
12845,PL_Pump_Hydro_Closed,2050,1,70,70,5.392166296149774
12846,PL_Pump_Hydro_Closed,2050,1,71,71,5.403804939204538
12847,PL_Pump_Hydro_Closed,2050,1,72,72,5.46752118982825
12848,PL_Pump_Hydro_Closed,2050,1,73,73,5.517289100277736
12849,PL_Pump_Hydro_Closed,2050,1,74,74,5.569529409423798
12850,PL_Pump_Hydro_Closed,2050,1,75,75,5.632095003563779
12851,PL_Pump_Hydro_Closed,2050,1,76,76,5.680966262212876
12852,PL_Pump_Hydro_Closed,2050,1,77,77,5.609285877295332
12853,PL_Pump_Hydro_Closed,2050,1,78,78,5.535684597973749
12854,PL_Pump_Hydro_Closed,2050,1,79,79,5.465325872880664
12855,PL_Pump_Hydro_Closed,2050,1,80,80,5.497115028870357
12856,PL_Pump_Hydro_Closed,2050,1,81,81,5.487313014346165
12857,PL_Pump_Hydro_Closed,2050,1,82,82,5.542388723576091
12858,PL_Pump_Hydro_Closed,2050,1,83,83,5.471451616418769
12859,PL_Pump_Hydro_Closed,2050,1,84,84,5.429866914207494
12860,PL_Pump_Hydro_Closed,2050,1,85,85,5.496205748987881
12861,PL_Pump_Hydro_Closed,2050,1,86,86,5.509781617503765
12862,PL_Pump_Hydro_Closed,2050,1,87,87,5.527383971965744
12863,PL_Pump_Hydro_Closed,2050,1,88,88,5.60474917753379
12864,PL_Pump_Hydro_Closed,2050,1,89,89,5.682114383101837
12865,PL_Pump_Hydro_Closed,2050,1,90,90,5.759479588669883
12866,PL_Pump_Hydro_Closed,2050,1,91,91,5.832244751792444
12867,PL_Pump_Hydro_Closed,2050,1,92,92,5.888561582075741
12868,PL_Pump_Hydro_Closed,2050,1,93,93,5.818187227274366
12869,PL_Pump_Hydro_Closed,2050,1,94,94,5.759679499574535
12870,PL_Pump_Hydro_Closed,2050,1,95,95,5.677925196918987
12871,PL_Pump_Hydro_Closed,2050,1,96,96,5.603546288597911
12872,PL_Pump_Hydro_Closed,2050,1,97,97,5.650892845000557
12873,PL_Pump_Hydro_Closed,2050,1,98,98,5.676769440283178
12874,PL_Pump_Hydro_Closed,2050,1,99,99,5.708928136629355
12875,PL_Pump_Hydro_Closed,2050,1,100,100,5.698168624837386
12876,PL_Pump_Hydro_Closed,2050,1,101,101,5.698662759387597
12877,PL_Pump_Hydro_Closed,2050,1,102,102,5.755154502874449
12878,PL_Pump_Hydro_Closed,2050,1,103,103,5.803471215382194
12879,PL_Pump_Hydro_Closed,2050,1,104,104,5.8554683647661845
12880,PL_Pump_Hydro_Closed,2050,1,105,105,5.898406870626544
12881,PL_Pump_Hydro_Closed,2050,1,106,106,5.9395546939104715
12882,PL_Pump_Hydro_Closed,2050,1,107,107,5.9657541287310725
12883,PL_Pump_Hydro_Closed,2050,1,108,108,5.9467251932669445
12884,PL_Pump_Hydro_Closed,2050,1,109,109,5.966264769304016
12885,PL_Pump_Hydro_Closed,2050,1,110,110,6.007636218370709
12886,PL_Pump_Hydro_Closed,2050,1,111,111,6.024230983778096
12887,PL_Pump_Hydro_Closed,2050,1,112,112,6.0273880531259705
12888,PL_Pump_Hydro_Closed,2050,1,113,113,6.054450485788234
12889,PL_Pump_Hydro_Closed,2050,1,114,114,6.04707378224687
12890,PL_Pump_Hydro_Closed,2050,1,115,115,6.00344131077468
12891,PL_Pump_Hydro_Closed,2050,1,116,116,5.916303188187093
12892,PL_Pump_Hydro_Closed,2050,1,117,117,5.818508415843228
12893,PL_Pump_Hydro_Closed,2050,1,118,118,5.759006419465241
12894,PL_Pump_Hydro_Closed,2050,1,119,119,5.797106151981655
12895,PL_Pump_Hydro_Closed,2050,1,120,120,5.824168584643918
12896,PL_Pump_Hydro_Closed,2050,1,121,121,5.851231017306182
12897,PL_Pump_Hydro_Closed,2050,1,122,122,5.878293449968445
12898,PL_Pump_Hydro_Closed,2050,1,123,123,5.870232890070024
12899,PL_Pump_Hydro_Closed,2050,1,124,124,5.897295322732287
12900,PL_Pump_Hydro_Closed,2050,1,125,125,5.92435775539455
12901,PL_Pump_Hydro_Closed,2050,1,126,126,5.954858425297518
12902,PL_Pump_Hydro_Closed,2050,1,127,127,5.981920857959781
12903,PL_Pump_Hydro_Closed,2050,1,128,128,6.008983290622044
12904,PL_Pump_Hydro_Closed,2050,1,129,129,6.036045723284308
12905,PL_Pump_Hydro_Closed,2050,1,130,130,6.063108155946571
12906,PL_Pump_Hydro_Closed,2050,1,131,131,6.090170588608834
12907,PL_Pump_Hydro_Closed,2050,1,132,132,6.1172330212710975
12908,PL_Pump_Hydro_Closed,2050,1,133,133,6.144295453933361
12909,PL_Pump_Hydro_Closed,2050,1,134,134,6.129773191360331
12910,PL_Pump_Hydro_Closed,2050,1,135,135,6.107284722842529
12911,PL_Pump_Hydro_Closed,2050,1,136,136,6.116374368844177
12912,PL_Pump_Hydro_Closed,2050,1,137,137,6.14343680150644
12913,PL_Pump_Hydro_Closed,2050,1,138,138,6.1704992341687035
12914,PL_Pump_Hydro_Closed,2050,1,139,139,6.197561666830967
12915,PL_Pump_Hydro_Closed,2050,1,140,140,6.152158310483605
12916,PL_Pump_Hydro_Closed,2050,1,141,141,6.092646081947038
12917,PL_Pump_Hydro_Closed,2050,1,142,142,6.094616865806842
12918,PL_Pump_Hydro_Closed,2050,1,143,143,6.105674401691688
12919,PL_Pump_Hydro_Closed,2050,1,144,144,6.061784601809507
12920,PL_Pump_Hydro_Closed,2050,1,145,145,5.998605576347544
12921,PL_Pump_Hydro_Closed,2050,1,146,146,5.986812862912172
12922,PL_Pump_Hydro_Closed,2050,1,147,147,5.995657462935469
12923,PL_Pump_Hydro_Closed,2050,1,148,148,6.022719895597732
12924,PL_Pump_Hydro_Closed,2050,1,149,149,6.030312980882102
12925,PL_Pump_Hydro_Closed,2050,1,150,150,6.057375413544365
12926,PL_Pump_Hydro_Closed,2050,1,151,151,6.085234018051161
12927,PL_Pump_Hydro_Closed,2050,1,152,152,6.1122964507134245
12928,PL_Pump_Hydro_Closed,2050,1,153,153,6.139358883375688
12929,PL_Pump_Hydro_Closed,2050,1,154,154,6.166421316037951
12930,PL_Pump_Hydro_Closed,2050,1,155,155,6.193483748700214
12931,PL_Pump_Hydro_Closed,2050,1,156,156,6.198344688440251
12932,PL_Pump_Hydro_Closed,2050,1,157,157,6.225407121102514
12933,PL_Pump_Hydro_Closed,2050,1,158,158,6.252469553764778
12934,PL_Pump_Hydro_Closed,2050,1,159,159,6.279531986427041
12935,PL_Pump_Hydro_Closed,2050,1,160,160,6.2729375673377366
12936,PL_Pump_Hydro_Closed,2050,1,161,161,6.3
12937,PL_Pump_Hydro_Closed,2050,1,162,162,6.290761967744303
12938,PL_Pump_Hydro_Closed,2050,1,163,163,6.2312442875947935
12939,PL_Pump_Hydro_Closed,2050,1,164,164,6.162722597051721
12940,PL_Pump_Hydro_Closed,2050,1,165,165,6.189785029713985
12941,PL_Pump_Hydro_Closed,2050,1,166,166,6.200913438306708
12942,PL_Pump_Hydro_Closed,2050,1,167,167,6.14804669381906
12943,PL_Pump_Hydro_Closed,2050,1,168,168,6.134686282731304
12944,PL_Pump_Hydro_Closed,2050,1,169,169,6.164802374305885
12945,PL_Pump_Hydro_Closed,2050,1,170,170,6.141526446774224
12946,PL_Pump_Hydro_Closed,2050,1,171,171,6.042333591529449
12947,PL_Pump_Hydro_Closed,2050,1,172,172,5.943140736284674
12948,PL_Pump_Hydro_Closed,2050,1,173,173,5.85094773035799
12949,PL_Pump_Hydro_Closed,2050,1,174,174,5.833625857674345
12950,PL_Pump_Hydro_Closed,2050,1,175,175,5.860688290336609
12951,PL_Pump_Hydro_Closed,2050,1,176,176,5.862682293065138
12952,PL_Pump_Hydro_Closed,2050,1,177,177,5.782475911952596
12953,PL_Pump_Hydro_Closed,2050,1,178,178,5.683283056707821
12954,PL_Pump_Hydro_Closed,2050,1,179,179,5.584090201463046
12955,PL_Pump_Hydro_Closed,2050,1,180,180,5.5061473458288965
12956,PL_Pump_Hydro_Closed,2050,1,181,181,5.421538633592772
12957,PL_Pump_Hydro_Closed,2050,1,182,182,5.36007855729153
12958,PL_Pump_Hydro_Closed,2050,1,183,183,5.313979722954507
12959,PL_Pump_Hydro_Closed,2050,1,184,184,5.256976474042651
12960,PL_Pump_Hydro_Closed,2050,1,185,185,5.1806545798562444
12961,PL_Pump_Hydro_Closed,2050,1,186,186,5.0814617246114695
12962,PL_Pump_Hydro_Closed,2050,1,187,187,5.108524157273733
12963,PL_Pump_Hydro_Closed,2050,1,188,188,5.135586589935996
12964,PL_Pump_Hydro_Closed,2050,1,189,189,5.174887190661039
12965,PL_Pump_Hydro_Closed,2050,1,190,190,5.2082221309707455
12966,PL_Pump_Hydro_Closed,2050,1,191,191,5.235284563633009
12967,PL_Pump_Hydro_Closed,2050,1,192,192,5.173942534297575
12968,PL_Pump_Hydro_Closed,2050,1,193,193,5.0760936839075
12969,PL_Pump_Hydro_Closed,2050,1,194,194,4.976900828662725
12970,PL_Pump_Hydro_Closed,2050,1,195,195,4.87770797341795
12971,PL_Pump_Hydro_Closed,2050,1,196,196,4.799649244132645
12972,PL_Pump_Hydro_Closed,2050,1,197,197,4.728989893240202
12973,PL_Pump_Hydro_Closed,2050,1,198,198,4.680796663533571
12974,PL_Pump_Hydro_Closed,2050,1,199,199,4.69106453539403
12975,PL_Pump_Hydro_Closed,2050,1,200,200,4.638504118260778
12976,PL_Pump_Hydro_Closed,2050,1,201,201,4.579580347693877
12977,PL_Pump_Hydro_Closed,2050,1,202,202,4.570955095805645
12978,PL_Pump_Hydro_Closed,2050,1,203,203,4.556517904362278
12979,PL_Pump_Hydro_Closed,2050,1,204,204,4.5296777512696895
12980,PL_Pump_Hydro_Closed,2050,1,205,205,4.454776574999648
12981,PL_Pump_Hydro_Closed,2050,1,206,206,4.475626866119581
12982,PL_Pump_Hydro_Closed,2050,1,207,207,4.512966668697929
12983,PL_Pump_Hydro_Closed,2050,1,208,208,4.477483357460999
12984,PL_Pump_Hydro_Closed,2050,1,209,209,4.41912547663375
12985,PL_Pump_Hydro_Closed,2050,1,210,210,4.425261131726307
12986,PL_Pump_Hydro_Closed,2050,1,211,211,4.410290827037144
12987,PL_Pump_Hydro_Closed,2050,1,212,212,4.384032688800848
12988,PL_Pump_Hydro_Closed,2050,1,213,213,4.300018539875383
12989,PL_Pump_Hydro_Closed,2050,1,214,214,4.200825684630608
12990,PL_Pump_Hydro_Closed,2050,1,215,215,4.104181764715546
12991,PL_Pump_Hydro_Closed,2050,1,216,216,4.027624347124493
12992,PL_Pump_Hydro_Closed,2050,1,217,217,3.9562094729642867
12993,PL_Pump_Hydro_Closed,2050,1,218,218,3.8570166177195113
12994,PL_Pump_Hydro_Closed,2050,1,219,219,3.757823762474736
12995,PL_Pump_Hydro_Closed,2050,1,220,220,3.6586309072299605
12996,PL_Pump_Hydro_Closed,2050,1,221,221,3.559438051985185
12997,PL_Pump_Hydro_Closed,2050,1,222,222,3.4602451967404098
12998,PL_Pump_Hydro_Closed,2050,1,223,223,3.3610523414956344
12999,PL_Pump_Hydro_Closed,2050,1,224,224,3.261859486250859
13000,PL_Pump_Hydro_Closed,2050,1,225,225,3.198600164641551
13001,PL_Pump_Hydro_Closed,2050,1,226,226,3.140306655397079
13002,PL_Pump_Hydro_Closed,2050,1,227,227,3.0788989146638577
13003,PL_Pump_Hydro_Closed,2050,1,228,228,3.0535123194362583
13004,PL_Pump_Hydro_Closed,2050,1,229,229,3.070059868249985
13005,PL_Pump_Hydro_Closed,2050,1,230,230,3.071329728347124
13006,PL_Pump_Hydro_Closed,2050,1,231,231,2.991714227134739
13007,PL_Pump_Hydro_Closed,2050,1,232,232,2.8925213718899636
13008,PL_Pump_Hydro_Closed,2050,1,233,233,2.793328516645188
13009,PL_Pump_Hydro_Closed,2050,1,234,234,2.6988202728089967
13010,PL_Pump_Hydro_Closed,2050,1,235,235,2.6708007245228917
13011,PL_Pump_Hydro_Closed,2050,1,236,236,2.689347923503433
13012,PL_Pump_Hydro_Closed,2050,1,237,237,2.733955783372674
13013,PL_Pump_Hydro_Closed,2050,1,238,238,2.738857752134952
13014,PL_Pump_Hydro_Closed,2050,1,239,239,2.756566923918795
13015,PL_Pump_Hydro_Closed,2050,1,240,240,2.762538175299578
13016,PL_Pump_Hydro_Closed,2050,1,241,241,2.74449641145209
13017,PL_Pump_Hydro_Closed,2050,1,242,242,2.6453035562073146
13018,PL_Pump_Hydro_Closed,2050,1,243,243,2.546110700962539
13019,PL_Pump_Hydro_Closed,2050,1,244,244,2.5274801215959437
13020,PL_Pump_Hydro_Closed,2050,1,245,245,2.536284738430422
13021,PL_Pump_Hydro_Closed,2050,1,246,246,2.4370918831856465
13022,PL_Pump_Hydro_Closed,2050,1,247,247,2.337899027940871
13023,PL_Pump_Hydro_Closed,2050,1,248,248,2.361631895935295
13024,PL_Pump_Hydro_Closed,2050,1,249,249,2.3691703789938727
13025,PL_Pump_Hydro_Closed,2050,1,250,250,2.3817071783034542
13026,PL_Pump_Hydro_Closed,2050,1,251,251,2.367308274572118
13027,PL_Pump_Hydro_Closed,2050,1,252,252,2.2681154193273425
13028,PL_Pump_Hydro_Closed,2050,1,253,253,2.168922564082567
13029,PL_Pump_Hydro_Closed,2050,1,254,254,2.1218516332748028
13030,PL_Pump_Hydro_Closed,2050,1,255,255,2.1594543741464025
13031,PL_Pump_Hydro_Closed,2050,1,256,256,2.159520710052356
13032,PL_Pump_Hydro_Closed,2050,1,257,257,2.2173646397856355
13033,PL_Pump_Hydro_Closed,2050,1,258,258,2.2713852766458045
13034,PL_Pump_Hydro_Closed,2050,1,259,259,2.2238473181276444
13035,PL_Pump_Hydro_Closed,2050,1,260,260,2.2659361532063285
13036,PL_Pump_Hydro_Closed,2050,1,261,261,2.311895743709691
13037,PL_Pump_Hydro_Closed,2050,1,262,262,2.2764880106219585
13038,PL_Pump_Hydro_Closed,2050,1,263,263,2.177295155377183
13039,PL_Pump_Hydro_Closed,2050,1,264,264,2.0781023001324077
13040,PL_Pump_Hydro_Closed,2050,1,265,265,2.0060359456723416
13041,PL_Pump_Hydro_Closed,2050,1,266,266,1.922687800480607
13042,PL_Pump_Hydro_Closed,2050,1,267,267,1.874807198943713
13043,PL_Pump_Hydro_Closed,2050,1,268,268,1.7818647604924096
13044,PL_Pump_Hydro_Closed,2050,1,269,269,1.6826719052476344
13045,PL_Pump_Hydro_Closed,2050,1,270,270,1.6197438814049165
13046,PL_Pump_Hydro_Closed,2050,1,271,271,1.5783002776297614
13047,PL_Pump_Hydro_Closed,2050,1,272,272,1.5154417599244363
13048,PL_Pump_Hydro_Closed,2050,1,273,273,1.4849814939457173
13049,PL_Pump_Hydro_Closed,2050,1,274,274,1.5322504687297176
13050,PL_Pump_Hydro_Closed,2050,1,275,275,1.5715421248264265
13051,PL_Pump_Hydro_Closed,2050,1,276,276,1.4723492695816514
13052,PL_Pump_Hydro_Closed,2050,1,277,277,1.3731564143368762
13053,PL_Pump_Hydro_Closed,2050,1,278,278,1.2973474088560708
13054,PL_Pump_Hydro_Closed,2050,1,279,279,1.3427377437672166
13055,PL_Pump_Hydro_Closed,2050,1,280,280,1.371418925455042
13056,PL_Pump_Hydro_Closed,2050,1,281,281,1.2865208101806436
13057,PL_Pump_Hydro_Closed,2050,1,282,282,1.1873279549358684
13058,PL_Pump_Hydro_Closed,2050,1,283,283,1.0881350996910932
13059,PL_Pump_Hydro_Closed,2050,1,284,284,1.0281871079498999
13060,PL_Pump_Hydro_Closed,2050,1,285,285,0.9382225530562991
13061,PL_Pump_Hydro_Closed,2050,1,286,286,0.8873606580692359
13062,PL_Pump_Hydro_Closed,2050,1,287,287,0.8396281492392653
13063,PL_Pump_Hydro_Closed,2050,1,288,288,0.859234584020204
13064,PL_Pump_Hydro_Closed,2050,1,289,289,0.8597591480988908
13065,PL_Pump_Hydro_Closed,2050,1,290,290,0.7605662928541156
13066,PL_Pump_Hydro_Closed,2050,1,291,291,0.6613734376093404
13067,PL_Pump_Hydro_Closed,2050,1,292,292,0.5621805823645653
13068,PL_Pump_Hydro_Closed,2050,1,293,293,0.4629877271197901
13069,PL_Pump_Hydro_Closed,2050,1,294,294,0.409590509250591
13070,PL_Pump_Hydro_Closed,2050,1,295,295,0.4702001918480794
13071,PL_Pump_Hydro_Closed,2050,1,296,296,0.5203566153463881
13072,PL_Pump_Hydro_Closed,2050,1,297,297,0.4750796842515506
13073,PL_Pump_Hydro_Closed,2050,1,298,298,0.5061051073979629
13074,PL_Pump_Hydro_Closed,2050,1,299,299,0.4822455522058227
13075,PL_Pump_Hydro_Closed,2050,1,300,300,0.44275453966515077
13076,PL_Pump_Hydro_Closed,2050,1,301,301,0.4163618865355824
13077,PL_Pump_Hydro_Closed,2050,1,302,302,0.34344390092360727
13078,PL_Pump_Hydro_Closed,2050,1,303,303,0.2817783755696899
13079,PL_Pump_Hydro_Closed,2050,1,304,304,0.3008849767623779
13080,PL_Pump_Hydro_Closed,2050,1,305,305,0.3289575644119028
13081,PL_Pump_Hydro_Closed,2050,1,306,306,0.33359578326104045
13082,PL_Pump_Hydro_Closed,2050,1,307,307,0.24150596300747287
13083,PL_Pump_Hydro_Closed,2050,1,308,308,0.14231310776269768
13084,PL_Pump_Hydro_Closed,2050,1,309,309,0.04609281925538515
13085,PL_Pump_Hydro_Closed,2050,1,310,310,0.0
13086,PL_Pump_Hydro_Closed,2050,1,311,311,0.04127139518435277
13087,PL_Pump_Hydro_Closed,2050,1,312,312,0.1068422783581246
13088,PL_Pump_Hydro_Closed,2050,1,313,313,0.18420748392617103
13089,PL_Pump_Hydro_Closed,2050,1,314,314,0.25883483261042284
13090,PL_Pump_Hydro_Closed,2050,1,315,315,0.3259796078736723
13091,PL_Pump_Hydro_Closed,2050,1,316,316,0.3753270712443026
13092,PL_Pump_Hydro_Closed,2050,1,317,317,0.44789860458243524
13093,PL_Pump_Hydro_Closed,2050,1,318,318,0.5252638101504816
13094,PL_Pump_Hydro_Closed,2050,1,319,319,0.5384076488467461
13095,PL_Pump_Hydro_Closed,2050,1,320,320,0.5820910899249179
13096,PL_Pump_Hydro_Closed,2050,1,321,321,0.6416065957077608
13097,PL_Pump_Hydro_Closed,2050,1,322,322,0.7170402874505177
13098,PL_Pump_Hydro_Closed,2050,1,323,323,0.7944054930185641
13099,PL_Pump_Hydro_Closed,2050,1,324,324,0.827479049951141
13100,PL_Pump_Hydro_Closed,2050,1,325,325,0.8569642623918268
13101,PL_Pump_Hydro_Closed,2050,1,326,326,0.8715355027962319
13102,PL_Pump_Hydro_Closed,2050,1,327,327,0.7968575721785147
13103,PL_Pump_Hydro_Closed,2050,1,328,328,0.8712848875864128
13104,PL_Pump_Hydro_Closed,2050,1,329,329,0.9430743233706625
13105,PL_Pump_Hydro_Closed,2050,1,330,330,0.9490577624508778
13106,PL_Pump_Hydro_Closed,2050,1,331,331,1.0264229680189243
13107,PL_Pump_Hydro_Closed,2050,1,332,332,1.1037881735869708
13108,PL_Pump_Hydro_Closed,2050,1,333,333,1.1811533791550173
13109,PL_Pump_Hydro_Closed,2050,1,334,334,1.2585185847230638
13110,PL_Pump_Hydro_Closed,2050,1,335,335,1.3358837902911103
13111,PL_Pump_Hydro_Closed,2050,1,336,336,1.3980331200731366
13112,PL_Pump_Hydro_Closed,2050,1,337,337,1.4608899214030695
13113,PL_Pump_Hydro_Closed,2050,1,338,338,1.538255126971116
13114,PL_Pump_Hydro_Closed,2050,1,339,339,1.6156203325391625
13115,PL_Pump_Hydro_Closed,2050,1,340,340,1.692985538107209
13116,PL_Pump_Hydro_Closed,2050,1,341,341,1.7703507436752555
13117,PL_Pump_Hydro_Closed,2050,1,342,342,1.8354609359846257
13118,PL_Pump_Hydro_Closed,2050,1,343,343,1.9128261415526722
13119,PL_Pump_Hydro_Closed,2050,1,344,344,1.9901913471207187
13120,PL_Pump_Hydro_Closed,2050,1,345,345,2.067556552688765
13121,PL_Pump_Hydro_Closed,2050,1,346,346,2.1390584544111797
13122,PL_Pump_Hydro_Closed,2050,1,347,347,2.117852402640468
13123,PL_Pump_Hydro_Closed,2050,1,348,348,2.077648444352538
13124,PL_Pump_Hydro_Closed,2050,1,349,349,2.032253900726971
13125,PL_Pump_Hydro_Closed,2050,1,350,350,2.085733281389274
13126,PL_Pump_Hydro_Closed,2050,1,351,351,2.1630984869573204
13127,PL_Pump_Hydro_Closed,2050,1,352,352,2.240463692525367
13128,PL_Pump_Hydro_Closed,2050,1,353,353,2.3178288980934134
13129,PL_Pump_Hydro_Closed,2050,1,354,354,2.39519410366146
13130,PL_Pump_Hydro_Closed,2050,1,355,355,2.4725593092295064
13131,PL_Pump_Hydro_Closed,2050,1,356,356,2.549924514797553
13132,PL_Pump_Hydro_Closed,2050,1,357,357,2.6272897203655994
13133,PL_Pump_Hydro_Closed,2050,1,358,358,2.704654925933646
13134,PL_Pump_Hydro_Closed,2050,1,359,359,2.7820201315016924
13135,PL_Pump_Hydro_Closed,2050,1,360,360,2.8575220048284398
13136,PL_Pump_Hydro_Closed,2050,1,361,361,2.90252797582862
13137,PL_Pump_Hydro_Closed,2050,1,362,362,2.941694403377286
13138,PL_Pump_Hydro_Closed,2050,1,363,363,2.995269588863907
13139,PL_Pump_Hydro_Closed,2050,1,364,364,3.0726347944319534
13140,PL_Pump_Hydro_Closed,2050,1,365,365,3.15
13141,PL_Pump_Hydro_Open,2050,1,1,1,0.7684202870400111
13142,PL_Pump_Hydro_Open,2050,1,2,2,0.7868405740800222
13143,PL_Pump_Hydro_Open,2050,1,3,3,0.8052608611200331
13144,PL_Pump_Hydro_Open,2050,1,4,4,0.8236811481600442
13145,PL_Pump_Hydro_Open,2050,1,5,5,0.8373102455939198
13146,PL_Pump_Hydro_Open,2050,1,6,6,0.840787585804126
13147,PL_Pump_Hydro_Open,2050,1,7,7,0.8592078728441371
13148,PL_Pump_Hydro_Open,2050,1,8,8,0.8776281598841482
13149,PL_Pump_Hydro_Open,2050,1,9,9,0.8960484469241593
13150,PL_Pump_Hydro_Open,2050,1,10,10,0.9144687339641704
13151,PL_Pump_Hydro_Open,2050,1,11,11,0.9328890210041815
13152,PL_Pump_Hydro_Open,2050,1,12,12,0.9513093080441926
13153,PL_Pump_Hydro_Open,2050,1,13,13,0.9697295950842036
13154,PL_Pump_Hydro_Open,2050,1,14,14,0.9881498821242147
13155,PL_Pump_Hydro_Open,2050,1,15,15,1.0065701691642257
13156,PL_Pump_Hydro_Open,2050,1,16,16,1.0249904562042367
13157,PL_Pump_Hydro_Open,2050,1,17,17,1.0434107432442477
13158,PL_Pump_Hydro_Open,2050,1,18,18,1.0415682347819197
13159,PL_Pump_Hydro_Open,2050,1,19,19,1.0179508882950685
13160,PL_Pump_Hydro_Open,2050,1,20,20,1.0066601994811024
13161,PL_Pump_Hydro_Open,2050,1,21,21,0.9954088930030565
13162,PL_Pump_Hydro_Open,2050,1,22,22,0.9717915465162053
13163,PL_Pump_Hydro_Open,2050,1,23,23,0.9603238341266083
13164,PL_Pump_Hydro_Open,2050,1,24,24,0.9753362035934007
13165,PL_Pump_Hydro_Open,2050,1,25,25,0.968191013553298
13166,PL_Pump_Hydro_Open,2050,1,26,26,0.980969508317191
13167,PL_Pump_Hydro_Open,2050,1,27,27,0.9856179560567179
13168,PL_Pump_Hydro_Open,2050,1,28,28,1.004038243096729
13169,PL_Pump_Hydro_Open,2050,1,29,29,1.02245853013674
13170,PL_Pump_Hydro_Open,2050,1,30,30,1.040878817176751
13171,PL_Pump_Hydro_Open,2050,1,31,31,1.0456667184740636
13172,PL_Pump_Hydro_Open,2050,1,32,32,1.0635629836309448
13173,PL_Pump_Hydro_Open,2050,1,33,33,1.065861133290294
13174,PL_Pump_Hydro_Open,2050,1,34,34,1.0519407709469546
13175,PL_Pump_Hydro_Open,2050,1,35,35,1.0307982249781282
13176,PL_Pump_Hydro_Open,2050,1,36,36,1.018341863033637
13177,PL_Pump_Hydro_Open,2050,1,37,37,1.036762150073648
13178,PL_Pump_Hydro_Open,2050,1,38,38,1.0551824371136589
13179,PL_Pump_Hydro_Open,2050,1,39,39,1.0736027241536699
13180,PL_Pump_Hydro_Open,2050,1,40,40,1.085484615800295
13181,PL_Pump_Hydro_Open,2050,1,41,41,1.0859225004767699
13182,PL_Pump_Hydro_Open,2050,1,42,42,1.0710477259514222
13183,PL_Pump_Hydro_Open,2050,1,43,43,1.061115199497972
13184,PL_Pump_Hydro_Open,2050,1,44,44,1.0553205949711901
13185,PL_Pump_Hydro_Open,2050,1,45,45,1.0440201518599617
13186,PL_Pump_Hydro_Open,2050,1,46,46,1.0607060612898276
13187,PL_Pump_Hydro_Open,2050,1,47,47,1.077554849887569
13188,PL_Pump_Hydro_Open,2050,1,48,48,1.0941352539519356
13189,PL_Pump_Hydro_Open,2050,1,49,49,1.1119294863808034
13190,PL_Pump_Hydro_Open,2050,1,50,50,1.1303497734208143
13191,PL_Pump_Hydro_Open,2050,1,51,51,1.1474265020315595
13192,PL_Pump_Hydro_Open,2050,1,52,52,1.1552039466519484
13193,PL_Pump_Hydro_Open,2050,1,53,53,1.1684364983730728
13194,PL_Pump_Hydro_Open,2050,1,54,54,1.1868567854130838
13195,PL_Pump_Hydro_Open,2050,1,55,55,1.2009492320371402
13196,PL_Pump_Hydro_Open,2050,1,56,56,1.1910209518436754
13197,PL_Pump_Hydro_Open,2050,1,57,57,1.1875855299884712
13198,PL_Pump_Hydro_Open,2050,1,58,58,1.178096710358711
13199,PL_Pump_Hydro_Open,2050,1,59,59,1.1765746564749686
13200,PL_Pump_Hydro_Open,2050,1,60,60,1.1949949435149796
13201,PL_Pump_Hydro_Open,2050,1,61,61,1.2134152305549906
13202,PL_Pump_Hydro_Open,2050,1,62,62,1.2316608287448563
13203,PL_Pump_Hydro_Open,2050,1,63,63,1.2340181822922807
13204,PL_Pump_Hydro_Open,2050,1,64,64,1.2277781945788282
13205,PL_Pump_Hydro_Open,2050,1,65,65,1.2435176927092495
13206,PL_Pump_Hydro_Open,2050,1,66,66,1.2619379797492605
13207,PL_Pump_Hydro_Open,2050,1,67,67,1.2797622049736777
13208,PL_Pump_Hydro_Open,2050,1,68,68,1.276359748012685
13209,PL_Pump_Hydro_Open,2050,1,69,69,1.2891482910530543
13210,PL_Pump_Hydro_Open,2050,1,70,70,1.283849118130899
13211,PL_Pump_Hydro_Open,2050,1,71,71,1.2866202236201287
13212,PL_Pump_Hydro_Open,2050,1,72,72,1.3017907594829172
13213,PL_Pump_Hydro_Open,2050,1,73,73,1.3136402619708893
13214,PL_Pump_Hydro_Open,2050,1,74,74,1.3260784308151905
13215,PL_Pump_Hydro_Open,2050,1,75,75,1.3409750008485193
13216,PL_Pump_Hydro_Open,2050,1,76,76,1.3526110148125898
13217,PL_Pump_Hydro_Open,2050,1,77,77,1.335544256498889
13218,PL_Pump_Hydro_Open,2050,1,78,78,1.3180201423747024
13219,PL_Pump_Hydro_Open,2050,1,79,79,1.301268064971587
13220,PL_Pump_Hydro_Open,2050,1,80,80,1.3088369116357998
13221,PL_Pump_Hydro_Open,2050,1,81,81,1.3065030986538493
13222,PL_Pump_Hydro_Open,2050,1,82,82,1.3196163627562125
13223,PL_Pump_Hydro_Open,2050,1,83,83,1.3027265753378026
13224,PL_Pump_Hydro_Open,2050,1,84,84,1.2928254557636893
13225,PL_Pump_Hydro_Open,2050,1,85,85,1.3086204164256863
13226,PL_Pump_Hydro_Open,2050,1,86,86,1.3118527660723251
13227,PL_Pump_Hydro_Open,2050,1,87,87,1.3160438028489867
13228,PL_Pump_Hydro_Open,2050,1,88,88,1.3344640898889977
13229,PL_Pump_Hydro_Open,2050,1,89,89,1.3528843769290086
13230,PL_Pump_Hydro_Open,2050,1,90,90,1.3713046639690196
13231,PL_Pump_Hydro_Open,2050,1,91,91,1.3886297028077248
13232,PL_Pump_Hydro_Open,2050,1,92,92,1.4020384719227956
13233,PL_Pump_Hydro_Open,2050,1,93,93,1.3852826731605636
13234,PL_Pump_Hydro_Open,2050,1,94,94,1.371352261803461
13235,PL_Pump_Hydro_Open,2050,1,95,95,1.3518869516473782
13236,PL_Pump_Hydro_Open,2050,1,96,96,1.3341776877614075
13237,PL_Pump_Hydro_Open,2050,1,97,97,1.3454506773810855
13238,PL_Pump_Hydro_Open,2050,1,98,98,1.3516117714959952
13239,PL_Pump_Hydro_Open,2050,1,99,99,1.3592686039593707
13240,PL_Pump_Hydro_Open,2050,1,100,100,1.356706815437473
13241,PL_Pump_Hydro_Open,2050,1,101,101,1.3568244665208569
13242,PL_Pump_Hydro_Open,2050,1,102,102,1.370274881636774
13243,PL_Pump_Hydro_Open,2050,1,103,103,1.3817788608052848
13244,PL_Pump_Hydro_Open,2050,1,104,104,1.3941591344681397
13245,PL_Pump_Hydro_Open,2050,1,105,105,1.4043825882444159
13246,PL_Pump_Hydro_Open,2050,1,106,106,1.4141796890263034
13247,PL_Pump_Hydro_Open,2050,1,107,107,1.4204176496978747
13248,PL_Pump_Hydro_Open,2050,1,108,108,1.4158869507778442
13249,PL_Pump_Hydro_Open,2050,1,109,109,1.4205392307866709
13250,PL_Pump_Hydro_Open,2050,1,110,110,1.4303895758025502
13251,PL_Pump_Hydro_Open,2050,1,111,111,1.4343407104233565
13252,PL_Pump_Hydro_Open,2050,1,112,112,1.435092393601422
13253,PL_Pump_Hydro_Open,2050,1,113,113,1.4415358299495797
13254,PL_Pump_Hydro_Open,2050,1,114,114,1.4397794719635408
13255,PL_Pump_Hydro_Open,2050,1,115,115,1.4293907882796861
13256,PL_Pump_Hydro_Open,2050,1,116,116,1.4086436162350224
13257,PL_Pump_Hydro_Open,2050,1,117,117,1.3853591466293402
13258,PL_Pump_Hydro_Open,2050,1,118,118,1.3711920046345816
13259,PL_Pump_Hydro_Open,2050,1,119,119,1.3802633695194422
13260,PL_Pump_Hydro_Open,2050,1,120,120,1.3867068058676
13261,PL_Pump_Hydro_Open,2050,1,121,121,1.3931502422157578
13262,PL_Pump_Hydro_Open,2050,1,122,122,1.3995936785639156
13263,PL_Pump_Hydro_Open,2050,1,123,123,1.3976744976357203
13264,PL_Pump_Hydro_Open,2050,1,124,124,1.404117933983878
13265,PL_Pump_Hydro_Open,2050,1,125,125,1.4105613703320359
13266,PL_Pump_Hydro_Open,2050,1,126,126,1.4178234345946477
13267,PL_Pump_Hydro_Open,2050,1,127,127,1.4242668709428055
13268,PL_Pump_Hydro_Open,2050,1,128,128,1.4307103072909633
13269,PL_Pump_Hydro_Open,2050,1,129,129,1.437153743639121
13270,PL_Pump_Hydro_Open,2050,1,130,130,1.4435971799872789
13271,PL_Pump_Hydro_Open,2050,1,131,131,1.4500406163354367
13272,PL_Pump_Hydro_Open,2050,1,132,132,1.4564840526835945
13273,PL_Pump_Hydro_Open,2050,1,133,133,1.4629274890317523
13274,PL_Pump_Hydro_Open,2050,1,134,134,1.459469807466746
13275,PL_Pump_Hydro_Open,2050,1,135,135,1.4541154102006026
13276,PL_Pump_Hydro_Open,2050,1,136,136,1.4562796116295664
13277,PL_Pump_Hydro_Open,2050,1,137,137,1.4627230479777242
13278,PL_Pump_Hydro_Open,2050,1,138,138,1.469166484325882
13279,PL_Pump_Hydro_Open,2050,1,139,139,1.4756099206740398
13280,PL_Pump_Hydro_Open,2050,1,140,140,1.464799597734192
13281,PL_Pump_Hydro_Open,2050,1,141,141,1.4506300195111999
13282,PL_Pump_Hydro_Open,2050,1,142,142,1.451099253763534
13283,PL_Pump_Hydro_Open,2050,1,143,143,1.4537320004027834
13284,PL_Pump_Hydro_Open,2050,1,144,144,1.4432820480498831
13285,PL_Pump_Hydro_Open,2050,1,145,145,1.4282394229398918
13286,PL_Pump_Hydro_Open,2050,1,146,146,1.425431634026708
13287,PL_Pump_Hydro_Open,2050,1,147,147,1.4275374911751118
13288,PL_Pump_Hydro_Open,2050,1,148,148,1.4339809275232696
13289,PL_Pump_Hydro_Open,2050,1,149,149,1.435788804971929
13290,PL_Pump_Hydro_Open,2050,1,150,150,1.4422322413200868
13291,PL_Pump_Hydro_Open,2050,1,151,151,1.4488652423931339
13292,PL_Pump_Hydro_Open,2050,1,152,152,1.4553086787412917
13293,PL_Pump_Hydro_Open,2050,1,153,153,1.4617521150894495
13294,PL_Pump_Hydro_Open,2050,1,154,154,1.4681955514376073
13295,PL_Pump_Hydro_Open,2050,1,155,155,1.474638987785765
13296,PL_Pump_Hydro_Open,2050,1,156,156,1.475796354390536
13297,PL_Pump_Hydro_Open,2050,1,157,157,1.4822397907386937
13298,PL_Pump_Hydro_Open,2050,1,158,158,1.4886832270868515
13299,PL_Pump_Hydro_Open,2050,1,159,159,1.4951266634350093
13300,PL_Pump_Hydro_Open,2050,1,160,160,1.4935565636518422
13301,PL_Pump_Hydro_Open,2050,1,161,161,1.5
13302,PL_Pump_Hydro_Open,2050,1,162,162,1.4978004685105484
13303,PL_Pump_Hydro_Open,2050,1,163,163,1.4836295922844747
13304,PL_Pump_Hydro_Open,2050,1,164,164,1.4673149040599336
13305,PL_Pump_Hydro_Open,2050,1,165,165,1.4737583404080914
13306,PL_Pump_Hydro_Open,2050,1,166,166,1.476407961501597
13307,PL_Pump_Hydro_Open,2050,1,167,167,1.4638206413854904
13308,PL_Pump_Hydro_Open,2050,1,168,168,1.4606395911265009
13309,PL_Pump_Hydro_Open,2050,1,169,169,1.4678100891204486
13310,PL_Pump_Hydro_Open,2050,1,170,170,1.4622682016129103
13311,PL_Pump_Hydro_Open,2050,1,171,171,1.438650855126059
13312,PL_Pump_Hydro_Open,2050,1,172,172,1.4150335086392078
13313,PL_Pump_Hydro_Open,2050,1,173,173,1.3930827929423784
13314,PL_Pump_Hydro_Open,2050,1,174,174,1.3889585375415108
13315,PL_Pump_Hydro_Open,2050,1,175,175,1.3954019738896686
13316,PL_Pump_Hydro_Open,2050,1,176,176,1.3958767364440803
13317,PL_Pump_Hydro_Open,2050,1,177,177,1.3767799790363322
13318,PL_Pump_Hydro_Open,2050,1,178,178,1.353162632549481
13319,PL_Pump_Hydro_Open,2050,1,179,179,1.3295452860626298
13320,PL_Pump_Hydro_Open,2050,1,180,180,1.3109874632925942
13321,PL_Pump_Hydro_Open,2050,1,181,181,1.2908425318078025
13322,PL_Pump_Hydro_Open,2050,1,182,182,1.2762091803075069
13323,PL_Pump_Hydro_Open,2050,1,183,183,1.2652332673701203
13324,PL_Pump_Hydro_Open,2050,1,184,184,1.25166106524825
13325,PL_Pump_Hydro_Open,2050,1,185,185,1.2334891856800578
13326,PL_Pump_Hydro_Open,2050,1,186,186,1.2098718391932066
13327,PL_Pump_Hydro_Open,2050,1,187,187,1.2163152755413644
13328,PL_Pump_Hydro_Open,2050,1,188,188,1.2227587118895222
13329,PL_Pump_Hydro_Open,2050,1,189,189,1.232115997776438
13330,PL_Pump_Hydro_Open,2050,1,190,190,1.2400528883263682
13331,PL_Pump_Hydro_Open,2050,1,191,191,1.246496324674526
13332,PL_Pump_Hydro_Open,2050,1,192,192,1.231891079594661
13333,PL_Pump_Hydro_Open,2050,1,193,193,1.2085937342636905
13334,PL_Pump_Hydro_Open,2050,1,194,194,1.1849763877768393
13335,PL_Pump_Hydro_Open,2050,1,195,195,1.1613590412899881
13336,PL_Pump_Hydro_Open,2050,1,196,196,1.142773629555392
13337,PL_Pump_Hydro_Open,2050,1,197,197,1.1259499745810009
13338,PL_Pump_Hydro_Open,2050,1,198,198,1.114475396079422
13339,PL_Pump_Hydro_Open,2050,1,199,199,1.1169201274747693
13340,PL_Pump_Hydro_Open,2050,1,200,200,1.1044057424430427
13341,PL_Pump_Hydro_Open,2050,1,201,201,1.0903762732604472
13342,PL_Pump_Hydro_Open,2050,1,202,202,1.088322641858487
13343,PL_Pump_Hydro_Open,2050,1,203,203,1.084885215324352
13344,PL_Pump_Hydro_Open,2050,1,204,204,1.0784947026832596
13345,PL_Pump_Hydro_Open,2050,1,205,205,1.0606610892856307
13346,PL_Pump_Hydro_Open,2050,1,206,206,1.0656254443141857
13347,PL_Pump_Hydro_Open,2050,1,207,207,1.0745158734995066
13348,PL_Pump_Hydro_Open,2050,1,208,208,1.0660674660621428
13349,PL_Pump_Hydro_Open,2050,1,209,209,1.052172732531845
13350,PL_Pump_Hydro_Open,2050,1,210,210,1.053633602791978
13351,PL_Pump_Hydro_Open,2050,1,211,211,1.0500692445326534
13352,PL_Pump_Hydro_Open,2050,1,212,212,1.0438173068573446
13353,PL_Pump_Hydro_Open,2050,1,213,213,1.0238139380655673
13354,PL_Pump_Hydro_Open,2050,1,214,214,1.000196591578716
13355,PL_Pump_Hydro_Open,2050,1,215,215,0.9771861344560822
13356,PL_Pump_Hydro_Open,2050,1,216,216,0.958958177886784
13357,PL_Pump_Hydro_Open,2050,1,217,217,0.9419546364200682
13358,PL_Pump_Hydro_Open,2050,1,218,218,0.918337289933217
13359,PL_Pump_Hydro_Open,2050,1,219,219,0.8947199434463657
13360,PL_Pump_Hydro_Open,2050,1,220,220,0.8711025969595145
13361,PL_Pump_Hydro_Open,2050,1,221,221,0.8474852504726633
13362,PL_Pump_Hydro_Open,2050,1,222,222,0.8238679039858121
13363,PL_Pump_Hydro_Open,2050,1,223,223,0.8002505574989609
13364,PL_Pump_Hydro_Open,2050,1,224,224,0.7766332110121097
13365,PL_Pump_Hydro_Open,2050,1,225,225,0.7615714677717977
13366,PL_Pump_Hydro_Open,2050,1,226,226,0.7476920608088282
13367,PL_Pump_Hydro_Open,2050,1,227,227,0.7330711701580612
13368,PL_Pump_Hydro_Open,2050,1,228,228,0.7270267427229185
13369,PL_Pump_Hydro_Open,2050,1,229,229,0.7309666352976152
13370,PL_Pump_Hydro_Open,2050,1,230,230,0.7312689829397911
13371,PL_Pump_Hydro_Open,2050,1,231,231,0.7123129112225567
13372,PL_Pump_Hydro_Open,2050,1,232,232,0.6886955647357055
13373,PL_Pump_Hydro_Open,2050,1,233,233,0.6650782182488543
13374,PL_Pump_Hydro_Open,2050,1,234,234,0.6425762554307133
13375,PL_Pump_Hydro_Open,2050,1,235,235,0.635904934410212
13376,PL_Pump_Hydro_Open,2050,1,236,236,0.6403209341674838
13377,PL_Pump_Hydro_Open,2050,1,237,237,0.6509418531839698
13378,PL_Pump_Hydro_Open,2050,1,238,238,0.6521089886035599
13379,PL_Pump_Hydro_Open,2050,1,239,239,0.6563254580759036
13380,PL_Pump_Hydro_Open,2050,1,240,240,0.6577471845951376
13381,PL_Pump_Hydro_Open,2050,1,241,241,0.6534515265362117
13382,PL_Pump_Hydro_Open,2050,1,242,242,0.6298341800493605
13383,PL_Pump_Hydro_Open,2050,1,243,243,0.6062168335625093
13384,PL_Pump_Hydro_Open,2050,1,244,244,0.6017809813323675
13385,PL_Pump_Hydro_Open,2050,1,245,245,0.6038773186739099
13386,PL_Pump_Hydro_Open,2050,1,246,246,0.5802599721870587
13387,PL_Pump_Hydro_Open,2050,1,247,247,0.5566426257002075
13388,PL_Pump_Hydro_Open,2050,1,248,248,0.5622933085560223
13389,PL_Pump_Hydro_Open,2050,1,249,249,0.5640881854747316
13390,PL_Pump_Hydro_Open,2050,1,250,250,0.5670731376912986
13391,PL_Pump_Hydro_Open,2050,1,251,251,0.5636448272790757
13392,PL_Pump_Hydro_Open,2050,1,252,252,0.5400274807922245
13393,PL_Pump_Hydro_Open,2050,1,253,253,0.5164101343053733
13394,PL_Pump_Hydro_Open,2050,1,254,254,0.5052027698273338
13395,PL_Pump_Hydro_Open,2050,1,255,255,0.514155803368191
13396,PL_Pump_Hydro_Open,2050,1,256,256,0.5141715976315133
13397,PL_Pump_Hydro_Open,2050,1,257,257,0.5279439618537227
13398,PL_Pump_Hydro_Open,2050,1,258,258,0.5408060182490011
13399,PL_Pump_Hydro_Open,2050,1,259,259,0.5294874566970582
13400,PL_Pump_Hydro_Open,2050,1,260,260,0.5395086079062686
13401,PL_Pump_Hydro_Open,2050,1,261,261,0.5504513675499263
13402,PL_Pump_Hydro_Open,2050,1,262,262,0.5420209549099899
13403,PL_Pump_Hydro_Open,2050,1,263,263,0.5184036084231387
13404,PL_Pump_Hydro_Open,2050,1,264,264,0.4947862619362875
13405,PL_Pump_Hydro_Open,2050,1,265,265,0.47762760611246213
13406,PL_Pump_Hydro_Open,2050,1,266,266,0.4577828096382396
13407,PL_Pump_Hydro_Open,2050,1,267,267,0.4463826664151696
13408,PL_Pump_Hydro_Open,2050,1,268,268,0.42425351440295456
13409,PL_Pump_Hydro_Open,2050,1,269,269,0.40063616791610335
13410,PL_Pump_Hydro_Open,2050,1,270,270,0.3856533050964086
13411,PL_Pump_Hydro_Open,2050,1,271,271,0.37578578038803834
13412,PL_Pump_Hydro_Open,2050,1,272,272,0.36081946664867526
13413,PL_Pump_Hydro_Open,2050,1,273,273,0.3535670223680279
13414,PL_Pump_Hydro_Open,2050,1,274,274,0.36482154017374224
13415,PL_Pump_Hydro_Open,2050,1,275,275,0.3741766963872443
13416,PL_Pump_Hydro_Open,2050,1,276,276,0.3505593499003931
13417,PL_Pump_Hydro_Open,2050,1,277,277,0.3269420034135419
13418,PL_Pump_Hydro_Open,2050,1,278,278,0.30889224020382633
13419,PL_Pump_Hydro_Open,2050,1,279,279,0.3196994628017182
13420,PL_Pump_Hydro_Open,2050,1,280,280,0.32652831558453377
13421,PL_Pump_Hydro_Open,2050,1,281,281,0.30631447861443895
13422,PL_Pump_Hydro_Open,2050,1,282,282,0.28269713212758774
13423,PL_Pump_Hydro_Open,2050,1,283,283,0.2590797856407365
13424,PL_Pump_Hydro_Open,2050,1,284,284,0.2448064542737857
13425,PL_Pump_Hydro_Open,2050,1,285,285,0.2233863221562617
13426,PL_Pump_Hydro_Open,2050,1,286,286,0.21127634715934185
13427,PL_Pump_Hydro_Open,2050,1,287,287,0.1999114641045869
13428,PL_Pump_Hydro_Open,2050,1,288,288,0.20457966286195334
13429,PL_Pump_Hydro_Open,2050,1,289,289,0.20470455907116442
13430,PL_Pump_Hydro_Open,2050,1,290,290,0.18108721258431318
13431,PL_Pump_Hydro_Open,2050,1,291,291,0.15746986609746194
13432,PL_Pump_Hydro_Open,2050,1,292,292,0.1338525196106107
13433,PL_Pump_Hydro_Open,2050,1,293,293,0.11023517312375947
13434,PL_Pump_Hydro_Open,2050,1,294,294,0.09752154982156926
13435,PL_Pump_Hydro_Open,2050,1,295,295,0.11195242663049507
13436,PL_Pump_Hydro_Open,2050,1,296,296,0.12389443222533049
13437,PL_Pump_Hydro_Open,2050,1,297,297,0.11311421053608345
13438,PL_Pump_Hydro_Open,2050,1,298,298,0.12050121604713399
13439,PL_Pump_Hydro_Open,2050,1,299,299,0.1148203695728149
13440,PL_Pump_Hydro_Open,2050,1,300,300,0.1054177475393216
13441,PL_Pump_Hydro_Open,2050,1,301,301,0.09913378250847199
13442,PL_Pump_Hydro_Open,2050,1,302,302,0.08177235736276363
13443,PL_Pump_Hydro_Open,2050,1,303,303,0.06709008942135473
13444,PL_Pump_Hydro_Open,2050,1,304,304,0.07163928018151854
13445,PL_Pump_Hydro_Open,2050,1,305,305,0.07832322962188162
13446,PL_Pump_Hydro_Open,2050,1,306,306,0.07942756744310485
13447,PL_Pump_Hydro_Open,2050,1,307,307,0.057501419763684
13448,PL_Pump_Hydro_Open,2050,1,308,308,0.03388407327683277
13449,PL_Pump_Hydro_Open,2050,1,309,309,0.0109744807750917
13450,PL_Pump_Hydro_Open,2050,1,310,310,0.0
13451,PL_Pump_Hydro_Open,2050,1,311,311,0.00982652266294114
13452,PL_Pump_Hydro_Open,2050,1,312,312,0.025438637704315387
13453,PL_Pump_Hydro_Open,2050,1,313,313,0.04385892474432644
13454,PL_Pump_Hydro_Open,2050,1,314,314,0.06162734109771974
13455,PL_Pump_Hydro_Open,2050,1,315,315,0.07761419235087437
13456,PL_Pump_Hydro_Open,2050,1,316,316,0.08936358839150038
13457,PL_Pump_Hydro_Open,2050,1,317,317,0.10664252490057957
13458,PL_Pump_Hydro_Open,2050,1,318,318,0.12506281194059063
13459,PL_Pump_Hydro_Open,2050,1,319,319,0.1281922973444631
13460,PL_Pump_Hydro_Open,2050,1,320,320,0.13859311664878973
13461,PL_Pump_Hydro_Open,2050,1,321,321,0.15276347516851435
13462,PL_Pump_Hydro_Open,2050,1,322,322,0.17072387796440885
13463,PL_Pump_Hydro_Open,2050,1,323,323,0.1891441650044199
13464,PL_Pump_Hydro_Open,2050,1,324,324,0.19701882141693822
13465,PL_Pump_Hydro_Open,2050,1,325,325,0.204039110093292
13466,PL_Pump_Hydro_Open,2050,1,326,326,0.2075084530467218
13467,PL_Pump_Hydro_Open,2050,1,327,327,0.18972799337583676
13468,PL_Pump_Hydro_Open,2050,1,328,328,0.20744878275866963
13469,PL_Pump_Hydro_Open,2050,1,329,329,0.22454150556444338
13470,PL_Pump_Hydro_Open,2050,1,330,330,0.2259661339168756
13471,PL_Pump_Hydro_Open,2050,1,331,331,0.24438642095688665
13472,PL_Pump_Hydro_Open,2050,1,332,332,0.2628067079968977
13473,PL_Pump_Hydro_Open,2050,1,333,333,0.28122699503690873
13474,PL_Pump_Hydro_Open,2050,1,334,334,0.2996472820769198
13475,PL_Pump_Hydro_Open,2050,1,335,335,0.3180675691169309
13476,PL_Pump_Hydro_Open,2050,1,336,336,0.33286502858884187
13477,PL_Pump_Hydro_Open,2050,1,337,337,0.3478309336673974
13478,PL_Pump_Hydro_Open,2050,1,338,338,0.36625122070740845
13479,PL_Pump_Hydro_Open,2050,1,339,339,0.38467150774741954
13480,PL_Pump_Hydro_Open,2050,1,340,340,0.4030917947874306
13481,PL_Pump_Hydro_Open,2050,1,341,341,0.4215120818274417
13482,PL_Pump_Hydro_Open,2050,1,342,342,0.4370145085677679
13483,PL_Pump_Hydro_Open,2050,1,343,343,0.455434795607779
13484,PL_Pump_Hydro_Open,2050,1,344,344,0.4738550826477901
13485,PL_Pump_Hydro_Open,2050,1,345,345,0.49227536968780117
13486,PL_Pump_Hydro_Open,2050,1,346,346,0.5092996320026617
13487,PL_Pump_Hydro_Open,2050,1,347,347,0.5042505720572543
13488,PL_Pump_Hydro_Open,2050,1,348,348,0.49467820103631854
13489,PL_Pump_Hydro_Open,2050,1,349,349,0.4838699763635645
13490,PL_Pump_Hydro_Open,2050,1,350,350,0.49660316223554135
13491,PL_Pump_Hydro_Open,2050,1,351,351,0.5150234492755524
13492,PL_Pump_Hydro_Open,2050,1,352,352,0.5334437363155635
13493,PL_Pump_Hydro_Open,2050,1,353,353,0.5518640233555746
13494,PL_Pump_Hydro_Open,2050,1,354,354,0.5702843103955857
13495,PL_Pump_Hydro_Open,2050,1,355,355,0.5887045974355968
13496,PL_Pump_Hydro_Open,2050,1,356,356,0.6071248844756079
13497,PL_Pump_Hydro_Open,2050,1,357,357,0.625545171515619
13498,PL_Pump_Hydro_Open,2050,1,358,358,0.64396545855563
13499,PL_Pump_Hydro_Open,2050,1,359,359,0.6623857455956411
13500,PL_Pump_Hydro_Open,2050,1,360,360,0.6803623821020094
13501,PL_Pump_Hydro_Open,2050,1,361,361,0.6910780894830049
13502,PL_Pump_Hydro_Open,2050,1,362,362,0.7004034293755443
13503,PL_Pump_Hydro_Open,2050,1,363,363,0.7131594259199778
13504,PL_Pump_Hydro_Open,2050,1,364,364,0.7315797129599889
13505,PL_Pump_Hydro_Open,2050,1,365,365,0.75
13506,PT_Hydro_Reservoir,2050,1,1,1,645.6097560505804
13507,PT_Hydro_Reservoir,2050,1,2,2,646.4195121011608
13508,PT_Hydro_Reservoir,2050,1,3,3,647.2292681517412
13509,PT_Hydro_Reservoir,2050,1,4,4,648.0390242023216
13510,PT_Hydro_Reservoir,2050,1,5,5,649.608773982399
13511,PT_Hydro_Reservoir,2050,1,6,6,652.7888277720457
13512,PT_Hydro_Reservoir,2050,1,7,7,653.5985838226261
13513,PT_Hydro_Reservoir,2050,1,8,8,654.4083398732065
13514,PT_Hydro_Reservoir,2050,1,9,9,655.2180959237869
13515,PT_Hydro_Reservoir,2050,1,10,10,656.0278519743673
13516,PT_Hydro_Reservoir,2050,1,11,11,656.8376080249477
13517,PT_Hydro_Reservoir,2050,1,12,12,657.6473640755281
13518,PT_Hydro_Reservoir,2050,1,13,13,658.4571201261085
13519,PT_Hydro_Reservoir,2050,1,14,14,659.2668761766889
13520,PT_Hydro_Reservoir,2050,1,15,15,660.0766322272693
13521,PT_Hydro_Reservoir,2050,1,16,16,660.8863882778497
13522,PT_Hydro_Reservoir,2050,1,17,17,661.6961443284301
13523,PT_Hydro_Reservoir,2050,1,18,18,665.7200494296221
13524,PT_Hydro_Reservoir,2050,1,19,19,673.1979485740184
13525,PT_Hydro_Reservoir,2050,1,20,20,678.7205540842294
13526,PT_Hydro_Reservoir,2050,1,21,21,684.2369126430959
13527,PT_Hydro_Reservoir,2050,1,22,22,691.7148117874922
13528,PT_Hydro_Reservoir,2050,1,23,23,697.2654973401379
13529,PT_Hydro_Reservoir,2050,1,24,24,698.615828112072
13530,PT_Hydro_Reservoir,2050,1,25,25,703.4808614256536
13531,PT_Hydro_Reservoir,2050,1,26,26,705.1855365058389
13532,PT_Hydro_Reservoir,2050,1,27,27,708.1798254955055
13533,PT_Hydro_Reservoir,2050,1,28,28,708.9895815460859
13534,PT_Hydro_Reservoir,2050,1,29,29,709.7993375966663
13535,PT_Hydro_Reservoir,2050,1,30,30,710.6090936472467
13536,PT_Hydro_Reservoir,2050,1,31,31,713.5812620701678
13537,PT_Hydro_Reservoir,2050,1,32,32,714.4741401380418
13538,PT_Hydro_Reservoir,2050,1,33,33,717.8412408822456
13539,PT_Hydro_Reservoir,2050,1,34,34,723.7809735690538
13540,PT_Hydro_Reservoir,2050,1,35,35,730.8663119863508
13541,PT_Hydro_Reservoir,2050,1,36,36,736.5738202749257
13542,PT_Hydro_Reservoir,2050,1,37,37,737.383576325506
13543,PT_Hydro_Reservoir,2050,1,38,38,738.1933323760865
13544,PT_Hydro_Reservoir,2050,1,39,39,739.0030884266669
13545,PT_Hydro_Reservoir,2050,1,40,40,740.849985544172
13546,PT_Hydro_Reservoir,2050,1,41,41,744.512167434899
13547,PT_Hydro_Reservoir,2050,1,42,42,750.6032920166872
13548,PT_Hydro_Reservoir,2050,1,43,43,755.9104614948303
13549,PT_Hydro_Reservoir,2050,1,44,44,760.5612606399377
13550,PT_Hydro_Reservoir,2050,1,45,45,766.0854134077955
13551,PT_Hydro_Reservoir,2050,1,46,46,765.1564930977198
13552,PT_Hydro_Reservoir,2050,1,47,47,764.3908556605156
13553,PT_Hydro_Reservoir,2050,1,48,48,764.8027123666125
13554,PT_Hydro_Reservoir,2050,1,49,49,764.9848620951858
13555,PT_Hydro_Reservoir,2050,1,50,50,765.7946181457662
13556,PT_Hydro_Reservoir,2050,1,51,51,765.2574856834525
13557,PT_Hydro_Reservoir,2050,1,52,52,767.7554432388494
13558,PT_Hydro_Reservoir,2050,1,53,53,768.8674329349669
13559,PT_Hydro_Reservoir,2050,1,54,54,769.6771889855473
13560,PT_Hydro_Reservoir,2050,1,55,55,771.1734408438031
13561,PT_Hydro_Reservoir,2050,1,56,56,776.4799367666858
13562,PT_Hydro_Reservoir,2050,1,57,57,780.7565148551183
13563,PT_Hydro_Reservoir,2050,1,58,58,785.9933021460678
13564,PT_Hydro_Reservoir,2050,1,59,59,789.9663757230801
13565,PT_Hydro_Reservoir,2050,1,60,60,790.7761317736605
13566,PT_Hydro_Reservoir,2050,1,61,61,791.5858878242409
13567,PT_Hydro_Reservoir,2050,1,62,62,792.2205220487313
13568,PT_Hydro_Reservoir,2050,1,63,63,795.5782316839627
13569,PT_Hydro_Reservoir,2050,1,64,64,800.29967892629
13570,PT_Hydro_Reservoir,2050,1,65,65,801.5346702376049
13571,PT_Hydro_Reservoir,2050,1,66,66,802.3444262881853
13572,PT_Hydro_Reservoir,2050,1,67,67,802.5566431511052
13573,PT_Hydro_Reservoir,2050,1,68,68,806.827992243202
13574,PT_Hydro_Reservoir,2050,1,69,69,801.9920457061984
13575,PT_Hydro_Reservoir,2050,1,70,70,805.2933857610163
13576,PT_Hydro_Reservoir,2050,1,71,71,808.5854647476639
13577,PT_Hydro_Reservoir,2050,1,72,72,806.1374149335926
13578,PT_Hydro_Reservoir,2050,1,73,73,805.8337470478065
13579,PT_Hydro_Reservoir,2050,1,74,74,806.7920782174943
13580,PT_Hydro_Reservoir,2050,1,75,75,804.0693835345531
13581,PT_Hydro_Reservoir,2050,1,76,76,798.0780513144042
13582,PT_Hydro_Reservoir,2050,1,77,77,804.516875334381
13583,PT_Hydro_Reservoir,2050,1,78,78,811.0282465872356
13584,PT_Hydro_Reservoir,2050,1,79,79,817.4171549206089
13585,PT_Hydro_Reservoir,2050,1,80,80,819.9482009470771
13586,PT_Hydro_Reservoir,2050,1,81,81,824.0500383333343
13587,PT_Hydro_Reservoir,2050,1,82,82,821.2769661410094
13588,PT_Hydro_Reservoir,2050,1,83,83,827.6877184748746
13589,PT_Hydro_Reservoir,2050,1,84,84,832.9899060939553
13590,PT_Hydro_Reservoir,2050,1,85,85,834.2160997621618
13591,PT_Hydro_Reservoir,2050,1,86,86,837.435014733979
13592,PT_Hydro_Reservoir,2050,1,87,87,840.5018597049692
13593,PT_Hydro_Reservoir,2050,1,88,88,841.3116157555496
13594,PT_Hydro_Reservoir,2050,1,89,89,842.12137180613
13595,PT_Hydro_Reservoir,2050,1,90,90,842.9311278567104
13596,PT_Hydro_Reservoir,2050,1,91,91,843.9146156594572
13597,PT_Hydro_Reservoir,2050,1,92,92,842.7684342757314
13598,PT_Hydro_Reservoir,2050,1,93,93,849.1579329029203
13599,PT_Hydro_Reservoir,2050,1,94,94,854.8504691431051
13600,PT_Hydro_Reservoir,2050,1,95,95,861.6697590828087
13601,PT_Hydro_Reservoir,2050,1,96,96,868.2104993795838
13602,PT_Hydro_Reservoir,2050,1,97,97,861.8552430391935
13603,PT_Hydro_Reservoir,2050,1,98,98,856.258942906346
13604,PT_Hydro_Reservoir,2050,1,99,99,849.0671565447258
13605,PT_Hydro_Reservoir,2050,1,100,100,846.3982871061497
13606,PT_Hydro_Reservoir,2050,1,101,101,848.7209052133994
13607,PT_Hydro_Reservoir,2050,1,102,102,844.5484712383674
13608,PT_Hydro_Reservoir,2050,1,103,103,838.4247769671397
13609,PT_Hydro_Reservoir,2050,1,104,104,833.1795491344643
13610,PT_Hydro_Reservoir,2050,1,105,105,825.7721556182308
13611,PT_Hydro_Reservoir,2050,1,106,106,817.9373523682102
13612,PT_Hydro_Reservoir,2050,1,107,107,814.2634086946505
13613,PT_Hydro_Reservoir,2050,1,108,108,816.7565255802199
13614,PT_Hydro_Reservoir,2050,1,109,109,810.7102028975052
13615,PT_Hydro_Reservoir,2050,1,110,110,802.9287758502452
13616,PT_Hydro_Reservoir,2050,1,111,111,796.4035506102953
13617,PT_Hydro_Reservoir,2050,1,112,112,790.6920509844689
13618,PT_Hydro_Reservoir,2050,1,113,113,779.4952710585553
13619,PT_Hydro_Reservoir,2050,1,114,114,773.3924545358614
13620,PT_Hydro_Reservoir,2050,1,115,115,775.2220752355012
13621,PT_Hydro_Reservoir,2050,1,116,116,780.9169341018767
13622,PT_Hydro_Reservoir,2050,1,117,117,788.1880399315453
13623,PT_Hydro_Reservoir,2050,1,118,118,791.0833243313396
13624,PT_Hydro_Reservoir,2050,1,119,119,782.5209864078665
13625,PT_Hydro_Reservoir,2050,1,120,120,771.324206481953
13626,PT_Hydro_Reservoir,2050,1,121,121,760.1274265560394
13627,PT_Hydro_Reservoir,2050,1,122,122,748.9306466301258
13628,PT_Hydro_Reservoir,2050,1,123,123,742.928980706428
13629,PT_Hydro_Reservoir,2050,1,124,124,731.7322007805144
13630,PT_Hydro_Reservoir,2050,1,125,125,720.5354208546008
13631,PT_Hydro_Reservoir,2050,1,126,126,710.1592978575521
13632,PT_Hydro_Reservoir,2050,1,127,127,698.9625179316386
13633,PT_Hydro_Reservoir,2050,1,128,128,687.765738005725
13634,PT_Hydro_Reservoir,2050,1,129,129,676.5689580798114
13635,PT_Hydro_Reservoir,2050,1,130,130,665.3721781538978
13636,PT_Hydro_Reservoir,2050,1,131,131,654.1753982279843
13637,PT_Hydro_Reservoir,2050,1,132,132,642.9786183020707
13638,PT_Hydro_Reservoir,2050,1,133,133,631.7818383761571
13639,PT_Hydro_Reservoir,2050,1,134,134,626.7359361729054
13640,PT_Hydro_Reservoir,2050,1,135,135,622.868331860323
13641,PT_Hydro_Reservoir,2050,1,136,136,614.3299437408045
13642,PT_Hydro_Reservoir,2050,1,137,137,603.133163814891
13643,PT_Hydro_Reservoir,2050,1,138,138,591.9363838889774
13644,PT_Hydro_Reservoir,2050,1,139,139,580.7396039630638
13645,PT_Hydro_Reservoir,2050,1,140,140,580.2613877960632
13646,PT_Hydro_Reservoir,2050,1,141,141,581.8700439062179
13647,PT_Hydro_Reservoir,2050,1,142,142,574.3846213143105
13648,PT_Hydro_Reservoir,2050,1,143,143,565.5551585584449
13649,PT_Hydro_Reservoir,2050,1,144,144,564.8530691445445
13650,PT_Hydro_Reservoir,2050,1,145,145,567.0040887226609
13651,PT_Hydro_Reservoir,2050,1,146,146,561.5544532976382
13652,PT_Hydro_Reservoir,2050,1,147,147,553.0523104323111
13653,PT_Hydro_Reservoir,2050,1,148,148,541.8555305063975
13654,PT_Hydro_Reservoir,2050,1,149,149,533.538501757783
13655,PT_Hydro_Reservoir,2050,1,150,150,522.3417218318694
13656,PT_Hydro_Reservoir,2050,1,151,151,511.3349764774648
13657,PT_Hydro_Reservoir,2050,1,152,152,500.13819655155123
13658,PT_Hydro_Reservoir,2050,1,153,153,488.94141662563766
13659,PT_Hydro_Reservoir,2050,1,154,154,477.7446366997241
13660,PT_Hydro_Reservoir,2050,1,155,155,466.5478567738105
13661,PT_Hydro_Reservoir,2050,1,156,156,458.6349452868139
13662,PT_Hydro_Reservoir,2050,1,157,157,447.4381653609003
13663,PT_Hydro_Reservoir,2050,1,158,158,436.24138543498674
13664,PT_Hydro_Reservoir,2050,1,159,159,425.04460550907316
13665,PT_Hydro_Reservoir,2050,1,160,160,418.82607968559586
13666,PT_Hydro_Reservoir,2050,1,161,161,407.6292997596823
13667,PT_Hydro_Reservoir,2050,1,162,162,401.80179619188107
13668,PT_Hydro_Reservoir,2050,1,163,163,403.41125866130824
13669,PT_Hydro_Reservoir,2050,1,164,164,406.3525228099596
13670,PT_Hydro_Reservoir,2050,1,165,165,395.15574288404605
13671,PT_Hydro_Reservoir,2050,1,166,166,386.3157972003254
13672,PT_Hydro_Reservoir,2050,1,167,167,386.9415061093156
13673,PT_Hydro_Reservoir,2050,1,168,168,381.72375206544433
13674,PT_Hydro_Reservoir,2050,1,169,169,371.2558358476877
13675,PT_Hydro_Reservoir,2050,1,170,170,367.50470621595707
13676,PT_Hydro_Reservoir,2050,1,171,171,374.98260536035326
13677,PT_Hydro_Reservoir,2050,1,172,172,382.46050450474945
13678,PT_Hydro_Reservoir,2050,1,173,173,388.9030415528497
13679,PT_Hydro_Reservoir,2050,1,174,174,384.27123543384505
13680,PT_Hydro_Reservoir,2050,1,175,175,373.0744555079315
13681,PT_Hydro_Reservoir,2050,1,176,176,365.5855985654395
13682,PT_Hydro_Reservoir,2050,1,177,177,370.2551693065353
13683,PT_Hydro_Reservoir,2050,1,178,178,377.7330684509315
13684,PT_Hydro_Reservoir,2050,1,179,179,385.2109675953277
13685,PT_Hydro_Reservoir,2050,1,180,180,389.54573563170385
13686,PT_Hydro_Reservoir,2050,1,181,181,394.86646421542946
13687,PT_Hydro_Reservoir,2050,1,182,182,396.7632304909967
13688,PT_Hydro_Reservoir,2050,1,183,183,396.3878839025518
13689,PT_Hydro_Reservoir,2050,1,184,184,397.6254316808325
13690,PT_Hydro_Reservoir,2050,1,185,185,401.72043997863653
13691,PT_Hydro_Reservoir,2050,1,186,186,409.1983391230327
13692,PT_Hydro_Reservoir,2050,1,187,187,398.00155919711915
13693,PT_Hydro_Reservoir,2050,1,188,188,386.8047792712056
13694,PT_Hydro_Reservoir,2050,1,189,189,378.5290710207522
13695,PT_Hydro_Reservoir,2050,1,190,190,368.82944690517377
13696,PT_Hydro_Reservoir,2050,1,191,191,357.6326669792602
13697,PT_Hydro_Reservoir,2050,1,192,192,359.51197268554563
13698,PT_Hydro_Reservoir,2050,1,193,193,366.7910773101517
13699,PT_Hydro_Reservoir,2050,1,194,194,374.2689764545479
13700,PT_Hydro_Reservoir,2050,1,195,195,381.7468755989441
13701,PT_Hydro_Reservoir,2050,1,196,196,386.0987827451657
13702,PT_Hydro_Reservoir,2050,1,197,197,389.356232628669
13703,PT_Hydro_Reservoir,2050,1,198,198,389.290672363016
13704,PT_Hydro_Reservoir,2050,1,199,199,380.5780104356406
13705,PT_Hydro_Reservoir,2050,1,200,200,381.1584098361846
13706,PT_Hydro_Reservoir,2050,1,201,201,382.68002591885164
13707,PT_Hydro_Reservoir,2050,1,202,202,376.7618847477256
13708,PT_Hydro_Reservoir,2050,1,203,203,371.70339949887745
13709,PT_Hydro_Reservoir,2050,1,204,204,368.47946179382086
13710,PT_Hydro_Reservoir,2050,1,205,205,372.36432878524965
13711,PT_Hydro_Reservoir,2050,1,206,206,364.52270154576735
13712,PT_Hydro_Reservoir,2050,1,207,207,355.77897946364953
13713,PT_Hydro_Reservoir,2050,1,208,208,358.25753621074165
13714,PT_Hydro_Reservoir,2050,1,209,209,360.73491178528514
13715,PT_Hydro_Reservoir,2050,1,210,210,353.5787014434755
13716,PT_Hydro_Reservoir,2050,1,211,211,348.59907007028204
13717,PT_Hydro_Reservoir,2050,1,212,212,345.2890453518768
13718,PT_Hydro_Reservoir,2050,1,213,213,350.52183085458284
13719,PT_Hydro_Reservoir,2050,1,214,214,357.99972999897903
13720,PT_Hydro_Reservoir,2050,1,215,215,365.1006108810716
13721,PT_Hydro_Reservoir,2050,1,216,216,369.23045592962256
13722,PT_Hydro_Reservoir,2050,1,217,217,372.5996568121494
13723,PT_Hydro_Reservoir,2050,1,218,218,380.0775559565456
13724,PT_Hydro_Reservoir,2050,1,219,219,387.5554551009418
13725,PT_Hydro_Reservoir,2050,1,220,220,395.033354245338
13726,PT_Hydro_Reservoir,2050,1,221,221,402.5112533897342
13727,PT_Hydro_Reservoir,2050,1,222,222,409.98915253413037
13728,PT_Hydro_Reservoir,2050,1,223,223,417.46705167852656
13729,PT_Hydro_Reservoir,2050,1,224,224,424.94495082292275
13730,PT_Hydro_Reservoir,2050,1,225,225,427.10784716918994
13731,PT_Hydro_Reservoir,2050,1,226,226,428.5362400045625
13732,PT_Hydro_Reservoir,2050,1,227,227,430.425265218722
13733,PT_Hydro_Reservoir,2050,1,228,228,426.98632878300816
13734,PT_Hydro_Reservoir,2050,1,229,229,417.63011091106364
13735,PT_Hydro_Reservoir,2050,1,230,230,410.2483633931868
13736,PT_Hydro_Reservoir,2050,1,231,231,414.8305358740795
13737,PT_Hydro_Reservoir,2050,1,232,232,422.3084350184757
13738,PT_Hydro_Reservoir,2050,1,233,233,429.78633416287187
13739,PT_Hydro_Reservoir,2050,1,234,234,436.5713228076396
13740,PT_Hydro_Reservoir,2050,1,235,235,437.37860892976107
13741,PT_Hydro_Reservoir,2050,1,236,236,431.2135509517551
13742,PT_Hydro_Reservoir,2050,1,237,237,424.20460781523883
13743,PT_Hydro_Reservoir,2050,1,238,238,419.71430055838096
13744,PT_Hydro_Reservoir,2050,1,239,239,414.68774414173345
13745,PT_Hydro_Reservoir,2050,1,240,240,409.07402195074906
13746,PT_Hydro_Reservoir,2050,1,241,241,404.5486964130587
13747,PT_Hydro_Reservoir,2050,1,242,242,412.02659555745487
13748,PT_Hydro_Reservoir,2050,1,243,243,419.50449470185106
13749,PT_Hydro_Reservoir,2050,1,244,244,416.3883652346967
13750,PT_Hydro_Reservoir,2050,1,245,245,408.4354586370156
13751,PT_Hydro_Reservoir,2050,1,246,246,415.9133577814118
13752,PT_Hydro_Reservoir,2050,1,247,247,423.39125692580797
13753,PT_Hydro_Reservoir,2050,1,248,248,419.160795325182
13754,PT_Hydro_Reservoir,2050,1,249,249,416.0800329671979
13755,PT_Hydro_Reservoir,2050,1,250,250,409.9476331566411
13756,PT_Hydro_Reservoir,2050,1,251,251,404.8834846936308
13757,PT_Hydro_Reservoir,2050,1,252,252,412.361383838027
13758,PT_Hydro_Reservoir,2050,1,253,253,419.8392829824232
13759,PT_Hydro_Reservoir,2050,1,254,254,422.94720946510756
13760,PT_Hydro_Reservoir,2050,1,255,255,418.8778447501977
13761,PT_Hydro_Reservoir,2050,1,256,256,416.880013323728
13762,PT_Hydro_Reservoir,2050,1,257,257,413.0303264235949
13763,PT_Hydro_Reservoir,2050,1,258,258,409.20079788615243
13764,PT_Hydro_Reservoir,2050,1,259,259,414.7278246586862
13765,PT_Hydro_Reservoir,2050,1,260,260,412.7435056385469
13766,PT_Hydro_Reservoir,2050,1,261,261,406.05720082893765
13767,PT_Hydro_Reservoir,2050,1,262,262,406.97520931355785
13768,PT_Hydro_Reservoir,2050,1,263,263,414.45310845795404
13769,PT_Hydro_Reservoir,2050,1,264,264,421.93100760235023
13770,PT_Hydro_Reservoir,2050,1,265,265,427.6601301648325
13771,PT_Hydro_Reservoir,2050,1,266,266,434.53961543094243
13772,PT_Hydro_Reservoir,2050,1,267,267,440.0795829475492
13773,PT_Hydro_Reservoir,2050,1,268,268,446.63297010033915
13774,PT_Hydro_Reservoir,2050,1,269,269,454.11086924473534
13775,PT_Hydro_Reservoir,2050,1,270,270,460.21913913545285
13776,PT_Hydro_Reservoir,2050,1,271,271,465.5159978301104
13777,PT_Hydro_Reservoir,2050,1,272,272,471.62164265308587
13778,PT_Hydro_Reservoir,2050,1,273,273,475.39718925589483
13779,PT_Hydro_Reservoir,2050,1,274,274,469.0234153181319
13780,PT_Hydro_Reservoir,2050,1,275,275,460.7455721157518
13781,PT_Hydro_Reservoir,2050,1,276,276,468.223471260148
13782,PT_Hydro_Reservoir,2050,1,277,277,475.7013704045442
13783,PT_Hydro_Reservoir,2050,1,278,278,482.29612178671084
13784,PT_Hydro_Reservoir,2050,1,279,279,476.05765371789624
13785,PT_Hydro_Reservoir,2050,1,280,280,471.95037057025064
13786,PT_Hydro_Reservoir,2050,1,281,281,477.31390535204787
13787,PT_Hydro_Reservoir,2050,1,282,282,484.79180449644406
13788,PT_Hydro_Reservoir,2050,1,283,283,492.26970364084025
13789,PT_Hydro_Reservoir,2050,1,284,284,498.2654253964817
13790,PT_Hydro_Reservoir,2050,1,285,285,504.3783476731407
13791,PT_Hydro_Reservoir,2050,1,286,286,506.6493184762286
13792,PT_Hydro_Reservoir,2050,1,287,287,508.68873272605623
13793,PT_Hydro_Reservoir,2050,1,288,288,504.2605496181709
13794,PT_Hydro_Reservoir,2050,1,289,289,501.23884256186903
13795,PT_Hydro_Reservoir,2050,1,290,290,508.7167417062652
13796,PT_Hydro_Reservoir,2050,1,291,291,516.1946408506615
13797,PT_Hydro_Reservoir,2050,1,292,292,523.6725399950577
13798,PT_Hydro_Reservoir,2050,1,293,293,531.150439139454
13799,PT_Hydro_Reservoir,2050,1,294,294,536.8987550425809
13800,PT_Hydro_Reservoir,2050,1,295,295,533.7092128889096
13801,PT_Hydro_Reservoir,2050,1,296,296,528.0246307166497
13802,PT_Hydro_Reservoir,2050,1,297,297,533.2696406025896
13803,PT_Hydro_Reservoir,2050,1,298,298,527.9022919735639
13804,PT_Hydro_Reservoir,2050,1,299,299,531.6255679703332
13805,PT_Hydro_Reservoir,2050,1,300,300,535.9025479179517
13806,PT_Hydro_Reservoir,2050,1,301,301,538.1593210798884
13807,PT_Hydro_Reservoir,2050,1,302,302,544.6448860896874
13808,PT_Hydro_Reservoir,2050,1,303,303,550.7054746650331
13809,PT_Hydro_Reservoir,2050,1,304,304,552.4699880217461
13810,PT_Hydro_Reservoir,2050,1,305,305,548.8946791084409
13811,PT_Hydro_Reservoir,2050,1,306,306,547.2269704241094
13812,PT_Hydro_Reservoir,2050,1,307,307,554.436606236298
13813,PT_Hydro_Reservoir,2050,1,308,308,561.9145053806942
13814,PT_Hydro_Reservoir,2050,1,309,309,569.280138337582
13815,PT_Hydro_Reservoir,2050,1,310,310,574.7525859232447
13816,PT_Hydro_Reservoir,2050,1,311,311,575.2757185915887
13817,PT_Hydro_Reservoir,2050,1,312,312,573.2703424344385
13818,PT_Hydro_Reservoir,2050,1,313,313,574.0800984850189
13819,PT_Hydro_Reservoir,2050,1,314,314,574.2363681515516
13820,PT_Hydro_Reservoir,2050,1,315,315,572.6066570105394
13821,PT_Hydro_Reservoir,2050,1,316,316,570.8888164582953
13822,PT_Hydro_Reservoir,2050,1,317,317,570.5543930777382
13823,PT_Hydro_Reservoir,2050,1,318,318,571.3641491283186
13824,PT_Hydro_Reservoir,2050,1,319,319,574.5993807533927
13825,PT_Hydro_Reservoir,2050,1,320,320,576.6812102750835
13826,PT_Hydro_Reservoir,2050,1,321,321,577.3180872869098
13827,PT_Hydro_Reservoir,2050,1,322,322,577.6668192449243
13828,PT_Hydro_Reservoir,2050,1,323,323,578.4765752955047
13829,PT_Hydro_Reservoir,2050,1,324,324,580.9591128073373
13830,PT_Hydro_Reservoir,2050,1,325,325,583.5771728460468
13831,PT_Hydro_Reservoir,2050,1,326,326,586.7584951859916
13832,PT_Hydro_Reservoir,2050,1,327,327,593.3105287845455
13833,PT_Hydro_Reservoir,2050,1,328,328,593.4190534344459
13834,PT_Hydro_Reservoir,2050,1,329,329,594.4393919450135
13835,PT_Hydro_Reservoir,2050,1,330,330,597.9450534163882
13836,PT_Hydro_Reservoir,2050,1,331,331,598.7548094669686
13837,PT_Hydro_Reservoir,2050,1,332,332,599.564565517549
13838,PT_Hydro_Reservoir,2050,1,333,333,600.3743215681294
13839,PT_Hydro_Reservoir,2050,1,334,334,601.1840776187098
13840,PT_Hydro_Reservoir,2050,1,335,335,601.9938336692902
13841,PT_Hydro_Reservoir,2050,1,336,336,602.7496995346792
13842,PT_Hydro_Reservoir,2050,1,337,337,604.1074006356147
13843,PT_Hydro_Reservoir,2050,1,338,338,604.9171566861951
13844,PT_Hydro_Reservoir,2050,1,339,339,605.7269127367755
13845,PT_Hydro_Reservoir,2050,1,340,340,606.5366687873559
13846,PT_Hydro_Reservoir,2050,1,341,341,607.3464248379363
13847,PT_Hydro_Reservoir,2050,1,342,342,608.6190211669455
13848,PT_Hydro_Reservoir,2050,1,343,343,609.4287772175259
13849,PT_Hydro_Reservoir,2050,1,344,344,610.2385332681063
13850,PT_Hydro_Reservoir,2050,1,345,345,611.0482893186867
13851,PT_Hydro_Reservoir,2050,1,346,346,612.0794872500014
13852,PT_Hydro_Reservoir,2050,1,347,347,616.6120257430612
13853,PT_Hydro_Reservoir,2050,1,348,348,621.8620662213407
13854,PT_Hydro_Reservoir,2050,1,349,349,627.3081417354191
13855,PT_Hydro_Reservoir,2050,1,350,350,629.0200038561051
13856,PT_Hydro_Reservoir,2050,1,351,351,629.8297599066855
13857,PT_Hydro_Reservoir,2050,1,352,352,630.6395159572659
13858,PT_Hydro_Reservoir,2050,1,353,353,631.4492720078463
13859,PT_Hydro_Reservoir,2050,1,354,354,632.2590280584267
13860,PT_Hydro_Reservoir,2050,1,355,355,633.0687841090071
13861,PT_Hydro_Reservoir,2050,1,356,356,633.8785401595875
13862,PT_Hydro_Reservoir,2050,1,357,357,634.6882962101679
13863,PT_Hydro_Reservoir,2050,1,358,358,635.4980522607483
13864,PT_Hydro_Reservoir,2050,1,359,359,636.3078083113287
13865,PT_Hydro_Reservoir,2050,1,360,360,637.1879376201965
13866,PT_Hydro_Reservoir,2050,1,361,361,639.219818593941
13867,PT_Hydro_Reservoir,2050,1,362,362,641.4722440795475
13868,PT_Hydro_Reservoir,2050,1,363,363,643.1804878988391
13869,PT_Hydro_Reservoir,2050,1,364,364,643.9902439494196
13870,PT_Hydro_Reservoir,2050,1,365,365,644.8
13871,PT_Pump_Hydro_Open,2050,1,1,1,1008.4114996183714
13872,PT_Pump_Hydro_Open,2050,1,2,2,1007.8729992367429
13873,PT_Pump_Hydro_Open,2050,1,3,3,1007.3344988551142
13874,PT_Pump_Hydro_Open,2050,1,4,4,1006.7959984734856
13875,PT_Pump_Hydro_Open,2050,1,5,5,1009.5053746032022
13876,PT_Pump_Hydro_Open,2050,1,6,6,1019.0964766811904
13877,PT_Pump_Hydro_Open,2050,1,7,7,1018.5579762995618
13878,PT_Pump_Hydro_Open,2050,1,8,8,1018.0194759179332
13879,PT_Pump_Hydro_Open,2050,1,9,9,1017.4809755363045
13880,PT_Pump_Hydro_Open,2050,1,10,10,1016.9424751546759
13881,PT_Pump_Hydro_Open,2050,1,11,11,1016.4039747730473
13882,PT_Pump_Hydro_Open,2050,1,12,12,1015.8654743914186
13883,PT_Pump_Hydro_Open,2050,1,13,13,1015.32697400979
13884,PT_Pump_Hydro_Open,2050,1,14,14,1014.7884736281613
13885,PT_Pump_Hydro_Open,2050,1,15,15,1014.2499732465327
13886,PT_Pump_Hydro_Open,2050,1,16,16,1013.7114728649041
13887,PT_Pump_Hydro_Open,2050,1,17,17,1013.1729724832754
13888,PT_Pump_Hydro_Open,2050,1,18,18,1026.3703212281268
13889,PT_Pump_Hydro_Open,2050,1,19,19,1054.3285103428993
13890,PT_Pump_Hydro_Open,2050,1,20,20,1073.9306406893265
13891,PT_Pump_Hydro_Open,2050,1,21,21,1093.506074333199
13892,PT_Pump_Hydro_Open,2050,1,22,22,1121.4642634479715
13893,PT_Pump_Hydro_Open,2050,1,23,23,1141.1863954558876
13894,PT_Pump_Hydro_Open,2050,1,24,24,1142.958071950683
13895,PT_Pump_Hydro_Open,2050,1,25,25,1159.7500300429792
13896,PT_Pump_Hydro_Open,2050,1,26,26,1163.036017131441
13897,PT_Pump_Hydro_Open,2050,1,27,27,1171.8332427508835
13898,PT_Pump_Hydro_Open,2050,1,28,28,1171.294742369255
13899,PT_Pump_Hydro_Open,2050,1,29,29,1170.7562419876263
13900,PT_Pump_Hydro_Open,2050,1,30,30,1170.2177416059976
13901,PT_Pump_Hydro_Open,2050,1,31,31,1178.92043372291
13902,PT_Pump_Hydro_Open,2050,1,32,32,1178.7371600189042
13903,PT_Pump_Hydro_Open,2050,1,33,33,1189.127617916087
13904,PT_Pump_Hydro_Open,2050,1,34,34,1210.5123650217465
13905,PT_Pump_Hydro_Open,2050,1,35,35,1236.7929234991375
13906,PT_Pump_Hydro_Open,2050,1,36,36,1257.1852464056105
13907,PT_Pump_Hydro_Open,2050,1,37,37,1256.646746023982
13908,PT_Pump_Hydro_Open,2050,1,38,38,1256.1082456423533
13909,PT_Pump_Hydro_Open,2050,1,39,39,1255.5697452607246
13910,PT_Pump_Hydro_Open,2050,1,40,40,1259.4635263302146
13911,PT_Pump_Hydro_Open,2050,1,41,41,1271.1150303223
13912,PT_Pump_Hydro_Open,2050,1,42,42,1293.1467593182433
13913,PT_Pump_Hydro_Open,2050,1,43,43,1311.8282115049783
13914,PT_Pump_Hydro_Open,2050,1,44,44,1327.704627670138
13915,PT_Pump_Hydro_Open,2050,1,45,45,1347.313370310289
13916,PT_Pump_Hydro_Open,2050,1,46,46,1341.5026284990702
13917,PT_Pump_Hydro_Open,2050,1,47,47,1336.1870143301062
13918,PT_Pump_Hydro_Open,2050,1,48,48,1334.6872411431398
13919,PT_Pump_Hydro_Open,2050,1,49,49,1332.2456309434713
13920,PT_Pump_Hydro_Open,2050,1,50,50,1331.7071305618426
13921,PT_Pump_Hydro_Open,2050,1,51,51,1327.0844190070434
13922,PT_Pump_Hydro_Open,2050,1,52,52,1333.7605439586248
13923,PT_Pump_Hydro_Open,2050,1,53,53,1335.0716267861224
13924,PT_Pump_Hydro_Open,2050,1,54,54,1334.5331264044937
13925,PT_Pump_Hydro_Open,2050,1,55,55,1336.9284049770165
13926,PT_Pump_Hydro_Open,2050,1,56,56,1355.6069786869637
13927,PT_Pump_Hydro_Open,2050,1,57,57,1369.8841398413895
13928,PT_Pump_Hydro_Open,2050,1,58,58,1388.2648097404142
13929,PT_Pump_Hydro_Open,2050,1,59,59,1401.2449270700426
13930,PT_Pump_Hydro_Open,2050,1,60,60,1400.706426688414
13931,PT_Pump_Hydro_Open,2050,1,61,61,1400.1679263067854
13932,PT_Pump_Hydro_Open,2050,1,62,62,1399.0983986634822
13933,PT_Pump_Hydro_Open,2050,1,63,63,1409.4487231213177
13934,PT_Pump_Hydro_Open,2050,1,64,64,1425.6270579558375
13935,PT_Pump_Hydro_Open,2050,1,65,65,1426.905824693043
13936,PT_Pump_Hydro_Open,2050,1,66,66,1426.3673243114144
13937,PT_Pump_Hydro_Open,2050,1,67,67,1424.0168876015096
13938,PT_Pump_Hydro_Open,2050,1,68,68,1438.2717023421196
13939,PT_Pump_Hydro_Open,2050,1,69,69,1420.6135655779192
13940,PT_Pump_Hydro_Open,2050,1,70,70,1432.084930560372
13941,PT_Pump_Hydro_Open,2050,1,71,71,1442.1547787015131
13942,PT_Pump_Hydro_Open,2050,1,72,72,1431.7375340993688
13943,PT_Pump_Hydro_Open,2050,1,73,73,1428.7509271060671
13944,PT_Pump_Hydro_Open,2050,1,74,74,1429.7050475817396
13945,PT_Pump_Hydro_Open,2050,1,75,75,1418.4549889557513
13946,PT_Pump_Hydro_Open,2050,1,76,76,1397.293340897744
13947,PT_Pump_Hydro_Open,2050,1,77,77,1420.8109832564824
13948,PT_Pump_Hydro_Open,2050,1,78,78,1444.6386603490375
13949,PT_Pump_Hydro_Open,2050,1,79,79,1467.9429851766245
13950,PT_Pump_Hydro_Open,2050,1,80,80,1474.76051559488
13951,PT_Pump_Hydro_Open,2050,1,81,81,1488.2909124009384
13952,PT_Pump_Hydro_Open,2050,1,82,82,1477.1826935889935
13953,PT_Pump_Hydro_Open,2050,1,83,83,1500.5803699974654
13954,PT_Pump_Hydro_Open,2050,1,84,84,1519.240531925605
13955,PT_Pump_Hydro_Open,2050,1,85,85,1520.4817014336522
13956,PT_Pump_Hydro_Open,2050,1,86,86,1530.2388789881554
13957,PT_Pump_Hydro_Open,2050,1,87,87,1539.3461767283964
13958,PT_Pump_Hydro_Open,2050,1,88,88,1538.8076763467677
13959,PT_Pump_Hydro_Open,2050,1,89,89,1538.269175965139
13960,PT_Pump_Hydro_Open,2050,1,90,90,1537.7306755835104
13961,PT_Pump_Hydro_Open,2050,1,91,91,1537.9346277448913
13962,PT_Pump_Hydro_Open,2050,1,92,92,1531.9853176675404
13963,PT_Pump_Hydro_Open,2050,1,93,93,1555.2921651493862
13964,PT_Pump_Hydro_Open,2050,1,94,94,1575.887122203887
13965,PT_Pump_Hydro_Open,2050,1,95,95,1601.0307073514768
13966,PT_Pump_Hydro_Open,2050,1,96,96,1624.9838947268247
13967,PT_Pump_Hydro_Open,2050,1,97,97,1602.718708444349
13968,PT_Pump_Hydro_Open,2050,1,98,98,1583.7525933162399
13969,PT_Pump_Hydro_Open,2050,1,99,99,1559.4236309370956
13970,PT_Pump_Hydro_Open,2050,1,100,100,1551.3136556714644
13971,PT_Pump_Hydro_Open,2050,1,101,101,1558.7304469068556
13972,PT_Pump_Hydro_Open,2050,1,102,102,1543.0842995487571
13973,PT_Pump_Hydro_Open,2050,1,103,103,1521.5212860007744
13974,PT_Pump_Hydro_Open,2050,1,104,104,1502.6220730637879
13975,PT_Pump_Hydro_Open,2050,1,105,105,1477.1664590895248
13976,PT_Pump_Hydro_Open,2050,1,106,106,1450.4147975259148
13977,PT_Pump_Hydro_Open,2050,1,107,107,1437.5908088472531
13978,PT_Pump_Hydro_Open,2050,1,108,108,1446.3436915099503
13979,PT_Pump_Hydro_Open,2050,1,109,109,1426.1931320077133
13980,PT_Pump_Hydro_Open,2050,1,110,110,1399.6033247339053
13981,PT_Pump_Hydro_Open,2050,1,111,111,1378.03855463938
13982,PT_Pump_Hydro_Open,2050,1,112,112,1359.6231261542982
13983,PT_Pump_Hydro_Open,2050,1,113,113,1322.6768400377493
13984,PT_Pump_Hydro_Open,2050,1,114,114,1303.4347950644485
13985,PT_Pump_Hydro_Open,2050,1,115,115,1311.0590261491116
13986,PT_Pump_Hydro_Open,2050,1,116,116,1332.8201988050987
13987,PT_Pump_Hydro_Open,2050,1,117,117,1360.0596707990464
13988,PT_Pump_Hydro_Open,2050,1,118,118,1371.7383492041486
13989,PT_Pump_Hydro_Open,2050,1,119,119,1342.7805620304846
13990,PT_Pump_Hydro_Open,2050,1,120,120,1305.8342759139357
13991,PT_Pump_Hydro_Open,2050,1,121,121,1268.8879897973868
13992,PT_Pump_Hydro_Open,2050,1,122,122,1231.941703680838
13993,PT_Pump_Hydro_Open,2050,1,123,123,1213.0512110165466
13994,PT_Pump_Hydro_Open,2050,1,124,124,1176.1049248999977
13995,PT_Pump_Hydro_Open,2050,1,125,125,1139.1586387834489
13996,PT_Pump_Hydro_Open,2050,1,126,126,1104.7008557361025
13997,PT_Pump_Hydro_Open,2050,1,127,127,1067.7545696195536
13998,PT_Pump_Hydro_Open,2050,1,128,128,1030.8082835030048
13999,PT_Pump_Hydro_Open,2050,1,129,129,993.8619973864559
14000,PT_Pump_Hydro_Open,2050,1,130,130,956.915711269907
14001,PT_Pump_Hydro_Open,2050,1,131,131,919.9694251533581
14002,PT_Pump_Hydro_Open,2050,1,132,132,883.0231390368092
14003,PT_Pump_Hydro_Open,2050,1,133,133,846.0768529202603
14004,PT_Pump_Hydro_Open,2050,1,134,134,830.5081492134743
14005,PT_Pump_Hydro_Open,2050,1,135,135,819.0346594577339
14006,PT_Pump_Hydro_Open,2050,1,136,136,791.327703479267
14007,PT_Pump_Hydro_Open,2050,1,137,137,754.3814173627181
14008,PT_Pump_Hydro_Open,2050,1,138,138,717.4351312461692
14009,PT_Pump_Hydro_Open,2050,1,139,139,680.4888451296204
14010,PT_Pump_Hydro_Open,2050,1,140,140,680.7952878758532
14011,PT_Pump_Hydro_Open,2050,1,141,141,688.3547254132465
14012,PT_Pump_Hydro_Open,2050,1,142,142,664.3073865424665
14013,PT_Pump_Hydro_Open,2050,1,143,143,635.5887908750852
14014,PT_Pump_Hydro_Open,2050,1,144,144,635.1171546217453
14015,PT_Pump_Hydro_Open,2050,1,145,145,644.561594634424
14016,PT_Pump_Hydro_Open,2050,1,146,146,627.5897025358128
14017,PT_Pump_Hydro_Open,2050,1,147,147,600.0087181573961
14018,PT_Pump_Hydro_Open,2050,1,148,148,563.0624320408472
14019,PT_Pump_Hydro_Open,2050,1,149,149,536.1248180013753
14020,PT_Pump_Hydro_Open,2050,1,150,150,499.17853188482644
14021,PT_Pump_Hydro_Open,2050,1,151,151,462.8084934033383
14022,PT_Pump_Hydro_Open,2050,1,152,152,425.86220728678944
14023,PT_Pump_Hydro_Open,2050,1,153,153,388.9159211702406
14024,PT_Pump_Hydro_Open,2050,1,154,154,351.9696350536918
14025,PT_Pump_Hydro_Open,2050,1,155,155,315.02334893714294
14026,PT_Pump_Hydro_Open,2050,1,156,156,289.4902580329002
14027,PT_Pump_Hydro_Open,2050,1,157,157,252.54397191635138
14028,PT_Pump_Hydro_Open,2050,1,158,158,215.59768579980255
14029,PT_Pump_Hydro_Open,2050,1,159,159,178.65139968325371
14030,PT_Pump_Hydro_Open,2050,1,160,160,159.00720314320034
14031,PT_Pump_Hydro_Open,2050,1,161,161,122.06091702665151
14032,PT_Pump_Hydro_Open,2050,1,162,162,103.77573148822614
14033,PT_Pump_Hydro_Open,2050,1,163,163,111.33797155439282
14034,PT_Pump_Hydro_Open,2050,1,164,164,123.52893315182634
14035,PT_Pump_Hydro_Open,2050,1,165,165,86.5826470352775
14036,PT_Pump_Hydro_Open,2050,1,166,166,57.827617599543274
14037,PT_Pump_Hydro_Open,2050,1,167,167,61.97078907787967
14038,PT_Pump_Hydro_Open,2050,1,168,168,45.80480851878577
14039,PT_Pump_Hydro_Open,2050,1,169,169,11.068678084816082
14040,PT_Pump_Hydro_Open,2050,1,170,170,0.0
14041,PT_Pump_Hydro_Open,2050,1,171,171,27.95818911477259
14042,PT_Pump_Hydro_Open,2050,1,172,172,55.91637822954518
14043,PT_Pump_Hydro_Open,2050,1,173,173,80.27613155425753
14044,PT_Pump_Hydro_Open,2050,1,174,174,66.14663271638436
14045,PT_Pump_Hydro_Open,2050,1,175,175,29.200346599835527
14046,PT_Pump_Hydro_Open,2050,1,176,176,5.141071528084666
14047,PT_Pump_Hydro_Open,2050,1,177,177,23.33882081911672
14048,PT_Pump_Hydro_Open,2050,1,178,178,51.29700993388931
14049,PT_Pump_Hydro_Open,2050,1,179,179,79.25519904866191
14050,PT_Pump_Hydro_Open,2050,1,180,180,96.28933027835824
14051,PT_Pump_Hydro_Open,2050,1,181,181,116.75020055313125
14052,PT_Pump_Hydro_Open,2050,1,182,182,125.31097466099565
14053,PT_Pump_Hydro_Open,2050,1,183,183,125.97494408751456
14054,PT_Pump_Hydro_Open,2050,1,184,184,132.24458213525847
14055,PT_Pump_Hydro_Open,2050,1,185,185,148.44542032923357
14056,PT_Pump_Hydro_Open,2050,1,186,186,176.40360944400615
14057,PT_Pump_Hydro_Open,2050,1,187,187,139.45732332745732
14058,PT_Pump_Hydro_Open,2050,1,188,188,102.51103721090848
14059,PT_Pump_Hydro_Open,2050,1,189,189,74.42240594874067
14060,PT_Pump_Hydro_Open,2050,1,190,190,42.01599112072892
14061,PT_Pump_Hydro_Open,2050,1,191,191,5.069705004180086
14062,PT_Pump_Hydro_Open,2050,1,192,192,13.569794316219628
14063,PT_Pump_Hydro_Open,2050,1,193,193,40.837066391011874
14064,PT_Pump_Hydro_Open,2050,1,194,194,68.79525550578447
14065,PT_Pump_Hydro_Open,2050,1,195,195,96.75344462055706
14066,PT_Pump_Hydro_Open,2050,1,196,196,113.84714340299497
14067,PT_Pump_Hydro_Open,2050,1,197,197,127.13701915680713
14068,PT_Pump_Hydro_Open,2050,1,198,198,128.87766136784631
14069,PT_Pump_Hydro_Open,2050,1,199,199,100.56501090847665
14070,PT_Pump_Hydro_Open,2050,1,200,200,104.55070766622408
14071,PT_Pump_Hydro_Open,2050,1,201,201,111.80763466049441
14072,PT_Pump_Hydro_Open,2050,1,202,202,93.20743508311949
14073,PT_Pump_Hydro_Open,2050,1,203,203,77.59499857813111
14074,PT_Pump_Hydro_Open,2050,1,204,204,68.35859376656067
14075,PT_Pump_Hydro_Open,2050,1,205,205,83.82907878212993
14076,PT_Pump_Hydro_Open,2050,1,206,206,57.87708426167934
14077,PT_Pump_Hydro_Open,2050,1,207,207,28.369280364076257
14078,PT_Pump_Hydro_Open,2050,1,208,208,37.74151283274689
14079,PT_Pump_Hydro_Open,2050,1,209,209,48.035782388636605
14080,PT_Pump_Hydro_Open,2050,1,210,210,24.873980329900736
14081,PT_Pump_Hydro_Open,2050,1,211,211,9.535603121998797
14082,PT_Pump_Hydro_Open,2050,1,212,212,0.0
14083,PT_Pump_Hydro_Open,2050,1,213,213,20.155221138725675
14084,PT_Pump_Hydro_Open,2050,1,214,214,48.113410253498266
14085,PT_Pump_Hydro_Open,2050,1,215,215,74.7612597166328
14086,PT_Pump_Hydro_Open,2050,1,216,216,91.08317420956227
14087,PT_Pump_Hydro_Open,2050,1,217,217,104.76144431922357
14088,PT_Pump_Hydro_Open,2050,1,218,218,132.71963343399617
14089,PT_Pump_Hydro_Open,2050,1,219,219,160.67782254876875
14090,PT_Pump_Hydro_Open,2050,1,220,220,188.63601166354132
14091,PT_Pump_Hydro_Open,2050,1,221,221,216.5942007783139
14092,PT_Pump_Hydro_Open,2050,1,222,222,244.55238989308648
14093,PT_Pump_Hydro_Open,2050,1,223,223,272.51057900785906
14094,PT_Pump_Hydro_Open,2050,1,224,224,300.4687681226317
14095,PT_Pump_Hydro_Open,2050,1,225,225,309.95448624249303
14096,PT_Pump_Hydro_Open,2050,1,226,226,316.8874127052294
14097,PT_Pump_Hydro_Open,2050,1,227,227,325.42128249380073
14098,PT_Pump_Hydro_Open,2050,1,228,228,315.4376423623528
14099,PT_Pump_Hydro_Open,2050,1,229,229,284.8102282534527
14100,PT_Pump_Hydro_Open,2050,1,230,230,261.123215589575
14101,PT_Pump_Hydro_Open,2050,1,231,231,279.0172092876322
14102,PT_Pump_Hydro_Open,2050,1,232,232,306.97539840240483
14103,PT_Pump_Hydro_Open,2050,1,233,233,334.93358751717744
14104,PT_Pump_Hydro_Open,2050,1,234,234,360.4835428844603
14105,PT_Pump_Hydro_Open,2050,1,235,235,364.20244779037375
14106,PT_Pump_Hydro_Open,2050,1,236,236,343.71187495516097
14107,PT_Pump_Hydro_Open,2050,1,237,237,319.46449423644657
14108,PT_Pump_Hydro_Open,2050,1,238,238,304.88857890189774
14109,PT_Pump_Hydro_Open,2050,1,239,239,288.07729219436555
14110,PT_Pump_Hydro_Open,2050,1,240,240,269.8610368336756
14111,PT_Pump_Hydro_Open,2050,1,241,241,256.1016148376324
14112,PT_Pump_Hydro_Open,2050,1,242,242,284.059803952405
14113,PT_Pump_Hydro_Open,2050,1,243,243,312.0179930671776
14114,PT_Pump_Hydro_Open,2050,1,244,244,302.7945073972621
14115,PT_Pump_Hydro_Open,2050,1,245,245,276.9737408419621
14116,PT_Pump_Hydro_Open,2050,1,246,246,304.93192995673473
14117,PT_Pump_Hydro_Open,2050,1,247,247,332.89011907150734
14118,PT_Pump_Hydro_Open,2050,1,248,248,318.3840468459773
14119,PT_Pump_Hydro_Open,2050,1,249,249,308.21464363273435
14120,PT_Pump_Hydro_Open,2050,1,250,250,288.07190225593877
14121,PT_Pump_Hydro_Open,2050,1,251,251,272.43978305964794
14122,PT_Pump_Hydro_Open,2050,1,252,252,300.39797217442054
14123,PT_Pump_Hydro_Open,2050,1,253,253,328.35616128919315
14124,PT_Pump_Hydro_Open,2050,1,254,254,340.21256680630813
14125,PT_Pump_Hydro_Open,2050,1,255,255,325.66094523667743
14126,PT_Pump_Hydro_Open,2050,1,256,256,319.2614041161594
14127,PT_Pump_Hydro_Open,2050,1,257,257,304.59393257034344
14128,PT_Pump_Hydro_Open,2050,1,258,258,290.1457489959196
14129,PT_Pump_Hydro_Open,2050,1,259,259,309.76677385882857
14130,PT_Pump_Hydro_Open,2050,1,260,260,301.70969095398846
14131,PT_Pump_Hydro_Open,2050,1,261,261,278.44065628769937
14132,PT_Pump_Hydro_Open,2050,1,262,262,282.81311049008195
14133,PT_Pump_Hydro_Open,2050,1,263,263,310.77129960485456
14134,PT_Pump_Hydro_Open,2050,1,264,264,338.72948871962717
14135,PT_Pump_Hydro_Open,2050,1,265,265,359.9903596732894
14136,PT_Pump_Hydro_Open,2050,1,266,266,385.3911929785151
14137,PT_Pump_Hydro_Open,2050,1,267,267,405.06752084865025
14138,PT_Pump_Hydro_Open,2050,1,268,268,429.8125374406527
14139,PT_Pump_Hydro_Open,2050,1,269,269,457.7707265554253
14140,PT_Pump_Hydro_Open,2050,1,270,270,479.87572700610536
14141,PT_Pump_Hydro_Open,2050,1,271,271,498.5131154720534
14142,PT_Pump_Hydro_Open,2050,1,272,272,520.6068975461482
14143,PT_Pump_Hydro_Open,2050,1,273,273,533.9286603513877
14144,PT_Pump_Hydro_Open,2050,1,274,274,511.60732259285015
14145,PT_Pump_Hydro_Open,2050,1,275,275,483.51221745075173
14146,PT_Pump_Hydro_Open,2050,1,276,276,511.47040656552434
14147,PT_Pump_Hydro_Open,2050,1,277,277,539.4285956802969
14148,PT_Pump_Hydro_Open,2050,1,278,278,563.6126025068942
14149,PT_Pump_Hydro_Open,2050,1,279,279,541.800536154831
14150,PT_Pump_Hydro_Open,2050,1,280,280,527.4885923092322
14151,PT_Pump_Hydro_Open,2050,1,281,281,548.0982369651887
14152,PT_Pump_Hydro_Open,2050,1,282,282,576.0564260799613
14153,PT_Pump_Hydro_Open,2050,1,283,283,604.0146151947339
14154,PT_Pump_Hydro_Open,2050,1,284,284,625.6386347765966
14155,PT_Pump_Hydro_Open,2050,1,285,285,648.8528008765787
14156,PT_Pump_Hydro_Open,2050,1,286,286,658.1827925298328
14157,PT_Pump_Hydro_Open,2050,1,287,287,666.6447053558577
14158,PT_Pump_Hydro_Open,2050,1,288,288,651.6725607856898
14159,PT_Pump_Hydro_Open,2050,1,289,289,641.9761261790062
14160,PT_Pump_Hydro_Open,2050,1,290,290,669.9343152937788
14161,PT_Pump_Hydro_Open,2050,1,291,291,697.8925044085514
14162,PT_Pump_Hydro_Open,2050,1,292,292,725.850693523324
14163,PT_Pump_Hydro_Open,2050,1,293,293,753.8088826380966
14164,PT_Pump_Hydro_Open,2050,1,294,294,774.3755992107851
14165,PT_Pump_Hydro_Open,2050,1,295,295,761.7099047412443
14166,PT_Pump_Hydro_Open,2050,1,296,296,741.478424221949
14167,PT_Pump_Hydro_Open,2050,1,297,297,760.1049470352841
14168,PT_Pump_Hydro_Open,2050,1,298,298,741.6635194530097
14169,PT_Pump_Hydro_Open,2050,1,299,299,754.5507616436248
14170,PT_Pump_Hydro_Open,2050,1,300,300,769.8435717995392
14171,PT_Pump_Hydro_Open,2050,1,301,301,778.1377426135125
14172,PT_Pump_Hydro_Open,2050,1,302,302,801.8551352557971
14173,PT_Pump_Hydro_Open,2050,1,303,303,823.75636688811
14174,PT_Pump_Hydro_Open,2050,1,304,304,828.6328466819189
14175,PT_Pump_Hydro_Open,2050,1,305,305,816.0488631568537
14176,PT_Pump_Hydro_Open,2050,1,306,306,810.5213008719305
14177,PT_Pump_Hydro_Open,2050,1,307,307,837.3330513494941
14178,PT_Pump_Hydro_Open,2050,1,308,308,865.2912404642667
14179,PT_Pump_Hydro_Open,2050,1,309,309,892.7696536292195
14180,PT_Pump_Hydro_Open,2050,1,310,310,912.1574312268336
14181,PT_Pump_Hydro_Open,2050,1,311,311,912.1620424899297
14182,PT_Pump_Hydro_Open,2050,1,312,312,903.0871307374291
14183,PT_Pump_Hydro_Open,2050,1,313,313,902.5486303558005
14184,PT_Pump_Hydro_Open,2050,1,314,314,900.0285432535994
14185,PT_Pump_Hydro_Open,2050,1,315,315,892.0927720027748
14186,PT_Pump_Hydro_Open,2050,1,316,316,884.5951427401257
14187,PT_Pump_Hydro_Open,2050,1,317,317,880.5871121249048
14188,PT_Pump_Hydro_Open,2050,1,318,318,880.0486117432762
14189,PT_Pump_Hydro_Open,2050,1,319,319,889.8755194452798
14190,PT_Pump_Hydro_Open,2050,1,320,320,894.7732975317094
14191,PT_Pump_Hydro_Open,2050,1,321,321,894.4036996470097
14192,PT_Pump_Hydro_Open,2050,1,322,322,892.4672218292885
14193,PT_Pump_Hydro_Open,2050,1,323,323,891.9287214476599
14194,PT_Pump_Hydro_Open,2050,1,324,324,898.5389479643561
14195,PT_Pump_Hydro_Open,2050,1,325,325,905.7283377224289
14196,PT_Pump_Hydro_Open,2050,1,326,326,915.3248610224049
14197,PT_Pump_Hydro_Open,2050,1,327,327,939.3263109664547
14198,PT_Pump_Hydro_Open,2050,1,328,328,936.6614451921319
14199,PT_Pump_Hydro_Open,2050,1,329,329,937.0228809533266
14200,PT_Pump_Hydro_Open,2050,1,330,330,948.0054860139743
14201,PT_Pump_Hydro_Open,2050,1,331,331,947.4669856323457
14202,PT_Pump_Hydro_Open,2050,1,332,332,946.928485250717
14203,PT_Pump_Hydro_Open,2050,1,333,333,946.3899848690884
14204,PT_Pump_Hydro_Open,2050,1,334,334,945.8514844874597
14205,PT_Pump_Hydro_Open,2050,1,335,335,945.3129841058311
14206,PT_Pump_Hydro_Open,2050,1,336,336,945.2177759469685
14207,PT_Pump_Hydro_Open,2050,1,337,337,947.02094996275
14208,PT_Pump_Hydro_Open,2050,1,338,338,946.4824495811214
14209,PT_Pump_Hydro_Open,2050,1,339,339,945.9439491994927
14210,PT_Pump_Hydro_Open,2050,1,340,340,945.4054488178641
14211,PT_Pump_Hydro_Open,2050,1,341,341,944.8669484362355
14212,PT_Pump_Hydro_Open,2050,1,342,342,946.3064223594846
14213,PT_Pump_Hydro_Open,2050,1,343,343,945.767921977856
14214,PT_Pump_Hydro_Open,2050,1,344,344,945.2294215962273
14215,PT_Pump_Hydro_Open,2050,1,345,345,944.6909212145987
14216,PT_Pump_Hydro_Open,2050,1,346,346,945.0987653291819
14217,PT_Pump_Hydro_Open,2050,1,347,347,960.4697878587182
14218,PT_Pump_Hydro_Open,2050,1,348,348,978.9070960090328
14219,PT_Pump_Hydro_Open,2050,1,349,349,998.1821710559152
14220,PT_Pump_Hydro_Open,2050,1,350,350,1001.4988723715119
14221,PT_Pump_Hydro_Open,2050,1,351,351,1000.9603719898832
14222,PT_Pump_Hydro_Open,2050,1,352,352,1000.4218716082546
14223,PT_Pump_Hydro_Open,2050,1,353,353,999.883371226626
14224,PT_Pump_Hydro_Open,2050,1,354,354,999.3448708449973
14225,PT_Pump_Hydro_Open,2050,1,355,355,998.8063704633687
14226,PT_Pump_Hydro_Open,2050,1,356,356,998.26787008174
14227,PT_Pump_Hydro_Open,2050,1,357,357,997.7293697001114
14228,PT_Pump_Hydro_Open,2050,1,358,358,997.1908693184828
14229,PT_Pump_Hydro_Open,2050,1,359,359,996.6523689368541
14230,PT_Pump_Hydro_Open,2050,1,360,360,996.414612684746
14231,PT_Pump_Hydro_Open,2050,1,361,361,1001.0989328052029
14232,PT_Pump_Hydro_Open,2050,1,362,362,1006.725762464859
14233,PT_Pump_Hydro_Open,2050,1,363,363,1010.0270007632572
14234,PT_Pump_Hydro_Open,2050,1,364,364,1009.4885003816287
14235,PT_Pump_Hydro_Open,2050,1,365,365,1008.95
14236,RO_Hydro_Reservoir,2050,1,1,1,1187.4772979939794
14237,RO_Hydro_Reservoir,2050,1,2,2,1162.3045959879585
14238,RO_Hydro_Reservoir,2050,1,3,3,1137.1318939819378
14239,RO_Hydro_Reservoir,2050,1,4,4,1111.959191975917
14240,RO_Hydro_Reservoir,2050,1,5,5,1091.4903496415102
14241,RO_Hydro_Reservoir,2050,1,6,6,1080.9882264991973
14242,RO_Hydro_Reservoir,2050,1,7,7,1055.8155244931763
14243,RO_Hydro_Reservoir,2050,1,8,8,1030.6428224871556
14244,RO_Hydro_Reservoir,2050,1,9,9,1005.4701204811349
14245,RO_Hydro_Reservoir,2050,1,10,10,980.2974184751141
14246,RO_Hydro_Reservoir,2050,1,11,11,955.1247164690933
14247,RO_Hydro_Reservoir,2050,1,12,12,929.9520144630726
14248,RO_Hydro_Reservoir,2050,1,13,13,904.7793124570519
14249,RO_Hydro_Reservoir,2050,1,14,14,879.6066104510311
14250,RO_Hydro_Reservoir,2050,1,15,15,854.4339084450103
14251,RO_Hydro_Reservoir,2050,1,16,16,829.2612064389896
14252,RO_Hydro_Reservoir,2050,1,17,17,804.0885044329689
14253,RO_Hydro_Reservoir,2050,1,18,18,798.8092640581789
14254,RO_Hydro_Reservoir,2050,1,19,19,814.9079675469161
14255,RO_Hydro_Reservoir,2050,1,20,20,818.9046937231667
14256,RO_Hydro_Reservoir,2050,1,21,21,822.8627553929092
14257,RO_Hydro_Reservoir,2050,1,22,22,838.9614588816464
14258,RO_Hydro_Reservoir,2050,1,23,23,843.131981990765
14259,RO_Hydro_Reservoir,2050,1,24,24,821.3050807888535
14260,RO_Hydro_Reservoir,2050,1,25,25,821.2318689947658
14261,RO_Hydro_Reservoir,2050,1,26,26,801.5981252318649
14262,RO_Hydro_Reservoir,2050,1,27,27,789.9462405624272
14263,RO_Hydro_Reservoir,2050,1,28,28,764.7735385564064
14264,RO_Hydro_Reservoir,2050,1,29,29,739.6008365503857
14265,RO_Hydro_Reservoir,2050,1,30,30,714.4281345443649
14266,RO_Hydro_Reservoir,2050,1,31,31,702.639338163963
14267,RO_Hydro_Reservoir,2050,1,32,32,677.9811065934141
14268,RO_Hydro_Reservoir,2050,1,33,33,668.6366806689741
14269,RO_Hydro_Reservoir,2050,1,34,34,675.2151488093683
14270,RO_Hydro_Reservoir,2050,1,35,35,688.884160445143
14271,RO_Hydro_Reservoir,2050,1,36,36,694.0253128035554
14272,RO_Hydro_Reservoir,2050,1,37,37,668.8526107975346
14273,RO_Hydro_Reservoir,2050,1,38,38,643.6799087915138
14274,RO_Hydro_Reservoir,2050,1,39,39,618.507206785493
14275,RO_Hydro_Reservoir,2050,1,40,40,599.7537235823828
14276,RO_Hydro_Reservoir,2050,1,41,41,592.2356552331581
14277,RO_Hydro_Reservoir,2050,1,42,42,599.751139301141
14278,RO_Hydro_Reservoir,2050,1,43,43,602.4144586034594
14279,RO_Hydro_Reservoir,2050,1,44,44,601.0152786779832
14280,RO_Hydro_Reservoir,2050,1,45,45,605.0215813580436
14281,RO_Hydro_Reservoir,2050,1,46,46,585.3767895638292
14282,RO_Hydro_Reservoir,2050,1,47,47,565.2128597167923
14283,RO_Hydro_Reservoir,2050,1,48,48,543.1566641102617
14284,RO_Hydro_Reservoir,2050,1,49,49,519.9793601408877
14285,RO_Hydro_Reservoir,2050,1,50,50,494.80665813486695
14286,RO_Hydro_Reservoir,2050,1,51,51,473.91622448716345
14287,RO_Hydro_Reservoir,2050,1,52,52,459.19237576486415
14288,RO_Hydro_Reservoir,2050,1,53,53,440.10183558708434
14289,RO_Hydro_Reservoir,2050,1,54,54,414.9291335810636
14290,RO_Hydro_Reservoir,2050,1,55,55,394.005387611289
14291,RO_Hydro_Reservoir,2050,1,56,56,396.66453805101946
14292,RO_Hydro_Reservoir,2050,1,57,57,392.94917673030216
14293,RO_Hydro_Reservoir,2050,1,58,58,395.1768767385515
14294,RO_Hydro_Reservoir,2050,1,59,59,389.5830227724187
14295,RO_Hydro_Reservoir,2050,1,60,60,364.41032076639794
14296,RO_Hydro_Reservoir,2050,1,61,61,339.2376187603772
14297,RO_Hydro_Reservoir,2050,1,62,62,314.6216953203157
14298,RO_Hydro_Reservoir,2050,1,63,63,305.2191446284562
14299,RO_Hydro_Reservoir,2050,1,64,64,304.25722980463905
14300,RO_Hydro_Reservoir,2050,1,65,65,281.71645345311134
14301,RO_Hydro_Reservoir,2050,1,66,66,256.5437514470906
14302,RO_Hydro_Reservoir,2050,1,67,67,233.27085267769812
14303,RO_Hydro_Reservoir,2050,1,68,68,229.5231273202368
14304,RO_Hydro_Reservoir,2050,1,69,69,222.30025064855857
14305,RO_Hydro_Reservoir,2050,1,70,70,222.82866176394546
14306,RO_Hydro_Reservoir,2050,1,71,71,213.01990066650788
14307,RO_Hydro_Reservoir,2050,1,72,72,198.20499653179132
14308,RO_Hydro_Reservoir,2050,1,73,73,183.57801959017505
14309,RO_Hydro_Reservoir,2050,1,74,74,165.79860215258978
14310,RO_Hydro_Reservoir,2050,1,75,75,151.85689800471454
14311,RO_Hydro_Reservoir,2050,1,76,76,148.30742971481442
14312,RO_Hydro_Reservoir,2050,1,77,77,157.9749438610188
14313,RO_Hydro_Reservoir,2050,1,78,78,168.09147750538028
14314,RO_Hydro_Reservoir,2050,1,79,79,177.4500464904844
14315,RO_Hydro_Reservoir,2050,1,80,80,162.930993569291
14316,RO_Hydro_Reservoir,2050,1,81,81,158.13410261214395
14317,RO_Hydro_Reservoir,2050,1,82,82,146.5762026325094
14318,RO_Hydro_Reservoir,2050,1,83,83,156.06997156597117
14319,RO_Hydro_Reservoir,2050,1,84,84,158.70245644818303
14320,RO_Hydro_Reservoir,2050,1,85,85,136.10722849131093
14321,RO_Hydro_Reservoir,2050,1,86,86,125.84563042243998
14322,RO_Hydro_Reservoir,2050,1,87,87,114.64281939826579
14323,RO_Hydro_Reservoir,2050,1,88,88,89.47011739224502
14324,RO_Hydro_Reservoir,2050,1,89,89,64.29741538622424
14325,RO_Hydro_Reservoir,2050,1,90,90,39.124713380203474
14326,RO_Hydro_Reservoir,2050,1,91,91,15.027296275855932
14327,RO_Hydro_Reservoir,2050,1,92,92,0.0
14328,RO_Hydro_Reservoir,2050,1,93,93,9.362222514292224
14329,RO_Hydro_Reservoir,2050,1,94,94,16.42312822557705
14330,RO_Hydro_Reservoir,2050,1,95,95,28.445475348378316
14331,RO_Hydro_Reservoir,2050,1,96,96,38.743783994202786
14332,RO_Hydro_Reservoir,2050,1,97,97,36.351368222026395
14333,RO_Hydro_Reservoir,2050,1,98,98,39.076272230735185
14334,RO_Hydro_Reservoir,2050,1,99,99,42.91262269979211
14335,RO_Hydro_Reservoir,2050,1,100,100,51.269042514905095
14336,RO_Hydro_Reservoir,2050,1,101,101,46.706328006068816
14337,RO_Hydro_Reservoir,2050,1,102,102,37.373893770957466
14338,RO_Hydro_Reservoir,2050,1,103,103,34.245254538362815
14339,RO_Hydro_Reservoir,2050,1,104,104,28.323638012069523
14340,RO_Hydro_Reservoir,2050,1,105,105,29.276364539045062
14341,RO_Hydro_Reservoir,2050,1,106,106,31.587988377499414
14342,RO_Hydro_Reservoir,2050,1,107,107,30.562795198438153
14343,RO_Hydro_Reservoir,2050,1,108,108,31.64039864990059
14344,RO_Hydro_Reservoir,2050,1,109,109,37.15603006592596
14345,RO_Hydro_Reservoir,2050,1,110,110,39.29795075376205
14346,RO_Hydro_Reservoir,2050,1,111,111,46.62286785216611
14347,RO_Hydro_Reservoir,2050,1,112,112,56.50726449357148
14348,RO_Hydro_Reservoir,2050,1,113,113,69.50788463925716
14349,RO_Hydro_Reservoir,2050,1,114,114,83.3535807892057
14350,RO_Hydro_Reservoir,2050,1,115,115,93.2077071429037
14351,RO_Hydro_Reservoir,2050,1,116,116,109.01060863340959
14352,RO_Hydro_Reservoir,2050,1,117,117,125.07500561966822
14353,RO_Hydro_Reservoir,2050,1,118,118,137.75296952421786
14354,RO_Hydro_Reservoir,2050,1,119,119,142.37770144985097
14355,RO_Hydro_Reservoir,2050,1,120,120,155.37832159553665
14356,RO_Hydro_Reservoir,2050,1,121,121,168.37894174122232
14357,RO_Hydro_Reservoir,2050,1,122,122,181.379561886908
14358,RO_Hydro_Reservoir,2050,1,123,123,195.24203867253493
14359,RO_Hydro_Reservoir,2050,1,124,124,208.2426588182206
14360,RO_Hydro_Reservoir,2050,1,125,125,221.24327896390628
14361,RO_Hydro_Reservoir,2050,1,126,126,231.63472012716716
14362,RO_Hydro_Reservoir,2050,1,127,127,244.63534027285283
14363,RO_Hydro_Reservoir,2050,1,128,128,257.6359604185385
14364,RO_Hydro_Reservoir,2050,1,129,129,270.6365805642242
14365,RO_Hydro_Reservoir,2050,1,130,130,283.63720070990985
14366,RO_Hydro_Reservoir,2050,1,131,131,296.6378208555955
14367,RO_Hydro_Reservoir,2050,1,132,132,309.6384410012812
14368,RO_Hydro_Reservoir,2050,1,133,133,322.63906114696687
14369,RO_Hydro_Reservoir,2050,1,134,134,336.66009678391646
14370,RO_Hydro_Reservoir,2050,1,135,135,350.8766091438925
14371,RO_Hydro_Reservoir,2050,1,136,136,364.3182499541738
14372,RO_Hydro_Reservoir,2050,1,137,137,377.31887009985945
14373,RO_Hydro_Reservoir,2050,1,138,138,390.3194902455451
14374,RO_Hydro_Reservoir,2050,1,139,139,403.3201103912308
14375,RO_Hydro_Reservoir,2050,1,140,140,418.098913911201
14376,RO_Hydro_Reservoir,2050,1,141,141,433.2239244110389
14377,RO_Hydro_Reservoir,2050,1,142,142,446.8402496134651
14378,RO_Hydro_Reservoir,2050,1,143,143,460.2336018572303
14379,RO_Hydro_Reservoir,2050,1,144,144,474.97526535596836
14380,RO_Hydro_Reservoir,2050,1,145,145,490.190252621653
14381,RO_Hydro_Reservoir,2050,1,146,146,504.14430990975404
14382,RO_Hydro_Reservoir,2050,1,147,147,517.5919637185908
14383,RO_Hydro_Reservoir,2050,1,148,148,530.5925838642764
14384,RO_Hydro_Reservoir,2050,1,149,149,544.0709476499429
14385,RO_Hydro_Reservoir,2050,1,150,150,557.0715677956285
14386,RO_Hydro_Reservoir,2050,1,151,151,569.4679961134318
14387,RO_Hydro_Reservoir,2050,1,152,152,582.4686162591174
14388,RO_Hydro_Reservoir,2050,1,153,153,595.469236404803
14389,RO_Hydro_Reservoir,2050,1,154,154,608.4698565504887
14390,RO_Hydro_Reservoir,2050,1,155,155,621.4704766961743
14391,RO_Hydro_Reservoir,2050,1,156,156,635.0158825419556
14392,RO_Hydro_Reservoir,2050,1,157,157,648.0165026876413
14393,RO_Hydro_Reservoir,2050,1,158,158,661.0171228333269
14394,RO_Hydro_Reservoir,2050,1,159,159,674.0177429790125
14395,RO_Hydro_Reservoir,2050,1,160,160,687.8442432404511
14396,RO_Hydro_Reservoir,2050,1,161,161,700.8448633861367
14397,RO_Hydro_Reservoir,2050,1,162,162,714.7362332784006
14398,RO_Hydro_Reservoir,2050,1,163,163,729.8613775512592
14399,RO_Hydro_Reservoir,2050,1,164,164,745.2074644482518
14400,RO_Hydro_Reservoir,2050,1,165,165,758.2080845939374
14401,RO_Hydro_Reservoir,2050,1,166,166,771.5996977457455
14402,RO_Hydro_Reservoir,2050,1,167,167,786.5616397216446
14403,RO_Hydro_Reservoir,2050,1,168,168,800.5541655607609
14404,RO_Hydro_Reservoir,2050,1,169,169,811.2374521149233
14405,RO_Hydro_Reservoir,2050,1,170,170,825.4732873380807
14406,RO_Hydro_Reservoir,2050,1,171,171,841.5719908268179
14407,RO_Hydro_Reservoir,2050,1,172,172,857.6706943155551
14408,RO_Hydro_Reservoir,2050,1,173,173,873.5976337781217
14409,RO_Hydro_Reservoir,2050,1,174,174,887.6873669373258
14410,RO_Hydro_Reservoir,2050,1,175,175,900.6879870830114
14411,RO_Hydro_Reservoir,2050,1,176,176,914.3037425351196
14412,RO_Hydro_Reservoir,2050,1,177,177,929.9365512464778
14413,RO_Hydro_Reservoir,2050,1,178,178,946.0352547352151
14414,RO_Hydro_Reservoir,2050,1,179,179,962.1339582239523
14415,RO_Hydro_Reservoir,2050,1,180,180,977.7112239897641
14416,RO_Hydro_Reservoir,2050,1,181,181,993.4520581862381
14417,RO_Hydro_Reservoir,2050,1,182,182,1008.6248654541527
14418,RO_Hydro_Reservoir,2050,1,183,183,1023.4207347842838
14419,RO_Hydro_Reservoir,2050,1,184,184,1038.4841793242936
14420,RO_Hydro_Reservoir,2050,1,185,185,1054.0216695389645
14421,RO_Hydro_Reservoir,2050,1,186,186,1070.1203730277016
14422,RO_Hydro_Reservoir,2050,1,187,187,1083.1209931733872
14423,RO_Hydro_Reservoir,2050,1,188,188,1096.1216133190728
14424,RO_Hydro_Reservoir,2050,1,189,189,1099.835041029416
14425,RO_Hydro_Reservoir,2050,1,190,190,1108.0756362044428
14426,RO_Hydro_Reservoir,2050,1,191,191,1121.0762563501285
14427,RO_Hydro_Reservoir,2050,1,192,192,1136.2461669525287
14428,RO_Hydro_Reservoir,2050,1,193,193,1152.311890919201
14429,RO_Hydro_Reservoir,2050,1,194,194,1168.4105944079383
14430,RO_Hydro_Reservoir,2050,1,195,195,1184.5092978966754
14431,RO_Hydro_Reservoir,2050,1,196,196,1200.0894069986714
14432,RO_Hydro_Reservoir,2050,1,197,197,1215.4879483316822
14433,RO_Hydro_Reservoir,2050,1,198,198,1230.3352104511048
14434,RO_Hydro_Reservoir,2050,1,199,199,1243.747939665143
14435,RO_Hydro_Reservoir,2050,1,200,200,1258.7023649049916
14436,RO_Hydro_Reservoir,2050,1,201,201,1273.8129356782713
14437,RO_Hydro_Reservoir,2050,1,202,202,1287.6892690149907
14438,RO_Hydro_Reservoir,2050,1,203,203,1301.7082171556133
14439,RO_Hydro_Reservoir,2050,1,204,204,1316.0315122232196
14440,RO_Hydro_Reservoir,2050,1,205,205,1331.534140511829
14441,RO_Hydro_Reservoir,2050,1,206,206,1340.0594961839863
14442,RO_Hydro_Reservoir,2050,1,207,207,1345.2609170009632
14443,RO_Hydro_Reservoir,2050,1,208,208,1351.3928865499356
14444,RO_Hydro_Reservoir,2050,1,209,209,1364.515138436439
14445,RO_Hydro_Reservoir,2050,1,210,210,1376.2337903139796
14446,RO_Hydro_Reservoir,2050,1,211,211,1390.2658201186982
14447,RO_Hydro_Reservoir,2050,1,212,212,1404.5748335624487
14448,RO_Hydro_Reservoir,2050,1,213,213,1420.3010782180038
14449,RO_Hydro_Reservoir,2050,1,214,214,1436.399781706741
14450,RO_Hydro_Reservoir,2050,1,215,215,1452.4359387927223
14451,RO_Hydro_Reservoir,2050,1,216,216,1467.9792083386901
14452,RO_Hydro_Reservoir,2050,1,217,217,1483.396288887681
14453,RO_Hydro_Reservoir,2050,1,218,218,1499.4949923764184
14454,RO_Hydro_Reservoir,2050,1,219,219,1515.5936958651555
14455,RO_Hydro_Reservoir,2050,1,220,220,1531.6923993538926
14456,RO_Hydro_Reservoir,2050,1,221,221,1547.79110284263
14457,RO_Hydro_Reservoir,2050,1,222,222,1563.889806331367
14458,RO_Hydro_Reservoir,2050,1,223,223,1579.9885098201044
14459,RO_Hydro_Reservoir,2050,1,224,224,1596.0872133088415
14460,RO_Hydro_Reservoir,2050,1,225,225,1611.3041709011613
14461,RO_Hydro_Reservoir,2050,1,226,226,1626.3992761669192
14462,RO_Hydro_Reservoir,2050,1,227,227,1641.5707992117789
14463,RO_Hydro_Reservoir,2050,1,228,228,1655.8584265185782
14464,RO_Hydro_Reservoir,2050,1,229,229,1668.57517314395
14465,RO_Hydro_Reservoir,2050,1,230,230,1682.208697786256
14466,RO_Hydro_Reservoir,2050,1,231,231,1697.8270073411293
14467,RO_Hydro_Reservoir,2050,1,232,232,1713.9257108298666
14468,RO_Hydro_Reservoir,2050,1,233,233,1730.0244143186037
14469,RO_Hydro_Reservoir,2050,1,234,234,1746.0081656590849
14470,RO_Hydro_Reservoir,2050,1,235,235,1753.0345420230126
14471,RO_Hydro_Reservoir,2050,1,236,236,1759.0788734095286
14472,RO_Hydro_Reservoir,2050,1,237,237,1758.7647753722676
14473,RO_Hydro_Reservoir,2050,1,238,238,1765.796489382282
14474,RO_Hydro_Reservoir,2050,1,239,239,1769.934275431162
14475,RO_Hydro_Reservoir,2050,1,240,240,1778.7732309857308
14476,RO_Hydro_Reservoir,2050,1,241,241,1792.8806290115751
14477,RO_Hydro_Reservoir,2050,1,242,242,1808.9793325003125
14478,RO_Hydro_Reservoir,2050,1,243,243,1825.0780359890496
14479,RO_Hydro_Reservoir,2050,1,244,244,1836.68857808865
14480,RO_Hydro_Reservoir,2050,1,245,245,1849.105184901641
14481,RO_Hydro_Reservoir,2050,1,246,246,1865.2038883903783
14482,RO_Hydro_Reservoir,2050,1,247,247,1881.3025918791154
14483,RO_Hydro_Reservoir,2050,1,248,248,1882.0880124784412
14484,RO_Hydro_Reservoir,2050,1,249,249,1885.6368897741309
14485,RO_Hydro_Reservoir,2050,1,250,250,1893.4553274396287
14486,RO_Hydro_Reservoir,2050,1,251,251,1907.4733360669456
14487,RO_Hydro_Reservoir,2050,1,252,252,1923.572039555683
14488,RO_Hydro_Reservoir,2050,1,253,253,1939.67074304442
14489,RO_Hydro_Reservoir,2050,1,254,254,1948.1471850122127
14490,RO_Hydro_Reservoir,2050,1,255,255,1944.3894459041599
14491,RO_Hydro_Reservoir,2050,1,256,256,1948.164015372351
14492,RO_Hydro_Reservoir,2050,1,257,257,1937.805446031514
14493,RO_Hydro_Reservoir,2050,1,258,258,1928.5765785375393
14494,RO_Hydro_Reservoir,2050,1,259,259,1932.6006694100104
14495,RO_Hydro_Reservoir,2050,1,260,260,1923.511960261537
14496,RO_Hydro_Reservoir,2050,1,261,261,1922.172072869576
14497,RO_Hydro_Reservoir,2050,1,262,262,1931.2451791635397
14498,RO_Hydro_Reservoir,2050,1,263,263,1947.343882652277
14499,RO_Hydro_Reservoir,2050,1,264,264,1963.442586141014
14500,RO_Hydro_Reservoir,2050,1,265,265,1974.5760731168118
14501,RO_Hydro_Reservoir,2050,1,266,266,1986.970989587639
14502,RO_Hydro_Reservoir,2050,1,267,267,1991.0751751264256
14503,RO_Hydro_Reservoir,2050,1,268,268,2007.0205043488174
14504,RO_Hydro_Reservoir,2050,1,269,269,2023.1192078375545
14505,RO_Hydro_Reservoir,2050,1,270,270,2030.740810053753
14506,RO_Hydro_Reservoir,2050,1,271,271,2033.3403124103017
14507,RO_Hydro_Reservoir,2050,1,272,272,2040.945667189439
14508,RO_Hydro_Reservoir,2050,1,273,273,2043.079525365858
14509,RO_Hydro_Reservoir,2050,1,274,274,2040.7459840443453
14510,RO_Hydro_Reservoir,2050,1,275,275,2044.4661995749082
14511,RO_Hydro_Reservoir,2050,1,276,276,2060.5649030636455
14512,RO_Hydro_Reservoir,2050,1,277,277,2076.6636065523826
14513,RO_Hydro_Reservoir,2050,1,278,278,2087.296208175284
14514,RO_Hydro_Reservoir,2050,1,279,279,2085.27956927504
14515,RO_Hydro_Reservoir,2050,1,280,280,2084.3193361922044
14516,RO_Hydro_Reservoir,2050,1,281,281,2100.067271831693
14517,RO_Hydro_Reservoir,2050,1,282,282,2116.16597532043
14518,RO_Hydro_Reservoir,2050,1,283,283,2132.264678809167
14519,RO_Hydro_Reservoir,2050,1,284,284,2139.189682338887
14520,RO_Hydro_Reservoir,2050,1,285,285,2155.0619395212825
14521,RO_Hydro_Reservoir,2050,1,286,286,2166.286275457999
14522,RO_Hydro_Reservoir,2050,1,287,287,2176.9944397163035
14523,RO_Hydro_Reservoir,2050,1,288,288,2179.4160274341457
14524,RO_Hydro_Reservoir,2050,1,289,289,2184.9954391685965
14525,RO_Hydro_Reservoir,2050,1,290,290,2201.0941426573336
14526,RO_Hydro_Reservoir,2050,1,291,291,2217.192846146071
14527,RO_Hydro_Reservoir,2050,1,292,292,2233.2915496348082
14528,RO_Hydro_Reservoir,2050,1,293,293,2249.3902531235453
14529,RO_Hydro_Reservoir,2050,1,294,294,2254.783977687406
14530,RO_Hydro_Reservoir,2050,1,295,295,2242.326558343306
14531,RO_Hydro_Reservoir,2050,1,296,296,2237.801815551165
14532,RO_Hydro_Reservoir,2050,1,297,297,2241.6708611754
14533,RO_Hydro_Reservoir,2050,1,298,298,2242.387942201799
14534,RO_Hydro_Reservoir,2050,1,299,299,2242.6046110995653
14535,RO_Hydro_Reservoir,2050,1,300,300,2246.544845115512
14536,RO_Hydro_Reservoir,2050,1,301,301,2250.3209479577145
14537,RO_Hydro_Reservoir,2050,1,302,302,2260.277757986901
14538,RO_Hydro_Reservoir,2050,1,303,303,2267.6042443254787
14539,RO_Hydro_Reservoir,2050,1,304,304,2258.415644118777
14540,RO_Hydro_Reservoir,2050,1,305,305,2256.6308599515633
14541,RO_Hydro_Reservoir,2050,1,306,306,2258.381687090377
14542,RO_Hydro_Reservoir,2050,1,307,307,2272.8200175776437
14543,RO_Hydro_Reservoir,2050,1,308,308,2288.918721066381
14544,RO_Hydro_Reservoir,2050,1,309,309,2304.322570938029
14545,RO_Hydro_Reservoir,2050,1,310,310,2308.0088526601517
14546,RO_Hydro_Reservoir,2050,1,311,311,2294.4070197168257
14547,RO_Hydro_Reservoir,2050,1,312,312,2278.184688481836
14548,RO_Hydro_Reservoir,2050,1,313,313,2253.0119864758153
14549,RO_Hydro_Reservoir,2050,1,314,314,2229.9169650188587
14550,RO_Hydro_Reservoir,2050,1,315,315,2212.5002525143477
14551,RO_Hydro_Reservoir,2050,1,316,316,2200.6879078740003
14552,RO_Hydro_Reservoir,2050,1,317,317,2179.152985333237
14553,RO_Hydro_Reservoir,2050,1,318,318,2153.9802833272165
14554,RO_Hydro_Reservoir,2050,1,319,319,2143.8196745747737
14555,RO_Hydro_Reservoir,2050,1,320,320,2126.520267923499
14556,RO_Hydro_Reservoir,2050,1,321,321,2107.1289179180103
14557,RO_Hydro_Reservoir,2050,1,322,322,2083.4219859925242
14558,RO_Hydro_Reservoir,2050,1,323,323,2058.2492839865035
14559,RO_Hydro_Reservoir,2050,1,324,324,2043.4299953701084
14560,RO_Hydro_Reservoir,2050,1,325,325,2029.4495017648157
14561,RO_Hydro_Reservoir,2050,1,326,326,2018.9552301117417
14562,RO_Hydro_Reservoir,2050,1,327,327,2029.3234368432147
14563,RO_Hydro_Reservoir,2050,1,328,328,2006.3802148648601
14564,RO_Hydro_Reservoir,2050,1,329,329,1982.5108793244262
14565,RO_Hydro_Reservoir,2050,1,330,330,1974.0240528660229
14566,RO_Hydro_Reservoir,2050,1,331,331,1948.8513508600022
14567,RO_Hydro_Reservoir,2050,1,332,332,1923.6786488539815
14568,RO_Hydro_Reservoir,2050,1,333,333,1898.5059468479608
14569,RO_Hydro_Reservoir,2050,1,334,334,1873.33324484194
14570,RO_Hydro_Reservoir,2050,1,335,335,1848.1605428359194
14571,RO_Hydro_Reservoir,2050,1,336,336,1827.7385594008533
14572,RO_Hydro_Reservoir,2050,1,337,337,1805.9572756718367
14573,RO_Hydro_Reservoir,2050,1,338,338,1780.784573665816
14574,RO_Hydro_Reservoir,2050,1,339,339,1755.6118716597953
14575,RO_Hydro_Reservoir,2050,1,340,340,1730.4391696537746
14576,RO_Hydro_Reservoir,2050,1,341,341,1705.2664676477536
14577,RO_Hydro_Reservoir,2050,1,342,342,1682.9584415404938
14578,RO_Hydro_Reservoir,2050,1,343,343,1657.7857395344731
14579,RO_Hydro_Reservoir,2050,1,344,344,1632.6130375284524
14580,RO_Hydro_Reservoir,2050,1,345,345,1607.4403355224315
14581,RO_Hydro_Reservoir,2050,1,346,346,1583.6382126303747
14582,RO_Hydro_Reservoir,2050,1,347,347,1581.507077308012
14583,RO_Hydro_Reservoir,2050,1,348,348,1583.8168058001593
14584,RO_Hydro_Reservoir,2050,1,349,349,1587.3398618019
14585,RO_Hydro_Reservoir,2050,1,350,350,1567.750601077027
14586,RO_Hydro_Reservoir,2050,1,351,351,1542.5778990710064
14587,RO_Hydro_Reservoir,2050,1,352,352,1517.4051970649855
14588,RO_Hydro_Reservoir,2050,1,353,353,1492.2324950589648
14589,RO_Hydro_Reservoir,2050,1,354,354,1467.059793052944
14590,RO_Hydro_Reservoir,2050,1,355,355,1441.8870910469232
14591,RO_Hydro_Reservoir,2050,1,356,356,1416.7143890409025
14592,RO_Hydro_Reservoir,2050,1,357,357,1391.5416870348818
14593,RO_Hydro_Reservoir,2050,1,358,358,1366.368985028861
14594,RO_Hydro_Reservoir,2050,1,359,359,1341.1962830228401
14595,RO_Hydro_Reservoir,2050,1,360,360,1316.4591450468504
14596,RO_Hydro_Reservoir,2050,1,361,361,1298.850589844448
14597,RO_Hydro_Reservoir,2050,1,362,362,1282.6070596348568
14598,RO_Hydro_Reservoir,2050,1,363,363,1262.9954040120417
14599,RO_Hydro_Reservoir,2050,1,364,364,1237.8227020060208
14600,RO_Hydro_Reservoir,2050,1,365,365,1212.65
14601,RO_Pump_Hydro_Open,2050,1,1,1,751.8382235506467
14602,RO_Pump_Hydro_Open,2050,1,2,2,750.4764471012934
14603,RO_Pump_Hydro_Open,2050,1,3,3,749.1146706519401
14604,RO_Pump_Hydro_Open,2050,1,4,4,747.7528942025867
14605,RO_Pump_Hydro_Open,2050,1,5,5,746.824039298159
14606,RO_Pump_Hydro_Open,2050,1,6,6,746.8124752509652
14607,RO_Pump_Hydro_Open,2050,1,7,7,745.4506988016119
14608,RO_Pump_Hydro_Open,2050,1,8,8,744.0889223522586
14609,RO_Pump_Hydro_Open,2050,1,9,9,742.7271459029052
14610,RO_Pump_Hydro_Open,2050,1,10,10,741.3653694535519
14611,RO_Pump_Hydro_Open,2050,1,11,11,740.0035930041986
14612,RO_Pump_Hydro_Open,2050,1,12,12,738.6418165548453
14613,RO_Pump_Hydro_Open,2050,1,13,13,737.2800401054919
14614,RO_Pump_Hydro_Open,2050,1,14,14,735.9182636561386
14615,RO_Pump_Hydro_Open,2050,1,15,15,734.5564872067853
14616,RO_Pump_Hydro_Open,2050,1,16,16,733.194710757432
14617,RO_Pump_Hydro_Open,2050,1,17,17,731.8329343080786
14618,RO_Pump_Hydro_Open,2050,1,18,18,732.3020602972663
14619,RO_Pump_Hydro_Open,2050,1,19,19,734.73871362163
14620,RO_Pump_Hydro_Open,2050,1,20,20,736.0615567814616
14621,RO_Pump_Hydro_Open,2050,1,21,21,737.3808414384762
14622,RO_Pump_Hydro_Open,2050,1,22,22,739.8174947628399
14623,RO_Pump_Hydro_Open,2050,1,23,23,741.1563333906347
14624,RO_Pump_Hydro_Open,2050,1,24,24,740.102489012867
14625,RO_Pump_Hydro_Open,2050,1,25,25,741.0507538568306
14626,RO_Pump_Hydro_Open,2050,1,26,26,740.1987575725534
14627,RO_Pump_Hydro_Open,2050,1,27,27,740.0813747783372
14628,RO_Pump_Hydro_Open,2050,1,28,28,738.7195983289839
14629,RO_Pump_Hydro_Open,2050,1,29,29,737.3578218796306
14630,RO_Pump_Hydro_Open,2050,1,30,30,735.9960454302773
14631,RO_Pump_Hydro_Open,2050,1,31,31,735.8660619137676
14632,RO_Pump_Hydro_Open,2050,1,32,32,734.5516349500053
14633,RO_Pump_Hydro_Open,2050,1,33,33,734.6466200142023
14634,RO_Pump_Hydro_Open,2050,1,34,34,736.2070747946485
14635,RO_Pump_Hydro_Open,2050,1,35,35,738.4201104892123
14636,RO_Pump_Hydro_Open,2050,1,36,36,739.848281355528
14637,RO_Pump_Hydro_Open,2050,1,37,37,738.4865049061747
14638,RO_Pump_Hydro_Open,2050,1,38,38,737.1247284568213
14639,RO_Pump_Hydro_Open,2050,1,39,39,735.762952007468
14640,RO_Pump_Hydro_Open,2050,1,40,40,734.9919708444073
14641,RO_Pump_Hydro_Open,2050,1,41,41,735.2550454347057
14642,RO_Pump_Hydro_Open,2050,1,42,42,736.901738838604
14643,RO_Pump_Hydro_Open,2050,1,43,43,738.1018613808624
14644,RO_Pump_Hydro_Open,2050,1,44,44,738.9280902348014
14645,RO_Pump_Hydro_Open,2050,1,45,45,740.2518147718665
14646,RO_Pump_Hydro_Open,2050,1,46,46,738.8834320414473
14647,RO_Pump_Hydro_Open,2050,1,47,47,737.5156697212299
14648,RO_Pump_Hydro_Open,2050,1,48,48,736.2642017096318
14649,RO_Pump_Hydro_Open,2050,1,49,49,734.9000406049995
14650,RO_Pump_Hydro_Open,2050,1,50,50,733.5382641556462
14651,RO_Pump_Hydro_Open,2050,1,51,51,732.1713700637677
14652,RO_Pump_Hydro_Open,2050,1,52,52,731.7712578693215
14653,RO_Pump_Hydro_Open,2050,1,53,53,730.8360076599777
14654,RO_Pump_Hydro_Open,2050,1,54,54,729.4742312106243
14655,RO_Pump_Hydro_Open,2050,1,55,55,728.5035090741012
14656,RO_Pump_Hydro_Open,2050,1,56,56,729.7032479334783
14657,RO_Pump_Hydro_Open,2050,1,57,57,730.316306136514
14658,RO_Pump_Hydro_Open,2050,1,58,58,731.4763362884901
14659,RO_Pump_Hydro_Open,2050,1,59,59,731.9165066940661
14660,RO_Pump_Hydro_Open,2050,1,60,60,730.5547302447128
14661,RO_Pump_Hydro_Open,2050,1,61,61,729.1929537953595
14662,RO_Pump_Hydro_Open,2050,1,62,62,727.8305119524746
14663,RO_Pump_Hydro_Open,2050,1,63,63,727.920147481212
14664,RO_Pump_Hydro_Open,2050,1,64,64,728.7866201979718
14665,RO_Pump_Hydro_Open,2050,1,65,65,727.6670740445919
14666,RO_Pump_Hydro_Open,2050,1,66,66,726.3052975952386
14667,RO_Pump_Hydro_Open,2050,1,67,67,724.9412507338001
14668,RO_Pump_Hydro_Open,2050,1,68,68,725.5513303001917
14669,RO_Pump_Hydro_Open,2050,1,69,69,724.1681024186157
14670,RO_Pump_Hydro_Open,2050,1,70,70,724.8464957575502
14671,RO_Pump_Hydro_Open,2050,1,71,71,724.8987455544367
14672,RO_Pump_Hydro_Open,2050,1,72,72,723.5245907339921
14673,RO_Pump_Hydro_Open,2050,1,73,73,722.581705893625
14674,RO_Pump_Hydro_Open,2050,1,74,74,721.6955531236604
14675,RO_Pump_Hydro_Open,2050,1,75,75,720.3203547615665
14676,RO_Pump_Hydro_Open,2050,1,76,76,718.9327368723186
14677,RO_Pump_Hydro_Open,2050,1,77,77,720.7774931971439
14678,RO_Pump_Hydro_Open,2050,1,78,78,722.6635752052196
14679,RO_Pump_Hydro_Open,2050,1,79,79,724.4798976426039
14680,RO_Pump_Hydro_Open,2050,1,80,80,724.0986339089534
14681,RO_Pump_Hydro_Open,2050,1,81,81,724.6121531134278
14682,RO_Pump_Hydro_Open,2050,1,82,82,723.3710633205262
14683,RO_Pump_Hydro_Open,2050,1,83,83,725.19982893747
14684,RO_Pump_Hydro_Open,2050,1,84,84,726.3971136219432
14685,RO_Pump_Hydro_Open,2050,1,85,85,725.2725559939968
14686,RO_Pump_Hydro_Open,2050,1,86,86,725.2831287650026
14687,RO_Pump_Hydro_Open,2050,1,87,87,725.2070766374868
14688,RO_Pump_Hydro_Open,2050,1,88,88,723.8453001881335
14689,RO_Pump_Hydro_Open,2050,1,89,89,722.4835237387801
14690,RO_Pump_Hydro_Open,2050,1,90,90,721.1217472894268
14691,RO_Pump_Hydro_Open,2050,1,91,91,719.8589351020553
14692,RO_Pump_Hydro_Open,2050,1,92,92,718.7268886136835
14693,RO_Pump_Hydro_Open,2050,1,93,93,720.5435473050402
14694,RO_Pump_Hydro_Open,2050,1,94,94,722.0847328632119
14695,RO_Pump_Hydro_Open,2050,1,95,95,724.146217152186
14696,RO_Pump_Hydro_Open,2050,1,96,96,726.0490288928547
14697,RO_Pump_Hydro_Open,2050,1,97,97,724.6600282361874
14698,RO_Pump_Hydro_Open,2050,1,98,98,723.7287175365464
14699,RO_Pump_Hydro_Open,2050,1,99,99,722.5521011362978
14700,RO_Pump_Hydro_Open,2050,1,100,100,722.5341737833445
14701,RO_Pump_Hydro_Open,2050,1,101,101,722.7134239638452
14702,RO_Pump_Hydro_Open,2050,1,102,102,721.3327171670292
14703,RO_Pump_Hydro_Open,2050,1,103,103,719.9445963544475
14704,RO_Pump_Hydro_Open,2050,1,104,104,718.5598133661621
14705,RO_Pump_Hydro_Open,2050,1,105,105,717.1668150052291
14706,RO_Pump_Hydro_Open,2050,1,106,106,715.7721926567067
14707,RO_Pump_Hydro_Open,2050,1,107,107,714.990830924449
14708,RO_Pump_Hydro_Open,2050,1,108,108,715.5441247310096
14709,RO_Pump_Hydro_Open,2050,1,109,109,714.6932395921151
14710,RO_Pump_Hydro_Open,2050,1,110,110,713.2988200520081
14711,RO_Pump_Hydro_Open,2050,1,111,111,712.4634293582856
14712,RO_Pump_Hydro_Open,2050,1,112,112,711.9419689018207
14713,RO_Pump_Hydro_Open,2050,1,113,113,710.5345723744113
14714,RO_Pump_Hydro_Open,2050,1,114,114,710.1757319796861
14715,RO_Pump_Hydro_Open,2050,1,115,115,711.1291699176697
14716,RO_Pump_Hydro_Open,2050,1,116,116,713.1987970837458
14717,RO_Pump_Hydro_Open,2050,1,117,117,715.5928834752144
14718,RO_Pump_Hydro_Open,2050,1,118,118,716.9255533064797
14719,RO_Pump_Hydro_Open,2050,1,119,119,715.5281666145484
14720,RO_Pump_Hydro_Open,2050,1,120,120,714.1207700871389
14721,RO_Pump_Hydro_Open,2050,1,121,121,712.7133735597295
14722,RO_Pump_Hydro_Open,2050,1,122,122,711.30597703232
14723,RO_Pump_Hydro_Open,2050,1,123,123,710.967957768904
14724,RO_Pump_Hydro_Open,2050,1,124,124,709.5605612414945
14725,RO_Pump_Hydro_Open,2050,1,125,125,708.153164714085
14726,RO_Pump_Hydro_Open,2050,1,126,126,706.7488863577473
14727,RO_Pump_Hydro_Open,2050,1,127,127,705.3414898303379
14728,RO_Pump_Hydro_Open,2050,1,128,128,703.9340933029284
14729,RO_Pump_Hydro_Open,2050,1,129,129,702.526696775519
14730,RO_Pump_Hydro_Open,2050,1,130,130,701.1193002481095
14731,RO_Pump_Hydro_Open,2050,1,131,131,699.7119037207001
14732,RO_Pump_Hydro_Open,2050,1,132,132,698.3045071932906
14733,RO_Pump_Hydro_Open,2050,1,133,133,696.8971106658812
14734,RO_Pump_Hydro_Open,2050,1,134,134,696.7558285658766
14735,RO_Pump_Hydro_Open,2050,1,135,135,696.8570907053161
14736,RO_Pump_Hydro_Open,2050,1,136,136,695.9969052218477
14737,RO_Pump_Hydro_Open,2050,1,137,137,694.5895086944382
14738,RO_Pump_Hydro_Open,2050,1,138,138,693.1821121670288
14739,RO_Pump_Hydro_Open,2050,1,139,139,691.7747156396193
14740,RO_Pump_Hydro_Open,2050,1,140,140,692.5736592197718
14741,RO_Pump_Hydro_Open,2050,1,141,141,693.8021706140465
14742,RO_Pump_Hydro_Open,2050,1,142,142,693.1587305945884
14743,RO_Pump_Hydro_Open,2050,1,143,143,692.2386294676708
14744,RO_Pump_Hydro_Open,2050,1,144,144,692.9914903323815
14745,RO_Pump_Hydro_Open,2050,1,145,145,694.331643388651
14746,RO_Pump_Hydro_Open,2050,1,146,146,694.1072556767393
14747,RO_Pump_Hydro_Open,2050,1,147,147,693.2545310210301
14748,RO_Pump_Hydro_Open,2050,1,148,148,691.8471344936206
14749,RO_Pump_Hydro_Open,2050,1,149,149,691.0325142621016
14750,RO_Pump_Hydro_Open,2050,1,150,150,689.6251177346921
14751,RO_Pump_Hydro_Open,2050,1,151,151,688.2184432633364
14752,RO_Pump_Hydro_Open,2050,1,152,152,686.811046735927
14753,RO_Pump_Hydro_Open,2050,1,153,153,685.4036502085175
14754,RO_Pump_Hydro_Open,2050,1,154,154,683.9962536811081
14755,RO_Pump_Hydro_Open,2050,1,155,155,682.5888571536987
14756,RO_Pump_Hydro_Open,2050,1,156,156,681.8574215859574
14757,RO_Pump_Hydro_Open,2050,1,157,157,680.4500250585479
14758,RO_Pump_Hydro_Open,2050,1,158,158,679.0426285311385
14759,RO_Pump_Hydro_Open,2050,1,159,159,677.635232003729
14760,RO_Pump_Hydro_Open,2050,1,160,160,677.2525736724893
14761,RO_Pump_Hydro_Open,2050,1,161,161,675.8451771450799
14762,RO_Pump_Hydro_Open,2050,1,162,162,675.5430079637911
14763,RO_Pump_Hydro_Open,2050,1,163,163,676.7716853413863
14764,RO_Pump_Hydro_Open,2050,1,164,164,678.274504621412
14765,RO_Pump_Hydro_Open,2050,1,165,165,676.8671080940026
14766,RO_Pump_Hydro_Open,2050,1,166,166,675.9448491309521
14767,RO_Pump_Hydro_Open,2050,1,167,167,676.9710278356685
14768,RO_Pump_Hydro_Open,2050,1,168,168,676.7943712566715
14769,RO_Pump_Hydro_Open,2050,1,169,169,675.3897441224763
14770,RO_Pump_Hydro_Open,2050,1,170,170,675.5149817464732
14771,RO_Pump_Hydro_Open,2050,1,171,171,677.9516350708369
14772,RO_Pump_Hydro_Open,2050,1,172,172,680.3882883952007
14773,RO_Pump_Hydro_Open,2050,1,173,173,682.6118197966756
14774,RO_Pump_Hydro_Open,2050,1,174,174,682.5557764301066
14775,RO_Pump_Hydro_Open,2050,1,175,175,681.1483799026971
14776,RO_Pump_Hydro_Open,2050,1,176,176,680.5042329466
14777,RO_Pump_Hydro_Open,2050,1,177,177,682.3628118450638
14778,RO_Pump_Hydro_Open,2050,1,178,178,684.7994651694275
14779,RO_Pump_Hydro_Open,2050,1,179,179,687.2361184937913
14780,RO_Pump_Hydro_Open,2050,1,180,180,689.0257806369734
14781,RO_Pump_Hydro_Open,2050,1,181,181,691.018395745592
14782,RO_Pump_Hydro_Open,2050,1,182,182,692.3062125680606
14783,RO_Pump_Hydro_Open,2050,1,183,183,693.1263311192373
14784,RO_Pump_Hydro_Open,2050,1,184,184,694.2784525031262
14785,RO_Pump_Hydro_Open,2050,1,185,185,696.0187618095582
14786,RO_Pump_Hydro_Open,2050,1,186,186,698.455415133922
14787,RO_Pump_Hydro_Open,2050,1,187,187,697.0480186065125
14788,RO_Pump_Hydro_Open,2050,1,188,188,695.6406220791031
14789,RO_Pump_Hydro_Open,2050,1,189,189,694.2443244663267
14790,RO_Pump_Hydro_Open,2050,1,190,190,692.8426165376158
14791,RO_Pump_Hydro_Open,2050,1,191,191,691.4352200102063
14792,RO_Pump_Hydro_Open,2050,1,192,192,692.7194426986871
14793,RO_Pump_Hydro_Open,2050,1,193,193,695.1151755851972
14794,RO_Pump_Hydro_Open,2050,1,194,194,697.551828909561
14795,RO_Pump_Hydro_Open,2050,1,195,195,699.9884822339249
14796,RO_Pump_Hydro_Open,2050,1,196,196,701.7816723409564
14797,RO_Pump_Hydro_Open,2050,1,197,197,703.3495762054408
14798,RO_Pump_Hydro_Open,2050,1,198,198,704.2334620676232
14799,RO_Pump_Hydro_Open,2050,1,199,199,703.3374035604345
14800,RO_Pump_Hydro_Open,2050,1,200,200,704.3542556251282
14801,RO_Pump_Hydro_Open,2050,1,201,201,705.564850448869
14802,RO_Pump_Hydro_Open,2050,1,202,202,705.24402416165
14803,RO_Pump_Hydro_Open,2050,1,203,203,705.1001519312138
14804,RO_Pump_Hydro_Open,2050,1,204,204,705.3339082633479
14805,RO_Pump_Hydro_Open,2050,1,205,205,707.0309614766185
14806,RO_Pump_Hydro_Open,2050,1,206,206,706.010291081027
14807,RO_Pump_Hydro_Open,2050,1,207,207,704.6122152011824
14808,RO_Pump_Hydro_Open,2050,1,208,208,705.4679242993986
14809,RO_Pump_Hydro_Open,2050,1,209,209,706.7455913519718
14810,RO_Pump_Hydro_Open,2050,1,210,210,706.0520057336739
14811,RO_Pump_Hydro_Open,2050,1,211,211,705.9243650126458
14812,RO_Pump_Hydro_Open,2050,1,212,212,706.1404009454276
14813,RO_Pump_Hydro_Open,2050,1,213,213,708.1149135963663
14814,RO_Pump_Hydro_Open,2050,1,214,214,710.55156692073
14815,RO_Pump_Hydro_Open,2050,1,215,215,712.910613717567
14816,RO_Pump_Hydro_Open,2050,1,216,216,714.6580939213429
14817,RO_Pump_Hydro_Open,2050,1,217,217,716.2490009340804
14818,RO_Pump_Hydro_Open,2050,1,218,218,718.6856542584442
14819,RO_Pump_Hydro_Open,2050,1,219,219,721.1223075828079
14820,RO_Pump_Hydro_Open,2050,1,220,220,723.5589609071717
14821,RO_Pump_Hydro_Open,2050,1,221,221,725.9956142315356
14822,RO_Pump_Hydro_Open,2050,1,222,222,728.4322675558993
14823,RO_Pump_Hydro_Open,2050,1,223,223,730.8689208802631
14824,RO_Pump_Hydro_Open,2050,1,224,224,733.3055742046269
14825,RO_Pump_Hydro_Open,2050,1,225,225,734.6481720091394
14826,RO_Pump_Hydro_Open,2050,1,226,226,735.8395774905309
14827,RO_Pump_Hydro_Open,2050,1,227,227,737.1258008705718
14828,RO_Pump_Hydro_Open,2050,1,228,228,737.3153012433073
14829,RO_Pump_Hydro_Open,2050,1,229,229,736.2511845468666
14830,RO_Pump_Hydro_Open,2050,1,230,230,735.6290853039466
14831,RO_Pump_Hydro_Open,2050,1,231,231,737.4696738922199
14832,RO_Pump_Hydro_Open,2050,1,232,232,739.9063272165838
14833,RO_Pump_Hydro_Open,2050,1,233,233,742.3429805409476
14834,RO_Pump_Hydro_Open,2050,1,234,234,744.637003167704
14835,RO_Pump_Hydro_Open,2050,1,235,235,745.2194577636039
14836,RO_Pump_Hydro_Open,2050,1,236,236,744.3772531727666
14837,RO_Pump_Hydro_Open,2050,1,237,237,742.9857687653551
14838,RO_Pump_Hydro_Open,2050,1,238,238,742.5311538362419
14839,RO_Pump_Hydro_Open,2050,1,239,239,741.7967454623786
14840,RO_Pump_Hydro_Open,2050,1,240,240,741.2312910174878
14841,RO_Pump_Hydro_Open,2050,1,241,241,741.1971659211754
14842,RO_Pump_Hydro_Open,2050,1,242,242,743.6338192455391
14843,RO_Pump_Hydro_Open,2050,1,243,243,746.0704725699029
14844,RO_Pump_Hydro_Open,2050,1,244,244,746.1614992165605
14845,RO_Pump_Hydro_Open,2050,1,245,245,745.3540560579687
14846,RO_Pump_Hydro_Open,2050,1,246,246,747.7907093823325
14847,RO_Pump_Hydro_Open,2050,1,247,247,750.2273627066962
14848,RO_Pump_Hydro_Open,2050,1,248,248,749.4463767388793
14849,RO_Pump_Hydro_Open,2050,1,249,249,749.0574319785151
14850,RO_Pump_Hydro_Open,2050,1,250,250,748.3287725953097
14851,RO_Pump_Hydro_Open,2050,1,251,251,748.1837346325212
14852,RO_Pump_Hydro_Open,2050,1,252,252,750.6203879568851
14853,RO_Pump_Hydro_Open,2050,1,253,253,753.0570412812489
14854,RO_Pump_Hydro_Open,2050,1,254,254,754.1775937529135
14855,RO_Pump_Hydro_Open,2050,1,255,255,753.1537629196989
14856,RO_Pump_Hydro_Open,2050,1,256,256,752.9905122421128
14857,RO_Pump_Hydro_Open,2050,1,257,257,751.6110317562643
14858,RO_Pump_Hydro_Open,2050,1,258,258,750.3037288918956
14859,RO_Pump_Hydro_Open,2050,1,259,259,751.6290905721319
14860,RO_Pump_Hydro_Open,2050,1,260,260,750.6915877011772
14861,RO_Pump_Hydro_Open,2050,1,261,261,749.301329191534
14862,RO_Pump_Hydro_Open,2050,1,262,262,750.0290813190837
14863,RO_Pump_Hydro_Open,2050,1,263,263,752.4657346434475
14864,RO_Pump_Hydro_Open,2050,1,264,264,754.9023879678114
14865,RO_Pump_Hydro_Open,2050,1,265,265,756.6967080217977
14866,RO_Pump_Hydro_Open,2050,1,266,266,758.7924818748742
14867,RO_Pump_Hydro_Open,2050,1,267,267,760.1252150987156
14868,RO_Pump_Hydro_Open,2050,1,268,268,762.3715642057529
14869,RO_Pump_Hydro_Open,2050,1,269,269,764.8082175301166
14870,RO_Pump_Hydro_Open,2050,1,270,270,766.4646775588459
14871,RO_Pump_Hydro_Open,2050,1,271,271,767.658926683808
14872,RO_Pump_Hydro_Open,2050,1,272,272,769.3138913733807
14873,RO_Pump_Hydro_Open,2050,1,273,273,770.1821089119454
14874,RO_Pump_Hydro_Open,2050,1,274,274,768.7930378957471
14875,RO_Pump_Hydro_Open,2050,1,275,275,767.3967321709996
14876,RO_Pump_Hydro_Open,2050,1,276,276,769.8333854953634
14877,RO_Pump_Hydro_Open,2050,1,277,277,772.2700388197271
14878,RO_Pump_Hydro_Open,2050,1,278,278,774.2036173438883
14879,RO_Pump_Hydro_Open,2050,1,279,279,772.8601821887422
14880,RO_Pump_Hydro_Open,2050,1,280,280,771.9978858852293
14881,RO_Pump_Hydro_Open,2050,1,281,281,773.999312345236
14882,RO_Pump_Hydro_Open,2050,1,282,282,776.4359656695998
14883,RO_Pump_Hydro_Open,2050,1,283,283,778.8726189939636
14884,RO_Pump_Hydro_Open,2050,1,284,284,780.4649672930501
14885,RO_Pump_Hydro_Open,2050,1,285,285,782.6206498384064
14886,RO_Pump_Hydro_Open,2050,1,286,286,783.7432703777619
14887,RO_Pump_Hydro_Open,2050,1,287,287,784.7893717504558
14888,RO_Pump_Hydro_Open,2050,1,288,288,784.0684862402056
14889,RO_Pump_Hydro_Open,2050,1,289,289,783.8137432476943
14890,RO_Pump_Hydro_Open,2050,1,290,290,786.2503965720581
14891,RO_Pump_Hydro_Open,2050,1,291,291,788.6870498964219
14892,RO_Pump_Hydro_Open,2050,1,292,292,791.1237032207856
14893,RO_Pump_Hydro_Open,2050,1,293,293,793.5603565451494
14894,RO_Pump_Hydro_Open,2050,1,294,294,795.0117729921204
14895,RO_Pump_Hydro_Open,2050,1,295,295,793.6348007946675
14896,RO_Pump_Hydro_Open,2050,1,296,296,792.2483484340248
14897,RO_Pump_Hydro_Open,2050,1,297,297,793.509120448585
14898,RO_Pump_Hydro_Open,2050,1,298,298,792.5013781015915
14899,RO_Pump_Hydro_Open,2050,1,299,299,793.2435681351848
14900,RO_Pump_Hydro_Open,2050,1,300,300,794.3190769271297
14901,RO_Pump_Hydro_Open,2050,1,301,301,794.9890693163302
14902,RO_Pump_Hydro_Open,2050,1,302,302,796.860451099682
14903,RO_Pump_Hydro_Open,2050,1,303,303,798.4897500244261
14904,RO_Pump_Hydro_Open,2050,1,304,304,798.2803225765782
14905,RO_Pump_Hydro_Open,2050,1,305,305,797.4723991129442
14906,RO_Pump_Hydro_Open,2050,1,306,306,797.2515669933393
14907,RO_Pump_Hydro_Open,2050,1,307,307,799.5354072460702
14908,RO_Pump_Hydro_Open,2050,1,308,308,801.972060570434
14909,RO_Pump_Hydro_Open,2050,1,309,309,804.3447627732916
14910,RO_Pump_Hydro_Open,2050,1,310,310,805.639034057668
14911,RO_Pump_Hydro_Open,2050,1,311,311,804.9199711882841
14912,RO_Pump_Hydro_Open,2050,1,312,312,803.5474983522871
14913,RO_Pump_Hydro_Open,2050,1,313,313,802.1857219029338
14914,RO_Pump_Hydro_Open,2050,1,314,314,800.821462464323
14915,RO_Pump_Hydro_Open,2050,1,315,315,799.4504170064968
14916,RO_Pump_Hydro_Open,2050,1,316,316,798.4005985012311
14917,RO_Pump_Hydro_Open,2050,1,317,317,797.034474623522
14918,RO_Pump_Hydro_Open,2050,1,318,318,795.6726981741687
14919,RO_Pump_Hydro_Open,2050,1,319,319,795.6925655359875
14920,RO_Pump_Hydro_Open,2050,1,320,320,795.055410870996
14921,RO_Pump_Hydro_Open,2050,1,321,321,794.0089546668469
14922,RO_Pump_Hydro_Open,2050,1,322,322,792.6454265086635
14923,RO_Pump_Hydro_Open,2050,1,323,323,791.2836500593102
14924,RO_Pump_Hydro_Open,2050,1,324,324,790.8747540172827
14925,RO_Pump_Hydro_Open,2050,1,325,325,790.5430567986541
14926,RO_Pump_Hydro_Open,2050,1,326,326,790.5322153663102
14927,RO_Pump_Hydro_Open,2050,1,327,327,792.4414602043373
14928,RO_Pump_Hydro_Open,2050,1,328,328,791.0770193535864
14929,RO_Pump_Hydro_Open,2050,1,329,329,789.8351987412005
14930,RO_Pump_Hydro_Open,2050,1,330,330,790.0091133040823
14931,RO_Pump_Hydro_Open,2050,1,331,331,788.647336854729
14932,RO_Pump_Hydro_Open,2050,1,332,332,787.2855604053757
14933,RO_Pump_Hydro_Open,2050,1,333,333,785.9237839560224
14934,RO_Pump_Hydro_Open,2050,1,334,334,784.562007506669
14935,RO_Pump_Hydro_Open,2050,1,335,335,783.2002310573157
14936,RO_Pump_Hydro_Open,2050,1,336,336,782.1148288855708
14937,RO_Pump_Hydro_Open,2050,1,337,337,781.0651829295717
14938,RO_Pump_Hydro_Open,2050,1,338,338,779.7034064802184
14939,RO_Pump_Hydro_Open,2050,1,339,339,778.3416300308651
14940,RO_Pump_Hydro_Open,2050,1,340,340,776.9798535815117
14941,RO_Pump_Hydro_Open,2050,1,341,341,775.6180771321584
14942,RO_Pump_Hydro_Open,2050,1,342,342,774.519952237567
14943,RO_Pump_Hydro_Open,2050,1,343,343,773.1581757882137
14944,RO_Pump_Hydro_Open,2050,1,344,344,771.7963993388604
14945,RO_Pump_Hydro_Open,2050,1,345,345,770.4346228895071
14946,RO_Pump_Hydro_Open,2050,1,346,346,769.198988219221
14947,RO_Pump_Hydro_Open,2050,1,347,347,769.9578512749945
14948,RO_Pump_Hydro_Open,2050,1,348,348,771.125430950225
14949,RO_Pump_Hydro_Open,2050,1,349,349,772.4046796922698
14950,RO_Pump_Hydro_Open,2050,1,350,350,771.5567774216092
14951,RO_Pump_Hydro_Open,2050,1,351,351,770.1950009722559
14952,RO_Pump_Hydro_Open,2050,1,352,352,768.8332245229026
14953,RO_Pump_Hydro_Open,2050,1,353,353,767.4714480735493
14954,RO_Pump_Hydro_Open,2050,1,354,354,766.1096716241959
14955,RO_Pump_Hydro_Open,2050,1,355,355,764.7478951748426
14956,RO_Pump_Hydro_Open,2050,1,356,356,763.3861187254893
14957,RO_Pump_Hydro_Open,2050,1,357,357,762.0243422761359
14958,RO_Pump_Hydro_Open,2050,1,358,358,760.6625658267826
14959,RO_Pump_Hydro_Open,2050,1,359,359,759.3007893774293
14960,RO_Pump_Hydro_Open,2050,1,360,360,757.9791002321111
14961,RO_Pump_Hydro_Open,2050,1,361,361,757.3134929605989
14962,RO_Pump_Hydro_Open,2050,1,362,362,756.7735162924646
14963,RO_Pump_Hydro_Open,2050,1,363,363,755.9235528987067
14964,RO_Pump_Hydro_Open,2050,1,364,364,754.5617764493534
14965,RO_Pump_Hydro_Open,2050,1,365,365,753.2
14966,SE_Hydro_Reservoir,2050,1,1,1,15900.76790612491
14967,SE_Hydro_Reservoir,2050,1,2,2,15835.872812249818
14968,SE_Hydro_Reservoir,2050,1,3,3,15770.977718374728
14969,SE_Hydro_Reservoir,2050,1,4,4,15706.082624499637
14970,SE_Hydro_Reservoir,2050,1,5,5,15649.216255753565
14971,SE_Hydro_Reservoir,2050,1,6,6,15609.36145929447
14972,SE_Hydro_Reservoir,2050,1,7,7,15544.46636541938
14973,SE_Hydro_Reservoir,2050,1,8,8,15479.571271544288
14974,SE_Hydro_Reservoir,2050,1,9,9,15414.676177669196
14975,SE_Hydro_Reservoir,2050,1,10,10,15349.781083794107
14976,SE_Hydro_Reservoir,2050,1,11,11,15284.885989919016
14977,SE_Hydro_Reservoir,2050,1,12,12,15219.990896043924
14978,SE_Hydro_Reservoir,2050,1,13,13,15155.095802168833
14979,SE_Hydro_Reservoir,2050,1,14,14,15090.200708293742
14980,SE_Hydro_Reservoir,2050,1,15,15,15025.305614418652
14981,SE_Hydro_Reservoir,2050,1,16,16,14960.41052054356
14982,SE_Hydro_Reservoir,2050,1,17,17,14895.51542666847
14983,SE_Hydro_Reservoir,2050,1,18,18,14864.57524353736
14984,SE_Hydro_Reservoir,2050,1,19,19,14870.123741422747
14985,SE_Hydro_Reservoir,2050,1,20,20,14855.016127913923
14986,SE_Hydro_Reservoir,2050,1,21,21,14839.842520366867
14987,SE_Hydro_Reservoir,2050,1,22,22,14845.391018252254
14988,SE_Hydro_Reservoir,2050,1,23,23,14830.58004790451
14989,SE_Hydro_Reservoir,2050,1,24,24,14771.39569305396
14990,SE_Hydro_Reservoir,2050,1,25,25,14749.341355888986
14991,SE_Hydro_Reservoir,2050,1,26,26,14693.900364886797
14992,SE_Hydro_Reservoir,2050,1,27,27,14652.083112081287
14993,SE_Hydro_Reservoir,2050,1,28,28,14587.188018206196
14994,SE_Hydro_Reservoir,2050,1,29,29,14522.292924331105
14995,SE_Hydro_Reservoir,2050,1,30,30,14457.397830456013
14996,SE_Hydro_Reservoir,2050,1,31,31,14415.346891577574
14997,SE_Hydro_Reservoir,2050,1,32,32,14351.329915248876
14998,SE_Hydro_Reservoir,2050,1,33,33,14313.45112007252
14999,SE_Hydro_Reservoir,2050,1,34,34,14302.750121137948
15000,SE_Hydro_Reservoir,2050,1,35,35,14304.151529314562
15001,SE_Hydro_Reservoir,2050,1,36,36,14290.997265584108
15002,SE_Hydro_Reservoir,2050,1,37,37,14226.102171709017
15003,SE_Hydro_Reservoir,2050,1,38,38,14161.207077833926
15004,SE_Hydro_Reservoir,2050,1,39,39,14096.311983958836
15005,SE_Hydro_Reservoir,2050,1,40,40,14042.373454885756
15006,SE_Hydro_Reservoir,2050,1,41,41,14007.611955713615
15007,SE_Hydro_Reservoir,2050,1,42,42,13998.510290910865
15008,SE_Hydro_Reservoir,2050,1,43,43,13981.126768250127
15009,SE_Hydro_Reservoir,2050,1,44,44,13956.80921865962
15010,SE_Hydro_Reservoir,2050,1,45,45,13941.717950688748
15011,SE_Hydro_Reservoir,2050,1,46,46,13898.09234358399
15012,SE_Hydro_Reservoir,2050,1,47,47,13852.469272786188
15013,SE_Hydro_Reservoir,2050,1,48,48,13796.946922619623
15014,SE_Hydro_Reservoir,2050,1,49,49,13739.729430318337
15015,SE_Hydro_Reservoir,2050,1,50,50,13674.834336443246
15016,SE_Hydro_Reservoir,2050,1,51,51,13626.415930268278
15017,SE_Hydro_Reservoir,2050,1,52,52,13579.355333335074
15018,SE_Hydro_Reservoir,2050,1,53,53,13527.901224100999
15019,SE_Hydro_Reservoir,2050,1,54,54,13463.006130225907
15020,SE_Hydro_Reservoir,2050,1,55,55,13405.363314794873
15021,SE_Hydro_Reservoir,2050,1,56,56,13387.972676562209
15022,SE_Hydro_Reservoir,2050,1,57,57,13359.701781194071
15023,SE_Hydro_Reservoir,2050,1,58,58,13341.574727089552
15024,SE_Hydro_Reservoir,2050,1,59,59,13310.097549612716
15025,SE_Hydro_Reservoir,2050,1,60,60,13245.202455737624
15026,SE_Hydro_Reservoir,2050,1,61,61,13180.307361862533
15027,SE_Hydro_Reservoir,2050,1,62,62,13117.554559357766
15028,SE_Hydro_Reservoir,2050,1,63,63,13079.576554635765
15029,SE_Hydro_Reservoir,2050,1,64,64,13056.005345615518
15030,SE_Hydro_Reservoir,2050,1,65,65,12995.602521730423
15031,SE_Hydro_Reservoir,2050,1,66,66,12930.707427855332
15032,SE_Hydro_Reservoir,2050,1,67,67,12873.122119823252
15033,SE_Hydro_Reservoir,2050,1,68,68,12844.795984296346
15034,SE_Hydro_Reservoir,2050,1,69,69,12848.965610695326
15035,SE_Hydro_Reservoir,2050,1,70,70,12835.406559519004
15036,SE_Hydro_Reservoir,2050,1,71,71,12796.735219553477
15037,SE_Hydro_Reservoir,2050,1,72,72,12771.69334983585
15038,SE_Hydro_Reservoir,2050,1,73,73,12737.466309848545
15039,SE_Hydro_Reservoir,2050,1,74,74,12689.893561282228
15040,SE_Hydro_Reservoir,2050,1,75,75,12668.211463134034
15041,SE_Hydro_Reservoir,2050,1,76,76,12686.515094606282
15042,SE_Hydro_Reservoir,2050,1,77,77,12681.086595921071
15043,SE_Hydro_Reservoir,2050,1,78,78,12676.42450065347
15044,SE_Hydro_Reservoir,2050,1,79,79,12670.468682713097
15045,SE_Hydro_Reservoir,2050,1,80,80,12623.757638978637
15046,SE_Hydro_Reservoir,2050,1,81,81,12593.640748029004
15047,SE_Hydro_Reservoir,2050,1,82,82,12577.985802139345
15048,SE_Hydro_Reservoir,2050,1,83,83,12572.260748570914
15049,SE_Hydro_Reservoir,2050,1,84,84,12554.824596558785
15050,SE_Hydro_Reservoir,2050,1,85,85,12494.328832619634
15051,SE_Hydro_Reservoir,2050,1,86,86,12454.884573429106
15052,SE_Hydro_Reservoir,2050,1,87,87,12413.833816461529
15053,SE_Hydro_Reservoir,2050,1,88,88,12348.938722586438
15054,SE_Hydro_Reservoir,2050,1,89,89,12284.043628711346
15055,SE_Hydro_Reservoir,2050,1,90,90,12219.148534836255
15056,SE_Hydro_Reservoir,2050,1,91,91,12156.088777793811
15057,SE_Hydro_Reservoir,2050,1,92,92,12124.676081563406
15058,SE_Hydro_Reservoir,2050,1,93,93,12118.726499604472
15059,SE_Hydro_Reservoir,2050,1,94,94,12110.310986468616
15060,SE_Hydro_Reservoir,2050,1,95,95,12108.90180553813
15061,SE_Hydro_Reservoir,2050,1,96,96,12104.549970700036
15062,SE_Hydro_Reservoir,2050,1,97,97,12127.305540115442
15063,SE_Hydro_Reservoir,2050,1,98,98,12159.100592124982
15064,SE_Hydro_Reservoir,2050,1,99,99,12200.774468773692
15065,SE_Hydro_Reservoir,2050,1,100,100,12233.109423570731
15066,SE_Hydro_Reservoir,2050,1,101,101,12211.562831464682
15067,SE_Hydro_Reservoir,2050,1,102,102,12207.615609910725
15068,SE_Hydro_Reservoir,2050,1,103,103,12227.538446059601
15069,SE_Hydro_Reservoir,2050,1,104,104,12236.714871481456
15070,SE_Hydro_Reservoir,2050,1,105,105,12272.341391608894
15071,SE_Hydro_Reservoir,2050,1,106,106,12313.196478641596
15072,SE_Hydro_Reservoir,2050,1,107,107,12327.222141874761
15073,SE_Hydro_Reservoir,2050,1,108,108,12318.63373586721
15074,SE_Hydro_Reservoir,2050,1,109,109,12359.243176133823
15075,SE_Hydro_Reservoir,2050,1,110,110,12399.44530413162
15076,SE_Hydro_Reservoir,2050,1,111,111,12446.610806186238
15077,SE_Hydro_Reservoir,2050,1,112,112,12496.345399663931
15078,SE_Hydro_Reservoir,2050,1,113,113,12578.328047896746
15079,SE_Hydro_Reservoir,2050,1,114,114,12639.461461550478
15080,SE_Hydro_Reservoir,2050,1,115,115,12655.212873361324
15081,SE_Hydro_Reservoir,2050,1,116,116,12668.0592299233
15082,SE_Hydro_Reservoir,2050,1,117,117,12674.454118327592
15083,SE_Hydro_Reservoir,2050,1,118,118,12692.28502759194
15084,SE_Hydro_Reservoir,2050,1,119,119,12742.040154598793
15085,SE_Hydro_Reservoir,2050,1,120,120,12824.022802831609
15086,SE_Hydro_Reservoir,2050,1,121,121,12906.005451064424
15087,SE_Hydro_Reservoir,2050,1,122,122,12987.98809929724
15088,SE_Hydro_Reservoir,2050,1,123,123,13048.707510650727
15089,SE_Hydro_Reservoir,2050,1,124,124,13130.690158883543
15090,SE_Hydro_Reservoir,2050,1,125,125,13212.672807116358
15091,SE_Hydro_Reservoir,2050,1,126,126,13284.616236960712
15092,SE_Hydro_Reservoir,2050,1,127,127,13366.598885193527
15093,SE_Hydro_Reservoir,2050,1,128,128,13448.581533426343
15094,SE_Hydro_Reservoir,2050,1,129,129,13530.564181659158
15095,SE_Hydro_Reservoir,2050,1,130,130,13612.546829891973
15096,SE_Hydro_Reservoir,2050,1,131,131,13694.529478124789
15097,SE_Hydro_Reservoir,2050,1,132,132,13776.512126357604
15098,SE_Hydro_Reservoir,2050,1,133,133,13858.49477459042
15099,SE_Hydro_Reservoir,2050,1,134,134,13915.302312137124
15100,SE_Hydro_Reservoir,2050,1,135,135,13967.287159141713
15101,SE_Hydro_Reservoir,2050,1,136,136,14038.389196347835
15102,SE_Hydro_Reservoir,2050,1,137,137,14120.37184458065
15103,SE_Hydro_Reservoir,2050,1,138,138,14202.354492813465
15104,SE_Hydro_Reservoir,2050,1,139,139,14284.33714104628
15105,SE_Hydro_Reservoir,2050,1,140,140,14322.449460328717
15106,SE_Hydro_Reservoir,2050,1,141,141,14352.020357893145
15107,SE_Hydro_Reservoir,2050,1,142,142,14418.812681119975
15108,SE_Hydro_Reservoir,2050,1,143,143,14491.106066377279
15109,SE_Hydro_Reservoir,2050,1,144,144,14530.134683141876
15110,SE_Hydro_Reservoir,2050,1,145,145,14557.485725109478
15111,SE_Hydro_Reservoir,2050,1,146,146,14615.94571438812
15112,SE_Hydro_Reservoir,2050,1,147,147,14686.899402313496
15113,SE_Hydro_Reservoir,2050,1,148,148,14768.882050546312
15114,SE_Hydro_Reservoir,2050,1,149,149,14839.078079388231
15115,SE_Hydro_Reservoir,2050,1,150,150,14921.060727621047
15116,SE_Hydro_Reservoir,2050,1,151,151,15000.718654648635
15117,SE_Hydro_Reservoir,2050,1,152,152,15082.70130288145
15118,SE_Hydro_Reservoir,2050,1,153,153,15164.683951114266
15119,SE_Hydro_Reservoir,2050,1,154,154,15246.666599347082
15120,SE_Hydro_Reservoir,2050,1,155,155,15328.649247579897
15121,SE_Hydro_Reservoir,2050,1,156,156,15397.191252841747
15122,SE_Hydro_Reservoir,2050,1,157,157,15479.173901074562
15123,SE_Hydro_Reservoir,2050,1,158,158,15561.156549307378
15124,SE_Hydro_Reservoir,2050,1,159,159,15643.139197540193
15125,SE_Hydro_Reservoir,2050,1,160,160,15704.746201238464
15126,SE_Hydro_Reservoir,2050,1,161,161,15786.72884947128
15127,SE_Hydro_Reservoir,2050,1,162,162,15846.735426529445
15128,SE_Hydro_Reservoir,2050,1,163,163,15876.303023721983
15129,SE_Hydro_Reservoir,2050,1,164,164,15900.41965014284
15130,SE_Hydro_Reservoir,2050,1,165,165,15982.402298375655
15131,SE_Hydro_Reservoir,2050,1,166,166,16054.738589520697
15132,SE_Hydro_Reservoir,2050,1,167,167,16088.332620970024
15133,SE_Hydro_Reservoir,2050,1,168,168,16145.84353603524
15134,SE_Hydro_Reservoir,2050,1,169,169,16218.909886014488
15135,SE_Hydro_Reservoir,2050,1,170,170,16270.418010327652
15136,SE_Hydro_Reservoir,2050,1,171,171,16275.966508213038
15137,SE_Hydro_Reservoir,2050,1,172,172,16281.515006098425
15138,SE_Hydro_Reservoir,2050,1,173,173,16291.301168354608
15139,SE_Hydro_Reservoir,2050,1,174,174,16346.413839700806
15140,SE_Hydro_Reservoir,2050,1,175,175,16428.39648793362
15141,SE_Hydro_Reservoir,2050,1,176,176,16495.202867716278
15142,SE_Hydro_Reservoir,2050,1,177,177,16512.24565659294
15143,SE_Hydro_Reservoir,2050,1,178,178,16517.794154478328
15144,SE_Hydro_Reservoir,2050,1,179,179,16523.342652363714
15145,SE_Hydro_Reservoir,2050,1,180,180,16541.755765205406
15146,SE_Hydro_Reservoir,2050,1,181,181,16556.133410747818
15147,SE_Hydro_Reservoir,2050,1,182,182,16584.525093632474
15148,SE_Hydro_Reservoir,2050,1,183,183,16622.216374952015
15149,SE_Hydro_Reservoir,2050,1,184,184,16653.30619286452
15150,SE_Hydro_Reservoir,2050,1,185,185,16672.70062548345
15151,SE_Hydro_Reservoir,2050,1,186,186,16678.249123368834
15152,SE_Hydro_Reservoir,2050,1,187,187,16760.231771601648
15153,SE_Hydro_Reservoir,2050,1,188,188,16842.21441983446
15154,SE_Hydro_Reservoir,2050,1,189,189,16888.463163378452
15155,SE_Hydro_Reservoir,2050,1,190,190,16952.130881690075
15156,SE_Hydro_Reservoir,2050,1,191,191,17034.113529922888
15157,SE_Hydro_Reservoir,2050,1,192,192,17062.576677691766
15158,SE_Hydro_Reservoir,2050,1,193,193,17068.938827589947
15159,SE_Hydro_Reservoir,2050,1,194,194,17074.487325475333
15160,SE_Hydro_Reservoir,2050,1,195,195,17080.03582336072
15161,SE_Hydro_Reservoir,2050,1,196,196,17098.37878702909
15162,SE_Hydro_Reservoir,2050,1,197,197,17121.201287435553
15163,SE_Hydro_Reservoir,2050,1,198,198,17157.624635084976
15164,SE_Hydro_Reservoir,2050,1,199,199,17229.43996275147
15165,SE_Hydro_Reservoir,2050,1,200,200,17263.219442837835
15166,SE_Hydro_Reservoir,2050,1,201,201,17293.146589123982
15167,SE_Hydro_Reservoir,2050,1,202,202,17353.524139529192
15168,SE_Hydro_Reservoir,2050,1,203,203,17410.383178598113
15169,SE_Hydro_Reservoir,2050,1,204,204,17459.733543367798
15170,SE_Hydro_Reservoir,2050,1,205,205,17479.988069600397
15171,SE_Hydro_Reservoir,2050,1,206,206,17535.994010375845
15172,SE_Hydro_Reservoir,2050,1,207,207,17587.968036799488
15173,SE_Hydro_Reservoir,2050,1,208,208,17591.74413130077
15174,SE_Hydro_Reservoir,2050,1,209,209,17612.53532319746
15175,SE_Hydro_Reservoir,2050,1,210,210,17673.22960664095
15176,SE_Hydro_Reservoir,2050,1,211,211,17729.765902332885
15177,SE_Hydro_Reservoir,2050,1,212,212,17779.46861520432
15178,SE_Hydro_Reservoir,2050,1,213,213,17794.206205603157
15179,SE_Hydro_Reservoir,2050,1,214,214,17799.754703488543
15180,SE_Hydro_Reservoir,2050,1,215,215,17806.846310652334
15181,SE_Hydro_Reservoir,2050,1,216,216,17826.098158896228
15182,SE_Hydro_Reservoir,2050,1,217,217,17848.463270309356
15183,SE_Hydro_Reservoir,2050,1,218,218,17854.01176819474
15184,SE_Hydro_Reservoir,2050,1,219,219,17859.560266080127
15185,SE_Hydro_Reservoir,2050,1,220,220,17865.108763965516
15186,SE_Hydro_Reservoir,2050,1,221,221,17870.6572618509
15187,SE_Hydro_Reservoir,2050,1,222,222,17876.205759736287
15188,SE_Hydro_Reservoir,2050,1,223,223,17881.754257621677
15189,SE_Hydro_Reservoir,2050,1,224,224,17887.302755507062
15190,SE_Hydro_Reservoir,2050,1,225,225,17914.60518669645
15191,SE_Hydro_Reservoir,2050,1,226,226,17944.913889188876
15192,SE_Hydro_Reservoir,2050,1,227,227,17973.337255694398
15193,SE_Hydro_Reservoir,2050,1,228,228,18023.567595174314
15194,SE_Hydro_Reservoir,2050,1,229,229,18096.58317940383
15195,SE_Hydro_Reservoir,2050,1,230,230,18162.95116783134
15196,SE_Hydro_Reservoir,2050,1,231,231,18180.351671651068
15197,SE_Hydro_Reservoir,2050,1,232,232,18185.900169536457
15198,SE_Hydro_Reservoir,2050,1,233,233,18191.448667421842
15199,SE_Hydro_Reservoir,2050,1,234,234,18199.83319933526
15200,SE_Hydro_Reservoir,2050,1,235,235,18213.300758935962
15201,SE_Hydro_Reservoir,2050,1,236,236,18255.730617006826
15202,SE_Hydro_Reservoir,2050,1,237,237,18286.482834318736
15203,SE_Hydro_Reservoir,2050,1,238,238,18323.784626276676
15204,SE_Hydro_Reservoir,2050,1,239,239,18356.45579247704
15205,SE_Hydro_Reservoir,2050,1,240,240,18403.206796896065
15206,SE_Hydro_Reservoir,2050,1,241,241,18457.88365069859
15207,SE_Hydro_Reservoir,2050,1,242,242,18463.43214858398
15208,SE_Hydro_Reservoir,2050,1,243,243,18468.980646469365
15209,SE_Hydro_Reservoir,2050,1,244,244,18511.24516829583
15210,SE_Hydro_Reservoir,2050,1,245,245,18577.22025590378
15211,SE_Hydro_Reservoir,2050,1,246,246,18582.76875378917
15212,SE_Hydro_Reservoir,2050,1,247,247,18588.317251674554
15213,SE_Hydro_Reservoir,2050,1,248,248,18609.251214941265
15214,SE_Hydro_Reservoir,2050,1,249,249,18631.739872481034
15215,SE_Hydro_Reservoir,2050,1,250,250,18678.339896403628
15216,SE_Hydro_Reservoir,2050,1,251,251,18735.22211461052
15217,SE_Hydro_Reservoir,2050,1,252,252,18740.770612495908
15218,SE_Hydro_Reservoir,2050,1,253,253,18746.319110381293
15219,SE_Hydro_Reservoir,2050,1,254,254,18752.970086878548
15220,SE_Hydro_Reservoir,2050,1,255,255,18762.124572926623
15221,SE_Hydro_Reservoir,2050,1,256,256,18780.29289322289
15222,SE_Hydro_Reservoir,2050,1,257,257,18772.3974586518
15223,SE_Hydro_Reservoir,2050,1,258,258,18767.160336836623
15224,SE_Hydro_Reservoir,2050,1,259,259,18752.099430423576
15225,SE_Hydro_Reservoir,2050,1,260,260,18738.906163630934
15226,SE_Hydro_Reservoir,2050,1,261,261,18765.711498256085
15227,SE_Hydro_Reservoir,2050,1,262,262,18783.661587069655
15228,SE_Hydro_Reservoir,2050,1,263,263,18789.210084955044
15229,SE_Hydro_Reservoir,2050,1,264,264,18794.75858284043
15230,SE_Hydro_Reservoir,2050,1,265,265,18796.088560533124
15231,SE_Hydro_Reservoir,2050,1,266,266,18795.315295020107
15232,SE_Hydro_Reservoir,2050,1,267,267,18780.391097204898
15233,SE_Hydro_Reservoir,2050,1,268,268,18789.723557765006
15234,SE_Hydro_Reservoir,2050,1,269,269,18795.272055650392
15235,SE_Hydro_Reservoir,2050,1,270,270,18786.351517306062
15236,SE_Hydro_Reservoir,2050,1,271,271,18768.859069474947
15237,SE_Hydro_Reservoir,2050,1,272,272,18759.910799392146
15238,SE_Hydro_Reservoir,2050,1,273,273,18748.126033995228
15239,SE_Hydro_Reservoir,2050,1,274,274,18771.10813193616
15240,SE_Hydro_Reservoir,2050,1,275,275,18817.382992664916
15241,SE_Hydro_Reservoir,2050,1,276,276,18822.931490550305
15242,SE_Hydro_Reservoir,2050,1,277,277,18828.47998843569
15243,SE_Hydro_Reservoir,2050,1,278,278,18824.69873746125
15244,SE_Hydro_Reservoir,2050,1,279,279,18847.843550562517
15245,SE_Hydro_Reservoir,2050,1,280,280,18863.97584556699
15246,SE_Hydro_Reservoir,2050,1,281,281,18878.17828834598
15247,SE_Hydro_Reservoir,2050,1,282,282,18883.726786231367
15248,SE_Hydro_Reservoir,2050,1,283,283,18889.275284116753
15249,SE_Hydro_Reservoir,2050,1,284,284,18879.165764856873
15250,SE_Hydro_Reservoir,2050,1,285,285,18890.301017231403
15251,SE_Hydro_Reservoir,2050,1,286,286,18907.402043109996
15252,SE_Hydro_Reservoir,2050,1,287,287,18924.2882648604
15253,SE_Hydro_Reservoir,2050,1,288,288,18950.092669035053
15254,SE_Hydro_Reservoir,2050,1,289,289,18977.25677347006
15255,SE_Hydro_Reservoir,2050,1,290,290,18982.805271355446
15256,SE_Hydro_Reservoir,2050,1,291,291,18988.35376924083
15257,SE_Hydro_Reservoir,2050,1,292,292,18993.90226712622
15258,SE_Hydro_Reservoir,2050,1,293,293,18999.450765011607
15259,SE_Hydro_Reservoir,2050,1,294,294,18986.727601049075
15260,SE_Hydro_Reservoir,2050,1,295,295,18970.75651751358
15261,SE_Hydro_Reservoir,2050,1,296,296,18985.307629981708
15262,SE_Hydro_Reservoir,2050,1,297,297,18971.137566290334
15263,SE_Hydro_Reservoir,2050,1,298,298,18997.017380214133
15264,SE_Hydro_Reservoir,2050,1,299,299,18980.80246791294
15265,SE_Hydro_Reservoir,2050,1,300,300,18971.15848938352
15266,SE_Hydro_Reservoir,2050,1,301,301,18970.199217155026
15267,SE_Hydro_Reservoir,2050,1,302,302,18965.26449959586
15268,SE_Hydro_Reservoir,2050,1,303,303,18955.840246339092
15269,SE_Hydro_Reservoir,2050,1,304,304,18925.546849633043
15270,SE_Hydro_Reservoir,2050,1,305,305,18937.28064136991
15271,SE_Hydro_Reservoir,2050,1,306,306,18949.040058051527
15272,SE_Hydro_Reservoir,2050,1,307,307,18951.754568664528
15273,SE_Hydro_Reservoir,2050,1,308,308,18957.303066549914
15274,SE_Hydro_Reservoir,2050,1,309,309,18961.66556207001
15275,SE_Hydro_Reservoir,2050,1,310,310,18946.02807025613
15276,SE_Hydro_Reservoir,2050,1,311,311,18910.57775712908
15277,SE_Hydro_Reservoir,2050,1,312,312,18880.120594662036
15278,SE_Hydro_Reservoir,2050,1,313,313,18815.225500786946
15279,SE_Hydro_Reservoir,2050,1,314,314,18758.324603137567
15280,SE_Hydro_Reservoir,2050,1,315,315,18723.271874599897
15281,SE_Hydro_Reservoir,2050,1,316,316,18702.252804781012
15282,SE_Hydro_Reservoir,2050,1,317,317,18651.35462823002
15283,SE_Hydro_Reservoir,2050,1,318,318,18586.45953435493
15284,SE_Hydro_Reservoir,2050,1,319,319,18547.187647539253
15285,SE_Hydro_Reservoir,2050,1,320,320,18495.7309911763
15286,SE_Hydro_Reservoir,2050,1,321,321,18445.681306472292
15287,SE_Hydro_Reservoir,2050,1,322,322,18386.425988957842
15288,SE_Hydro_Reservoir,2050,1,323,323,18321.530895082753
15289,SE_Hydro_Reservoir,2050,1,324,324,18274.30739773807
15290,SE_Hydro_Reservoir,2050,1,325,325,18228.515587359812
15291,SE_Hydro_Reservoir,2050,1,326,326,18188.674192118728
15292,SE_Hydro_Reservoir,2050,1,327,327,18184.441661969955
15293,SE_Hydro_Reservoir,2050,1,328,328,18128.124836217215
15294,SE_Hydro_Reservoir,2050,1,329,329,18065.454377391874
15295,SE_Hydro_Reservoir,2050,1,330,330,18029.039365334975
15296,SE_Hydro_Reservoir,2050,1,331,331,17964.144271459885
15297,SE_Hydro_Reservoir,2050,1,332,332,17899.249177584796
15298,SE_Hydro_Reservoir,2050,1,333,333,17834.354083709706
15299,SE_Hydro_Reservoir,2050,1,334,334,17769.458989834617
15300,SE_Hydro_Reservoir,2050,1,335,335,17704.563895959527
15301,SE_Hydro_Reservoir,2050,1,336,336,17651.47127476451
15302,SE_Hydro_Reservoir,2050,1,337,337,17592.364781537504
15303,SE_Hydro_Reservoir,2050,1,338,338,17527.46968766241
15304,SE_Hydro_Reservoir,2050,1,339,339,17462.57459378732
15305,SE_Hydro_Reservoir,2050,1,340,340,17397.679499912232
15306,SE_Hydro_Reservoir,2050,1,341,341,17332.78440603714
15307,SE_Hydro_Reservoir,2050,1,342,342,17272.77884904889
15308,SE_Hydro_Reservoir,2050,1,343,343,17207.883755173796
15309,SE_Hydro_Reservoir,2050,1,344,344,17142.988661298707
15310,SE_Hydro_Reservoir,2050,1,345,345,17078.093567423617
15311,SE_Hydro_Reservoir,2050,1,346,346,17015.537829681958
15312,SE_Hydro_Reservoir,2050,1,347,347,16989.970951008832
15313,SE_Hydro_Reservoir,2050,1,348,348,16971.98390621495
15314,SE_Hydro_Reservoir,2050,1,349,349,16956.067814584236
15315,SE_Hydro_Reservoir,2050,1,350,350,16900.702748909363
15316,SE_Hydro_Reservoir,2050,1,351,351,16835.807655034274
15317,SE_Hydro_Reservoir,2050,1,352,352,16770.91256115918
15318,SE_Hydro_Reservoir,2050,1,353,353,16706.01746728409
15319,SE_Hydro_Reservoir,2050,1,354,354,16641.122373409
15320,SE_Hydro_Reservoir,2050,1,355,355,16576.22727953391
15321,SE_Hydro_Reservoir,2050,1,356,356,16511.33218565882
15322,SE_Hydro_Reservoir,2050,1,357,357,16446.437091783726
15323,SE_Hydro_Reservoir,2050,1,358,358,16381.541997908636
15324,SE_Hydro_Reservoir,2050,1,359,359,16316.646904033545
15325,SE_Hydro_Reservoir,2050,1,360,360,16252.49524727549
15326,SE_Hydro_Reservoir,2050,1,361,361,16200.510924503606
15327,SE_Hydro_Reservoir,2050,1,362,362,16150.856477881653
15328,SE_Hydro_Reservoir,2050,1,363,363,16095.453187750183
15329,SE_Hydro_Reservoir,2050,1,364,364,16030.558093875092
15330,SE_Hydro_Reservoir,2050,1,365,365,15965.663
15331,SI_Pump_Hydro_Closed,2050,1,1,1,1.321144083481251
15332,SI_Pump_Hydro_Closed,2050,1,2,2,1.342288166962502
15333,SI_Pump_Hydro_Closed,2050,1,3,3,1.3634322504437528
15334,SI_Pump_Hydro_Closed,2050,1,4,4,1.384576333925004
15335,SI_Pump_Hydro_Closed,2050,1,5,5,1.403310545477049
15336,SI_Pump_Hydro_Closed,2050,1,6,6,1.4169386274920568
15337,SI_Pump_Hydro_Closed,2050,1,7,7,1.4380827109733076
15338,SI_Pump_Hydro_Closed,2050,1,8,8,1.4592267944545587
15339,SI_Pump_Hydro_Closed,2050,1,9,9,1.4803708779358096
15340,SI_Pump_Hydro_Closed,2050,1,10,10,1.5015149614170606
15341,SI_Pump_Hydro_Closed,2050,1,11,11,1.5226590448983115
15342,SI_Pump_Hydro_Closed,2050,1,12,12,1.5438031283795626
15343,SI_Pump_Hydro_Closed,2050,1,13,13,1.5649472118608134
15344,SI_Pump_Hydro_Closed,2050,1,14,14,1.5860912953420643
15345,SI_Pump_Hydro_Closed,2050,1,15,15,1.6072353788233154
15346,SI_Pump_Hydro_Closed,2050,1,16,16,1.6283794623045662
15347,SI_Pump_Hydro_Closed,2050,1,17,17,1.6495235457858173
15348,SI_Pump_Hydro_Closed,2050,1,18,18,1.66047585100269
15349,SI_Pump_Hydro_Closed,2050,1,19,19,1.66047585100269
15350,SI_Pump_Hydro_Closed,2050,1,20,20,1.6666759116867371
15351,SI_Pump_Hydro_Closed,2050,1,21,21,1.6728957808930185
15352,SI_Pump_Hydro_Closed,2050,1,22,22,1.6728957808930185
15353,SI_Pump_Hydro_Closed,2050,1,23,23,1.6790068022818614
15354,SI_Pump_Hydro_Closed,2050,1,24,24,1.6984367718223428
15355,SI_Pump_Hydro_Closed,2050,1,25,25,1.7067219349441851
15356,SI_Pump_Hydro_Closed,2050,1,26,26,1.7250283104751563
15357,SI_Pump_Hydro_Closed,2050,1,27,27,1.7392454360039875
15358,SI_Pump_Hydro_Closed,2050,1,28,28,1.7603895194852384
15359,SI_Pump_Hydro_Closed,2050,1,29,29,1.7815336029664894
15360,SI_Pump_Hydro_Closed,2050,1,30,30,1.8026776864477403
15361,SI_Pump_Hydro_Closed,2050,1,31,31,1.816964954309053
15362,SI_Pump_Hydro_Closed,2050,1,32,32,1.8378454653312162
15363,SI_Pump_Hydro_Closed,2050,1,33,33,1.8508804382352726
15364,SI_Pump_Hydro_Closed,2050,1,34,34,1.855757826067196
15365,SI_Pump_Hydro_Closed,2050,1,35,35,1.857002600912077
15366,SI_Pump_Hydro_Closed,2050,1,36,36,1.8626163514755052
15367,SI_Pump_Hydro_Closed,2050,1,37,37,1.883760434956756
15368,SI_Pump_Hydro_Closed,2050,1,38,38,1.9049045184380071
15369,SI_Pump_Hydro_Closed,2050,1,39,39,1.9260486019192582
15370,SI_Pump_Hydro_Closed,2050,1,40,40,1.943904004130122
15371,SI_Pump_Hydro_Closed,2050,1,41,41,1.9560033011933866
15372,SI_Pump_Hydro_Closed,2050,1,42,42,1.9604006389092872
15373,SI_Pump_Hydro_Closed,2050,1,43,43,1.9672838279219897
15374,SI_Pump_Hydro_Closed,2050,1,44,44,1.9762483083708642
15375,SI_Pump_Hydro_Closed,2050,1,45,45,1.9824434628397345
15376,SI_Pump_Hydro_Closed,2050,1,46,46,1.9963046312823933
15377,SI_Pump_Hydro_Closed,2050,1,47,47,2.0108497540924604
15378,SI_Pump_Hydro_Closed,2050,1,48,48,2.0288727185641644
15379,SI_Pump_Hydro_Closed,2050,1,49,49,2.0473879036349394
15380,SI_Pump_Hydro_Closed,2050,1,50,50,2.0685319871161902
15381,SI_Pump_Hydro_Closed,2050,1,51,51,2.0840342646651617
15382,SI_Pump_Hydro_Closed,2050,1,52,52,2.09982521264095
15383,SI_Pump_Hydro_Closed,2050,1,53,53,2.116702531628132
15384,SI_Pump_Hydro_Closed,2050,1,54,54,2.1378466151093827
15385,SI_Pump_Hydro_Closed,2050,1,55,55,2.156813881977253
15386,SI_Pump_Hydro_Closed,2050,1,56,56,2.163699206773255
15387,SI_Pump_Hydro_Closed,2050,1,57,57,2.1738503086175385
15388,SI_Pump_Hydro_Closed,2050,1,58,58,2.180956673231106
15389,SI_Pump_Hydro_Closed,2050,1,59,59,2.192070160650522
15390,SI_Pump_Hydro_Closed,2050,1,60,60,2.213214244131773
15391,SI_Pump_Hydro_Closed,2050,1,61,61,2.2343583276130237
15392,SI_Pump_Hydro_Closed,2050,1,62,62,2.254768866077113
15393,SI_Pump_Hydro_Closed,2050,1,63,63,2.2678336173451457
15394,SI_Pump_Hydro_Closed,2050,1,64,64,2.2765740790163194
15395,SI_Pump_Hydro_Closed,2050,1,65,65,2.296369779638108
15396,SI_Pump_Hydro_Closed,2050,1,66,66,2.317513863119359
15397,SI_Pump_Hydro_Closed,2050,1,67,67,2.3361549924945804
15398,SI_Pump_Hydro_Closed,2050,1,68,68,2.3463226750170967
15399,SI_Pump_Hydro_Closed,2050,1,69,69,2.3438182099766327
15400,SI_Pump_Hydro_Closed,2050,1,70,70,2.3489862748582326
15401,SI_Pump_Hydro_Closed,2050,1,71,71,2.3622591350245097
15402,SI_Pump_Hydro_Closed,2050,1,72,72,2.369757019672337
15403,SI_Pump_Hydro_Closed,2050,1,73,73,2.3807338139966956
15404,SI_Pump_Hydro_Closed,2050,1,74,74,2.3963213045224636
15405,SI_Pump_Hydro_Closed,2050,1,75,75,2.402668765036722
15406,SI_Pump_Hydro_Closed,2050,1,76,76,2.395324655334628
15407,SI_Pump_Hydro_Closed,2050,1,77,77,2.3986194693278056
15408,SI_Pump_Hydro_Closed,2050,1,78,78,2.401684242554503
15409,SI_Pump_Hydro_Closed,2050,1,79,79,2.4051373347114393
15410,SI_Pump_Hydro_Closed,2050,1,80,80,2.4208233621141746
15411,SI_Pump_Hydro_Closed,2050,1,81,81,2.43152855104723
15412,SI_Pump_Hydro_Closed,2050,1,82,82,2.4359181955522757
15413,SI_Pump_Hydro_Closed,2050,1,83,83,2.439302022343507
15414,SI_Pump_Hydro_Closed,2050,1,84,84,2.446201008384322
15415,SI_Pump_Hydro_Closed,2050,1,85,85,2.4660246055430783
15416,SI_Pump_Hydro_Closed,2050,1,86,86,2.479529462236069
15417,SI_Pump_Hydro_Closed,2050,1,87,87,2.4935165192578825
15418,SI_Pump_Hydro_Closed,2050,1,88,88,2.5146606027391334
15419,SI_Pump_Hydro_Closed,2050,1,89,89,2.5358046862203842
15420,SI_Pump_Hydro_Closed,2050,1,90,90,2.556948769701635
15421,SI_Pump_Hydro_Closed,2050,1,91,91,2.5775419653840688
15422,SI_Pump_Hydro_Closed,2050,1,92,92,2.5874083914620996
15423,SI_Pump_Hydro_Closed,2050,1,93,93,2.5908596118503078
15424,SI_Pump_Hydro_Closed,2050,1,94,94,2.594939962679246
15425,SI_Pump_Hydro_Closed,2050,1,95,95,2.597028353376569
15426,SI_Pump_Hydro_Closed,2050,1,96,96,2.6
15427,SI_Pump_Hydro_Closed,2050,1,97,97,2.59113149593206
15428,SI_Pump_Hydro_Closed,2050,1,98,98,2.579526568037359
15429,SI_Pump_Hydro_Closed,2050,1,99,99,2.5643502778242615
15430,SI_Pump_Hydro_Closed,2050,1,100,100,2.5532722772731082
15431,SI_Pump_Hydro_Closed,2050,1,101,101,2.5607845253283688
15432,SI_Pump_Hydro_Closed,2050,1,102,102,2.5610593616721227
15433,SI_Pump_Hydro_Closed,2050,1,103,103,2.553160817807262
15434,SI_Pump_Hydro_Closed,2050,1,104,104,2.5489419676341116
15435,SI_Pump_Hydro_Closed,2050,1,105,105,2.535666303134245
15436,SI_Pump_Hydro_Closed,2050,1,106,106,2.520600317647518
15437,SI_Pump_Hydro_Closed,2050,1,107,107,2.5151923642402183
15438,SI_Pump_Hydro_Closed,2050,1,108,108,2.518562154696874
15439,SI_Pump_Hydro_Closed,2050,1,109,109,2.5040038766084827
15440,SI_Pump_Hydro_Closed,2050,1,110,110,2.4891614717481367
15441,SI_Pump_Hydro_Closed,2050,1,111,111,2.47237198241418
15442,SI_Pump_Hydro_Closed,2050,1,112,112,2.4549480283348437
15443,SI_Pump_Hydro_Closed,2050,1,113,113,2.4257994964660994
15444,SI_Pump_Hydro_Closed,2050,1,114,114,2.4046019207577225
15445,SI_Pump_Hydro_Closed,2050,1,115,115,2.3999551437007764
15446,SI_Pump_Hydro_Closed,2050,1,116,116,2.3971720700976658
15447,SI_Pump_Hydro_Closed,2050,1,117,117,2.3968492949912297
15448,SI_Pump_Hydro_Closed,2050,1,118,118,2.3917864572630414
15449,SI_Pump_Hydro_Closed,2050,1,119,119,2.3736729965047334
15450,SI_Pump_Hydro_Closed,2050,1,120,120,2.344524464635989
15451,SI_Pump_Hydro_Closed,2050,1,121,121,2.3153759327672447
15452,SI_Pump_Hydro_Closed,2050,1,122,122,2.2862274008985004
15453,SI_Pump_Hydro_Closed,2050,1,123,123,2.26518770696401
15454,SI_Pump_Hydro_Closed,2050,1,124,124,2.2360391750952657
15455,SI_Pump_Hydro_Closed,2050,1,125,125,2.2068906432265214
15456,SI_Pump_Hydro_Closed,2050,1,126,126,2.181179654320921
15457,SI_Pump_Hydro_Closed,2050,1,127,127,2.152031122452177
15458,SI_Pump_Hydro_Closed,2050,1,128,128,2.1228825905834325
15459,SI_Pump_Hydro_Closed,2050,1,129,129,2.093734058714688
15460,SI_Pump_Hydro_Closed,2050,1,130,130,2.064585526845944
15461,SI_Pump_Hydro_Closed,2050,1,131,131,2.0354369949771995
15462,SI_Pump_Hydro_Closed,2050,1,132,132,2.006288463108455
15463,SI_Pump_Hydro_Closed,2050,1,133,133,1.977139931239711
15464,SI_Pump_Hydro_Closed,2050,1,134,134,1.9575920492479875
15465,SI_Pump_Hydro_Closed,2050,1,135,135,1.939883323553822
15466,SI_Pump_Hydro_Closed,2050,1,136,136,1.9148841651761337
15467,SI_Pump_Hydro_Closed,2050,1,137,137,1.8857356333073896
15468,SI_Pump_Hydro_Closed,2050,1,138,138,1.8565871014386455
15469,SI_Pump_Hydro_Closed,2050,1,139,139,1.8274385695699014
15470,SI_Pump_Hydro_Closed,2050,1,140,140,1.8150201992283004
15471,SI_Pump_Hydro_Closed,2050,1,141,141,1.8058591412532272
15472,SI_Pump_Hydro_Closed,2050,1,142,142,1.782503513086832
15473,SI_Pump_Hydro_Closed,2050,1,143,143,1.7570500283840804
15474,SI_Pump_Hydro_Closed,2050,1,144,144,1.7442822235784519
15475,SI_Pump_Hydro_Closed,2050,1,145,145,1.7359677182413547
15476,SI_Pump_Hydro_Closed,2050,1,146,146,1.7157896658120582
15477,SI_Pump_Hydro_Closed,2050,1,147,147,1.690847081148055
15478,SI_Pump_Hydro_Closed,2050,1,148,148,1.6616985492793108
15479,SI_Pump_Hydro_Closed,2050,1,149,149,1.6370449015608926
15480,SI_Pump_Hydro_Closed,2050,1,150,150,1.6078963696921484
15481,SI_Pump_Hydro_Closed,2050,1,151,151,1.579543848898274
15482,SI_Pump_Hydro_Closed,2050,1,152,152,1.55039531702953
15483,SI_Pump_Hydro_Closed,2050,1,153,153,1.5212467851607858
15484,SI_Pump_Hydro_Closed,2050,1,154,154,1.4920982532920417
15485,SI_Pump_Hydro_Closed,2050,1,155,155,1.4629497214232976
15486,SI_Pump_Hydro_Closed,2050,1,156,156,1.4389268435743177
15487,SI_Pump_Hydro_Closed,2050,1,157,157,1.4097783117055736
15488,SI_Pump_Hydro_Closed,2050,1,158,158,1.3806297798368294
15489,SI_Pump_Hydro_Closed,2050,1,159,159,1.3514812479680853
15490,SI_Pump_Hydro_Closed,2050,1,160,160,1.3301030664121494
15491,SI_Pump_Hydro_Closed,2050,1,161,161,1.3009545345434053
15492,SI_Pump_Hydro_Closed,2050,1,162,162,1.2801866834053601
15493,SI_Pump_Hydro_Closed,2050,1,163,163,1.2710268840430248
15494,SI_Pump_Hydro_Closed,2050,1,164,164,1.2639458386739204
15495,SI_Pump_Hydro_Closed,2050,1,165,165,1.2347973068051763
15496,SI_Pump_Hydro_Closed,2050,1,166,166,1.209327459735205
15497,SI_Pump_Hydro_Closed,2050,1,167,167,1.1986321602499799
15498,SI_Pump_Hydro_Closed,2050,1,168,168,1.1788160418492581
15499,SI_Pump_Hydro_Closed,2050,1,169,169,1.152720552272535
15500,SI_Pump_Hydro_Closed,2050,1,170,170,1.135193627075927
15501,SI_Pump_Hydro_Closed,2050,1,171,171,1.135193627075927
15502,SI_Pump_Hydro_Closed,2050,1,172,172,1.135193627075927
15503,SI_Pump_Hydro_Closed,2050,1,173,173,1.1335775733303206
15504,SI_Pump_Hydro_Closed,2050,1,174,174,1.1146760367383195
15505,SI_Pump_Hydro_Closed,2050,1,175,175,1.0855275048695754
15506,SI_Pump_Hydro_Closed,2050,1,176,176,1.062166516167822
15507,SI_Pump_Hydro_Closed,2050,1,177,177,1.05778311286256
15508,SI_Pump_Hydro_Closed,2050,1,178,178,1.05778311286256
15509,SI_Pump_Hydro_Closed,2050,1,179,179,1.05778311286256
15510,SI_Pump_Hydro_Closed,2050,1,180,180,1.052877129904308
15511,SI_Pump_Hydro_Closed,2050,1,181,181,1.049510091863264
15512,SI_Pump_Hydro_Closed,2050,1,182,182,1.040798733093549
15513,SI_Pump_Hydro_Closed,2050,1,183,183,1.0285409276097197
15514,SI_Pump_Hydro_Closed,2050,1,184,184,1.018800622034318
15515,SI_Pump_Hydro_Closed,2050,1,185,185,1.0135204080462155
15516,SI_Pump_Hydro_Closed,2050,1,186,186,1.0135204080462155
15517,SI_Pump_Hydro_Closed,2050,1,187,187,0.9843718761774713
15518,SI_Pump_Hydro_Closed,2050,1,188,188,0.9552233443087272
15519,SI_Pump_Hydro_Closed,2050,1,189,189,0.9383105092697174
15520,SI_Pump_Hydro_Closed,2050,1,190,190,0.9154332184513151
15521,SI_Pump_Hydro_Closed,2050,1,191,191,0.886284686582571
15522,SI_Pump_Hydro_Closed,2050,1,192,192,0.8775460743345905
15523,SI_Pump_Hydro_Closed,2050,1,193,193,0.8772357842153538
15524,SI_Pump_Hydro_Closed,2050,1,194,194,0.8772357842153538
15525,SI_Pump_Hydro_Closed,2050,1,195,195,0.8772357842153538
15526,SI_Pump_Hydro_Closed,2050,1,196,196,0.8723565529826683
15527,SI_Pump_Hydro_Closed,2050,1,197,197,0.8657690288105855
15528,SI_Pump_Hydro_Closed,2050,1,198,198,0.8539947559469636
15529,SI_Pump_Hydro_Closed,2050,1,199,199,0.8287235808120887
15530,SI_Pump_Hydro_Closed,2050,1,200,200,0.8179575595947295
15531,SI_Pump_Hydro_Closed,2050,1,201,201,0.8086606444514808
15532,SI_Pump_Hydro_Closed,2050,1,202,202,0.7877513208383761
15533,SI_Pump_Hydro_Closed,2050,1,203,203,0.76818379849277
15534,SI_Pump_Hydro_Closed,2050,1,204,204,0.7514797453047116
15535,SI_Pump_Hydro_Closed,2050,1,205,205,0.7458715304688968
15536,SI_Pump_Hydro_Closed,2050,1,206,206,0.7259127521625821
15537,SI_Pump_Hydro_Closed,2050,1,207,207,0.7070395149176032
15538,SI_Pump_Hydro_Closed,2050,1,208,208,0.7064141793771441
15539,SI_Pump_Hydro_Closed,2050,1,209,209,0.7002955678967215
15540,SI_Pump_Hydro_Closed,2050,1,210,210,0.6789874312994846
15541,SI_Pump_Hydro_Closed,2050,1,211,211,0.6595429886972487
15542,SI_Pump_Hydro_Closed,2050,1,212,212,0.6427045658612499
15543,SI_Pump_Hydro_Closed,2050,1,213,213,0.6392002611132341
15544,SI_Pump_Hydro_Closed,2050,1,214,214,0.6392002611132341
15545,SI_Pump_Hydro_Closed,2050,1,215,215,0.6386117889476627
15546,SI_Pump_Hydro_Closed,2050,1,216,216,0.6333859501986487
15547,SI_Pump_Hydro_Closed,2050,1,217,217,0.626972853525113
15548,SI_Pump_Hydro_Closed,2050,1,218,218,0.626972853525113
15549,SI_Pump_Hydro_Closed,2050,1,219,219,0.626972853525113
15550,SI_Pump_Hydro_Closed,2050,1,220,220,0.626972853525113
15551,SI_Pump_Hydro_Closed,2050,1,221,221,0.626972853525113
15552,SI_Pump_Hydro_Closed,2050,1,222,222,0.626972853525113
15553,SI_Pump_Hydro_Closed,2050,1,223,223,0.626972853525113
15554,SI_Pump_Hydro_Closed,2050,1,224,224,0.626972853525113
15555,SI_Pump_Hydro_Closed,2050,1,225,225,0.6186768861427316
15556,SI_Pump_Hydro_Closed,2050,1,226,226,0.6092344627000128
15557,SI_Pump_Hydro_Closed,2050,1,227,227,0.6005110212286732
15558,SI_Pump_Hydro_Closed,2050,1,228,228,0.5834713854408439
15559,SI_Pump_Hydro_Closed,2050,1,229,229,0.557658576149545
15560,SI_Pump_Hydro_Closed,2050,1,230,230,0.5344647701053934
15561,SI_Pump_Hydro_Closed,2050,1,231,231,0.5299449504813711
15562,SI_Pump_Hydro_Closed,2050,1,232,232,0.5299449504813711
15563,SI_Pump_Hydro_Closed,2050,1,233,233,0.5299449504813711
15564,SI_Pump_Hydro_Closed,2050,1,234,234,0.5288634152268928
15565,SI_Pump_Hydro_Closed,2050,1,235,235,0.5247090496727451
15566,SI_Pump_Hydro_Closed,2050,1,236,236,0.509534643775645
15567,SI_Pump_Hydro_Closed,2050,1,237,237,0.49792799619476313
15568,SI_Pump_Hydro_Closed,2050,1,238,238,0.4848102493796217
15569,SI_Pump_Hydro_Closed,2050,1,239,239,0.4730589590875219
15570,SI_Pump_Hydro_Closed,2050,1,240,240,0.45662161985820804
15571,SI_Pump_Hydro_Closed,2050,1,241,241,0.4378862843883871
15572,SI_Pump_Hydro_Closed,2050,1,242,242,0.4378862843883871
15573,SI_Pump_Hydro_Closed,2050,1,243,243,0.4378862843883871
15574,SI_Pump_Hydro_Closed,2050,1,244,244,0.42349558160583123
15575,SI_Pump_Hydro_Closed,2050,1,245,245,0.4002918028973296
15576,SI_Pump_Hydro_Closed,2050,1,246,246,0.4002918028973296
15577,SI_Pump_Hydro_Closed,2050,1,247,247,0.4002918028973296
15578,SI_Pump_Hydro_Closed,2050,1,248,248,0.3925203333233593
15579,SI_Pump_Hydro_Closed,2050,1,249,249,0.3845223550908105
15580,SI_Pump_Hydro_Closed,2050,1,250,250,0.36800951511813457
15581,SI_Pump_Hydro_Closed,2050,1,251,251,0.348433153296473
15582,SI_Pump_Hydro_Closed,2050,1,252,252,0.348433153296473
15583,SI_Pump_Hydro_Closed,2050,1,253,253,0.348433153296473
15584,SI_Pump_Hydro_Closed,2050,1,254,254,0.34703047464355674
15585,SI_Pump_Hydro_Closed,2050,1,255,255,0.34310036848134
15586,SI_Pump_Hydro_Closed,2050,1,256,256,0.33675652776112003
15587,SI_Pump_Hydro_Closed,2050,1,257,257,0.338383277306567
15588,SI_Pump_Hydro_Closed,2050,1,258,258,0.33915667097051866
15589,SI_Pump_Hydro_Closed,2050,1,259,259,0.3453427122284187
15590,SI_Pump_Hydro_Closed,2050,1,260,260,0.3491265861730155
15591,SI_Pump_Hydro_Closed,2050,1,261,261,0.3388713962735226
15592,SI_Pump_Hydro_Closed,2050,1,262,262,0.33329645538191377
15593,SI_Pump_Hydro_Closed,2050,1,263,263,0.33329645538191377
15594,SI_Pump_Hydro_Closed,2050,1,264,264,0.33329645538191377
15595,SI_Pump_Hydro_Closed,2050,1,265,265,0.3342394279201145
15596,SI_Pump_Hydro_Closed,2050,1,266,266,0.33613694463815824
15597,SI_Pump_Hydro_Closed,2050,1,267,267,0.3422819519576529
15598,SI_Pump_Hydro_Closed,2050,1,268,268,0.34083891954199996
15599,SI_Pump_Hydro_Closed,2050,1,269,269,0.34083891954199996
15600,SI_Pump_Hydro_Closed,2050,1,270,270,0.3451818910215718
15601,SI_Pump_Hydro_Closed,2050,1,271,271,0.3520977746036185
15602,SI_Pump_Hydro_Closed,2050,1,272,272,0.3564490699374779
15603,SI_Pump_Hydro_Closed,2050,1,273,273,0.36115793063470636
15604,SI_Pump_Hydro_Closed,2050,1,274,274,0.35221186061404786
15605,SI_Pump_Hydro_Closed,2050,1,275,275,0.33529008275287475
15606,SI_Pump_Hydro_Closed,2050,1,276,276,0.33529008275287475
15607,SI_Pump_Hydro_Closed,2050,1,277,277,0.33529008275287475
15608,SI_Pump_Hydro_Closed,2050,1,278,278,0.3380904650704319
15609,SI_Pump_Hydro_Closed,2050,1,279,279,0.32912427622679363
15610,SI_Pump_Hydro_Closed,2050,1,280,280,0.3229324374392162
15611,SI_Pump_Hydro_Closed,2050,1,281,281,0.3196322138169887
15612,SI_Pump_Hydro_Closed,2050,1,282,282,0.3196322138169887
15613,SI_Pump_Hydro_Closed,2050,1,283,283,0.3196322138169887
15614,SI_Pump_Hydro_Closed,2050,1,284,284,0.32433206533500997
15615,SI_Pump_Hydro_Closed,2050,1,285,285,0.3222015295662538
15616,SI_Pump_Hydro_Closed,2050,1,286,286,0.3172247750264144
15617,SI_Pump_Hydro_Closed,2050,1,287,287,0.3122618997344023
15618,SI_Pump_Hydro_Closed,2050,1,288,288,0.3028707417339377
15619,SI_Pump_Hydro_Closed,2050,1,289,289,0.29337753233450253
15620,SI_Pump_Hydro_Closed,2050,1,290,290,0.29337753233450253
15621,SI_Pump_Hydro_Closed,2050,1,291,291,0.29337753233450253
15622,SI_Pump_Hydro_Closed,2050,1,292,292,0.29337753233450253
15623,SI_Pump_Hydro_Closed,2050,1,293,293,0.29337753233450253
15624,SI_Pump_Hydro_Closed,2050,1,294,294,0.29886188561346627
15625,SI_Pump_Hydro_Closed,2050,1,295,295,0.3032538295392177
15626,SI_Pump_Hydro_Closed,2050,1,296,296,0.2971946251751214
15627,SI_Pump_Hydro_Closed,2050,1,297,297,0.3030255220597807
15628,SI_Pump_Hydro_Closed,2050,1,298,298,0.29338505572633367
15629,SI_Pump_Hydro_Closed,2050,1,299,299,0.299511582440452
15630,SI_Pump_Hydro_Closed,2050,1,300,300,0.3036494430032362
15631,SI_Pump_Hydro_Closed,2050,1,301,301,0.30449970333258397
15632,SI_Pump_Hydro_Closed,2050,1,302,302,0.3076463058406614
15633,SI_Pump_Hydro_Closed,2050,1,303,303,0.3121404704932849
15634,SI_Pump_Hydro_Closed,2050,1,304,304,0.32234276809586504
15635,SI_Pump_Hydro_Closed,2050,1,305,305,0.3176983273475112
15636,SI_Pump_Hydro_Closed,2050,1,306,306,0.3135025526290752
15637,SI_Pump_Hydro_Closed,2050,1,307,307,0.3143531915867808
15638,SI_Pump_Hydro_Closed,2050,1,308,308,0.3143531915867808
15639,SI_Pump_Hydro_Closed,2050,1,309,309,0.31470917759478945
15640,SI_Pump_Hydro_Closed,2050,1,310,310,0.3210682845573845
15641,SI_Pump_Hydro_Closed,2050,1,311,311,0.33263803713587814
15642,SI_Pump_Hydro_Closed,2050,1,312,312,0.341990179830881
15643,SI_Pump_Hydro_Closed,2050,1,313,313,0.36313426331213194
15644,SI_Pump_Hydro_Closed,2050,1,314,314,0.3815410427605035
15645,SI_Pump_Hydro_Closed,2050,1,315,315,0.3924667597315557
15646,SI_Pump_Hydro_Closed,2050,1,316,316,0.39884087299192017
15647,SI_Pump_Hydro_Closed,2050,1,317,317,0.4151922522215674
15648,SI_Pump_Hydro_Closed,2050,1,318,318,0.4363363357028184
15649,SI_Pump_Hydro_Closed,2050,1,319,319,0.44978945375226964
15650,SI_Pump_Hydro_Closed,2050,1,320,320,0.46689990638771767
15651,SI_Pump_Hydro_Closed,2050,1,321,321,0.48321002775520133
15652,SI_Pump_Hydro_Closed,2050,1,322,322,0.5024229874385568
15653,SI_Pump_Hydro_Closed,2050,1,323,323,0.5235670709198078
15654,SI_Pump_Hydro_Closed,2050,1,324,324,0.5394069144702439
15655,SI_Pump_Hydro_Closed,2050,1,325,325,0.5548170282471044
15656,SI_Pump_Hydro_Closed,2050,1,326,326,0.5684410878029319
15657,SI_Pump_Hydro_Closed,2050,1,327,327,0.5713769243796635
15658,SI_Pump_Hydro_Closed,2050,1,328,328,0.5895837109440702
15659,SI_Pump_Hydro_Closed,2050,1,329,329,0.6100600563382688
15660,SI_Pump_Hydro_Closed,2050,1,330,330,0.6226556656082065
15661,SI_Pump_Hydro_Closed,2050,1,331,331,0.6437997490894575
15662,SI_Pump_Hydro_Closed,2050,1,332,332,0.6649438325707084
15663,SI_Pump_Hydro_Closed,2050,1,333,333,0.6860879160519594
15664,SI_Pump_Hydro_Closed,2050,1,334,334,0.7072319995332104
15665,SI_Pump_Hydro_Closed,2050,1,335,335,0.7283760830144613
15666,SI_Pump_Hydro_Closed,2050,1,336,336,0.7456970592894665
15667,SI_Pump_Hydro_Closed,2050,1,337,337,0.7651036581779543
15668,SI_Pump_Hydro_Closed,2050,1,338,338,0.7862477416592053
15669,SI_Pump_Hydro_Closed,2050,1,339,339,0.8073918251404562
15670,SI_Pump_Hydro_Closed,2050,1,340,340,0.8285359086217072
15671,SI_Pump_Hydro_Closed,2050,1,341,341,0.8496799921029581
15672,SI_Pump_Hydro_Closed,2050,1,342,342,0.8693564505875798
15673,SI_Pump_Hydro_Closed,2050,1,343,343,0.8905005340688308
15674,SI_Pump_Hydro_Closed,2050,1,344,344,0.9116446175500817
15675,SI_Pump_Hydro_Closed,2050,1,345,345,0.9327887010313327
15676,SI_Pump_Hydro_Closed,2050,1,346,346,0.953230612176655
15677,SI_Pump_Hydro_Closed,2050,1,347,347,0.9625700865427654
15678,SI_Pump_Hydro_Closed,2050,1,348,348,0.9696344264883923
15679,SI_Pump_Hydro_Closed,2050,1,349,349,0.9760771569238655
15680,SI_Pump_Hydro_Closed,2050,1,350,350,0.9943607429942336
15681,SI_Pump_Hydro_Closed,2050,1,351,351,1.0155048264754845
15682,SI_Pump_Hydro_Closed,2050,1,352,352,1.0366489099567355
15683,SI_Pump_Hydro_Closed,2050,1,353,353,1.0577929934379864
15684,SI_Pump_Hydro_Closed,2050,1,354,354,1.0789370769192375
15685,SI_Pump_Hydro_Closed,2050,1,355,355,1.1000811604004883
15686,SI_Pump_Hydro_Closed,2050,1,356,356,1.1212252438817392
15687,SI_Pump_Hydro_Closed,2050,1,357,357,1.1423693273629902
15688,SI_Pump_Hydro_Closed,2050,1,358,358,1.1635134108442413
15689,SI_Pump_Hydro_Closed,2050,1,359,359,1.1846574943254922
15690,SI_Pump_Hydro_Closed,2050,1,360,360,1.205578430518639
15691,SI_Pump_Hydro_Closed,2050,1,361,361,1.222847265518215
15692,SI_Pump_Hydro_Closed,2050,1,362,362,1.2394167736580444
15693,SI_Pump_Hydro_Closed,2050,1,363,363,1.2577118330374981
15694,SI_Pump_Hydro_Closed,2050,1,364,364,1.2788559165187492
15695,SI_Pump_Hydro_Closed,2050,1,365,365,1.3
15696,SK_Hydro_Reservoir,2050,1,1,1,10.353594349009214
15697,SK_Hydro_Reservoir,2050,1,2,2,10.362188698018425
15698,SK_Hydro_Reservoir,2050,1,3,3,10.370783047027638
15699,SK_Hydro_Reservoir,2050,1,4,4,10.379377396036851
15700,SK_Hydro_Reservoir,2050,1,5,5,10.382132652886886
15701,SK_Hydro_Reservoir,2050,1,6,6,10.372515816190324
15702,SK_Hydro_Reservoir,2050,1,7,7,10.381110165199537
15703,SK_Hydro_Reservoir,2050,1,8,8,10.38970451420875
15704,SK_Hydro_Reservoir,2050,1,9,9,10.398298863217963
15705,SK_Hydro_Reservoir,2050,1,10,10,10.406893212227176
15706,SK_Hydro_Reservoir,2050,1,11,11,10.41548756123639
15707,SK_Hydro_Reservoir,2050,1,12,12,10.424081910245603
15708,SK_Hydro_Reservoir,2050,1,13,13,10.432676259254816
15709,SK_Hydro_Reservoir,2050,1,14,14,10.441270608264029
15710,SK_Hydro_Reservoir,2050,1,15,15,10.449864957273242
15711,SK_Hydro_Reservoir,2050,1,16,16,10.458459306282455
15712,SK_Hydro_Reservoir,2050,1,17,17,10.467053655291668
15713,SK_Hydro_Reservoir,2050,1,18,18,10.45095344197564
15714,SK_Hydro_Reservoir,2050,1,19,19,10.408315918215148
15715,SK_Hydro_Reservoir,2050,1,20,20,10.3807010706757
15716,SK_Hydro_Reservoir,2050,1,21,21,10.353134218959374
15717,SK_Hydro_Reservoir,2050,1,22,22,10.310496695198882
15718,SK_Hydro_Reservoir,2050,1,23,23,10.282666106464148
15719,SK_Hydro_Reservoir,2050,1,24,24,10.287107176973295
15720,SK_Hydro_Reservoir,2050,1,25,25,10.264544508824816
15721,SK_Hydro_Reservoir,2050,1,26,26,10.266263123882487
15722,SK_Hydro_Reservoir,2050,1,27,27,10.258073532891927
15723,SK_Hydro_Reservoir,2050,1,28,28,10.26666788190114
15724,SK_Hydro_Reservoir,2050,1,29,29,10.275262230910354
15725,SK_Hydro_Reservoir,2050,1,30,30,10.283856579919567
15726,SK_Hydro_Reservoir,2050,1,31,31,10.275836942999451
15727,SK_Hydro_Reservoir,2050,1,32,32,10.283792658950789
15728,SK_Hydro_Reservoir,2050,1,33,33,10.272738725652816
15729,SK_Hydro_Reservoir,2050,1,34,34,10.241919056900095
15730,SK_Hydro_Reservoir,2050,1,35,35,10.202297608371069
15731,SK_Hydro_Reservoir,2050,1,36,36,10.173262138106129
15732,SK_Hydro_Reservoir,2050,1,37,37,10.181856487115342
15733,SK_Hydro_Reservoir,2050,1,38,38,10.190450836124555
15734,SK_Hydro_Reservoir,2050,1,39,39,10.199045185133768
15735,SK_Hydro_Reservoir,2050,1,40,40,10.199671096987782
15736,SK_Hydro_Reservoir,2050,1,41,41,10.186350031814756
15737,SK_Hydro_Reservoir,2050,1,42,42,10.154367207113989
15738,SK_Hydro_Reservoir,2050,1,43,43,10.128407571712257
15739,SK_Hydro_Reservoir,2050,1,44,44,10.10749088168809
15740,SK_Hydro_Reservoir,2050,1,45,45,10.079864146445306
15741,SK_Hydro_Reservoir,2050,1,46,46,10.0938215183607
15742,SK_Hydro_Reservoir,2050,1,47,47,10.107275237148224
15743,SK_Hydro_Reservoir,2050,1,48,48,10.11618816742333
15744,SK_Hydro_Reservoir,2050,1,49,49,10.12671839544784
15745,SK_Hydro_Reservoir,2050,1,50,50,10.135312744457053
15746,SK_Hydro_Reservoir,2050,1,51,51,10.148061629704394
15747,SK_Hydro_Reservoir,2050,1,52,52,10.143685392526788
15748,SK_Hydro_Reservoir,2050,1,53,53,10.147890469284087
15749,SK_Hydro_Reservoir,2050,1,54,54,10.1564848182933
15750,SK_Hydro_Reservoir,2050,1,55,55,10.159804765511648
15751,SK_Hydro_Reservoir,2050,1,56,56,10.133850305088455
15752,SK_Hydro_Reservoir,2050,1,57,57,10.115808785151907
15753,SK_Hydro_Reservoir,2050,1,58,58,10.090389901681984
15754,SK_Hydro_Reservoir,2050,1,59,59,10.074680231001722
15755,SK_Hydro_Reservoir,2050,1,60,60,10.083274580010935
15756,SK_Hydro_Reservoir,2050,1,61,61,10.091868929020148
15757,SK_Hydro_Reservoir,2050,1,62,62,10.101003448923693
15758,SK_Hydro_Reservoir,2050,1,63,63,10.09002166826151
15759,SK_Hydro_Reservoir,2050,1,64,64,10.068562183297693
15760,SK_Hydro_Reservoir,2050,1,65,65,10.073889416039508
15761,SK_Hydro_Reservoir,2050,1,66,66,10.082483765048721
15762,SK_Hydro_Reservoir,2050,1,67,67,10.092921249688738
15763,SK_Hydro_Reservoir,2050,1,68,68,10.074919904546165
15764,SK_Hydro_Reservoir,2050,1,69,69,10.100928668902506
15765,SK_Hydro_Reservoir,2050,1,70,70,10.085334224039986
15766,SK_Hydro_Reservoir,2050,1,71,71,10.074856688861253
15767,SK_Hydro_Reservoir,2050,1,72,72,10.093499881848205
15768,SK_Hydro_Reservoir,2050,1,73,73,10.102089947908613
15769,SK_Hydro_Reservoir,2050,1,74,74,10.106365234409123
15770,SK_Hydro_Reservoir,2050,1,75,75,10.125855581447366
15771,SK_Hydro_Reservoir,2050,1,76,76,10.155428183228771
15772,SK_Hydro_Reservoir,2050,1,77,77,10.12077395614075
15773,SK_Hydro_Reservoir,2050,1,78,78,10.085562342903048
15774,SK_Hydro_Reservoir,2050,1,79,79,10.051291621997978
15775,SK_Hydro_Reservoir,2050,1,80,80,10.046661163470256
15776,SK_Hydro_Reservoir,2050,1,81,81,10.029962190221083
15777,SK_Hydro_Reservoir,2050,1,82,82,10.04851648129296
15778,SK_Hydro_Reservoir,2050,1,83,83,10.01407793119793
15779,SK_Hydro_Reservoir,2050,1,84,84,9.988156571814882
15780,SK_Hydro_Reservoir,2050,1,85,85,9.993551397547137
15781,SK_Hydro_Reservoir,2050,1,86,86,9.983635987302792
15782,SK_Hydro_Reservoir,2050,1,87,87,9.974888942947548
15783,SK_Hydro_Reservoir,2050,1,88,88,9.98348329195676
15784,SK_Hydro_Reservoir,2050,1,89,89,9.992077640965974
15785,SK_Hydro_Reservoir,2050,1,90,90,10.000671989975187
15786,SK_Hydro_Reservoir,2050,1,91,91,10.007931544140042
15787,SK_Hydro_Reservoir,2050,1,92,92,10.02063166856755
15788,SK_Hydro_Reservoir,2050,1,93,93,9.986356412388231
15789,SK_Hydro_Reservoir,2050,1,94,94,9.95644819838649
15790,SK_Hydro_Reservoir,2050,1,95,95,9.918870821432243
15791,SK_Hydro_Reservoir,2050,1,96,96,9.883433563498508
15792,SK_Hydro_Reservoir,2050,1,97,97,9.914128705067727
15793,SK_Hydro_Reservoir,2050,1,98,98,9.93878663138221
15794,SK_Hydro_Reservoir,2050,1,99,99,9.970310221283297
15795,SK_Hydro_Reservoir,2050,1,100,100,9.978605747303478
15796,SK_Hydro_Reservoir,2050,1,101,101,9.970056496088944
15797,SK_Hydro_Reservoir,2050,1,102,102,9.994018627070083
15798,SK_Hydro_Reservoir,2050,1,103,103,10.023999505358784
15799,SK_Hydro_Reservoir,2050,1,104,104,10.051270715684614
15800,SK_Hydro_Reservoir,2050,1,105,105,10.08521122016448
15801,SK_Hydro_Reservoir,2050,1,106,106,10.1204700885702
15802,SK_Hydro_Reservoir,2050,1,107,107,10.138039157537895
15803,SK_Hydro_Reservoir,2050,1,108,108,10.125929431071409
15804,SK_Hydro_Reservoir,2050,1,109,109,10.151307961703992
15805,SK_Hydro_Reservoir,2050,1,110,110,10.186402188889224
15806,SK_Hydro_Reservoir,2050,1,111,111,10.213117204813768
15807,SK_Hydro_Reservoir,2050,1,112,112,10.234796084368334
15808,SK_Hydro_Reservoir,2050,1,113,113,10.280425116152852
15809,SK_Hydro_Reservoir,2050,1,114,114,10.301977343084035
15810,SK_Hydro_Reservoir,2050,1,115,115,10.288641764903474
15811,SK_Hydro_Reservoir,2050,1,116,116,10.254431846412468
15812,SK_Hydro_Reservoir,2050,1,117,117,10.21277173883846
15813,SK_Hydro_Reservoir,2050,1,118,118,10.193099987445288
15814,SK_Hydro_Reservoir,2050,1,119,119,10.230602968215482
15815,SK_Hydro_Reservoir,2050,1,120,120,10.276232
15816,SK_Hydro_Reservoir,2050,1,121,121,10.321861031784518
15817,SK_Hydro_Reservoir,2050,1,122,122,10.367490063569038
15818,SK_Hydro_Reservoir,2050,1,123,123,10.388564198484227
15819,SK_Hydro_Reservoir,2050,1,124,124,10.434193230268745
15820,SK_Hydro_Reservoir,2050,1,125,125,10.479822262053263
15821,SK_Hydro_Reservoir,2050,1,126,126,10.522919941823567
15822,SK_Hydro_Reservoir,2050,1,127,127,10.568548973608085
15823,SK_Hydro_Reservoir,2050,1,128,128,10.614178005392603
15824,SK_Hydro_Reservoir,2050,1,129,129,10.65980703717712
15825,SK_Hydro_Reservoir,2050,1,130,130,10.705436068961639
15826,SK_Hydro_Reservoir,2050,1,131,131,10.751065100746157
15827,SK_Hydro_Reservoir,2050,1,132,132,10.796694132530675
15828,SK_Hydro_Reservoir,2050,1,133,133,10.842323164315193
15829,SK_Hydro_Reservoir,2050,1,134,134,10.858879846951767
15830,SK_Hydro_Reservoir,2050,1,135,135,10.869867261392416
15831,SK_Hydro_Reservoir,2050,1,136,136,10.902931306803882
15832,SK_Hydro_Reservoir,2050,1,137,137,10.9485603385884
15833,SK_Hydro_Reservoir,2050,1,138,138,10.994189370372919
15834,SK_Hydro_Reservoir,2050,1,139,139,11.039818402157437
15835,SK_Hydro_Reservoir,2050,1,140,140,11.034785749217585
15836,SK_Hydro_Reservoir,2050,1,141,141,11.019889417920886
15837,SK_Hydro_Reservoir,2050,1,142,142,11.04797658314716
15838,SK_Hydro_Reservoir,2050,1,143,143,11.082416403502878
15839,SK_Hydro_Reservoir,2050,1,144,144,11.078441895675352
15840,SK_Hydro_Reservoir,2050,1,145,145,11.060982063555416
15841,SK_Hydro_Reservoir,2050,1,146,146,11.07944700607215
15842,SK_Hydro_Reservoir,2050,1,147,147,11.112339736960337
15843,SK_Hydro_Reservoir,2050,1,148,148,11.157968768744855
15844,SK_Hydro_Reservoir,2050,1,149,149,11.189986550971089
15845,SK_Hydro_Reservoir,2050,1,150,150,11.235615582755607
15846,SK_Hydro_Reservoir,2050,1,151,151,11.280658444633506
15847,SK_Hydro_Reservoir,2050,1,152,152,11.326287476418024
15848,SK_Hydro_Reservoir,2050,1,153,153,11.371916508202542
15849,SK_Hydro_Reservoir,2050,1,154,154,11.41754553998706
15850,SK_Hydro_Reservoir,2050,1,155,155,11.463174571771578
15851,SK_Hydro_Reservoir,2050,1,156,156,11.493282278939226
15852,SK_Hydro_Reservoir,2050,1,157,157,11.538911310723744
15853,SK_Hydro_Reservoir,2050,1,158,158,11.584540342508262
15854,SK_Hydro_Reservoir,2050,1,159,159,11.63016937429278
15855,SK_Hydro_Reservoir,2050,1,160,160,11.652268505477911
15856,SK_Hydro_Reservoir,2050,1,161,161,11.69789753726243
15857,SK_Hydro_Reservoir,2050,1,162,162,11.718148487414835
15858,SK_Hydro_Reservoir,2050,1,163,163,11.703248344831461
15859,SK_Hydro_Reservoir,2050,1,164,164,11.682053392765601
15860,SK_Hydro_Reservoir,2050,1,165,165,11.72768242455012
15861,SK_Hydro_Reservoir,2050,1,166,166,11.76217179284882
15862,SK_Hydro_Reservoir,2050,1,167,167,11.751921397549348
15863,SK_Hydro_Reservoir,2050,1,168,168,11.769290344213507
15864,SK_Hydro_Reservoir,2050,1,169,169,11.812671164168163
15865,SK_Hydro_Reservoir,2050,1,170,170,11.8231080567579
15866,SK_Hydro_Reservoir,2050,1,171,171,11.780470532997407
15867,SK_Hydro_Reservoir,2050,1,172,172,11.737833009236915
15868,SK_Hydro_Reservoir,2050,1,173,173,11.700089162397875
15869,SK_Hydro_Reservoir,2050,1,174,174,11.714688604704717
15870,SK_Hydro_Reservoir,2050,1,175,175,11.760317636489235
15871,SK_Hydro_Reservoir,2050,1,176,176,11.788421034299505
15872,SK_Hydro_Reservoir,2050,1,177,177,11.759057177736466
15873,SK_Hydro_Reservoir,2050,1,178,178,11.716419653975974
15874,SK_Hydro_Reservoir,2050,1,179,179,11.673782130215482
15875,SK_Hydro_Reservoir,2050,1,180,180,11.646000730915643
15876,SK_Hydro_Reservoir,2050,1,181,181,11.613559152927317
15877,SK_Hydro_Reservoir,2050,1,182,182,11.597301058366964
15878,SK_Hydro_Reservoir,2050,1,183,183,11.591782188591187
15879,SK_Hydro_Reservoir,2050,1,184,184,11.578639914435993
15880,SK_Hydro_Reservoir,2050,1,185,185,11.55199174833403
15881,SK_Hydro_Reservoir,2050,1,186,186,11.509354224573539
15882,SK_Hydro_Reservoir,2050,1,187,187,11.554983256358057
15883,SK_Hydro_Reservoir,2050,1,188,188,11.600612288142575
15884,SK_Hydro_Reservoir,2050,1,189,189,11.637231147211468
15885,SK_Hydro_Reservoir,2050,1,190,190,11.678242136738875
15886,SK_Hydro_Reservoir,2050,1,191,191,11.723871168523393
15887,SK_Hydro_Reservoir,2050,1,192,192,11.707695601984142
15888,SK_Hydro_Reservoir,2050,1,193,193,11.665997687812496
15889,SK_Hydro_Reservoir,2050,1,194,194,11.623360164052004
15890,SK_Hydro_Reservoir,2050,1,195,195,11.580722640291512
15891,SK_Hydro_Reservoir,2050,1,196,196,11.552860232360388
15892,SK_Hydro_Reservoir,2050,1,197,197,11.53017081682221
15893,SK_Hydro_Reservoir,2050,1,198,198,11.523187730629923
15894,SK_Hydro_Reservoir,2050,1,199,199,11.557075487585951
15895,SK_Hydro_Reservoir,2050,1,200,200,11.547039249339939
15896,SK_Hydro_Reservoir,2050,1,201,201,11.532554315925472
15897,SK_Hydro_Reservoir,2050,1,202,202,11.553233668034249
15898,SK_Hydro_Reservoir,2050,1,203,203,11.56984982489733
15899,SK_Hydro_Reservoir,2050,1,204,204,11.577794925510165
15900,SK_Hydro_Reservoir,2050,1,205,205,11.552140000000001
15901,SK_Hydro_Reservoir,2050,1,206,206,11.58438062239544
15902,SK_Hydro_Reservoir,2050,1,207,207,11.622443090497285
15903,SK_Hydro_Reservoir,2050,1,208,208,11.607920115604928
15904,SK_Hydro_Reservoir,2050,1,209,209,11.589971521655654
15905,SK_Hydro_Reservoir,2050,1,210,210,11.617460913312364
15906,SK_Hydro_Reservoir,2050,1,211,211,11.633704364440092
15907,SK_Hydro_Reservoir,2050,1,212,212,11.642056358478875
15908,SK_Hydro_Reservoir,2050,1,213,213,11.61003044668842
15909,SK_Hydro_Reservoir,2050,1,214,214,11.567392922927928
15910,SK_Hydro_Reservoir,2050,1,215,215,11.52653738981187
15911,SK_Hydro_Reservoir,2050,1,216,216,11.499724566529816
15912,SK_Hydro_Reservoir,2050,1,217,217,11.476506955796133
15913,SK_Hydro_Reservoir,2050,1,218,218,11.43386943203564
15914,SK_Hydro_Reservoir,2050,1,219,219,11.391231908275149
15915,SK_Hydro_Reservoir,2050,1,220,220,11.348594384514657
15916,SK_Hydro_Reservoir,2050,1,221,221,11.305956860754165
15917,SK_Hydro_Reservoir,2050,1,222,222,11.263319336993673
15918,SK_Hydro_Reservoir,2050,1,223,223,11.220681813233181
15919,SK_Hydro_Reservoir,2050,1,224,224,11.17804428947269
15920,SK_Hydro_Reservoir,2050,1,225,225,11.160528321372489
15921,SK_Hydro_Reservoir,2050,1,226,226,11.146484011055447
15922,SK_Hydro_Reservoir,2050,1,227,227,11.130262504905753
15923,SK_Hydro_Reservoir,2050,1,228,228,11.139223804904407
15924,SK_Hydro_Reservoir,2050,1,229,229,11.176442564141263
15925,SK_Hydro_Reservoir,2050,1,230,230,11.204039705327705
15926,SK_Hydro_Reservoir,2050,1,231,231,11.175088939846967
15927,SK_Hydro_Reservoir,2050,1,232,232,11.132451416086475
15928,SK_Hydro_Reservoir,2050,1,233,233,11.089813892325983
15929,SK_Hydro_Reservoir,2050,1,234,234,11.050451435455416
15930,SK_Hydro_Reservoir,2050,1,235,235,11.043252682428212
15931,SK_Hydro_Reservoir,2050,1,236,236,11.068923244530442
15932,SK_Hydro_Reservoir,2050,1,237,237,11.101634711472467
15933,SK_Hydro_Reservoir,2050,1,238,238,11.11904122995875
15934,SK_Hydro_Reservoir,2050,1,239,239,11.140359137267605
15935,SK_Hydro_Reservoir,2050,1,240,240,11.162096973750508
15936,SK_Hydro_Reservoir,2050,1,241,241,11.176193131684448
15937,SK_Hydro_Reservoir,2050,1,242,242,11.133555607923956
15938,SK_Hydro_Reservoir,2050,1,243,243,11.090918084163464
15939,SK_Hydro_Reservoir,2050,1,244,244,11.099693929846634
15940,SK_Hydro_Reservoir,2050,1,245,245,11.130541477606535
15941,SK_Hydro_Reservoir,2050,1,246,246,11.087903953846043
15942,SK_Hydro_Reservoir,2050,1,247,247,11.045266430085551
15943,SK_Hydro_Reservoir,2050,1,248,248,11.064531864210235
15944,SK_Hydro_Reservoir,2050,1,249,249,11.077100408282641
15945,SK_Hydro_Reservoir,2050,1,250,250,11.101748468485908
15946,SK_Hydro_Reservoir,2050,1,251,251,11.118391392738435
15947,SK_Hydro_Reservoir,2050,1,252,252,11.075753868977943
15948,SK_Hydro_Reservoir,2050,1,253,253,11.03311634521745
15949,SK_Hydro_Reservoir,2050,1,254,254,11.014519120813535
15950,SK_Hydro_Reservoir,2050,1,255,255,11.03526620418205
15951,SK_Hydro_Reservoir,2050,1,256,256,11.042693638916447
15952,SK_Hydro_Reservoir,2050,1,257,257,11.065660242498264
15953,SK_Hydro_Reservoir,2050,1,258,258,11.087978706180659
15954,SK_Hydro_Reservoir,2050,1,259,259,11.060329889731785
15955,SK_Hydro_Reservoir,2050,1,260,260,11.074008361368154
15956,SK_Hydro_Reservoir,2050,1,261,261,11.105724636348771
15957,SK_Hydro_Reservoir,2050,1,262,262,11.097006950415071
15958,SK_Hydro_Reservoir,2050,1,263,263,11.05436942665458
15959,SK_Hydro_Reservoir,2050,1,264,264,11.011731902894088
15960,SK_Hydro_Reservoir,2050,1,265,265,10.97965475829328
15961,SK_Hydro_Reservoir,2050,1,266,266,10.941614895867383
15962,SK_Hydro_Reservoir,2050,1,267,267,10.913866654654438
15963,SK_Hydro_Reservoir,2050,1,268,268,10.875598870730004
15964,SK_Hydro_Reservoir,2050,1,269,269,10.832961346969512
15965,SK_Hydro_Reservoir,2050,1,270,270,10.800846793499085
15966,SK_Hydro_Reservoir,2050,1,271,271,10.77496637666544
15967,SK_Hydro_Reservoir,2050,1,272,272,10.742871991798877
15968,SK_Hydro_Reservoir,2050,1,273,273,10.724286789867799
15969,SK_Hydro_Reservoir,2050,1,274,274,10.755039049772046
15970,SK_Hydro_Reservoir,2050,1,275,275,10.791664494193075
15971,SK_Hydro_Reservoir,2050,1,276,276,10.749026970432583
15972,SK_Hydro_Reservoir,2050,1,277,277,10.706389446672091
15973,SK_Hydro_Reservoir,2050,1,278,278,10.670537217281383
15974,SK_Hydro_Reservoir,2050,1,279,279,10.70050541867839
15975,SK_Hydro_Reservoir,2050,1,280,280,10.720055511172507
15976,SK_Hydro_Reservoir,2050,1,281,281,10.687411608119021
15977,SK_Hydro_Reservoir,2050,1,282,282,10.644774084358529
15978,SK_Hydro_Reservoir,2050,1,283,283,10.602136560598037
15979,SK_Hydro_Reservoir,2050,1,284,284,10.570886723384529
15980,SK_Hydro_Reservoir,2050,1,285,285,10.534700812851774
15981,SK_Hydro_Reservoir,2050,1,286,286,10.518642563137877
15982,SK_Hydro_Reservoir,2050,1,287,287,10.503913275914849
15983,SK_Hydro_Reservoir,2050,1,288,288,10.52329405249568
15984,SK_Hydro_Reservoir,2050,1,289,289,10.534591612104778
15985,SK_Hydro_Reservoir,2050,1,290,290,10.491954088344286
15986,SK_Hydro_Reservoir,2050,1,291,291,10.449316564583794
15987,SK_Hydro_Reservoir,2050,1,292,292,10.406679040823303
15988,SK_Hydro_Reservoir,2050,1,293,293,10.36404151706281
15989,SK_Hydro_Reservoir,2050,1,294,294,10.334692518655574
15990,SK_Hydro_Reservoir,2050,1,295,295,10.355622877035707
15991,SK_Hydro_Reservoir,2050,1,296,296,10.384249294943835
15992,SK_Hydro_Reservoir,2050,1,297,297,10.357986579598357
15993,SK_Hydro_Reservoir,2050,1,298,298,10.382566520088774
15994,SK_Hydro_Reservoir,2050,1,299,299,10.365165152713285
15995,SK_Hydro_Reservoir,2050,1,300,300,10.34336409855826
15996,SK_Hydro_Reservoir,2050,1,301,301,10.331027684404077
15997,SK_Hydro_Reservoir,2050,1,302,302,10.296014342580513
15998,SK_Hydro_Reservoir,2050,1,303,303,10.264266128441479
15999,SK_Hydro_Reservoir,2050,1,304,304,10.260579900653356
16000,SK_Hydro_Reservoir,2050,1,305,305,10.278063637700185
16001,SK_Hydro_Reservoir,2050,1,306,306,10.284950949161363
16002,SK_Hydro_Reservoir,2050,1,307,307,10.244374513879489
16003,SK_Hydro_Reservoir,2050,1,308,308,10.201736990118997
16004,SK_Hydro_Reservoir,2050,1,309,309,10.159962016389876
16005,SK_Hydro_Reservoir,2050,1,310,310,10.13273253616674
16006,SK_Hydro_Reservoir,2050,1,311,311,10.136978843635116
16007,SK_Hydro_Reservoir,2050,1,312,312,10.154256590460982
16008,SK_Hydro_Reservoir,2050,1,313,313,10.162850939470195
16009,SK_Hydro_Reservoir,2050,1,314,314,10.173460995672436
16010,SK_Hydro_Reservoir,2050,1,315,315,10.1895799874061
16011,SK_Hydro_Reservoir,2050,1,316,316,10.203357505387455
16012,SK_Hydro_Reservoir,2050,1,317,317,10.215481125649688
16013,SK_Hydro_Reservoir,2050,1,318,318,10.224075474658902
16014,SK_Hydro_Reservoir,2050,1,319,319,10.214034702272214
16015,SK_Hydro_Reservoir,2050,1,320,320,10.212855609813728
16016,SK_Hydro_Reservoir,2050,1,321,321,10.219415285431534
16017,SK_Hydro_Reservoir,2050,1,322,322,10.22943168331924
16018,SK_Hydro_Reservoir,2050,1,323,323,10.238026032328452
16019,SK_Hydro_Reservoir,2050,1,324,324,10.233768268569738
16020,SK_Hydro_Reservoir,2050,1,325,325,10.228469274477977
16021,SK_Hydro_Reservoir,2050,1,326,326,10.218842691408764
16022,SK_Hydro_Reservoir,2050,1,327,327,10.183318666140893
16023,SK_Hydro_Reservoir,2050,1,328,328,10.194075993924926
16024,SK_Hydro_Reservoir,2050,1,329,329,10.20105242117604
16025,SK_Hydro_Reservoir,2050,1,330,330,10.188933914810962
16026,SK_Hydro_Reservoir,2050,1,331,331,10.197528263820175
16027,SK_Hydro_Reservoir,2050,1,332,332,10.206122612829388
16028,SK_Hydro_Reservoir,2050,1,333,333,10.214716961838601
16029,SK_Hydro_Reservoir,2050,1,334,334,10.223311310847814
16030,SK_Hydro_Reservoir,2050,1,335,335,10.231905659857027
16031,SK_Hydro_Reservoir,2050,1,336,336,10.238418494899099
16032,SK_Hydro_Reservoir,2050,1,337,337,10.242802938585402
16033,SK_Hydro_Reservoir,2050,1,338,338,10.251397287594616
16034,SK_Hydro_Reservoir,2050,1,339,339,10.259991636603829
16035,SK_Hydro_Reservoir,2050,1,340,340,10.268585985613042
16036,SK_Hydro_Reservoir,2050,1,341,341,10.277180334622255
16037,SK_Hydro_Reservoir,2050,1,342,342,10.282218645027681
16038,SK_Hydro_Reservoir,2050,1,343,343,10.290812994036894
16039,SK_Hydro_Reservoir,2050,1,344,344,10.299407343046107
16040,SK_Hydro_Reservoir,2050,1,345,345,10.30800169205532
16041,SK_Hydro_Reservoir,2050,1,346,346,10.31489468551471
16042,SK_Hydro_Reservoir,2050,1,347,347,10.294886601468868
16043,SK_Hydro_Reservoir,2050,1,348,348,10.269365892708526
16044,SK_Hydro_Reservoir,2050,1,349,349,10.242339031205034
16045,SK_Hydro_Reservoir,2050,1,350,350,10.24400242765996
16046,SK_Hydro_Reservoir,2050,1,351,351,10.252596776669174
16047,SK_Hydro_Reservoir,2050,1,352,352,10.261191125678387
16048,SK_Hydro_Reservoir,2050,1,353,353,10.2697854746876
16049,SK_Hydro_Reservoir,2050,1,354,354,10.278379823696813
16050,SK_Hydro_Reservoir,2050,1,355,355,10.286974172706026
16051,SK_Hydro_Reservoir,2050,1,356,356,10.29556852171524
16052,SK_Hydro_Reservoir,2050,1,357,357,10.304162870724452
16053,SK_Hydro_Reservoir,2050,1,358,358,10.312757219733665
16054,SK_Hydro_Reservoir,2050,1,359,359,10.321351568742879
16055,SK_Hydro_Reservoir,2050,1,360,360,10.329405234421772
16056,SK_Hydro_Reservoir,2050,1,361,361,10.328609900622544
16057,SK_Hydro_Reservoir,2050,1,362,362,10.326120105829782
16058,SK_Hydro_Reservoir,2050,1,363,363,10.327811301981576
16059,SK_Hydro_Reservoir,2050,1,364,364,10.336405650990788
16060,SK_Hydro_Reservoir,2050,1,365,365,10.345
16061,SK_Pump_Hydro_Closed,2050,1,1,1,2.0133692691648273
16062,SK_Pump_Hydro_Closed,2050,1,2,2,1.9767385383296543
16063,SK_Pump_Hydro_Closed,2050,1,3,3,1.9401078074944815
16064,SK_Pump_Hydro_Closed,2050,1,4,4,1.9034770766593088
16065,SK_Pump_Hydro_Closed,2050,1,5,5,1.878354690358465
16066,SK_Pump_Hydro_Closed,2050,1,6,6,1.877616628069602
16067,SK_Pump_Hydro_Closed,2050,1,7,7,1.8409858972344293
16068,SK_Pump_Hydro_Closed,2050,1,8,8,1.8043551663992565
16069,SK_Pump_Hydro_Closed,2050,1,9,9,1.7677244355640838
16070,SK_Pump_Hydro_Closed,2050,1,10,10,1.731093704728911
16071,SK_Pump_Hydro_Closed,2050,1,11,11,1.6944629738937382
16072,SK_Pump_Hydro_Closed,2050,1,12,12,1.6578322430585655
16073,SK_Pump_Hydro_Closed,2050,1,13,13,1.6212015122233927
16074,SK_Pump_Hydro_Closed,2050,1,14,14,1.58457078138822
16075,SK_Pump_Hydro_Closed,2050,1,15,15,1.5479400505530472
16076,SK_Pump_Hydro_Closed,2050,1,16,16,1.5113093197178744
16077,SK_Pump_Hydro_Closed,2050,1,17,17,1.4746785888827016
16078,SK_Pump_Hydro_Closed,2050,1,18,18,1.4867186999551296
16079,SK_Pump_Hydro_Closed,2050,1,19,19,1.5510615497554325
16080,SK_Pump_Hydro_Closed,2050,1,20,20,1.5857960068353503
16081,SK_Pump_Hydro_Closed,2050,1,21,21,1.620435868307999
16082,SK_Pump_Hydro_Closed,2050,1,22,22,1.6847787181083018
16083,SK_Pump_Hydro_Closed,2050,1,23,23,1.7199383823844552
16084,SK_Pump_Hydro_Closed,2050,1,24,24,1.69149340348174
16085,SK_Pump_Hydro_Closed,2050,1,25,25,1.716270452886711
16086,SK_Pump_Hydro_Closed,2050,1,26,26,1.6931911977062557
16087,SK_Pump_Hydro_Closed,2050,1,27,27,1.6896401578393592
16088,SK_Pump_Hydro_Closed,2050,1,28,28,1.6530094270041864
16089,SK_Pump_Hydro_Closed,2050,1,29,29,1.6163786961690136
16090,SK_Pump_Hydro_Closed,2050,1,30,30,1.5797479653338409
16091,SK_Pump_Hydro_Closed,2050,1,31,31,1.5758619607251025
16092,SK_Pump_Hydro_Closed,2050,1,32,32,1.5404899202925937
16093,SK_Pump_Hydro_Closed,2050,1,33,33,1.542584250842768
16094,SK_Pump_Hydro_Closed,2050,1,34,34,1.5836351327517255
16095,SK_Pump_Hydro_Closed,2050,1,35,35,1.6420335596933104
16096,SK_Pump_Hydro_Closed,2050,1,36,36,1.6795679410307267
16097,SK_Pump_Hydro_Closed,2050,1,37,37,1.642937210195554
16098,SK_Pump_Hydro_Closed,2050,1,38,38,1.6063064793603812
16099,SK_Pump_Hydro_Closed,2050,1,39,39,1.5696757485252084
16100,SK_Pump_Hydro_Closed,2050,1,40,40,1.5487501166475879
16101,SK_Pump_Hydro_Closed,2050,1,41,41,1.5553127676166936
16102,SK_Pump_Hydro_Closed,2050,1,42,42,1.598656129081093
16103,SK_Pump_Hydro_Closed,2050,1,43,43,1.6301283065053784
16104,SK_Pump_Hydro_Closed,2050,1,44,44,1.6516612756947668
16105,SK_Pump_Hydro_Closed,2050,1,45,45,1.686419162407576
16106,SK_Pump_Hydro_Closed,2050,1,46,46,1.6498452211994714
16107,SK_Pump_Hydro_Closed,2050,1,47,47,1.6132659467541604
16108,SK_Pump_Hydro_Closed,2050,1,48,48,1.5796471441692623
16109,SK_Pump_Hydro_Closed,2050,1,49,49,1.5430369125654468
16110,SK_Pump_Hydro_Closed,2050,1,50,50,1.506406181730274
16111,SK_Pump_Hydro_Closed,2050,1,51,51,1.4698194437267063
16112,SK_Pump_Hydro_Closed,2050,1,52,52,1.4587526140222113
16113,SK_Pump_Hydro_Closed,2050,1,53,53,1.4335203091589215
16114,SK_Pump_Hydro_Closed,2050,1,54,54,1.3968895783237487
16115,SK_Pump_Hydro_Closed,2050,1,55,55,1.3706542362522802
16116,SK_Pump_Hydro_Closed,2050,1,56,56,1.4021162142424142
16117,SK_Pump_Hydro_Closed,2050,1,57,57,1.4179824723984584
16118,SK_Pump_Hydro_Closed,2050,1,58,58,1.4483888746355715
16119,SK_Pump_Hydro_Closed,2050,1,59,59,1.4596592600237475
16120,SK_Pump_Hydro_Closed,2050,1,60,60,1.4230285291885747
16121,SK_Pump_Hydro_Closed,2050,1,61,61,1.386397798353402
16122,SK_Pump_Hydro_Closed,2050,1,62,62,1.3497727874459975
16123,SK_Pump_Hydro_Closed,2050,1,63,63,1.3517249114049599
16124,SK_Pump_Hydro_Closed,2050,1,64,64,1.3743276823728958
16125,SK_Pump_Hydro_Closed,2050,1,65,65,1.344136154518932
16126,SK_Pump_Hydro_Closed,2050,1,66,66,1.3075054236837593
16127,SK_Pump_Hydro_Closed,2050,1,67,67,1.2708942100102585
16128,SK_Pump_Hydro_Closed,2050,1,68,68,1.2866812871295852
16129,SK_Pump_Hydro_Closed,2050,1,69,69,1.2502349594137867
16130,SK_Pump_Hydro_Closed,2050,1,70,70,1.267984687013074
16131,SK_Pump_Hydro_Closed,2050,1,71,71,1.2689429868303357
16132,SK_Pump_Hydro_Closed,2050,1,72,72,1.2324186642861485
16133,SK_Pump_Hydro_Closed,2050,1,73,73,1.207172102520588
16134,SK_Pump_Hydro_Closed,2050,1,74,74,1.183277229152599
16135,SK_Pump_Hydro_Closed,2050,1,75,75,1.1467618772138863
16136,SK_Pump_Hydro_Closed,2050,1,76,76,1.1103532873563522
16137,SK_Pump_Hydro_Closed,2050,1,77,77,1.1589617513785229
16138,SK_Pump_Hydro_Closed,2050,1,78,78,1.2086687751895
16139,SK_Pump_Hydro_Closed,2050,1,79,79,1.256521381766005
16140,SK_Pump_Hydro_Closed,2050,1,80,80,1.2459556003075989
16141,SK_Pump_Hydro_Closed,2050,1,81,81,1.2591758153099257
16142,SK_Pump_Hydro_Closed,2050,1,82,82,1.226263928051215
16143,SK_Pump_Hydro_Closed,2050,1,83,83,1.2744473114143051
16144,SK_Pump_Hydro_Closed,2050,1,84,84,1.3058440501233919
16145,SK_Pump_Hydro_Closed,2050,1,85,85,1.2755193023439844
16146,SK_Pump_Hydro_Closed,2050,1,86,86,1.275369702638523
16147,SK_Pump_Hydro_Closed,2050,1,87,87,1.2729173550353787
16148,SK_Pump_Hydro_Closed,2050,1,88,88,1.236286624200206
16149,SK_Pump_Hydro_Closed,2050,1,89,89,1.1996558933650332
16150,SK_Pump_Hydro_Closed,2050,1,90,90,1.1630251625298604
16151,SK_Pump_Hydro_Closed,2050,1,91,91,1.1290251966377183
16152,SK_Pump_Hydro_Closed,2050,1,92,92,1.0988188420227214
16153,SK_Pump_Hydro_Closed,2050,1,93,93,1.1466803872316684
16154,SK_Pump_Hydro_Closed,2050,1,94,94,1.1872477478285348
16155,SK_Pump_Hydro_Closed,2050,1,95,95,1.241617486868967
16156,SK_Pump_Hydro_Closed,2050,1,96,96,1.2917692368177556
16157,SK_Pump_Hydro_Closed,2050,1,97,97,1.2553725336549149
16158,SK_Pump_Hydro_Closed,2050,1,98,98,1.2311485838405802
16159,SK_Pump_Hydro_Closed,2050,1,99,99,1.2005604258617746
16160,SK_Pump_Hydro_Closed,2050,1,100,100,1.2004387646670394
16161,SK_Pump_Hydro_Closed,2050,1,101,101,1.2049335696404042
16162,SK_Pump_Hydro_Closed,2050,1,102,102,1.168465569903405
16163,SK_Pump_Hydro_Closed,2050,1,103,103,1.1320613033297717
16164,SK_Pump_Hydro_Closed,2050,1,104,104,1.0956283437902903
16165,SK_Pump_Hydro_Closed,2050,1,105,105,1.0592660061247858
16166,SK_Pump_Hydro_Closed,2050,1,106,106,1.0229176287568598
16167,SK_Pump_Hydro_Closed,2050,1,107,107,1.002456509760396
16168,SK_Pump_Hydro_Closed,2050,1,108,108,1.0169599254494857
16169,SK_Pump_Hydro_Closed,2050,1,109,109,0.9949534827415065
16170,SK_Pump_Hydro_Closed,2050,1,110,110,0.9586033619699673
16171,SK_Pump_Hydro_Closed,2050,1,111,111,0.9370769114992215
16172,SK_Pump_Hydro_Closed,2050,1,112,112,0.9238603224852984
16173,SK_Pump_Hydro_Closed,2050,1,113,113,0.8876217558940968
16174,SK_Pump_Hydro_Closed,2050,1,114,114,0.8788191656970975
16175,SK_Pump_Hydro_Closed,2050,1,115,115,0.9041434134583952
16176,SK_Pump_Hydro_Closed,2050,1,116,116,0.9588828469980377
16177,SK_Pump_Hydro_Closed,2050,1,117,117,1.0221119124908682
16178,SK_Pump_Hydro_Closed,2050,1,118,118,1.0574634583859153
16179,SK_Pump_Hydro_Closed,2050,1,119,119,1.0211388441654727
16180,SK_Pump_Hydro_Closed,2050,1,120,120,0.9849002775742711
16181,SK_Pump_Hydro_Closed,2050,1,121,121,0.9486617109830695
16182,SK_Pump_Hydro_Closed,2050,1,122,122,0.9124231443918679
16183,SK_Pump_Hydro_Closed,2050,1,123,123,0.9041653491269571
16184,SK_Pump_Hydro_Closed,2050,1,124,124,0.8679267825357555
16185,SK_Pump_Hydro_Closed,2050,1,125,125,0.8316882159445539
16186,SK_Pump_Hydro_Closed,2050,1,126,126,0.7954228445942864
16187,SK_Pump_Hydro_Closed,2050,1,127,127,0.7591842780030847
16188,SK_Pump_Hydro_Closed,2050,1,128,128,0.7229457114118831
16189,SK_Pump_Hydro_Closed,2050,1,129,129,0.6867071448206815
16190,SK_Pump_Hydro_Closed,2050,1,130,130,0.6504685782294799
16191,SK_Pump_Hydro_Closed,2050,1,131,131,0.6142300116382783
16192,SK_Pump_Hydro_Closed,2050,1,132,132,0.5779914450470767
16193,SK_Pump_Hydro_Closed,2050,1,133,133,0.541752878455875
16194,SK_Pump_Hydro_Closed,2050,1,134,134,0.5386428058573711
16195,SK_Pump_Hydro_Closed,2050,1,135,135,0.5418790201390002
16196,SK_Pump_Hydro_Closed,2050,1,136,136,0.5199584941526249
16197,SK_Pump_Hydro_Closed,2050,1,137,137,0.4837199275614233
16198,SK_Pump_Hydro_Closed,2050,1,138,138,0.44748136097022173
16199,SK_Pump_Hydro_Closed,2050,1,139,139,0.41124279437902017
16200,SK_Pump_Hydro_Closed,2050,1,140,140,0.4327341796919526
16201,SK_Pump_Hydro_Closed,2050,1,141,141,0.465465413822322
16202,SK_Pump_Hydro_Closed,2050,1,142,142,0.4492161373272928
16203,SK_Pump_Hydro_Closed,2050,1,143,143,0.4257278896633872
16204,SK_Pump_Hydro_Closed,2050,1,144,144,0.44601349852465627
16205,SK_Pump_Hydro_Closed,2050,1,145,145,0.4816658905288083
16206,SK_Pump_Hydro_Closed,2050,1,146,146,0.4763813195554103
16207,SK_Pump_Hydro_Closed,2050,1,147,147,0.4546560097218964
16208,SK_Pump_Hydro_Closed,2050,1,148,148,0.41841744313069484
16209,SK_Pump_Hydro_Closed,2050,1,149,149,0.3976891539143989
16210,SK_Pump_Hydro_Closed,2050,1,150,150,0.36145058732319735
16211,SK_Pump_Hydro_Closed,2050,1,151,151,0.32520581371573287
16212,SK_Pump_Hydro_Closed,2050,1,152,152,0.2889672471245313
16213,SK_Pump_Hydro_Closed,2050,1,153,153,0.25272868053332975
16214,SK_Pump_Hydro_Closed,2050,1,154,154,0.21649011394212817
16215,SK_Pump_Hydro_Closed,2050,1,155,155,0.18025154735092658
16216,SK_Pump_Hydro_Closed,2050,1,156,156,0.16169982493980875
16217,SK_Pump_Hydro_Closed,2050,1,157,157,0.12546125834860716
16218,SK_Pump_Hydro_Closed,2050,1,158,158,0.08922269175740558
16219,SK_Pump_Hydro_Closed,2050,1,159,159,0.052984125166203995
16220,SK_Pump_Hydro_Closed,2050,1,160,160,0.04355832718509031
16221,SK_Pump_Hydro_Closed,2050,1,161,161,0.007319760593888731
16222,SK_Pump_Hydro_Closed,2050,1,162,162,0.0
16223,SK_Pump_Hydro_Closed,2050,1,163,163,0.03273557716391996
16224,SK_Pump_Hydro_Closed,2050,1,164,164,0.07264420928340949
16225,SK_Pump_Hydro_Closed,2050,1,165,165,0.03640564269220791
16226,SK_Pump_Hydro_Closed,2050,1,166,166,0.012860934206265578
16227,SK_Pump_Hydro_Closed,2050,1,167,167,0.040298036032729675
16228,SK_Pump_Hydro_Closed,2050,1,168,168,0.036262373148365695
16229,SK_Pump_Hydro_Closed,2050,1,169,169,0.0
16230,SK_Pump_Hydro_Closed,2050,1,170,170,0.0038635443861905934
16231,SK_Pump_Hydro_Closed,2050,1,171,171,0.06820639418649352
16232,SK_Pump_Hydro_Closed,2050,1,172,172,0.13254924398679646
16233,SK_Pump_Hydro_Closed,2050,1,173,173,0.1913156559949719
16234,SK_Pump_Hydro_Closed,2050,1,174,174,0.19043589592386945
16235,SK_Pump_Hydro_Closed,2050,1,175,175,0.15419732933266786
16236,SK_Pump_Hydro_Closed,2050,1,176,176,0.13792955549988659
16237,SK_Pump_Hydro_Closed,2050,1,177,177,0.18714680943677647
16238,SK_Pump_Hydro_Closed,2050,1,178,178,0.2514896592370794
16239,SK_Pump_Hydro_Closed,2050,1,179,179,0.3158325090373823
16240,SK_Pump_Hydro_Closed,2050,1,180,180,0.36324652286901354
16241,SK_Pump_Hydro_Closed,2050,1,181,181,0.41597089882173865
16242,SK_Pump_Hydro_Closed,2050,1,182,182,0.45025388805348826
16243,SK_Pump_Hydro_Closed,2050,1,183,183,0.4722993266851291
16244,SK_Pump_Hydro_Closed,2050,1,184,184,0.5030317793899095
16245,SK_Pump_Hydro_Closed,2050,1,185,185,0.5491544524703321
16246,SK_Pump_Hydro_Closed,2050,1,186,186,0.613497302270635
16247,SK_Pump_Hydro_Closed,2050,1,187,187,0.5772587356794334
16248,SK_Pump_Hydro_Closed,2050,1,188,188,0.5410201690882318
16249,SK_Pump_Hydro_Closed,2050,1,189,189,0.5046861928078876
16250,SK_Pump_Hydro_Closed,2050,1,190,190,0.46839872526993365
16251,SK_Pump_Hydro_Closed,2050,1,191,191,0.4321601586787321
16252,SK_Pump_Hydro_Closed,2050,1,192,192,0.4663491056630751
16253,SK_Pump_Hydro_Closed,2050,1,193,193,0.529621252491933
16254,SK_Pump_Hydro_Closed,2050,1,194,194,0.593964102292236
16255,SK_Pump_Hydro_Closed,2050,1,195,195,0.6583069520925389
16256,SK_Pump_Hydro_Closed,2050,1,196,196,0.7058132767980254
16257,SK_Pump_Hydro_Closed,2050,1,197,197,0.7474248784268948
16258,SK_Pump_Hydro_Closed,2050,1,198,198,0.7711388194733734
16259,SK_Pump_Hydro_Closed,2050,1,199,199,0.7482796585381352
16260,SK_Pump_Hydro_Closed,2050,1,200,200,0.7754727243349381
16261,SK_Pump_Hydro_Closed,2050,1,201,201,0.8077351627652849
16262,SK_Pump_Hydro_Closed,2050,1,202,202,0.799927230005951
16263,SK_Pump_Hydro_Closed,2050,1,203,203,0.7967493853968076
16264,SK_Pump_Hydro_Closed,2050,1,204,204,0.8034523740644983
16265,SK_Pump_Hydro_Closed,2050,1,205,205,0.8484432306270571
16266,SK_Pump_Hydro_Closed,2050,1,206,206,0.8221248667990896
16267,SK_Pump_Hydro_Closed,2050,1,207,207,0.7858061770502501
16268,SK_Pump_Hydro_Closed,2050,1,208,208,0.8084220906832528
16269,SK_Pump_Hydro_Closed,2050,1,209,209,0.8423547414765088
16270,SK_Pump_Hydro_Closed,2050,1,210,210,0.8247162993057472
16271,SK_Pump_Hydro_Closed,2050,1,211,211,0.8219631599604238
16272,SK_Pump_Hydro_Closed,2050,1,212,212,0.8282024858415721
16273,SK_Pump_Hydro_Closed,2050,1,213,213,0.8804532022675402
16274,SK_Pump_Hydro_Closed,2050,1,214,214,0.9447960520678431
16275,SK_Pump_Hydro_Closed,2050,1,215,215,1.007108289685458
16276,SK_Pump_Hydro_Closed,2050,1,216,216,1.0534185927497433
16277,SK_Pump_Hydro_Closed,2050,1,217,217,1.0956320828353106
16278,SK_Pump_Hydro_Closed,2050,1,218,218,1.1599749326356135
16279,SK_Pump_Hydro_Closed,2050,1,219,219,1.2243177824359164
16280,SK_Pump_Hydro_Closed,2050,1,220,220,1.2886606322362193
16281,SK_Pump_Hydro_Closed,2050,1,221,221,1.3530034820365222
16282,SK_Pump_Hydro_Closed,2050,1,222,222,1.4173463318368251
16283,SK_Pump_Hydro_Closed,2050,1,223,223,1.481689181637128
16284,SK_Pump_Hydro_Closed,2050,1,224,224,1.546032031437431
16285,SK_Pump_Hydro_Closed,2050,1,225,225,1.5817483914572184
16286,SK_Pump_Hydro_Closed,2050,1,226,226,1.6135087314997862
16287,SK_Pump_Hydro_Closed,2050,1,227,227,1.6477500275427084
16288,SK_Pump_Hydro_Closed,2050,1,228,228,1.6532950377107167
16289,SK_Pump_Hydro_Closed,2050,1,229,229,1.626015289271126
16290,SK_Pump_Hydro_Closed,2050,1,230,230,1.610324404475961
16291,SK_Pump_Hydro_Closed,2050,1,231,231,1.659070933279193
16292,SK_Pump_Hydro_Closed,2050,1,232,232,1.723413783079496
16293,SK_Pump_Hydro_Closed,2050,1,233,233,1.787756632879799
16294,SK_Pump_Hydro_Closed,2050,1,234,234,1.848367481759348
16295,SK_Pump_Hydro_Closed,2050,1,235,235,1.8638798204184164
16296,SK_Pump_Hydro_Closed,2050,1,236,236,1.8421221607419027
16297,SK_Pump_Hydro_Closed,2050,1,237,237,1.8057468086655617
16298,SK_Pump_Hydro_Closed,2050,1,238,238,1.7941586341051257
16299,SK_Pump_Hydro_Closed,2050,1,239,239,1.7751387812340245
16300,SK_Pump_Hydro_Closed,2050,1,240,240,1.7607291508731953
16301,SK_Pump_Hydro_Closed,2050,1,241,241,1.7604228929033314
16302,SK_Pump_Hydro_Closed,2050,1,242,242,1.8247657427036343
16303,SK_Pump_Hydro_Closed,2050,1,243,243,1.8891085925039373
16304,SK_Pump_Hydro_Closed,2050,1,244,244,1.8919691768176863
16305,SK_Pump_Hydro_Closed,2050,1,245,245,1.8713843729443043
16306,SK_Pump_Hydro_Closed,2050,1,246,246,1.9357272227446072
16307,SK_Pump_Hydro_Closed,2050,1,247,247,2.00007007254491
16308,SK_Pump_Hydro_Closed,2050,1,248,248,1.9796939190463576
16309,SK_Pump_Hydro_Closed,2050,1,249,249,1.9696772911083107
16310,SK_Pump_Hydro_Closed,2050,1,250,250,1.950960429347854
16311,SK_Pump_Hydro_Closed,2050,1,251,251,1.947752082790077
16312,SK_Pump_Hydro_Closed,2050,1,252,252,2.01209493259038
16313,SK_Pump_Hydro_Closed,2050,1,253,253,2.0764377823906828
16314,SK_Pump_Hydro_Closed,2050,1,254,254,2.10607189449669
16315,SK_Pump_Hydro_Closed,2050,1,255,255,2.079161156010259
16316,SK_Pump_Hydro_Closed,2050,1,256,256,2.0750517401407773
16317,SK_Pump_Hydro_Closed,2050,1,257,257,2.0385731986569438
16318,SK_Pump_Hydro_Closed,2050,1,258,258,2.0040276912200565
16319,SK_Pump_Hydro_Closed,2050,1,259,259,2.038829098076151
16320,SK_Pump_Hydro_Closed,2050,1,260,260,2.0139530331625752
16321,SK_Pump_Hydro_Closed,2050,1,261,261,1.9775671428913881
16322,SK_Pump_Hydro_Closed,2050,1,262,262,1.9969613469515972
16323,SK_Pump_Hydro_Closed,2050,1,263,263,2.0613041967519004
16324,SK_Pump_Hydro_Closed,2050,1,264,264,2.1256470465522033
16325,SK_Pump_Hydro_Closed,2050,1,265,265,2.172998350651001
16326,SK_Pump_Hydro_Closed,2050,1,266,266,2.228279608469488
16327,SK_Pump_Hydro_Closed,2050,1,267,267,2.2632769729177875
16328,SK_Pump_Hydro_Closed,2050,1,268,268,2.32264042118532
16329,SK_Pump_Hydro_Closed,2050,1,269,269,2.386983270985623
16330,SK_Pump_Hydro_Closed,2050,1,270,270,2.4305862584372475
16331,SK_Pump_Hydro_Closed,2050,1,271,271,2.461902302930213
16332,SK_Pump_Hydro_Closed,2050,1,272,272,2.505465539811762
16333,SK_Pump_Hydro_Closed,2050,1,273,273,2.528242390567578
16334,SK_Pump_Hydro_Closed,2050,1,274,274,2.4918462922369375
16335,SK_Pump_Hydro_Closed,2050,1,275,275,2.455512385689597
16336,SK_Pump_Hydro_Closed,2050,1,276,276,2.5198552354898998
16337,SK_Pump_Hydro_Closed,2050,1,277,277,2.5841980852902027
16338,SK_Pump_Hydro_Closed,2050,1,278,278,2.6351677080124554
16339,SK_Pump_Hydro_Closed,2050,1,279,279,2.5999773199151672
16340,SK_Pump_Hydro_Closed,2050,1,280,280,2.577403912098113
16341,SK_Pump_Hydro_Closed,2050,1,281,281,2.630358841305122
16342,SK_Pump_Hydro_Closed,2050,1,282,282,2.694701691105425
16343,SK_Pump_Hydro_Closed,2050,1,283,283,2.759044540905728
16344,SK_Pump_Hydro_Closed,2050,1,284,284,2.8009432475654457
16345,SK_Pump_Hydro_Closed,2050,1,285,285,2.8579343615644666
16346,SK_Pump_Hydro_Closed,2050,1,286,286,2.88773656248669
16347,SK_Pump_Hydro_Closed,2050,1,287,287,2.915517739339645
16348,SK_Pump_Hydro_Closed,2050,1,288,288,2.896780038903351
16349,SK_Pump_Hydro_Closed,2050,1,289,289,2.8903546493415635
16350,SK_Pump_Hydro_Closed,2050,1,290,290,2.9546974991418664
16351,SK_Pump_Hydro_Closed,2050,1,291,291,3.0190403489421693
16352,SK_Pump_Hydro_Closed,2050,1,292,292,3.0833831987424722
16353,SK_Pump_Hydro_Closed,2050,1,293,293,3.147726048542775
16354,SK_Pump_Hydro_Closed,2050,1,294,294,3.1858783666731703
16355,SK_Pump_Hydro_Closed,2050,1,295,295,3.149378263169624
16356,SK_Pump_Hydro_Closed,2050,1,296,296,3.1129596540691664
16357,SK_Pump_Hydro_Closed,2050,1,297,297,3.146066766817235
16358,SK_Pump_Hydro_Closed,2050,1,298,298,3.119762171900005
16359,SK_Pump_Hydro_Closed,2050,1,299,299,3.1391660985553353
16360,SK_Pump_Hydro_Closed,2050,1,300,300,3.167434861246398
16361,SK_Pump_Hydro_Closed,2050,1,301,301,3.1850998440916296
16362,SK_Pump_Hydro_Closed,2050,1,302,302,3.2344160921307883
16363,SK_Pump_Hydro_Closed,2050,1,303,303,3.277297056513207
16364,SK_Pump_Hydro_Closed,2050,1,304,304,3.271442936585747
16365,SK_Pump_Hydro_Closed,2050,1,305,305,3.2502561802070873
16366,SK_Pump_Hydro_Closed,2050,1,306,306,3.2445580527154587
16367,SK_Pump_Hydro_Closed,2050,1,307,307,3.304838675772109
16368,SK_Pump_Hydro_Closed,2050,1,308,308,3.369181525572412
16369,SK_Pump_Hydro_Closed,2050,1,309,309,3.4318243640236
16370,SK_Pump_Hydro_Closed,2050,1,310,310,3.4657992955253123
16371,SK_Pump_Hydro_Closed,2050,1,311,311,3.4464442034374194
16372,SK_Pump_Hydro_Closed,2050,1,312,312,3.409905422036795
16373,SK_Pump_Hydro_Closed,2050,1,313,313,3.3732746912016225
16374,SK_Pump_Hydro_Closed,2050,1,314,314,3.336665304906977
16375,SK_Pump_Hydro_Closed,2050,1,315,315,3.300114253323901
16376,SK_Pump_Hydro_Closed,2050,1,316,316,3.2721901133781985
16377,SK_Pump_Hydro_Closed,2050,1,317,317,3.235596754376372
16378,SK_Pump_Hydro_Closed,2050,1,318,318,3.1989660235411996
16379,SK_Pump_Hydro_Closed,2050,1,319,319,3.199063501752359
16380,SK_Pump_Hydro_Closed,2050,1,320,320,3.181695376923428
16381,SK_Pump_Hydro_Closed,2050,1,321,321,3.1535445488387346
16382,SK_Pump_Hydro_Closed,2050,1,322,322,3.116928876232269
16383,SK_Pump_Hydro_Closed,2050,1,323,323,3.0802981453970966
16384,SK_Pump_Hydro_Closed,2050,1,324,324,3.068997814852812
16385,SK_Pump_Hydro_Closed,2050,1,325,325,3.059749659044882
16386,SK_Pump_Hydro_Closed,2050,1,326,326,3.059030806011732
16387,SK_Pump_Hydro_Closed,2050,1,327,327,3.1093535668554217
16388,SK_Pump_Hydro_Closed,2050,1,328,328,3.072745740035415
16389,SK_Pump_Hydro_Closed,2050,1,329,329,3.039303792749841
16390,SK_Pump_Hydro_Closed,2050,1,330,330,3.0434963045419363
16391,SK_Pump_Hydro_Closed,2050,1,331,331,3.0068655737067638
16392,SK_Pump_Hydro_Closed,2050,1,332,332,2.9702348428715912
16393,SK_Pump_Hydro_Closed,2050,1,333,333,2.9336041120364187
16394,SK_Pump_Hydro_Closed,2050,1,334,334,2.896973381201246
16395,SK_Pump_Hydro_Closed,2050,1,335,335,2.8603426503660736
16396,SK_Pump_Hydro_Closed,2050,1,336,336,2.8311313105429767
16397,SK_Pump_Hydro_Closed,2050,1,337,337,2.802797938199877
16398,SK_Pump_Hydro_Closed,2050,1,338,338,2.7661672073647043
16399,SK_Pump_Hydro_Closed,2050,1,339,339,2.729536476529532
16400,SK_Pump_Hydro_Closed,2050,1,340,340,2.6929057456943593
16401,SK_Pump_Hydro_Closed,2050,1,341,341,2.6562750148591867
16402,SK_Pump_Hydro_Closed,2050,1,342,342,2.626652927887493
16403,SK_Pump_Hydro_Closed,2050,1,343,343,2.5900221970523205
16404,SK_Pump_Hydro_Closed,2050,1,344,344,2.553391466217148
16405,SK_Pump_Hydro_Closed,2050,1,345,345,2.5167607353819754
16406,SK_Pump_Hydro_Closed,2050,1,346,346,2.483483228868148
16407,SK_Pump_Hydro_Closed,2050,1,347,347,2.5032254144289428
16408,SK_Pump_Hydro_Closed,2050,1,348,348,2.533832505487625
16409,SK_Pump_Hydro_Closed,2050,1,349,349,2.567408093055174
16410,SK_Pump_Hydro_Closed,2050,1,350,350,2.5444376689545765
16411,SK_Pump_Hydro_Closed,2050,1,351,351,2.507806938119404
16412,SK_Pump_Hydro_Closed,2050,1,352,352,2.4711762072842314
16413,SK_Pump_Hydro_Closed,2050,1,353,353,2.434545476449059
16414,SK_Pump_Hydro_Closed,2050,1,354,354,2.3979147456138863
16415,SK_Pump_Hydro_Closed,2050,1,355,355,2.3612840147787137
16416,SK_Pump_Hydro_Closed,2050,1,356,356,2.324653283943541
16417,SK_Pump_Hydro_Closed,2050,1,357,357,2.2880225531083687
16418,SK_Pump_Hydro_Closed,2050,1,358,358,2.251391822273196
16419,SK_Pump_Hydro_Closed,2050,1,359,359,2.2147610914380236
16420,SK_Pump_Hydro_Closed,2050,1,360,360,2.1791960005824182
16421,SK_Pump_Hydro_Closed,2050,1,361,361,2.161071520698907
16422,SK_Pump_Hydro_Closed,2050,1,362,362,2.1462866765638924
16423,SK_Pump_Hydro_Closed,2050,1,363,363,2.1232614616703454
16424,SK_Pump_Hydro_Closed,2050,1,364,364,2.0866307308351724
16425,SK_Pump_Hydro_Closed,2050,1,365,365,2.05
16426,SK_Pump_Hydro_Open,2050,1,1,1,22.21563728355166
16427,SK_Pump_Hydro_Open,2050,1,2,2,21.656274567103328
16428,SK_Pump_Hydro_Open,2050,1,3,3,21.09691185065499
16429,SK_Pump_Hydro_Open,2050,1,4,4,20.537549134206657
16430,SK_Pump_Hydro_Open,2050,1,5,5,20.123678875464638
16431,SK_Pump_Hydro_Open,2050,1,6,6,20.018083644414705
16432,SK_Pump_Hydro_Open,2050,1,7,7,19.458720927966368
16433,SK_Pump_Hydro_Open,2050,1,8,8,18.89935821151803
16434,SK_Pump_Hydro_Open,2050,1,9,9,18.339995495069694
16435,SK_Pump_Hydro_Open,2050,1,10,10,17.780632778621356
16436,SK_Pump_Hydro_Open,2050,1,11,11,17.22127006217302
16437,SK_Pump_Hydro_Open,2050,1,12,12,16.661907345724682
16438,SK_Pump_Hydro_Open,2050,1,13,13,16.102544629276345
16439,SK_Pump_Hydro_Open,2050,1,14,14,15.54318191282801
16440,SK_Pump_Hydro_Open,2050,1,15,15,14.983819196379674
16441,SK_Pump_Hydro_Open,2050,1,16,16,14.424456479931338
16442,SK_Pump_Hydro_Open,2050,1,17,17,13.865093763483003
16443,SK_Pump_Hydro_Open,2050,1,18,18,13.921044603789037
16444,SK_Pump_Hydro_Open,2050,1,19,19,14.63822469210642
16445,SK_Pump_Hydro_Open,2050,1,20,20,14.98108527575719
16446,SK_Pump_Hydro_Open,2050,1,21,21,15.322749949140523
16447,SK_Pump_Hydro_Open,2050,1,22,22,16.039930037457903
16448,SK_Pump_Hydro_Open,2050,1,23,23,16.388166237022
16449,SK_Pump_Hydro_Open,2050,1,24,24,15.932290617547071
16450,SK_Pump_Hydro_Open,2050,1,25,25,16.149266221764854
16451,SK_Pump_Hydro_Open,2050,1,26,26,15.761225930767969
16452,SK_Pump_Hydro_Open,2050,1,27,27,15.620068067744336
16453,SK_Pump_Hydro_Open,2050,1,28,28,15.060705351296
16454,SK_Pump_Hydro_Open,2050,1,29,29,14.501342634847665
16455,SK_Pump_Hydro_Open,2050,1,30,30,13.94197991839933
16456,SK_Pump_Hydro_Open,2050,1,31,31,13.79658731567094
16457,SK_Pump_Hydro_Open,2050,1,32,32,13.253137397073647
16458,SK_Pump_Hydro_Open,2050,1,33,33,13.183350252418077
16459,SK_Pump_Hydro_Open,2050,1,34,34,13.606065255577482
16460,SK_Pump_Hydro_Open,2050,1,35,35,14.248093901497512
16461,SK_Pump_Hydro_Open,2050,1,36,36,14.626352092545233
16462,SK_Pump_Hydro_Open,2050,1,37,37,14.066989376096897
16463,SK_Pump_Hydro_Open,2050,1,38,38,13.507626659648562
16464,SK_Pump_Hydro_Open,2050,1,39,39,12.948263943200226
16465,SK_Pump_Hydro_Open,2050,1,40,40,12.587450500197713
16466,SK_Pump_Hydro_Open,2050,1,41,41,12.574153402188763
16467,SK_Pump_Hydro_Open,2050,1,42,42,13.025850721941822
16468,SK_Pump_Hydro_Open,2050,1,43,43,13.327468441911597
16469,SK_Pump_Hydro_Open,2050,1,44,44,13.503431266041536
16470,SK_Pump_Hydro_Open,2050,1,45,45,13.84658805518584
16471,SK_Pump_Hydro_Open,2050,1,46,46,13.33989260549891
16472,SK_Pump_Hydro_Open,2050,1,47,47,12.828251058414159
16473,SK_Pump_Hydro_Open,2050,1,48,48,12.324759454992902
16474,SK_Pump_Hydro_Open,2050,1,49,49,11.784407930236284
16475,SK_Pump_Hydro_Open,2050,1,50,50,11.225045213787949
16476,SK_Pump_Hydro_Open,2050,1,51,51,10.706481888308327
16477,SK_Pump_Hydro_Open,2050,1,52,52,10.470306820002515
16478,SK_Pump_Hydro_Open,2050,1,53,53,10.068478332737698
16479,SK_Pump_Hydro_Open,2050,1,54,54,9.509115616289362
16480,SK_Pump_Hydro_Open,2050,1,55,55,9.081174987138848
16481,SK_Pump_Hydro_Open,2050,1,56,56,9.382663762347066
16482,SK_Pump_Hydro_Open,2050,1,57,57,9.486986072683434
16483,SK_Pump_Hydro_Open,2050,1,58,58,9.775129895440488
16484,SK_Pump_Hydro_Open,2050,1,59,59,9.8213495983768
16485,SK_Pump_Hydro_Open,2050,1,60,60,9.261986881928465
16486,SK_Pump_Hydro_Open,2050,1,61,61,8.70262416548013
16487,SK_Pump_Hydro_Open,2050,1,62,62,8.148566167114549
16488,SK_Pump_Hydro_Open,2050,1,63,63,8.07698119772443
16489,SK_Pump_Hydro_Open,2050,1,64,64,8.266468824622935
16490,SK_Pump_Hydro_Open,2050,1,65,65,7.788512731395807
16491,SK_Pump_Hydro_Open,2050,1,66,66,7.2291500149474714
16492,SK_Pump_Hydro_Open,2050,1,67,67,6.687887708966003
16493,SK_Pump_Hydro_Open,2050,1,68,68,6.791208985348149
16494,SK_Pump_Hydro_Open,2050,1,69,69,6.4028635616889344
16495,SK_Pump_Hydro_Open,2050,1,70,70,6.563781779425053
16496,SK_Pump_Hydro_Open,2050,1,71,71,6.479632542735448
16497,SK_Pump_Hydro_Open,2050,1,72,72,6.018953937035438
16498,SK_Pump_Hydro_Open,2050,1,73,73,5.659124044817336
16499,SK_Pump_Hydro_Open,2050,1,74,74,5.2814183175787335
16500,SK_Pump_Hydro_Open,2050,1,75,75,4.829059140899985
16501,SK_Pump_Hydro_Open,2050,1,76,76,4.475712183524374
16502,SK_Pump_Hydro_Open,2050,1,77,77,4.993972744317089
16503,SK_Pump_Hydro_Open,2050,1,78,78,5.526121676554889
16504,SK_Pump_Hydro_Open,2050,1,79,79,6.034826427029493
16505,SK_Pump_Hydro_Open,2050,1,80,80,5.804985783326235
16506,SK_Pump_Hydro_Open,2050,1,81,81,5.875855904211469
16507,SK_Pump_Hydro_Open,2050,1,82,82,5.477649784303026
16508,SK_Pump_Hydro_Open,2050,1,83,83,5.990536328908741
16509,SK_Pump_Hydro_Open,2050,1,84,84,6.291200326642643
16510,SK_Pump_Hydro_Open,2050,1,85,85,5.811560021206673
16511,SK_Pump_Hydro_Open,2050,1,86,86,5.71340433693707
16512,SK_Pump_Hydro_Open,2050,1,87,87,5.586136520152444
16513,SK_Pump_Hydro_Open,2050,1,88,88,5.026773803704109
16514,SK_Pump_Hydro_Open,2050,1,89,89,4.4674110872557735
16515,SK_Pump_Hydro_Open,2050,1,90,90,3.908048370807438
16516,SK_Pump_Hydro_Open,2050,1,91,91,3.3819446914054296
16517,SK_Pump_Hydro_Open,2050,1,92,92,2.9747650692777885
16518,SK_Pump_Hydro_Open,2050,1,93,93,3.483582825024231
16519,SK_Pump_Hydro_Open,2050,1,94,94,3.9066029832349116
16520,SK_Pump_Hydro_Open,2050,1,95,95,4.497699568307962
16521,SK_Pump_Hydro_Open,2050,1,96,96,5.035470881645271
16522,SK_Pump_Hydro_Open,2050,1,97,97,4.693147763527719
16523,SK_Pump_Hydro_Open,2050,1,98,98,4.506055872238301
16524,SK_Pump_Hydro_Open,2050,1,99,99,4.273543393100466
16525,SK_Pump_Hydro_Open,2050,1,100,100,4.351336371215418
16526,SK_Pump_Hydro_Open,2050,1,101,101,4.347763699983336
16527,SK_Pump_Hydro_Open,2050,1,102,102,3.939319427629985
16528,SK_Pump_Hydro_Open,2050,1,103,103,3.5899819268795414
16529,SK_Pump_Hydro_Open,2050,1,104,104,3.214034283317516
16530,SK_Pump_Hydro_Open,2050,1,105,105,2.9035820703112645
16531,SK_Pump_Hydro_Open,2050,1,106,106,2.6060767765679484
16532,SK_Pump_Hydro_Open,2050,1,107,107,2.416650704174555
16533,SK_Pump_Hydro_Open,2050,1,108,108,2.5542329280461455
16534,SK_Pump_Hydro_Open,2050,1,109,109,2.4129586917781145
16535,SK_Pump_Hydro_Open,2050,1,110,110,2.1138365481292483
16536,SK_Pump_Hydro_Open,2050,1,111,111,1.9938537601440922
16537,SK_Pump_Hydro_Open,2050,1,112,112,1.971027647636836
16538,SK_Pump_Hydro_Open,2050,1,113,113,1.775361963864442
16539,SK_Pump_Hydro_Open,2050,1,114,114,1.8286967013738253
16540,SK_Pump_Hydro_Open,2050,1,115,115,2.144166395906879
16541,SK_Pump_Hydro_Open,2050,1,116,116,2.77418885366317
16542,SK_Pump_Hydro_Open,2050,1,117,117,3.4812605806890526
16543,SK_Pump_Hydro_Open,2050,1,118,118,3.9114694592632206
16544,SK_Pump_Hydro_Open,2050,1,119,119,3.6360023455929507
16545,SK_Pump_Hydro_Open,2050,1,120,120,3.440336661820557
16546,SK_Pump_Hydro_Open,2050,1,121,121,3.244670978048163
16547,SK_Pump_Hydro_Open,2050,1,122,122,3.0490052942757693
16548,SK_Pump_Hydro_Open,2050,1,123,123,3.1072844217953013
16549,SK_Pump_Hydro_Open,2050,1,124,124,2.9116187380229075
16550,SK_Pump_Hydro_Open,2050,1,125,125,2.7159530542505137
16551,SK_Pump_Hydro_Open,2050,1,126,126,2.4954283694758748
16552,SK_Pump_Hydro_Open,2050,1,127,127,2.299762685703481
16553,SK_Pump_Hydro_Open,2050,1,128,128,2.104097001931087
16554,SK_Pump_Hydro_Open,2050,1,129,129,1.9084313181586932
16555,SK_Pump_Hydro_Open,2050,1,130,130,1.7127656343862991
16556,SK_Pump_Hydro_Open,2050,1,131,131,1.5170999506139051
16557,SK_Pump_Hydro_Open,2050,1,132,132,1.321434266841511
16558,SK_Pump_Hydro_Open,2050,1,133,133,1.125768583069117
16559,SK_Pump_Hydro_Open,2050,1,134,134,1.230766846593151
16560,SK_Pump_Hydro_Open,2050,1,135,135,1.3933620435750418
16561,SK_Pump_Hydro_Open,2050,1,136,136,1.327642460182174
16562,SK_Pump_Hydro_Open,2050,1,137,137,1.13197677640978
16563,SK_Pump_Hydro_Open,2050,1,138,138,0.9363110926373859
16564,SK_Pump_Hydro_Open,2050,1,139,139,0.7406454088649919
16565,SK_Pump_Hydro_Open,2050,1,140,140,1.0689188821383726
16566,SK_Pump_Hydro_Open,2050,1,141,141,1.4992017408432372
16567,SK_Pump_Hydro_Open,2050,1,142,142,1.4849526607140215
16568,SK_Pump_Hydro_Open,2050,1,143,143,1.4050049211021498
16569,SK_Pump_Hydro_Open,2050,1,144,144,1.7223351408852232
16570,SK_Pump_Hydro_Open,2050,1,145,145,2.1791295233919583
16571,SK_Pump_Hydro_Open,2050,1,146,146,2.2643927133889745
16572,SK_Pump_Hydro_Open,2050,1,147,147,2.200444851315775
16573,SK_Pump_Hydro_Open,2050,1,148,148,2.004779167543381
16574,SK_Pump_Hydro_Open,2050,1,149,149,1.9498799556857551
16575,SK_Pump_Hydro_Open,2050,1,150,150,1.754214271913361
16576,SK_Pump_Hydro_Open,2050,1,151,151,1.552792139328508
16577,SK_Pump_Hydro_Open,2050,1,152,152,1.357126455556114
16578,SK_Pump_Hydro_Open,2050,1,153,153,1.16146077178372
16579,SK_Pump_Hydro_Open,2050,1,154,154,0.965795088011326
16580,SK_Pump_Hydro_Open,2050,1,155,155,0.770129404238932
16581,SK_Pump_Hydro_Open,2050,1,156,156,0.7349840383407236
16582,SK_Pump_Hydro_Open,2050,1,157,157,0.5393183545683295
16583,SK_Pump_Hydro_Open,2050,1,158,158,0.34365267079593553
16584,SK_Pump_Hydro_Open,2050,1,159,159,0.14798698702354154
16585,SK_Pump_Hydro_Open,2050,1,160,160,0.195665683772394
16586,SK_Pump_Hydro_Open,2050,1,161,161,0.0
16587,SK_Pump_Hydro_Open,2050,1,162,162,0.06679243956301387
16588,SK_Pump_Hydro_Open,2050,1,163,163,0.4971147142947838
16589,SK_Pump_Hydro_Open,2050,1,164,164,0.9925374133800167
16590,SK_Pump_Hydro_Open,2050,1,165,165,0.7968717296076226
16591,SK_Pump_Hydro_Open,2050,1,166,166,0.7164115690681683
16592,SK_Pump_Hydro_Open,2050,1,167,167,1.0986465232606042
16593,SK_Pump_Hydro_Open,2050,1,168,168,1.195244416125254
16594,SK_Pump_Hydro_Open,2050,1,169,169,0.9775002937090373
16595,SK_Pump_Hydro_Open,2050,1,170,170,1.1457889443546208
16596,SK_Pump_Hydro_Open,2050,1,171,171,1.8629690326720032
16597,SK_Pump_Hydro_Open,2050,1,172,172,2.5801491209893856
16598,SK_Pump_Hydro_Open,2050,1,173,173,3.246719187649774
16599,SK_Pump_Hydro_Open,2050,1,174,174,3.371959076656122
16600,SK_Pump_Hydro_Open,2050,1,175,175,3.176293392883728
16601,SK_Pump_Hydro_Open,2050,1,176,176,3.1618764366480927
16602,SK_Pump_Hydro_Open,2050,1,177,177,3.741781303263373
16603,SK_Pump_Hydro_Open,2050,1,178,178,4.458961391580756
16604,SK_Pump_Hydro_Open,2050,1,179,179,5.176141479898138
16605,SK_Pump_Hydro_Open,2050,1,180,180,5.739680698014885
16606,SK_Pump_Hydro_Open,2050,1,181,181,6.35141511743639
16607,SK_Pump_Hydro_Open,2050,1,182,182,6.795781224662034
16608,SK_Pump_Hydro_Open,2050,1,183,183,7.129083114194006
16609,SK_Pump_Hydro_Open,2050,1,184,184,7.541225651961467
16610,SK_Pump_Hydro_Open,2050,1,185,185,8.09304506151557
16611,SK_Pump_Hydro_Open,2050,1,186,186,8.810225149832952
16612,SK_Pump_Hydro_Open,2050,1,187,187,8.614559466060559
16613,SK_Pump_Hydro_Open,2050,1,188,188,8.418893782288166
16614,SK_Pump_Hydro_Open,2050,1,189,189,8.134744200855508
16615,SK_Pump_Hydro_Open,2050,1,190,190,7.8937272911559635
16616,SK_Pump_Hydro_Open,2050,1,191,191,7.698061607383569
16617,SK_Pump_Hydro_Open,2050,1,192,192,8.141574216308804
16618,SK_Pump_Hydro_Open,2050,1,193,193,8.849036936192608
16619,SK_Pump_Hydro_Open,2050,1,194,194,9.56621702450999
16620,SK_Pump_Hydro_Open,2050,1,195,195,10.283397112827373
16621,SK_Pump_Hydro_Open,2050,1,196,196,10.847774115834607
16622,SK_Pump_Hydro_Open,2050,1,197,197,11.358652438556955
16623,SK_Pump_Hydro_Open,2050,1,198,198,11.7070971390549
16624,SK_Pump_Hydro_Open,2050,1,199,199,11.632858795682854
16625,SK_Pump_Hydro_Open,2050,1,200,200,12.01287895447962
16626,SK_Pump_Hydro_Open,2050,1,201,201,12.438907168657767
16627,SK_Pump_Hydro_Open,2050,1,202,202,12.501269108897288
16628,SK_Pump_Hydro_Open,2050,1,203,203,12.605652294650522
16629,SK_Pump_Hydro_Open,2050,1,204,204,12.799710861851693
16630,SK_Pump_Hydro_Open,2050,1,205,205,13.34125825535969
16631,SK_Pump_Hydro_Open,2050,1,206,206,13.19050734099255
16632,SK_Pump_Hydro_Open,2050,1,207,207,12.920534641398303
16633,SK_Pump_Hydro_Open,2050,1,208,208,13.177084613912935
16634,SK_Pump_Hydro_Open,2050,1,209,209,13.599021355449636
16635,SK_Pump_Hydro_Open,2050,1,210,210,13.554659595216938
16636,SK_Pump_Hydro_Open,2050,1,211,211,13.662897274358425
16637,SK_Pump_Hydro_Open,2050,1,212,212,13.852747781765299
16638,SK_Pump_Hydro_Open,2050,1,213,213,14.460183414075601
16639,SK_Pump_Hydro_Open,2050,1,214,214,15.177363502392984
16640,SK_Pump_Hydro_Open,2050,1,215,215,15.876114383683635
16641,SK_Pump_Hydro_Open,2050,1,216,216,16.42963666483799
16642,SK_Pump_Hydro_Open,2050,1,217,217,16.945977540710594
16643,SK_Pump_Hydro_Open,2050,1,218,218,17.663157629027975
16644,SK_Pump_Hydro_Open,2050,1,219,219,18.380337717345355
16645,SK_Pump_Hydro_Open,2050,1,220,220,19.097517805662736
16646,SK_Pump_Hydro_Open,2050,1,221,221,19.814697893980117
16647,SK_Pump_Hydro_Open,2050,1,222,222,20.531877982297498
16648,SK_Pump_Hydro_Open,2050,1,223,223,21.24905807061488
16649,SK_Pump_Hydro_Open,2050,1,224,224,21.96623815893226
16650,SK_Pump_Hydro_Open,2050,1,225,225,22.42361309532974
16651,SK_Pump_Hydro_Open,2050,1,226,226,22.845084420105245
16652,SK_Pump_Hydro_Open,2050,1,227,227,23.289072132866867
16653,SK_Pump_Hydro_Open,2050,1,228,228,23.4726212459807
16654,SK_Pump_Hydro_Open,2050,1,229,229,23.352979841462414
16655,SK_Pump_Hydro_Open,2050,1,230,230,23.343798551395004
16656,SK_Pump_Hydro_Open,2050,1,231,231,23.91943126254169
16657,SK_Pump_Hydro_Open,2050,1,232,232,24.63661135085907
16658,SK_Pump_Hydro_Open,2050,1,233,233,25.35379143917645
16659,SK_Pump_Hydro_Open,2050,1,234,234,26.037101043420666
16660,SK_Pump_Hydro_Open,2050,1,235,235,26.239686825076557
16661,SK_Pump_Hydro_Open,2050,1,236,236,26.105587632447403
16662,SK_Pump_Hydro_Open,2050,1,237,237,25.783065724980112
16663,SK_Pump_Hydro_Open,2050,1,238,238,25.747623712738555
16664,SK_Pump_Hydro_Open,2050,1,239,239,25.619583589761724
16665,SK_Pump_Hydro_Open,2050,1,240,240,25.576410494460987
16666,SK_Pump_Hydro_Open,2050,1,241,241,25.706855310850365
16667,SK_Pump_Hydro_Open,2050,1,242,242,26.424035399167746
16668,SK_Pump_Hydro_Open,2050,1,243,243,27.141215487485127
16669,SK_Pump_Hydro_Open,2050,1,244,244,27.275917533540436
16670,SK_Pump_Hydro_Open,2050,1,245,245,27.21225875626893
16671,SK_Pump_Hydro_Open,2050,1,246,246,27.92943884458631
16672,SK_Pump_Hydro_Open,2050,1,247,247,28.646618932903692
16673,SK_Pump_Hydro_Open,2050,1,248,248,28.47502653018212
16674,SK_Pump_Hydro_Open,2050,1,249,249,28.42052210108398
16675,SK_Pump_Hydro_Open,2050,1,250,250,28.329879052107565
16676,SK_Pump_Hydro_Open,2050,1,251,251,28.4339854116254
16677,SK_Pump_Hydro_Open,2050,1,252,252,29.15116549994278
16678,SK_Pump_Hydro_Open,2050,1,253,253,29.868345588260162
16679,SK_Pump_Hydro_Open,2050,1,254,254,30.208675889576625
16680,SK_Pump_Hydro_Open,2050,1,255,255,29.93680210438593
16681,SK_Pump_Hydro_Open,2050,1,256,256,29.936322485256373
16682,SK_Pump_Hydro_Open,2050,1,257,257,29.518101691708615
16683,SK_Pump_Hydro_Open,2050,1,258,258,29.127523912505332
16684,SK_Pump_Hydro_Open,2050,1,259,259,29.471230898299332
16685,SK_Pump_Hydro_Open,2050,1,260,260,29.16692193991297
16686,SK_Pump_Hydro_Open,2050,1,261,261,28.834626805400564
16687,SK_Pump_Hydro_Open,2050,1,262,262,29.090630335899963
16688,SK_Pump_Hydro_Open,2050,1,263,263,29.807810424217344
16689,SK_Pump_Hydro_Open,2050,1,264,264,30.524990512534725
16690,SK_Pump_Hydro_Open,2050,1,265,265,31.046041694384904
16691,SK_Pump_Hydro_Open,2050,1,266,266,31.64866201398546
16692,SK_Pump_Hydro_Open,2050,1,267,267,31.994846363192686
16693,SK_Pump_Hydro_Open,2050,1,268,268,32.666834945963615
16694,SK_Pump_Hydro_Open,2050,1,269,269,33.384015034281
16695,SK_Pump_Hydro_Open,2050,1,270,270,33.83899463523906
16696,SK_Pump_Hydro_Open,2050,1,271,271,34.13863846888324
16697,SK_Pump_Hydro_Open,2050,1,272,272,34.59311552943523
16698,SK_Pump_Hydro_Open,2050,1,273,273,34.81334808742422
16699,SK_Pump_Hydro_Open,2050,1,274,274,34.47158589672402
16700,SK_Pump_Hydro_Open,2050,1,275,275,34.187500986374005
16701,SK_Pump_Hydro_Open,2050,1,276,276,34.90468107469139
16702,SK_Pump_Hydro_Open,2050,1,277,277,35.621861163008774
16703,SK_Pump_Hydro_Open,2050,1,278,278,36.16997230581047
16704,SK_Pump_Hydro_Open,2050,1,279,279,35.84179297958782
16705,SK_Pump_Hydro_Open,2050,1,280,280,35.63442348341632
16706,SK_Pump_Hydro_Open,2050,1,281,281,36.248250332741534
16707,SK_Pump_Hydro_Open,2050,1,282,282,36.96543042105892
16708,SK_Pump_Hydro_Open,2050,1,283,283,37.6826105093763
16709,SK_Pump_Hydro_Open,2050,1,284,284,38.11604400521937
16710,SK_Pump_Hydro_Open,2050,1,285,285,38.76650201718818
16711,SK_Pump_Hydro_Open,2050,1,286,286,39.134241591261315
16712,SK_Pump_Hydro_Open,2050,1,287,287,39.479355206690705
16713,SK_Pump_Hydro_Open,2050,1,288,288,39.33759757109201
16714,SK_Pump_Hydro_Open,2050,1,289,289,39.333804889538975
16715,SK_Pump_Hydro_Open,2050,1,290,290,40.05098497785636
16716,SK_Pump_Hydro_Open,2050,1,291,291,40.768165066173744
16717,SK_Pump_Hydro_Open,2050,1,292,292,41.48534515449113
16718,SK_Pump_Hydro_Open,2050,1,293,293,42.20252524280851
16719,SK_Pump_Hydro_Open,2050,1,294,294,42.588595603751685
16720,SK_Pump_Hydro_Open,2050,1,295,295,42.150377977987304
16721,SK_Pump_Hydro_Open,2050,1,296,296,41.78773907475747
16722,SK_Pump_Hydro_Open,2050,1,297,297,42.1150984733876
16723,SK_Pump_Hydro_Open,2050,1,298,298,41.890779739368696
16724,SK_Pump_Hydro_Open,2050,1,299,299,42.06328811063885
16725,SK_Pump_Hydro_Open,2050,1,300,300,42.3488143997226
16726,SK_Pump_Hydro_Open,2050,1,301,301,42.539637471159395
16727,SK_Pump_Hydro_Open,2050,1,302,302,43.0668460814174
16728,SK_Pump_Hydro_Open,2050,1,303,303,43.512697617904855
16729,SK_Pump_Hydro_Open,2050,1,304,304,43.37455385848788
16730,SK_Pump_Hydro_Open,2050,1,305,305,43.171584593815524
16731,SK_Pump_Hydro_Open,2050,1,306,306,43.13804953531105
16732,SK_Pump_Hydro_Open,2050,1,307,307,43.803873553176125
16733,SK_Pump_Hydro_Open,2050,1,308,308,44.52105364149351
16734,SK_Pump_Hydro_Open,2050,1,309,309,45.216741600463045
16735,SK_Pump_Hydro_Open,2050,1,310,310,45.55
16736,SK_Pump_Hydro_Open,2050,1,311,311,45.25160126180202
16737,SK_Pump_Hydro_Open,2050,1,312,312,44.777513368378955
16738,SK_Pump_Hydro_Open,2050,1,313,313,44.21815065193062
16739,SK_Pump_Hydro_Open,2050,1,314,314,43.678583075332575
16740,SK_Pump_Hydro_Open,2050,1,315,315,43.19311569227845
16741,SK_Pump_Hydro_Open,2050,1,316,316,42.83632569917809
16742,SK_Pump_Hydro_Open,2050,1,317,317,42.311621993852384
16743,SK_Pump_Hydro_Open,2050,1,318,318,41.75225927740405
16744,SK_Pump_Hydro_Open,2050,1,319,319,41.65722723730646
16745,SK_Pump_Hydro_Open,2050,1,320,320,41.34138902443174
16746,SK_Pump_Hydro_Open,2050,1,321,321,40.9110824707161
16747,SK_Pump_Hydro_Open,2050,1,322,322,40.365684905814106
16748,SK_Pump_Hydro_Open,2050,1,323,323,39.80632218936577
16749,SK_Pump_Hydro_Open,2050,1,324,324,39.5671951229723
16750,SK_Pump_Hydro_Open,2050,1,325,325,39.35401235683369
16751,SK_Pump_Hydro_Open,2050,1,326,326,39.24865997581454
16752,SK_Pump_Hydro_Open,2050,1,327,327,39.78859326782042
16753,SK_Pump_Hydro_Open,2050,1,328,328,39.25047196356173
16754,SK_Pump_Hydro_Open,2050,1,329,329,38.73142294769307
16755,SK_Pump_Hydro_Open,2050,1,330,330,38.68816173339088
16756,SK_Pump_Hydro_Open,2050,1,331,331,38.128799016942544
16757,SK_Pump_Hydro_Open,2050,1,332,332,37.56943630049421
16758,SK_Pump_Hydro_Open,2050,1,333,333,37.01007358404588
16759,SK_Pump_Hydro_Open,2050,1,334,334,36.45071086759754
16760,SK_Pump_Hydro_Open,2050,1,335,335,35.89134815114921
16761,SK_Pump_Hydro_Open,2050,1,336,336,35.44199863185216
16762,SK_Pump_Hydro_Open,2050,1,337,337,34.987533980966695
16763,SK_Pump_Hydro_Open,2050,1,338,338,34.42817126451836
16764,SK_Pump_Hydro_Open,2050,1,339,339,33.86880854807003
16765,SK_Pump_Hydro_Open,2050,1,340,340,33.309445831621694
16766,SK_Pump_Hydro_Open,2050,1,341,341,32.75008311517336
16767,SK_Pump_Hydro_Open,2050,1,342,342,32.27932608982544
16768,SK_Pump_Hydro_Open,2050,1,343,343,31.7199633733771
16769,SK_Pump_Hydro_Open,2050,1,344,344,31.160600656928764
16770,SK_Pump_Hydro_Open,2050,1,345,345,30.601237940480427
16771,SK_Pump_Hydro_Open,2050,1,346,346,30.084267841519168
16772,SK_Pump_Hydro_Open,2050,1,347,347,30.237590961861372
16773,SK_Pump_Hydro_Open,2050,1,348,348,30.528271961863787
16774,SK_Pump_Hydro_Open,2050,1,349,349,30.856481717759753
16775,SK_Pump_Hydro_Open,2050,1,350,350,30.469817306780723
16776,SK_Pump_Hydro_Open,2050,1,351,351,29.910454590332385
16777,SK_Pump_Hydro_Open,2050,1,352,352,29.351091873884048
16778,SK_Pump_Hydro_Open,2050,1,353,353,28.79172915743571
16779,SK_Pump_Hydro_Open,2050,1,354,354,28.232366440987374
16780,SK_Pump_Hydro_Open,2050,1,355,355,27.673003724539036
16781,SK_Pump_Hydro_Open,2050,1,356,356,27.1136410080907
16782,SK_Pump_Hydro_Open,2050,1,357,357,26.554278291642362
16783,SK_Pump_Hydro_Open,2050,1,358,358,25.994915575194025
16784,SK_Pump_Hydro_Open,2050,1,359,359,25.435552858745687
16785,SK_Pump_Hydro_Open,2050,1,360,360,24.889662330168974
16786,SK_Pump_Hydro_Open,2050,1,361,361,24.56426201603275
16787,SK_Pump_Hydro_Open,2050,1,362,362,24.281082527962635
16788,SK_Pump_Hydro_Open,2050,1,363,363,23.89372543289667
16789,SK_Pump_Hydro_Open,2050,1,364,364,23.334362716448336
16790,SK_Pump_Hydro_Open,2050,1,365,365,22.775
16791,UK_Pump_Hydro_Closed,2050,1,1,1,13.524197051904194
16792,UK_Pump_Hydro_Closed,2050,1,2,2,13.848394103808388
16793,UK_Pump_Hydro_Closed,2050,1,3,3,14.172591155712583
16794,UK_Pump_Hydro_Closed,2050,1,4,4,14.496788207616778
16795,UK_Pump_Hydro_Closed,2050,1,5,5,14.736660322452986
16796,UK_Pump_Hydro_Closed,2050,1,6,6,14.797861510152616
16797,UK_Pump_Hydro_Closed,2050,1,7,7,15.12205856205681
16798,UK_Pump_Hydro_Closed,2050,1,8,8,15.446255613961005
16799,UK_Pump_Hydro_Closed,2050,1,9,9,15.7704526658652
16800,UK_Pump_Hydro_Closed,2050,1,10,10,16.094649717769393
16801,UK_Pump_Hydro_Closed,2050,1,11,11,16.418846769673586
16802,UK_Pump_Hydro_Closed,2050,1,12,12,16.74304382157778
16803,UK_Pump_Hydro_Closed,2050,1,13,13,17.06724087348197
16804,UK_Pump_Hydro_Closed,2050,1,14,14,17.391437925386164
16805,UK_Pump_Hydro_Closed,2050,1,15,15,17.715634977290357
16806,UK_Pump_Hydro_Closed,2050,1,16,16,18.03983202919455
16807,UK_Pump_Hydro_Closed,2050,1,17,17,18.364029081098742
16808,UK_Pump_Hydro_Closed,2050,1,18,18,18.331600932161788
16809,UK_Pump_Hydro_Closed,2050,1,19,19,17.915935633993207
16810,UK_Pump_Hydro_Closed,2050,1,20,20,17.7172195108674
16811,UK_Pump_Hydro_Closed,2050,1,21,21,17.51919651685379
16812,UK_Pump_Hydro_Closed,2050,1,22,22,17.10353121868521
16813,UK_Pump_Hydro_Closed,2050,1,23,23,16.901699480628302
16814,UK_Pump_Hydro_Closed,2050,1,24,24,17.16591718324385
16815,UK_Pump_Hydro_Closed,2050,1,25,25,17.040161838538044
16816,UK_Pump_Hydro_Closed,2050,1,26,26,17.265063346382558
16817,UK_Pump_Hydro_Closed,2050,1,27,27,17.34687602659823
16818,UK_Pump_Hydro_Closed,2050,1,28,28,17.671073078502424
16819,UK_Pump_Hydro_Closed,2050,1,29,29,17.995270130406617
16820,UK_Pump_Hydro_Closed,2050,1,30,30,18.31946718231081
16821,UK_Pump_Hydro_Closed,2050,1,31,31,18.403734245143514
16822,UK_Pump_Hydro_Closed,2050,1,32,32,18.718708511904623
16823,UK_Pump_Hydro_Closed,2050,1,33,33,18.75915594590917
16824,UK_Pump_Hydro_Closed,2050,1,34,34,18.5141575686664
16825,UK_Pump_Hydro_Closed,2050,1,35,35,18.142048759615054
16826,UK_Pump_Hydro_Closed,2050,1,36,36,17.922816789392005
16827,UK_Pump_Hydro_Closed,2050,1,37,37,18.247013841296198
16828,UK_Pump_Hydro_Closed,2050,1,38,38,18.57121089320039
16829,UK_Pump_Hydro_Closed,2050,1,39,39,18.895407945104584
16830,UK_Pump_Hydro_Closed,2050,1,40,40,19.10452923808519
16831,UK_Pump_Hydro_Closed,2050,1,41,41,19.112236008391143
16832,UK_Pump_Hydro_Closed,2050,1,42,42,18.850439976745022
16833,UK_Pump_Hydro_Closed,2050,1,43,43,18.675627511164297
16834,UK_Pump_Hydro_Closed,2050,1,44,44,18.57364247149294
16835,UK_Pump_Hydro_Closed,2050,1,45,45,18.374754672735317
16836,UK_Pump_Hydro_Closed,2050,1,46,46,18.668426678700957
16837,UK_Pump_Hydro_Closed,2050,1,47,47,18.964965358021207
16838,UK_Pump_Hydro_Closed,2050,1,48,48,19.25678046955406
16839,UK_Pump_Hydro_Closed,2050,1,49,49,19.56995896030213
16840,UK_Pump_Hydro_Closed,2050,1,50,50,19.894156012206324
16841,UK_Pump_Hydro_Closed,2050,1,51,51,20.19470643575544
16842,UK_Pump_Hydro_Closed,2050,1,52,52,20.331589461074284
16843,UK_Pump_Hydro_Closed,2050,1,53,53,20.564482371366076
16844,UK_Pump_Hydro_Closed,2050,1,54,54,20.88867942327027
16845,UK_Pump_Hydro_Closed,2050,1,55,55,21.136706483853665
16846,UK_Pump_Hydro_Closed,2050,1,56,56,20.961968752448684
16847,UK_Pump_Hydro_Closed,2050,1,57,57,20.90150532779709
16848,UK_Pump_Hydro_Closed,2050,1,58,58,20.734502102313307
16849,UK_Pump_Hydro_Closed,2050,1,59,59,20.70771395395944
16850,UK_Pump_Hydro_Closed,2050,1,60,60,21.031911005863634
16851,UK_Pump_Hydro_Closed,2050,1,61,61,21.356108057767827
16852,UK_Pump_Hydro_Closed,2050,1,62,62,21.677230585909463
16853,UK_Pump_Hydro_Closed,2050,1,63,63,21.718720008344132
16854,UK_Pump_Hydro_Closed,2050,1,64,64,21.60889622458737
16855,UK_Pump_Hydro_Closed,2050,1,65,65,21.885911391682786
16856,UK_Pump_Hydro_Closed,2050,1,66,66,22.21010844358698
16857,UK_Pump_Hydro_Closed,2050,1,67,67,22.523814807536723
16858,UK_Pump_Hydro_Closed,2050,1,68,68,22.463931565023252
16859,UK_Pump_Hydro_Closed,2050,1,69,69,22.689009922533753
16860,UK_Pump_Hydro_Closed,2050,1,70,70,22.595744479103814
16861,UK_Pump_Hydro_Closed,2050,1,71,71,22.644515935714256
16862,UK_Pump_Hydro_Closed,2050,1,72,72,22.911517366899332
16863,UK_Pump_Hydro_Closed,2050,1,73,73,23.12006861068765
16864,UK_Pump_Hydro_Closed,2050,1,74,74,23.338980382347344
16865,UK_Pump_Hydro_Closed,2050,1,75,75,23.601160014933928
16866,UK_Pump_Hydro_Closed,2050,1,76,76,23.80595386070157
16867,UK_Pump_Hydro_Closed,2050,1,77,77,23.505578914380436
16868,UK_Pump_Hydro_Closed,2050,1,78,78,23.197154505794753
16869,UK_Pump_Hydro_Closed,2050,1,79,79,22.902317943499924
16870,UK_Pump_Hydro_Closed,2050,1,80,80,23.035529644790067
16871,UK_Pump_Hydro_Closed,2050,1,81,81,22.994454536307735
16872,UK_Pump_Hydro_Closed,2050,1,82,82,23.225247984509338
16873,UK_Pump_Hydro_Closed,2050,1,83,83,22.92798772594532
16874,UK_Pump_Hydro_Closed,2050,1,84,84,22.75372802144093
16875,UK_Pump_Hydro_Closed,2050,1,85,85,23.031719329092077
16876,UK_Pump_Hydro_Closed,2050,1,86,86,23.088608682872923
16877,UK_Pump_Hydro_Closed,2050,1,87,87,23.162370930142167
16878,UK_Pump_Hydro_Closed,2050,1,88,88,23.48656798204636
16879,UK_Pump_Hydro_Closed,2050,1,89,89,23.810765033950553
16880,UK_Pump_Hydro_Closed,2050,1,90,90,24.134962085854745
16881,UK_Pump_Hydro_Closed,2050,1,91,91,24.43988276941596
16882,UK_Pump_Hydro_Closed,2050,1,92,92,24.6758771058412
16883,UK_Pump_Hydro_Closed,2050,1,93,93,24.380975047625917
16884,UK_Pump_Hydro_Closed,2050,1,94,94,24.13579980774091
16885,UK_Pump_Hydro_Closed,2050,1,95,95,23.79321034899385
16886,UK_Pump_Hydro_Closed,2050,1,96,96,23.481527304600768
16887,UK_Pump_Hydro_Closed,2050,1,97,97,23.679931921907098
16888,UK_Pump_Hydro_Closed,2050,1,98,98,23.78836717832951
16889,UK_Pump_Hydro_Closed,2050,1,99,99,23.923127429684914
16890,UK_Pump_Hydro_Closed,2050,1,100,100,23.878039951699517
16891,UK_Pump_Hydro_Closed,2050,1,101,101,23.88011061076707
16892,UK_Pump_Hydro_Closed,2050,1,102,102,24.11683791680721
16893,UK_Pump_Hydro_Closed,2050,1,103,103,24.319307950173
16894,UK_Pump_Hydro_Closed,2050,1,104,104,24.537200766639245
16895,UK_Pump_Hydro_Closed,2050,1,105,105,24.717133553101704
16896,UK_Pump_Hydro_Closed,2050,1,106,106,24.889562526862925
16897,UK_Pump_Hydro_Closed,2050,1,107,107,24.999350634682585
16898,UK_Pump_Hydro_Closed,2050,1,108,108,24.919610333690052
16899,UK_Pump_Hydro_Closed,2050,1,109,109,25.001490461845396
16900,UK_Pump_Hydro_Closed,2050,1,110,110,25.17485653412487
16901,UK_Pump_Hydro_Closed,2050,1,111,111,25.244396503451064
16902,UK_Pump_Hydro_Closed,2050,1,112,112,25.257626127385016
16903,UK_Pump_Hydro_Closed,2050,1,113,113,25.371030607112594
16904,UK_Pump_Hydro_Closed,2050,1,114,114,25.340118706558307
16905,UK_Pump_Hydro_Closed,2050,1,115,115,25.157277873722467
16906,UK_Pump_Hydro_Closed,2050,1,116,116,24.792127645736386
16907,UK_Pump_Hydro_Closed,2050,1,117,117,24.38232098067638
16908,UK_Pump_Hydro_Closed,2050,1,118,118,24.132979281568627
16909,UK_Pump_Hydro_Closed,2050,1,119,119,24.292635303542177
16910,UK_Pump_Hydro_Closed,2050,1,120,120,24.406039783269755
16911,UK_Pump_Hydro_Closed,2050,1,121,121,24.519444262997332
16912,UK_Pump_Hydro_Closed,2050,1,122,122,24.63284874272491
16913,UK_Pump_Hydro_Closed,2050,1,123,123,24.599071158388675
16914,UK_Pump_Hydro_Closed,2050,1,124,124,24.712475638116253
16915,UK_Pump_Hydro_Closed,2050,1,125,125,24.82588011784383
16916,UK_Pump_Hydro_Closed,2050,1,126,126,24.953692448865795
16917,UK_Pump_Hydro_Closed,2050,1,127,127,25.067096928593372
16918,UK_Pump_Hydro_Closed,2050,1,128,128,25.18050140832095
16919,UK_Pump_Hydro_Closed,2050,1,129,129,25.293905888048528
16920,UK_Pump_Hydro_Closed,2050,1,130,130,25.407310367776105
16921,UK_Pump_Hydro_Closed,2050,1,131,131,25.520714847503683
16922,UK_Pump_Hydro_Closed,2050,1,132,132,25.63411932723126
16923,UK_Pump_Hydro_Closed,2050,1,133,133,25.74752380695884
16924,UK_Pump_Hydro_Closed,2050,1,134,134,25.686668611414728
16925,UK_Pump_Hydro_Closed,2050,1,135,135,25.592431219530603
16926,UK_Pump_Hydro_Closed,2050,1,136,136,25.630521164680367
16927,UK_Pump_Hydro_Closed,2050,1,137,137,25.743925644407945
16928,UK_Pump_Hydro_Closed,2050,1,138,138,25.857330124135522
16929,UK_Pump_Hydro_Closed,2050,1,139,139,25.9707346038631
16930,UK_Pump_Hydro_Closed,2050,1,140,140,25.78047292012178
16931,UK_Pump_Hydro_Closed,2050,1,141,141,25.53108834339712
16932,UK_Pump_Hydro_Closed,2050,1,142,142,25.5393468662382
16933,UK_Pump_Hydro_Closed,2050,1,143,143,25.58568320708899
16934,UK_Pump_Hydro_Closed,2050,1,144,144,25.401764045677943
16935,UK_Pump_Hydro_Closed,2050,1,145,145,25.137013843742096
16936,UK_Pump_Hydro_Closed,2050,1,146,146,25.08759675887006
16937,UK_Pump_Hydro_Closed,2050,1,147,147,25.12465984468197
16938,UK_Pump_Hydro_Closed,2050,1,148,148,25.238064324409546
16939,UK_Pump_Hydro_Closed,2050,1,149,149,25.269882967505954
16940,UK_Pump_Hydro_Closed,2050,1,150,150,25.38328744723353
16941,UK_Pump_Hydro_Closed,2050,1,151,151,25.500028266119152
16942,UK_Pump_Hydro_Closed,2050,1,152,152,25.61343274584673
16943,UK_Pump_Hydro_Closed,2050,1,153,153,25.726837225574307
16944,UK_Pump_Hydro_Closed,2050,1,154,154,25.840241705301885
16945,UK_Pump_Hydro_Closed,2050,1,155,155,25.953646185029463
16946,UK_Pump_Hydro_Closed,2050,1,156,156,25.97401583727343
16947,UK_Pump_Hydro_Closed,2050,1,157,157,26.08742031700101
16948,UK_Pump_Hydro_Closed,2050,1,158,158,26.200824796728586
16949,UK_Pump_Hydro_Closed,2050,1,159,159,26.314229276456164
16950,UK_Pump_Hydro_Closed,2050,1,160,160,26.28659552027242
16951,UK_Pump_Hydro_Closed,2050,1,161,161,26.4
16952,UK_Pump_Hydro_Closed,2050,1,162,162,26.36128824578565
16953,UK_Pump_Hydro_Closed,2050,1,163,163,26.111880824206754
16954,UK_Pump_Hydro_Closed,2050,1,164,164,25.82474231145483
16955,UK_Pump_Hydro_Closed,2050,1,165,165,25.938146791182408
16956,UK_Pump_Hydro_Closed,2050,1,166,166,25.98478012242811
16957,UK_Pump_Hydro_Closed,2050,1,167,167,25.763243288384633
16958,UK_Pump_Hydro_Closed,2050,1,168,168,25.707256803826414
16959,UK_Pump_Hydro_Closed,2050,1,169,169,25.8334575685199
16960,UK_Pump_Hydro_Closed,2050,1,170,170,25.735920348387225
16961,UK_Pump_Hydro_Closed,2050,1,171,171,25.320255050218645
16962,UK_Pump_Hydro_Closed,2050,1,172,172,24.904589752050065
16963,UK_Pump_Hydro_Closed,2050,1,173,173,24.51825715578586
16964,UK_Pump_Hydro_Closed,2050,1,174,174,24.44567026073059
16965,UK_Pump_Hydro_Closed,2050,1,175,175,24.55907474045817
16966,UK_Pump_Hydro_Closed,2050,1,176,176,24.567430561415815
16967,UK_Pump_Hydro_Closed,2050,1,177,177,24.231327631039452
16968,UK_Pump_Hydro_Closed,2050,1,178,178,23.815662332870872
16969,UK_Pump_Hydro_Closed,2050,1,179,179,23.39999703470229
16970,UK_Pump_Hydro_Closed,2050,1,180,180,23.07337935394966
16971,UK_Pump_Hydro_Closed,2050,1,181,181,22.71882855981733
16972,UK_Pump_Hydro_Closed,2050,1,182,182,22.461281573412126
16973,UK_Pump_Hydro_Closed,2050,1,183,183,22.26810550571412
16974,UK_Pump_Hydro_Closed,2050,1,184,184,22.029234748369205
16975,UK_Pump_Hydro_Closed,2050,1,185,185,21.709409667969023
16976,UK_Pump_Hydro_Closed,2050,1,186,186,21.293744369800443
16977,UK_Pump_Hydro_Closed,2050,1,187,187,21.40714884952802
16978,UK_Pump_Hydro_Closed,2050,1,188,188,21.5205533292556
16979,UK_Pump_Hydro_Closed,2050,1,189,189,21.68524156086531
16980,UK_Pump_Hydro_Closed,2050,1,190,190,21.82493083454408
16981,UK_Pump_Hydro_Closed,2050,1,191,191,21.938335314271658
16982,UK_Pump_Hydro_Closed,2050,1,192,192,21.681283000866035
16983,UK_Pump_Hydro_Closed,2050,1,193,193,21.271249723040956
16984,UK_Pump_Hydro_Closed,2050,1,194,194,20.855584424872376
16985,UK_Pump_Hydro_Closed,2050,1,195,195,20.439919126703796
16986,UK_Pump_Hydro_Closed,2050,1,196,196,20.1128158801749
16987,UK_Pump_Hydro_Closed,2050,1,197,197,19.816719552625614
16988,UK_Pump_Hydro_Closed,2050,1,198,198,19.614766970997827
16989,UK_Pump_Hydro_Closed,2050,1,199,199,19.65779424355594
16990,UK_Pump_Hydro_Closed,2050,1,200,200,19.43754106699755
16991,UK_Pump_Hydro_Closed,2050,1,201,201,19.19062240938387
16992,UK_Pump_Hydro_Closed,2050,1,202,202,19.154478496709373
16993,UK_Pump_Hydro_Closed,2050,1,203,203,19.093979789708598
16994,UK_Pump_Hydro_Closed,2050,1,204,204,18.981506767225373
16995,UK_Pump_Hydro_Closed,2050,1,205,205,18.667635171427104
16996,UK_Pump_Hydro_Closed,2050,1,206,206,18.75500781992967
16997,UK_Pump_Hydro_Closed,2050,1,207,207,18.91147937359132
16998,UK_Pump_Hydro_Closed,2050,1,208,208,18.76278740269371
16999,UK_Pump_Hydro_Closed,2050,1,209,209,18.518240092560475
17000,UK_Pump_Hydro_Closed,2050,1,210,210,18.54395140913881
17001,UK_Pump_Hydro_Closed,2050,1,211,211,18.481218703774697
17002,UK_Pump_Hydro_Closed,2050,1,212,212,18.371184600689265
17003,UK_Pump_Hydro_Closed,2050,1,213,213,18.019125309953985
17004,UK_Pump_Hydro_Closed,2050,1,214,214,17.603460011785405
17005,UK_Pump_Hydro_Closed,2050,1,215,215,17.198475966427047
17006,UK_Pump_Hydro_Closed,2050,1,216,216,16.877663930807397
17007,UK_Pump_Hydro_Closed,2050,1,217,217,16.5784016009932
17008,UK_Pump_Hydro_Closed,2050,1,218,218,16.16273630282462
17009,UK_Pump_Hydro_Closed,2050,1,219,219,15.747071004656037
17010,UK_Pump_Hydro_Closed,2050,1,220,220,15.331405706487455
17011,UK_Pump_Hydro_Closed,2050,1,221,221,14.915740408318873
17012,UK_Pump_Hydro_Closed,2050,1,222,222,14.500075110150291
17013,UK_Pump_Hydro_Closed,2050,1,223,223,14.08440981198171
17014,UK_Pump_Hydro_Closed,2050,1,224,224,13.668744513813127
17015,UK_Pump_Hydro_Closed,2050,1,225,225,13.40365783278364
17016,UK_Pump_Hydro_Closed,2050,1,226,226,13.159380270235376
17017,UK_Pump_Hydro_Closed,2050,1,227,227,12.902052594781878
17018,UK_Pump_Hydro_Closed,2050,1,228,228,12.795670671923366
17019,UK_Pump_Hydro_Closed,2050,1,229,229,12.86501278123803
17020,UK_Pump_Hydro_Closed,2050,1,230,230,12.870334099740328
17021,UK_Pump_Hydro_Closed,2050,1,231,231,12.536707237517001
17022,UK_Pump_Hydro_Closed,2050,1,232,232,12.12104193934842
17023,UK_Pump_Hydro_Closed,2050,1,233,233,11.705376641179837
17024,UK_Pump_Hydro_Closed,2050,1,234,234,11.309342095580558
17025,UK_Pump_Hydro_Closed,2050,1,235,235,11.191926845619736
17026,UK_Pump_Hydro_Closed,2050,1,236,236,11.269648441347718
17027,UK_Pump_Hydro_Closed,2050,1,237,237,11.45657661603787
17028,UK_Pump_Hydro_Closed,2050,1,238,238,11.47711819942266
17029,UK_Pump_Hydro_Closed,2050,1,239,239,11.551328062135902
17030,UK_Pump_Hydro_Closed,2050,1,240,240,11.576350448874424
17031,UK_Pump_Hydro_Closed,2050,1,241,241,11.50074686703733
17032,UK_Pump_Hydro_Closed,2050,1,242,242,11.085081568868748
17033,UK_Pump_Hydro_Closed,2050,1,243,243,10.669416270700166
17034,UK_Pump_Hydro_Closed,2050,1,244,244,10.59134527144967
17035,UK_Pump_Hydro_Closed,2050,1,245,245,10.628240808660816
17036,UK_Pump_Hydro_Closed,2050,1,246,246,10.212575510492234
17037,UK_Pump_Hydro_Closed,2050,1,247,247,9.796910212323652
17038,UK_Pump_Hydro_Closed,2050,1,248,248,9.896362230585995
17039,UK_Pump_Hydro_Closed,2050,1,249,249,9.927952064355278
17040,UK_Pump_Hydro_Closed,2050,1,250,250,9.980487223366856
17041,UK_Pump_Hydro_Closed,2050,1,251,251,9.920148960111733
17042,UK_Pump_Hydro_Closed,2050,1,252,252,9.504483661943151
17043,UK_Pump_Hydro_Closed,2050,1,253,253,9.08881836377457
17044,UK_Pump_Hydro_Closed,2050,1,254,254,8.891568748961078
17045,UK_Pump_Hydro_Closed,2050,1,255,255,9.04914213928016
17046,UK_Pump_Hydro_Closed,2050,1,256,256,9.049420118314636
17047,UK_Pump_Hydro_Closed,2050,1,257,257,9.29181372862552
17048,UK_Pump_Hydro_Closed,2050,1,258,258,9.51818592118242
17049,UK_Pump_Hydro_Closed,2050,1,259,259,9.318979237868225
17050,UK_Pump_Hydro_Closed,2050,1,260,260,9.49535149915033
17051,UK_Pump_Hydro_Closed,2050,1,261,261,9.687944068878705
17052,UK_Pump_Hydro_Closed,2050,1,262,262,9.539568806415826
17053,UK_Pump_Hydro_Closed,2050,1,263,263,9.123903508247244
17054,UK_Pump_Hydro_Closed,2050,1,264,264,8.708238210078662
17055,UK_Pump_Hydro_Closed,2050,1,265,265,8.406245867579333
17056,UK_Pump_Hydro_Closed,2050,1,266,266,8.056977449633017
17057,UK_Pump_Hydro_Closed,2050,1,267,267,7.8563349289069855
17058,UK_Pump_Hydro_Closed,2050,1,268,268,7.466861853492
17059,UK_Pump_Hydro_Closed,2050,1,269,269,7.051196555323418
17060,UK_Pump_Hydro_Closed,2050,1,270,270,6.787498169696792
17061,UK_Pump_Hydro_Closed,2050,1,271,271,6.6138297348294754
17062,UK_Pump_Hydro_Closed,2050,1,272,272,6.3504226130166845
17063,UK_Pump_Hydro_Closed,2050,1,273,273,6.2227795936772905
17064,UK_Pump_Hydro_Closed,2050,1,274,274,6.420859107057863
17065,UK_Pump_Hydro_Closed,2050,1,275,275,6.5855098564155
17066,UK_Pump_Hydro_Closed,2050,1,276,276,6.169844558246918
17067,UK_Pump_Hydro_Closed,2050,1,277,277,5.754179260078336
17068,UK_Pump_Hydro_Closed,2050,1,278,278,5.4365034275873425
17069,UK_Pump_Hydro_Closed,2050,1,279,279,5.62671054531024
17070,UK_Pump_Hydro_Closed,2050,1,280,280,5.746898354287795
17071,UK_Pump_Hydro_Closed,2050,1,281,281,5.391134823614126
17072,UK_Pump_Hydro_Closed,2050,1,282,282,4.975469525445544
17073,UK_Pump_Hydro_Closed,2050,1,283,283,4.559804227276962
17074,UK_Pump_Hydro_Closed,2050,1,284,284,4.308593595218629
17075,UK_Pump_Hydro_Closed,2050,1,285,285,3.931599269950207
17076,UK_Pump_Hydro_Closed,2050,1,286,286,3.7184637100044173
17077,UK_Pump_Hydro_Closed,2050,1,287,287,3.5184417682407303
17078,UK_Pump_Hydro_Closed,2050,1,288,288,3.6006020663703793
17079,UK_Pump_Hydro_Closed,2050,1,289,289,3.602800239652495
17080,UK_Pump_Hydro_Closed,2050,1,290,290,3.1871349414839134
17081,UK_Pump_Hydro_Closed,2050,1,291,291,2.771469643315332
17082,UK_Pump_Hydro_Closed,2050,1,292,292,2.3558043451467503
17083,UK_Pump_Hydro_Closed,2050,1,293,293,1.9401390469781685
17084,UK_Pump_Hydro_Closed,2050,1,294,294,1.7163792768596198
17085,UK_Pump_Hydro_Closed,2050,1,295,295,1.970362708696714
17086,UK_Pump_Hydro_Closed,2050,1,296,296,2.1805420071658173
17087,UK_Pump_Hydro_Closed,2050,1,297,297,1.9908101054350695
17088,UK_Pump_Hydro_Closed,2050,1,298,298,2.1208214024295584
17089,UK_Pump_Hydro_Closed,2050,1,299,299,2.0208385044815427
17090,UK_Pump_Hydro_Closed,2050,1,300,300,1.8553523566920602
17091,UK_Pump_Hydro_Closed,2050,1,301,301,1.7447545721491073
17092,UK_Pump_Hydro_Closed,2050,1,302,302,1.43919348958464
17093,UK_Pump_Hydro_Closed,2050,1,303,303,1.1807855738158435
17094,UK_Pump_Hydro_Closed,2050,1,304,304,1.2608513311947263
17095,UK_Pump_Hydro_Closed,2050,1,305,305,1.3784888413451166
17096,UK_Pump_Hydro_Closed,2050,1,306,306,1.3979251869986458
17097,UK_Pump_Hydro_Closed,2050,1,307,307,1.0120249878408387
17098,UK_Pump_Hydro_Closed,2050,1,308,308,0.5963596896722569
17099,UK_Pump_Hydro_Closed,2050,1,309,309,0.193150861641614
17100,UK_Pump_Hydro_Closed,2050,1,310,310,0.0
17101,UK_Pump_Hydro_Closed,2050,1,311,311,0.172946798867764
17102,UK_Pump_Hydro_Closed,2050,1,312,312,0.44772002359595076
17103,UK_Pump_Hydro_Closed,2050,1,313,313,0.7719170755001452
17104,UK_Pump_Hydro_Closed,2050,1,314,314,1.0846412033198671
17105,UK_Pump_Hydro_Closed,2050,1,315,315,1.3660097853753888
17106,UK_Pump_Hydro_Closed,2050,1,316,316,1.572799155690411
17107,UK_Pump_Hydro_Closed,2050,1,317,317,1.8769084382502048
17108,UK_Pump_Hydro_Closed,2050,1,318,318,2.2011054901543994
17109,UK_Pump_Hydro_Closed,2050,1,319,319,2.256184433262555
17110,UK_Pump_Hydro_Closed,2050,1,320,320,2.4392388530187032
17111,UK_Pump_Hydro_Closed,2050,1,321,321,2.6886371629658568
17112,UK_Pump_Hydro_Closed,2050,1,322,322,3.0047402521736
17113,UK_Pump_Hydro_Closed,2050,1,323,323,3.3289373040777948
17114,UK_Pump_Hydro_Closed,2050,1,324,324,3.4675312569381167
17115,UK_Pump_Hydro_Closed,2050,1,325,325,3.591088337641943
17116,UK_Pump_Hydro_Closed,2050,1,326,326,3.652148773622307
17117,UK_Pump_Hydro_Closed,2050,1,327,327,3.33921268341473
17118,UK_Pump_Hydro_Closed,2050,1,328,328,3.6510985765525885
17119,UK_Pump_Hydro_Closed,2050,1,329,329,3.9519304979342067
17120,UK_Pump_Hydro_Closed,2050,1,330,330,3.9770039569370135
17121,UK_Pump_Hydro_Closed,2050,1,331,331,4.301201008841208
17122,UK_Pump_Hydro_Closed,2050,1,332,332,4.625398060745402
17123,UK_Pump_Hydro_Closed,2050,1,333,333,4.949595112649597
17124,UK_Pump_Hydro_Closed,2050,1,334,334,5.273792164553791
17125,UK_Pump_Hydro_Closed,2050,1,335,335,5.597989216457986
17126,UK_Pump_Hydro_Closed,2050,1,336,336,5.85842450316362
17127,UK_Pump_Hydro_Closed,2050,1,337,337,6.121824432546196
17128,UK_Pump_Hydro_Closed,2050,1,338,338,6.446021484450391
17129,UK_Pump_Hydro_Closed,2050,1,339,339,6.7702185363545855
17130,UK_Pump_Hydro_Closed,2050,1,340,340,7.09441558825878
17131,UK_Pump_Hydro_Closed,2050,1,341,341,7.418612640162975
17132,UK_Pump_Hydro_Closed,2050,1,342,342,7.691455350792717
17133,UK_Pump_Hydro_Closed,2050,1,343,343,8.015652402696912
17134,UK_Pump_Hydro_Closed,2050,1,344,344,8.339849454601106
17135,UK_Pump_Hydro_Closed,2050,1,345,345,8.6640465065053
17136,UK_Pump_Hydro_Closed,2050,1,346,346,8.963673523246847
17137,UK_Pump_Hydro_Closed,2050,1,347,347,8.874810068207676
17138,UK_Pump_Hydro_Closed,2050,1,348,348,8.706336338239206
17139,UK_Pump_Hydro_Closed,2050,1,349,349,8.516111583998734
17140,UK_Pump_Hydro_Closed,2050,1,350,350,8.740215655345528
17141,UK_Pump_Hydro_Closed,2050,1,351,351,9.064412707249723
17142,UK_Pump_Hydro_Closed,2050,1,352,352,9.388609759153917
17143,UK_Pump_Hydro_Closed,2050,1,353,353,9.712806811058112
17144,UK_Pump_Hydro_Closed,2050,1,354,354,10.037003862962306
17145,UK_Pump_Hydro_Closed,2050,1,355,355,10.361200914866501
17146,UK_Pump_Hydro_Closed,2050,1,356,356,10.685397966770696
17147,UK_Pump_Hydro_Closed,2050,1,357,357,11.00959501867489
17148,UK_Pump_Hydro_Closed,2050,1,358,358,11.333792070579085
17149,UK_Pump_Hydro_Closed,2050,1,359,359,11.65798912248328
17150,UK_Pump_Hydro_Closed,2050,1,360,360,11.974377924995366
17151,UK_Pump_Hydro_Closed,2050,1,361,361,12.162974374900884
17152,UK_Pump_Hydro_Closed,2050,1,362,362,12.32710035700958
17153,UK_Pump_Hydro_Closed,2050,1,363,363,12.55160589619161
17154,UK_Pump_Hydro_Closed,2050,1,364,364,12.875802948095805
17155,UK_Pump_Hydro_Closed,2050,1,365,365,13.2
