asset,period,value
Midgard_Wind,1:28,1.35282788928e7
Midgard_Wind,29:56,1.35282788928e7
Midgard_Wind,57:84,1.35282788928e7
Midgard_Wind,85:112,1.35282788928e7
Midgard_Wind,113:140,1.35282788928e7
Midgard_Wind,141:146,1.6712314567121467e7
Midgard_Wind,147:152,1.6712314567121467e7
Midgard_Wind,153:158,1.6712314567121467e7
Midgard_Wind,159:164,1.6712314567121467e7
Midgard_Wind,165:165,2.7853857611869113e6
Midgard_Wind,166:193,1.35282788928e7
Midgard_Wind,194:215,1.06293619872e7
