id,asset,milestone_year,rep_period,time_block_start,time_block_end,dual_balance_consumer
1,AT_E_Demand,2050,1,1,4,-0.0
2,AT_E_Demand,2050,1,5,8,-0.0
3,AT_E_Demand,2050,1,9,12,-0.0
4,AT_E_Demand,2050,1,13,16,-0.0
5,AT_E_Demand,2050,1,17,20,-0.0
6,AT_E_Demand,2050,1,21,24,-0.0
7,AT_E_Demand,2050,2,1,4,-0.0
8,AT_E_Demand,2050,2,5,8,-0.0
9,AT_E_Demand,2050,2,9,12,-0.0
10,AT_E_Demand,2050,2,13,16,-0.0
11,AT_E_Demand,2050,2,17,20,-0.0
12,AT_E_Demand,2050,2,21,24,-0.0
13,AT_E_Demand,2050,3,1,4,-0.0
14,AT_E_Demand,2050,3,5,8,-0.0
15,AT_E_Demand,2050,3,9,12,-0.0
16,AT_E_Demand,2050,3,13,16,-0.0
17,AT_E_Demand,2050,3,17,20,-0.0
18,AT_E_Demand,2050,3,21,24,-0.0
19,AT_H_Demand,2050,1,1,1,-14691.665029122396
20,AT_H_Demand,2050,1,2,2,4897.221676374132
21,AT_H_Demand,2050,1,3,3,4897.221676374132
22,AT_H_Demand,2050,1,4,4,4897.221676374132
23,AT_H_Demand,2050,1,5,5,-14691.665029122396
24,AT_H_Demand,2050,1,6,6,4897.221676374132
25,AT_H_Demand,2050,1,7,7,4897.221676374132
26,AT_H_Demand,2050,1,8,8,4897.221676374132
27,AT_H_Demand,2050,1,9,9,-14691.665029122396
28,AT_H_Demand,2050,1,10,10,4897.221676374132
29,AT_H_Demand,2050,1,11,11,4897.221676374132
30,AT_H_Demand,2050,1,12,12,4897.221676374132
31,AT_H_Demand,2050,1,13,13,-14691.665029122396
32,AT_H_Demand,2050,1,14,14,4897.221676374132
33,AT_H_Demand,2050,1,15,15,4897.221676374132
34,AT_H_Demand,2050,1,16,16,4897.221676374132
35,AT_H_Demand,2050,1,17,17,-14691.665029122396
36,AT_H_Demand,2050,1,18,18,4897.221676374132
37,AT_H_Demand,2050,1,19,19,4897.221676374132
38,AT_H_Demand,2050,1,20,20,4897.221676374132
39,AT_H_Demand,2050,1,21,21,-14691.665029122396
40,AT_H_Demand,2050,1,22,22,4897.221676374132
41,AT_H_Demand,2050,1,23,23,4897.221676374132
42,AT_H_Demand,2050,1,24,24,4897.221676374132
43,AT_H_Demand,2050,2,1,1,-19804.893071349525
44,AT_H_Demand,2050,2,2,2,6601.631023783175
45,AT_H_Demand,2050,2,3,3,6601.631023783175
46,AT_H_Demand,2050,2,4,4,6601.631023783175
47,AT_H_Demand,2050,2,5,5,-19804.893071349525
48,AT_H_Demand,2050,2,6,6,6601.631023783175
49,AT_H_Demand,2050,2,7,7,6601.631023783175
50,AT_H_Demand,2050,2,8,8,6601.631023783175
51,AT_H_Demand,2050,2,9,9,-19804.893071349525
52,AT_H_Demand,2050,2,10,10,6601.631023783175
53,AT_H_Demand,2050,2,11,11,6601.631023783175
54,AT_H_Demand,2050,2,12,12,6601.631023783175
55,AT_H_Demand,2050,2,13,13,-19804.893071349525
56,AT_H_Demand,2050,2,14,14,6601.631023783175
57,AT_H_Demand,2050,2,15,15,6601.631023783175
58,AT_H_Demand,2050,2,16,16,6601.631023783175
59,AT_H_Demand,2050,2,17,17,-19804.893071349525
60,AT_H_Demand,2050,2,18,18,6601.631023783175
61,AT_H_Demand,2050,2,19,19,6601.631023783175
62,AT_H_Demand,2050,2,20,20,6601.631023783175
63,AT_H_Demand,2050,2,21,21,-19804.893071349525
64,AT_H_Demand,2050,2,22,22,6601.631023783175
65,AT_H_Demand,2050,2,23,23,6601.631023783175
66,AT_H_Demand,2050,2,24,24,6601.631023783175
67,AT_H_Demand,2050,3,1,1,-20253.441899528087
68,AT_H_Demand,2050,3,2,2,6751.147299842695
69,AT_H_Demand,2050,3,3,3,6751.147299842695
70,AT_H_Demand,2050,3,4,4,6751.147299842695
71,AT_H_Demand,2050,3,5,5,-20253.441899528087
72,AT_H_Demand,2050,3,6,6,6751.147299842695
73,AT_H_Demand,2050,3,7,7,6751.147299842695
74,AT_H_Demand,2050,3,8,8,6751.147299842695
75,AT_H_Demand,2050,3,9,9,-20253.441899528087
76,AT_H_Demand,2050,3,10,10,6751.147299842695
77,AT_H_Demand,2050,3,11,11,6751.147299842695
78,AT_H_Demand,2050,3,12,12,6751.147299842695
79,AT_H_Demand,2050,3,13,13,-20253.441899528087
80,AT_H_Demand,2050,3,14,14,6751.147299842695
81,AT_H_Demand,2050,3,15,15,6751.147299842695
82,AT_H_Demand,2050,3,16,16,6751.147299842695
83,AT_H_Demand,2050,3,17,17,-20253.441899528087
84,AT_H_Demand,2050,3,18,18,6751.147299842695
85,AT_H_Demand,2050,3,19,19,6751.147299842695
86,AT_H_Demand,2050,3,20,20,6751.147299842695
87,AT_H_Demand,2050,3,21,21,-20253.441899528087
88,AT_H_Demand,2050,3,22,22,6751.147299842695
89,AT_H_Demand,2050,3,23,23,6751.147299842695
90,AT_H_Demand,2050,3,24,24,6751.147299842695
91,BE_E_Demand,2050,1,1,1,-0.0
92,BE_E_Demand,2050,1,2,2,-0.0
93,BE_E_Demand,2050,1,3,3,-0.0
94,BE_E_Demand,2050,1,4,4,-0.0
95,BE_E_Demand,2050,1,5,5,-0.0
96,BE_E_Demand,2050,1,6,6,-0.0
97,BE_E_Demand,2050,1,7,7,-0.0
98,BE_E_Demand,2050,1,8,8,-0.0
99,BE_E_Demand,2050,1,9,9,-0.0
100,BE_E_Demand,2050,1,10,10,-0.0
101,BE_E_Demand,2050,1,11,11,-0.0
102,BE_E_Demand,2050,1,12,12,-0.0
103,BE_E_Demand,2050,1,13,13,-0.0
104,BE_E_Demand,2050,1,14,14,-0.0
105,BE_E_Demand,2050,1,15,15,-0.0
106,BE_E_Demand,2050,1,16,16,-0.0
107,BE_E_Demand,2050,1,17,17,-0.0
108,BE_E_Demand,2050,1,18,18,-0.0
109,BE_E_Demand,2050,1,19,19,-0.0
110,BE_E_Demand,2050,1,20,20,-0.0
111,BE_E_Demand,2050,1,21,21,-0.0
112,BE_E_Demand,2050,1,22,22,-0.0
113,BE_E_Demand,2050,1,23,23,-0.0
114,BE_E_Demand,2050,1,24,24,-0.0
115,BE_E_Demand,2050,2,1,1,-0.0
116,BE_E_Demand,2050,2,2,2,-0.0
117,BE_E_Demand,2050,2,3,3,-0.0
118,BE_E_Demand,2050,2,4,4,-0.0
119,BE_E_Demand,2050,2,5,5,-0.0
120,BE_E_Demand,2050,2,6,6,-0.0
121,BE_E_Demand,2050,2,7,7,-0.0
122,BE_E_Demand,2050,2,8,8,-0.0
123,BE_E_Demand,2050,2,9,9,-0.0
124,BE_E_Demand,2050,2,10,10,-0.0
125,BE_E_Demand,2050,2,11,11,-0.0
126,BE_E_Demand,2050,2,12,12,-0.0
127,BE_E_Demand,2050,2,13,13,-0.0
128,BE_E_Demand,2050,2,14,14,-0.0
129,BE_E_Demand,2050,2,15,15,-0.0
130,BE_E_Demand,2050,2,16,16,-0.0
131,BE_E_Demand,2050,2,17,17,-0.0
132,BE_E_Demand,2050,2,18,18,-0.0
133,BE_E_Demand,2050,2,19,19,-0.0
134,BE_E_Demand,2050,2,20,20,-0.0
135,BE_E_Demand,2050,2,21,21,-0.0
136,BE_E_Demand,2050,2,22,22,-0.0
137,BE_E_Demand,2050,2,23,23,-0.0
138,BE_E_Demand,2050,2,24,24,-0.0
139,BE_E_Demand,2050,3,1,1,-0.0
140,BE_E_Demand,2050,3,2,2,-0.0
141,BE_E_Demand,2050,3,3,3,-0.0
142,BE_E_Demand,2050,3,4,4,-0.0
143,BE_E_Demand,2050,3,5,5,-0.0
144,BE_E_Demand,2050,3,6,6,-0.0
145,BE_E_Demand,2050,3,7,7,-0.0
146,BE_E_Demand,2050,3,8,8,-0.0
147,BE_E_Demand,2050,3,9,9,-0.0
148,BE_E_Demand,2050,3,10,10,-0.0
149,BE_E_Demand,2050,3,11,11,-0.0
150,BE_E_Demand,2050,3,12,12,-0.0
151,BE_E_Demand,2050,3,13,13,-0.0
152,BE_E_Demand,2050,3,14,14,-0.0
153,BE_E_Demand,2050,3,15,15,-0.0
154,BE_E_Demand,2050,3,16,16,-0.0
155,BE_E_Demand,2050,3,17,17,-0.0
156,BE_E_Demand,2050,3,18,18,-0.0
157,BE_E_Demand,2050,3,19,19,-0.0
158,BE_E_Demand,2050,3,20,20,-0.0
159,BE_E_Demand,2050,3,21,21,-0.0
160,BE_E_Demand,2050,3,22,22,-0.0
161,BE_E_Demand,2050,3,23,23,-0.0
162,BE_E_Demand,2050,3,24,24,-0.0
163,BE_H_Demand,2050,1,1,1,-4897.221676374132
164,BE_H_Demand,2050,1,2,2,4897.221676374132
165,BE_H_Demand,2050,1,3,3,-4897.221676374132
166,BE_H_Demand,2050,1,4,4,4897.221676374132
167,BE_H_Demand,2050,1,5,5,-4897.221676374132
168,BE_H_Demand,2050,1,6,6,4897.221676374132
169,BE_H_Demand,2050,1,7,7,-4897.221676374132
170,BE_H_Demand,2050,1,8,8,4897.221676374132
171,BE_H_Demand,2050,1,9,9,-4897.221676374132
172,BE_H_Demand,2050,1,10,10,4897.221676374132
173,BE_H_Demand,2050,1,11,11,-4897.221676374132
174,BE_H_Demand,2050,1,12,12,4897.221676374132
175,BE_H_Demand,2050,1,13,13,-4897.221676374132
176,BE_H_Demand,2050,1,14,14,4897.221676374132
177,BE_H_Demand,2050,1,15,15,-4897.221676374132
178,BE_H_Demand,2050,1,16,16,4897.221676374132
179,BE_H_Demand,2050,1,17,17,-4897.221676374132
180,BE_H_Demand,2050,1,18,18,4897.221676374132
181,BE_H_Demand,2050,1,19,19,-4897.221676374132
182,BE_H_Demand,2050,1,20,20,4897.221676374132
183,BE_H_Demand,2050,1,21,21,-4897.221676374132
184,BE_H_Demand,2050,1,22,22,4897.221676374132
185,BE_H_Demand,2050,1,23,23,-4897.221676374132
186,BE_H_Demand,2050,1,24,24,4897.221676374132
187,BE_H_Demand,2050,2,1,1,-6601.631023783175
188,BE_H_Demand,2050,2,2,2,6601.631023783175
189,BE_H_Demand,2050,2,3,3,-6601.631023783175
190,BE_H_Demand,2050,2,4,4,6601.631023783175
191,BE_H_Demand,2050,2,5,5,-6601.631023783175
192,BE_H_Demand,2050,2,6,6,6601.631023783175
193,BE_H_Demand,2050,2,7,7,-6601.631023783175
194,BE_H_Demand,2050,2,8,8,6601.631023783175
195,BE_H_Demand,2050,2,9,9,-6601.631023783175
196,BE_H_Demand,2050,2,10,10,6601.631023783175
197,BE_H_Demand,2050,2,11,11,-6601.631023783175
198,BE_H_Demand,2050,2,12,12,6601.631023783175
199,BE_H_Demand,2050,2,13,13,-6601.631023783175
200,BE_H_Demand,2050,2,14,14,6601.631023783175
201,BE_H_Demand,2050,2,15,15,-6601.631023783175
202,BE_H_Demand,2050,2,16,16,6601.631023783175
203,BE_H_Demand,2050,2,17,17,-6601.631023783175
204,BE_H_Demand,2050,2,18,18,6601.631023783175
205,BE_H_Demand,2050,2,19,19,-6601.631023783175
206,BE_H_Demand,2050,2,20,20,6601.631023783175
207,BE_H_Demand,2050,2,21,21,-6601.631023783175
208,BE_H_Demand,2050,2,22,22,6601.631023783175
209,BE_H_Demand,2050,2,23,23,-6601.631023783175
210,BE_H_Demand,2050,2,24,24,6601.631023783175
211,BE_H_Demand,2050,3,1,1,-6751.147299842695
212,BE_H_Demand,2050,3,2,2,6751.147299842695
213,BE_H_Demand,2050,3,3,3,-6751.147299842695
214,BE_H_Demand,2050,3,4,4,6751.147299842695
215,BE_H_Demand,2050,3,5,5,-6751.147299842695
216,BE_H_Demand,2050,3,6,6,6751.147299842695
217,BE_H_Demand,2050,3,7,7,-6751.147299842695
218,BE_H_Demand,2050,3,8,8,6751.147299842695
219,BE_H_Demand,2050,3,9,9,-6751.147299842695
220,BE_H_Demand,2050,3,10,10,6751.147299842695
221,BE_H_Demand,2050,3,11,11,-6751.147299842695
222,BE_H_Demand,2050,3,12,12,6751.147299842695
223,BE_H_Demand,2050,3,13,13,-6751.147299842695
224,BE_H_Demand,2050,3,14,14,6751.147299842695
225,BE_H_Demand,2050,3,15,15,-6751.147299842695
226,BE_H_Demand,2050,3,16,16,6751.147299842695
227,BE_H_Demand,2050,3,17,17,-6751.147299842695
228,BE_H_Demand,2050,3,18,18,6751.147299842695
229,BE_H_Demand,2050,3,19,19,-6751.147299842695
230,BE_H_Demand,2050,3,20,20,6751.147299842695
231,BE_H_Demand,2050,3,21,21,-6751.147299842695
232,BE_H_Demand,2050,3,22,22,6751.147299842695
233,BE_H_Demand,2050,3,23,23,-6751.147299842695
234,BE_H_Demand,2050,3,24,24,6751.147299842695
235,BG_E_Demand,2050,1,1,4,4505.443942264198
236,BG_E_Demand,2050,1,5,8,4505.443942264198
237,BG_E_Demand,2050,1,9,12,-0.0
238,BG_E_Demand,2050,1,13,16,-0.0
239,BG_E_Demand,2050,1,17,20,4505.443942264198
240,BG_E_Demand,2050,1,21,24,4505.443942264198
241,BG_E_Demand,2050,2,1,4,6073.500541880522
242,BG_E_Demand,2050,2,5,8,6073.500541880522
243,BG_E_Demand,2050,2,9,12,-0.0
244,BG_E_Demand,2050,2,13,16,-0.0
245,BG_E_Demand,2050,2,17,20,6073.500541880522
246,BG_E_Demand,2050,2,21,24,6073.500541880522
247,BG_E_Demand,2050,3,1,4,6211.05551585528
248,BG_E_Demand,2050,3,5,8,6211.05551585528
249,BG_E_Demand,2050,3,9,12,-0.0
250,BG_E_Demand,2050,3,13,16,-0.0
251,BG_E_Demand,2050,3,17,20,6211.05551585528
252,BG_E_Demand,2050,3,21,24,6211.055515855279
253,BG_H_Demand,2050,1,1,1,-10186.221086858197
254,BG_H_Demand,2050,1,2,2,4897.221676374132
255,BG_H_Demand,2050,1,3,3,4897.221676374132
256,BG_H_Demand,2050,1,4,4,4897.221676374132
257,BG_H_Demand,2050,1,5,5,-10186.221086858197
258,BG_H_Demand,2050,1,6,6,4897.221676374132
259,BG_H_Demand,2050,1,7,7,4897.221676374132
260,BG_H_Demand,2050,1,8,8,4897.221676374132
261,BG_H_Demand,2050,1,9,9,-14691.665029122396
262,BG_H_Demand,2050,1,10,10,4897.221676374132
263,BG_H_Demand,2050,1,11,11,4897.221676374132
264,BG_H_Demand,2050,1,12,12,4897.221676374132
265,BG_H_Demand,2050,1,13,13,-14691.665029122396
266,BG_H_Demand,2050,1,14,14,4897.221676374132
267,BG_H_Demand,2050,1,15,15,4897.221676374132
268,BG_H_Demand,2050,1,16,16,4897.221676374132
269,BG_H_Demand,2050,1,17,17,-10186.221086858197
270,BG_H_Demand,2050,1,18,18,4897.221676374132
271,BG_H_Demand,2050,1,19,19,4897.221676374132
272,BG_H_Demand,2050,1,20,20,4897.221676374132
273,BG_H_Demand,2050,1,21,21,-10186.221086858197
274,BG_H_Demand,2050,1,22,22,4897.221676374132
275,BG_H_Demand,2050,1,23,23,4897.221676374132
276,BG_H_Demand,2050,1,24,24,4897.221676374132
277,BG_H_Demand,2050,2,1,1,-13731.392529469002
278,BG_H_Demand,2050,2,2,2,6601.631023783175
279,BG_H_Demand,2050,2,3,3,6601.631023783175
280,BG_H_Demand,2050,2,4,4,6601.631023783175
281,BG_H_Demand,2050,2,5,5,-13731.392529469002
282,BG_H_Demand,2050,2,6,6,6601.631023783175
283,BG_H_Demand,2050,2,7,7,6601.631023783175
284,BG_H_Demand,2050,2,8,8,6601.631023783175
285,BG_H_Demand,2050,2,9,9,-19804.893071349525
286,BG_H_Demand,2050,2,10,10,6601.631023783175
287,BG_H_Demand,2050,2,11,11,6601.631023783175
288,BG_H_Demand,2050,2,12,12,6601.631023783175
289,BG_H_Demand,2050,2,13,13,-19804.893071349525
290,BG_H_Demand,2050,2,14,14,6601.631023783175
291,BG_H_Demand,2050,2,15,15,6601.631023783175
292,BG_H_Demand,2050,2,16,16,6601.631023783175
293,BG_H_Demand,2050,2,17,17,-13731.392529469002
294,BG_H_Demand,2050,2,18,18,6601.631023783175
295,BG_H_Demand,2050,2,19,19,6601.631023783175
296,BG_H_Demand,2050,2,20,20,6601.631023783175
297,BG_H_Demand,2050,2,21,21,-13731.392529469002
298,BG_H_Demand,2050,2,22,22,6601.631023783175
299,BG_H_Demand,2050,2,23,23,6601.631023783175
300,BG_H_Demand,2050,2,24,24,6601.631023783175
301,BG_H_Demand,2050,3,1,1,-14042.386383672805
302,BG_H_Demand,2050,3,2,2,6751.147299842695
303,BG_H_Demand,2050,3,3,3,6751.147299842695
304,BG_H_Demand,2050,3,4,4,6751.147299842695
305,BG_H_Demand,2050,3,5,5,-14042.386383672805
306,BG_H_Demand,2050,3,6,6,6751.147299842695
307,BG_H_Demand,2050,3,7,7,6751.147299842695
308,BG_H_Demand,2050,3,8,8,6751.147299842695
309,BG_H_Demand,2050,3,9,9,-20253.441899528087
310,BG_H_Demand,2050,3,10,10,6751.147299842695
311,BG_H_Demand,2050,3,11,11,6751.147299842695
312,BG_H_Demand,2050,3,12,12,6751.147299842695
313,BG_H_Demand,2050,3,13,13,-20253.441899528087
314,BG_H_Demand,2050,3,14,14,6751.147299842695
315,BG_H_Demand,2050,3,15,15,6751.147299842695
316,BG_H_Demand,2050,3,16,16,6751.147299842695
317,BG_H_Demand,2050,3,17,17,-14042.386383672805
318,BG_H_Demand,2050,3,18,18,6751.147299842695
319,BG_H_Demand,2050,3,19,19,6751.147299842695
320,BG_H_Demand,2050,3,20,20,6751.147299842695
321,BG_H_Demand,2050,3,21,21,-14042.386383672807
322,BG_H_Demand,2050,3,22,22,6751.147299842695
323,BG_H_Demand,2050,3,23,23,6751.147299842695
324,BG_H_Demand,2050,3,24,24,6751.147299842695
325,CH_E_Demand,2050,1,1,4,-0.0
326,CH_E_Demand,2050,1,5,8,-0.0
327,CH_E_Demand,2050,1,9,12,-0.0
328,CH_E_Demand,2050,1,13,16,-0.0
329,CH_E_Demand,2050,1,17,20,-0.0
330,CH_E_Demand,2050,1,21,24,-0.0
331,CH_E_Demand,2050,2,1,4,-0.0
332,CH_E_Demand,2050,2,5,8,-0.0
333,CH_E_Demand,2050,2,9,12,-0.0
334,CH_E_Demand,2050,2,13,16,-0.0
335,CH_E_Demand,2050,2,17,20,-0.0
336,CH_E_Demand,2050,2,21,24,-0.0
337,CH_E_Demand,2050,3,1,4,-0.0
338,CH_E_Demand,2050,3,5,8,-0.0
339,CH_E_Demand,2050,3,9,12,-0.0
340,CH_E_Demand,2050,3,13,16,-0.0
341,CH_E_Demand,2050,3,17,20,-0.0
342,CH_E_Demand,2050,3,21,24,-0.0
343,CH_H_Demand,2050,1,1,1,-14691.665029122396
344,CH_H_Demand,2050,1,2,2,4897.221676374132
345,CH_H_Demand,2050,1,3,3,4897.221676374132
346,CH_H_Demand,2050,1,4,4,4897.221676374132
347,CH_H_Demand,2050,1,5,5,-14691.665029122396
348,CH_H_Demand,2050,1,6,6,4897.221676374132
349,CH_H_Demand,2050,1,7,7,4897.221676374132
350,CH_H_Demand,2050,1,8,8,4897.221676374132
351,CH_H_Demand,2050,1,9,9,-14691.665029122396
352,CH_H_Demand,2050,1,10,10,4897.221676374132
353,CH_H_Demand,2050,1,11,11,4897.221676374132
354,CH_H_Demand,2050,1,12,12,4897.221676374132
355,CH_H_Demand,2050,1,13,13,-14691.665029122396
356,CH_H_Demand,2050,1,14,14,4897.221676374132
357,CH_H_Demand,2050,1,15,15,4897.221676374132
358,CH_H_Demand,2050,1,16,16,4897.221676374132
359,CH_H_Demand,2050,1,17,17,-14691.665029122396
360,CH_H_Demand,2050,1,18,18,4897.221676374132
361,CH_H_Demand,2050,1,19,19,4897.221676374132
362,CH_H_Demand,2050,1,20,20,4897.221676374132
363,CH_H_Demand,2050,1,21,21,-14691.665029122396
364,CH_H_Demand,2050,1,22,22,4897.221676374132
365,CH_H_Demand,2050,1,23,23,4897.221676374132
366,CH_H_Demand,2050,1,24,24,4897.221676374132
367,CH_H_Demand,2050,2,1,1,-19804.893071349525
368,CH_H_Demand,2050,2,2,2,6601.631023783175
369,CH_H_Demand,2050,2,3,3,6601.631023783175
370,CH_H_Demand,2050,2,4,4,6601.631023783175
371,CH_H_Demand,2050,2,5,5,-19804.893071349525
372,CH_H_Demand,2050,2,6,6,6601.631023783175
373,CH_H_Demand,2050,2,7,7,6601.631023783175
374,CH_H_Demand,2050,2,8,8,6601.631023783175
375,CH_H_Demand,2050,2,9,9,-19804.893071349525
376,CH_H_Demand,2050,2,10,10,6601.631023783175
377,CH_H_Demand,2050,2,11,11,6601.631023783175
378,CH_H_Demand,2050,2,12,12,6601.631023783175
379,CH_H_Demand,2050,2,13,13,-19804.893071349525
380,CH_H_Demand,2050,2,14,14,6601.631023783175
381,CH_H_Demand,2050,2,15,15,6601.631023783175
382,CH_H_Demand,2050,2,16,16,6601.631023783175
383,CH_H_Demand,2050,2,17,17,-19804.893071349525
384,CH_H_Demand,2050,2,18,18,6601.631023783175
385,CH_H_Demand,2050,2,19,19,6601.631023783175
386,CH_H_Demand,2050,2,20,20,6601.631023783175
387,CH_H_Demand,2050,2,21,21,-19804.893071349525
388,CH_H_Demand,2050,2,22,22,6601.631023783175
389,CH_H_Demand,2050,2,23,23,6601.631023783175
390,CH_H_Demand,2050,2,24,24,6601.631023783175
391,CH_H_Demand,2050,3,1,1,-20253.441899528087
392,CH_H_Demand,2050,3,2,2,6751.147299842695
393,CH_H_Demand,2050,3,3,3,6751.147299842695
394,CH_H_Demand,2050,3,4,4,6751.147299842695
395,CH_H_Demand,2050,3,5,5,-20253.441899528087
396,CH_H_Demand,2050,3,6,6,6751.147299842695
397,CH_H_Demand,2050,3,7,7,6751.147299842695
398,CH_H_Demand,2050,3,8,8,6751.147299842695
399,CH_H_Demand,2050,3,9,9,-20253.441899528087
400,CH_H_Demand,2050,3,10,10,6751.147299842695
401,CH_H_Demand,2050,3,11,11,6751.147299842695
402,CH_H_Demand,2050,3,12,12,6751.147299842695
403,CH_H_Demand,2050,3,13,13,-20253.441899528087
404,CH_H_Demand,2050,3,14,14,6751.147299842695
405,CH_H_Demand,2050,3,15,15,6751.147299842695
406,CH_H_Demand,2050,3,16,16,6751.147299842695
407,CH_H_Demand,2050,3,17,17,-20253.441899528087
408,CH_H_Demand,2050,3,18,18,6751.147299842695
409,CH_H_Demand,2050,3,19,19,6751.147299842695
410,CH_H_Demand,2050,3,20,20,6751.147299842695
411,CH_H_Demand,2050,3,21,21,-20253.441899528087
412,CH_H_Demand,2050,3,22,22,6751.147299842695
413,CH_H_Demand,2050,3,23,23,6751.147299842695
414,CH_H_Demand,2050,3,24,24,6751.147299842695
415,CY_E_Demand,2050,1,1,4,-0.0
416,CY_E_Demand,2050,1,5,8,-0.0
417,CY_E_Demand,2050,1,9,12,-0.0
418,CY_E_Demand,2050,1,13,16,-0.0
419,CY_E_Demand,2050,1,17,20,-0.0
420,CY_E_Demand,2050,1,21,24,-0.0
421,CY_E_Demand,2050,2,1,4,-0.0
422,CY_E_Demand,2050,2,5,8,-0.0
423,CY_E_Demand,2050,2,9,12,-0.0
424,CY_E_Demand,2050,2,13,16,-0.0
425,CY_E_Demand,2050,2,17,20,-0.0
426,CY_E_Demand,2050,2,21,24,-0.0
427,CY_E_Demand,2050,3,1,4,-0.0
428,CY_E_Demand,2050,3,5,8,-0.0
429,CY_E_Demand,2050,3,9,12,-0.0
430,CY_E_Demand,2050,3,13,16,-0.0
431,CY_E_Demand,2050,3,17,20,-0.0
432,CY_E_Demand,2050,3,21,24,-0.0
433,CY_H_Demand,2050,1,1,1,-14691.665029122396
434,CY_H_Demand,2050,1,2,2,4897.221676374132
435,CY_H_Demand,2050,1,3,3,4897.221676374132
436,CY_H_Demand,2050,1,4,4,4897.221676374132
437,CY_H_Demand,2050,1,5,5,-14691.665029122396
438,CY_H_Demand,2050,1,6,6,4897.221676374132
439,CY_H_Demand,2050,1,7,7,4897.221676374132
440,CY_H_Demand,2050,1,8,8,4897.221676374132
441,CY_H_Demand,2050,1,9,9,-14691.665029122396
442,CY_H_Demand,2050,1,10,10,4897.221676374132
443,CY_H_Demand,2050,1,11,11,4897.221676374132
444,CY_H_Demand,2050,1,12,12,4897.221676374132
445,CY_H_Demand,2050,1,13,13,-14691.665029122396
446,CY_H_Demand,2050,1,14,14,4897.221676374132
447,CY_H_Demand,2050,1,15,15,4897.221676374132
448,CY_H_Demand,2050,1,16,16,4897.221676374132
449,CY_H_Demand,2050,1,17,17,-14691.665029122396
450,CY_H_Demand,2050,1,18,18,4897.221676374132
451,CY_H_Demand,2050,1,19,19,4897.221676374132
452,CY_H_Demand,2050,1,20,20,4897.221676374132
453,CY_H_Demand,2050,1,21,21,-14691.665029122396
454,CY_H_Demand,2050,1,22,22,4897.221676374132
455,CY_H_Demand,2050,1,23,23,4897.221676374132
456,CY_H_Demand,2050,1,24,24,4897.221676374132
457,CY_H_Demand,2050,2,1,1,-19804.893071349525
458,CY_H_Demand,2050,2,2,2,6601.631023783175
459,CY_H_Demand,2050,2,3,3,6601.631023783175
460,CY_H_Demand,2050,2,4,4,6601.631023783175
461,CY_H_Demand,2050,2,5,5,-19804.893071349525
462,CY_H_Demand,2050,2,6,6,6601.631023783175
463,CY_H_Demand,2050,2,7,7,6601.631023783175
464,CY_H_Demand,2050,2,8,8,6601.631023783175
465,CY_H_Demand,2050,2,9,9,-19804.893071349525
466,CY_H_Demand,2050,2,10,10,6601.631023783175
467,CY_H_Demand,2050,2,11,11,6601.631023783175
468,CY_H_Demand,2050,2,12,12,6601.631023783175
469,CY_H_Demand,2050,2,13,13,-19804.893071349525
470,CY_H_Demand,2050,2,14,14,6601.631023783175
471,CY_H_Demand,2050,2,15,15,6601.631023783175
472,CY_H_Demand,2050,2,16,16,6601.631023783175
473,CY_H_Demand,2050,2,17,17,-19804.893071349525
474,CY_H_Demand,2050,2,18,18,6601.631023783175
475,CY_H_Demand,2050,2,19,19,6601.631023783175
476,CY_H_Demand,2050,2,20,20,6601.631023783175
477,CY_H_Demand,2050,2,21,21,-19804.893071349525
478,CY_H_Demand,2050,2,22,22,6601.631023783175
479,CY_H_Demand,2050,2,23,23,6601.631023783175
480,CY_H_Demand,2050,2,24,24,6601.631023783175
481,CY_H_Demand,2050,3,1,1,-20253.441899528087
482,CY_H_Demand,2050,3,2,2,6751.147299842695
483,CY_H_Demand,2050,3,3,3,6751.147299842695
484,CY_H_Demand,2050,3,4,4,6751.147299842695
485,CY_H_Demand,2050,3,5,5,-20253.441899528087
486,CY_H_Demand,2050,3,6,6,6751.147299842695
487,CY_H_Demand,2050,3,7,7,6751.147299842695
488,CY_H_Demand,2050,3,8,8,6751.147299842695
489,CY_H_Demand,2050,3,9,9,-20253.441899528087
490,CY_H_Demand,2050,3,10,10,6751.147299842695
491,CY_H_Demand,2050,3,11,11,6751.147299842695
492,CY_H_Demand,2050,3,12,12,6751.147299842695
493,CY_H_Demand,2050,3,13,13,-20253.441899528087
494,CY_H_Demand,2050,3,14,14,6751.147299842695
495,CY_H_Demand,2050,3,15,15,6751.147299842695
496,CY_H_Demand,2050,3,16,16,6751.147299842695
497,CY_H_Demand,2050,3,17,17,-20253.441899528087
498,CY_H_Demand,2050,3,18,18,6751.147299842695
499,CY_H_Demand,2050,3,19,19,6751.147299842695
500,CY_H_Demand,2050,3,20,20,6751.147299842695
501,CY_H_Demand,2050,3,21,21,-20253.441899528087
502,CY_H_Demand,2050,3,22,22,6751.147299842695
503,CY_H_Demand,2050,3,23,23,6751.147299842695
504,CY_H_Demand,2050,3,24,24,6751.147299842695
505,CZ_E_Demand,2050,1,1,4,-0.0
506,CZ_E_Demand,2050,1,5,8,-0.0
507,CZ_E_Demand,2050,1,9,12,-0.0
508,CZ_E_Demand,2050,1,13,16,-0.0
509,CZ_E_Demand,2050,1,17,20,-0.0
510,CZ_E_Demand,2050,1,21,24,-0.0
511,CZ_E_Demand,2050,2,1,4,6073.50054188052
512,CZ_E_Demand,2050,2,5,8,6073.50054188052
513,CZ_E_Demand,2050,2,9,12,6073.50054188052
514,CZ_E_Demand,2050,2,13,16,6073.50054188052
515,CZ_E_Demand,2050,2,17,20,6073.50054188052
516,CZ_E_Demand,2050,2,21,24,6073.50054188052
517,CZ_E_Demand,2050,3,1,4,6211.05551585528
518,CZ_E_Demand,2050,3,5,8,6211.05551585528
519,CZ_E_Demand,2050,3,9,12,-0.0
520,CZ_E_Demand,2050,3,13,16,-0.0
521,CZ_E_Demand,2050,3,17,20,6211.05551585528
522,CZ_E_Demand,2050,3,21,24,6211.05551585528
523,CZ_H_Demand,2050,1,1,1,-14691.665029122396
524,CZ_H_Demand,2050,1,2,2,4897.221676374132
525,CZ_H_Demand,2050,1,3,3,4897.221676374132
526,CZ_H_Demand,2050,1,4,4,4897.221676374132
527,CZ_H_Demand,2050,1,5,5,-14691.665029122396
528,CZ_H_Demand,2050,1,6,6,4897.221676374132
529,CZ_H_Demand,2050,1,7,7,4897.221676374132
530,CZ_H_Demand,2050,1,8,8,4897.221676374132
531,CZ_H_Demand,2050,1,9,9,-14691.665029122396
532,CZ_H_Demand,2050,1,10,10,4897.221676374132
533,CZ_H_Demand,2050,1,11,11,4897.221676374132
534,CZ_H_Demand,2050,1,12,12,4897.221676374132
535,CZ_H_Demand,2050,1,13,13,-14691.665029122396
536,CZ_H_Demand,2050,1,14,14,4897.221676374132
537,CZ_H_Demand,2050,1,15,15,4897.221676374132
538,CZ_H_Demand,2050,1,16,16,4897.221676374132
539,CZ_H_Demand,2050,1,17,17,-14691.665029122396
540,CZ_H_Demand,2050,1,18,18,4897.221676374132
541,CZ_H_Demand,2050,1,19,19,4897.221676374132
542,CZ_H_Demand,2050,1,20,20,4897.221676374132
543,CZ_H_Demand,2050,1,21,21,-14691.665029122396
544,CZ_H_Demand,2050,1,22,22,4897.221676374132
545,CZ_H_Demand,2050,1,23,23,4897.221676374132
546,CZ_H_Demand,2050,1,24,24,4897.221676374132
547,CZ_H_Demand,2050,2,1,1,-13731.392529469005
548,CZ_H_Demand,2050,2,2,2,6601.631023783175
549,CZ_H_Demand,2050,2,3,3,6601.631023783175
550,CZ_H_Demand,2050,2,4,4,6601.631023783175
551,CZ_H_Demand,2050,2,5,5,-13731.392529469005
552,CZ_H_Demand,2050,2,6,6,6601.631023783175
553,CZ_H_Demand,2050,2,7,7,6601.631023783175
554,CZ_H_Demand,2050,2,8,8,6601.631023783175
555,CZ_H_Demand,2050,2,9,9,-13731.392529469005
556,CZ_H_Demand,2050,2,10,10,6601.631023783175
557,CZ_H_Demand,2050,2,11,11,6601.631023783175
558,CZ_H_Demand,2050,2,12,12,6601.631023783175
559,CZ_H_Demand,2050,2,13,13,-13731.392529469005
560,CZ_H_Demand,2050,2,14,14,6601.631023783175
561,CZ_H_Demand,2050,2,15,15,6601.631023783175
562,CZ_H_Demand,2050,2,16,16,6601.631023783175
563,CZ_H_Demand,2050,2,17,17,-13731.392529469005
564,CZ_H_Demand,2050,2,18,18,6601.631023783175
565,CZ_H_Demand,2050,2,19,19,6601.631023783175
566,CZ_H_Demand,2050,2,20,20,6601.631023783175
567,CZ_H_Demand,2050,2,21,21,-13731.392529469005
568,CZ_H_Demand,2050,2,22,22,6601.631023783175
569,CZ_H_Demand,2050,2,23,23,6601.631023783175
570,CZ_H_Demand,2050,2,24,24,6601.631023783175
571,CZ_H_Demand,2050,3,1,1,-14042.386383672805
572,CZ_H_Demand,2050,3,2,2,6751.147299842695
573,CZ_H_Demand,2050,3,3,3,6751.147299842695
574,CZ_H_Demand,2050,3,4,4,6751.147299842695
575,CZ_H_Demand,2050,3,5,5,-14042.386383672805
576,CZ_H_Demand,2050,3,6,6,6751.147299842695
577,CZ_H_Demand,2050,3,7,7,6751.147299842695
578,CZ_H_Demand,2050,3,8,8,6751.147299842695
579,CZ_H_Demand,2050,3,9,9,-20253.441899528087
580,CZ_H_Demand,2050,3,10,10,6751.147299842695
581,CZ_H_Demand,2050,3,11,11,6751.147299842695
582,CZ_H_Demand,2050,3,12,12,6751.147299842695
583,CZ_H_Demand,2050,3,13,13,-20253.441899528087
584,CZ_H_Demand,2050,3,14,14,6751.147299842695
585,CZ_H_Demand,2050,3,15,15,6751.147299842695
586,CZ_H_Demand,2050,3,16,16,6751.147299842695
587,CZ_H_Demand,2050,3,17,17,-14042.386383672805
588,CZ_H_Demand,2050,3,18,18,6751.147299842695
589,CZ_H_Demand,2050,3,19,19,6751.147299842695
590,CZ_H_Demand,2050,3,20,20,6751.147299842695
591,CZ_H_Demand,2050,3,21,21,-14042.386383672805
592,CZ_H_Demand,2050,3,22,22,6751.147299842695
593,CZ_H_Demand,2050,3,23,23,6751.147299842695
594,CZ_H_Demand,2050,3,24,24,6751.147299842695
595,DE_E_Demand,2050,1,1,1,-0.0
596,DE_E_Demand,2050,1,2,2,-0.0
597,DE_E_Demand,2050,1,3,3,-0.0
598,DE_E_Demand,2050,1,4,4,-0.0
599,DE_E_Demand,2050,1,5,5,-0.0
600,DE_E_Demand,2050,1,6,6,-0.0
601,DE_E_Demand,2050,1,7,7,-0.0
602,DE_E_Demand,2050,1,8,8,-0.0
603,DE_E_Demand,2050,1,9,9,-0.0
604,DE_E_Demand,2050,1,10,10,-0.0
605,DE_E_Demand,2050,1,11,11,-0.0
606,DE_E_Demand,2050,1,12,12,-0.0
607,DE_E_Demand,2050,1,13,13,-0.0
608,DE_E_Demand,2050,1,14,14,-0.0
609,DE_E_Demand,2050,1,15,15,-0.0
610,DE_E_Demand,2050,1,16,16,-0.0
611,DE_E_Demand,2050,1,17,17,-0.0
612,DE_E_Demand,2050,1,18,18,-0.0
613,DE_E_Demand,2050,1,19,19,-0.0
614,DE_E_Demand,2050,1,20,20,-0.0
615,DE_E_Demand,2050,1,21,21,-0.0
616,DE_E_Demand,2050,1,22,22,-0.0
617,DE_E_Demand,2050,1,23,23,-0.0
618,DE_E_Demand,2050,1,24,24,-0.0
619,DE_E_Demand,2050,2,1,1,-0.0
620,DE_E_Demand,2050,2,2,2,-0.0
621,DE_E_Demand,2050,2,3,3,-0.0
622,DE_E_Demand,2050,2,4,4,-0.0
623,DE_E_Demand,2050,2,5,5,-0.0
624,DE_E_Demand,2050,2,6,6,-0.0
625,DE_E_Demand,2050,2,7,7,-0.0
626,DE_E_Demand,2050,2,8,8,-0.0
627,DE_E_Demand,2050,2,9,9,-0.0
628,DE_E_Demand,2050,2,10,10,-0.0
629,DE_E_Demand,2050,2,11,11,-0.0
630,DE_E_Demand,2050,2,12,12,-0.0
631,DE_E_Demand,2050,2,13,13,-0.0
632,DE_E_Demand,2050,2,14,14,-0.0
633,DE_E_Demand,2050,2,15,15,-0.0
634,DE_E_Demand,2050,2,16,16,-0.0
635,DE_E_Demand,2050,2,17,17,-0.0
636,DE_E_Demand,2050,2,18,18,-0.0
637,DE_E_Demand,2050,2,19,19,-0.0
638,DE_E_Demand,2050,2,20,20,-0.0
639,DE_E_Demand,2050,2,21,21,-0.0
640,DE_E_Demand,2050,2,22,22,-0.0
641,DE_E_Demand,2050,2,23,23,-0.0
642,DE_E_Demand,2050,2,24,24,-0.0
643,DE_E_Demand,2050,3,1,1,-0.0
644,DE_E_Demand,2050,3,2,2,-0.0
645,DE_E_Demand,2050,3,3,3,-0.0
646,DE_E_Demand,2050,3,4,4,-0.0
647,DE_E_Demand,2050,3,5,5,-0.0
648,DE_E_Demand,2050,3,6,6,-0.0
649,DE_E_Demand,2050,3,7,7,-0.0
650,DE_E_Demand,2050,3,8,8,-0.0
651,DE_E_Demand,2050,3,9,9,-0.0
652,DE_E_Demand,2050,3,10,10,-0.0
653,DE_E_Demand,2050,3,11,11,-0.0
654,DE_E_Demand,2050,3,12,12,-0.0
655,DE_E_Demand,2050,3,13,13,-0.0
656,DE_E_Demand,2050,3,14,14,-0.0
657,DE_E_Demand,2050,3,15,15,-0.0
658,DE_E_Demand,2050,3,16,16,-0.0
659,DE_E_Demand,2050,3,17,17,-0.0
660,DE_E_Demand,2050,3,18,18,-0.0
661,DE_E_Demand,2050,3,19,19,-0.0
662,DE_E_Demand,2050,3,20,20,-0.0
663,DE_E_Demand,2050,3,21,21,-0.0
664,DE_E_Demand,2050,3,22,22,-0.0
665,DE_E_Demand,2050,3,23,23,-0.0
666,DE_E_Demand,2050,3,24,24,-0.0
667,DE_H_Demand,2050,1,1,1,-0.0
668,DE_H_Demand,2050,1,2,2,-0.0
669,DE_H_Demand,2050,1,3,3,-0.0
670,DE_H_Demand,2050,1,4,4,-0.0
671,DE_H_Demand,2050,1,5,5,-0.0
672,DE_H_Demand,2050,1,6,6,-0.0
673,DE_H_Demand,2050,1,7,7,-0.0
674,DE_H_Demand,2050,1,8,8,-0.0
675,DE_H_Demand,2050,1,9,9,-0.0
676,DE_H_Demand,2050,1,10,10,-0.0
677,DE_H_Demand,2050,1,11,11,-0.0
678,DE_H_Demand,2050,1,12,12,-0.0
679,DE_H_Demand,2050,1,13,13,-0.0
680,DE_H_Demand,2050,1,14,14,-0.0
681,DE_H_Demand,2050,1,15,15,-0.0
682,DE_H_Demand,2050,1,16,16,-0.0
683,DE_H_Demand,2050,1,17,17,-0.0
684,DE_H_Demand,2050,1,18,18,-0.0
685,DE_H_Demand,2050,1,19,19,-0.0
686,DE_H_Demand,2050,1,20,20,-0.0
687,DE_H_Demand,2050,1,21,21,-0.0
688,DE_H_Demand,2050,1,22,22,-0.0
689,DE_H_Demand,2050,1,23,23,-0.0
690,DE_H_Demand,2050,1,24,24,-0.0
691,DE_H_Demand,2050,2,1,1,-0.0
692,DE_H_Demand,2050,2,2,2,-0.0
693,DE_H_Demand,2050,2,3,3,-0.0
694,DE_H_Demand,2050,2,4,4,-0.0
695,DE_H_Demand,2050,2,5,5,-0.0
696,DE_H_Demand,2050,2,6,6,-0.0
697,DE_H_Demand,2050,2,7,7,-0.0
698,DE_H_Demand,2050,2,8,8,-0.0
699,DE_H_Demand,2050,2,9,9,-0.0
700,DE_H_Demand,2050,2,10,10,-0.0
701,DE_H_Demand,2050,2,11,11,-0.0
702,DE_H_Demand,2050,2,12,12,-0.0
703,DE_H_Demand,2050,2,13,13,-0.0
704,DE_H_Demand,2050,2,14,14,-0.0
705,DE_H_Demand,2050,2,15,15,-0.0
706,DE_H_Demand,2050,2,16,16,-0.0
707,DE_H_Demand,2050,2,17,17,-0.0
708,DE_H_Demand,2050,2,18,18,-0.0
709,DE_H_Demand,2050,2,19,19,-0.0
710,DE_H_Demand,2050,2,20,20,-0.0
711,DE_H_Demand,2050,2,21,21,-0.0
712,DE_H_Demand,2050,2,22,22,-0.0
713,DE_H_Demand,2050,2,23,23,-0.0
714,DE_H_Demand,2050,2,24,24,-0.0
715,DE_H_Demand,2050,3,1,1,-0.0
716,DE_H_Demand,2050,3,2,2,-0.0
717,DE_H_Demand,2050,3,3,3,-0.0
718,DE_H_Demand,2050,3,4,4,-0.0
719,DE_H_Demand,2050,3,5,5,-0.0
720,DE_H_Demand,2050,3,6,6,-0.0
721,DE_H_Demand,2050,3,7,7,-0.0
722,DE_H_Demand,2050,3,8,8,-0.0
723,DE_H_Demand,2050,3,9,9,-0.0
724,DE_H_Demand,2050,3,10,10,-0.0
725,DE_H_Demand,2050,3,11,11,-0.0
726,DE_H_Demand,2050,3,12,12,-0.0
727,DE_H_Demand,2050,3,13,13,-0.0
728,DE_H_Demand,2050,3,14,14,-0.0
729,DE_H_Demand,2050,3,15,15,-0.0
730,DE_H_Demand,2050,3,16,16,-0.0
731,DE_H_Demand,2050,3,17,17,-0.0
732,DE_H_Demand,2050,3,18,18,-0.0
733,DE_H_Demand,2050,3,19,19,-0.0
734,DE_H_Demand,2050,3,20,20,-0.0
735,DE_H_Demand,2050,3,21,21,-0.0
736,DE_H_Demand,2050,3,22,22,-0.0
737,DE_H_Demand,2050,3,23,23,-0.0
738,DE_H_Demand,2050,3,24,24,-0.0
739,DK_E_Demand,2050,1,1,1,-0.0
740,DK_E_Demand,2050,1,2,2,-0.0
741,DK_E_Demand,2050,1,3,3,-0.0
742,DK_E_Demand,2050,1,4,4,-0.0
743,DK_E_Demand,2050,1,5,5,-0.0
744,DK_E_Demand,2050,1,6,6,-0.0
745,DK_E_Demand,2050,1,7,7,-0.0
746,DK_E_Demand,2050,1,8,8,-0.0
747,DK_E_Demand,2050,1,9,9,-0.0
748,DK_E_Demand,2050,1,10,10,-0.0
749,DK_E_Demand,2050,1,11,11,-0.0
750,DK_E_Demand,2050,1,12,12,-0.0
751,DK_E_Demand,2050,1,13,13,-0.0
752,DK_E_Demand,2050,1,14,14,-0.0
753,DK_E_Demand,2050,1,15,15,-0.0
754,DK_E_Demand,2050,1,16,16,-0.0
755,DK_E_Demand,2050,1,17,17,-0.0
756,DK_E_Demand,2050,1,18,18,-0.0
757,DK_E_Demand,2050,1,19,19,-0.0
758,DK_E_Demand,2050,1,20,20,-0.0
759,DK_E_Demand,2050,1,21,21,-0.0
760,DK_E_Demand,2050,1,22,22,-0.0
761,DK_E_Demand,2050,1,23,23,-0.0
762,DK_E_Demand,2050,1,24,24,-0.0
763,DK_E_Demand,2050,2,1,1,-0.0
764,DK_E_Demand,2050,2,2,2,-0.0
765,DK_E_Demand,2050,2,3,3,-0.0
766,DK_E_Demand,2050,2,4,4,-0.0
767,DK_E_Demand,2050,2,5,5,-0.0
768,DK_E_Demand,2050,2,6,6,-0.0
769,DK_E_Demand,2050,2,7,7,-0.0
770,DK_E_Demand,2050,2,8,8,-0.0
771,DK_E_Demand,2050,2,9,9,-0.0
772,DK_E_Demand,2050,2,10,10,-0.0
773,DK_E_Demand,2050,2,11,11,-0.0
774,DK_E_Demand,2050,2,12,12,-0.0
775,DK_E_Demand,2050,2,13,13,-0.0
776,DK_E_Demand,2050,2,14,14,-0.0
777,DK_E_Demand,2050,2,15,15,-0.0
778,DK_E_Demand,2050,2,16,16,-0.0
779,DK_E_Demand,2050,2,17,17,-0.0
780,DK_E_Demand,2050,2,18,18,-0.0
781,DK_E_Demand,2050,2,19,19,-0.0
782,DK_E_Demand,2050,2,20,20,-0.0
783,DK_E_Demand,2050,2,21,21,-0.0
784,DK_E_Demand,2050,2,22,22,-0.0
785,DK_E_Demand,2050,2,23,23,-0.0
786,DK_E_Demand,2050,2,24,24,-0.0
787,DK_E_Demand,2050,3,1,1,-0.0
788,DK_E_Demand,2050,3,2,2,-0.0
789,DK_E_Demand,2050,3,3,3,-0.0
790,DK_E_Demand,2050,3,4,4,-0.0
791,DK_E_Demand,2050,3,5,5,-0.0
792,DK_E_Demand,2050,3,6,6,-0.0
793,DK_E_Demand,2050,3,7,7,-0.0
794,DK_E_Demand,2050,3,8,8,-0.0
795,DK_E_Demand,2050,3,9,9,-0.0
796,DK_E_Demand,2050,3,10,10,-0.0
797,DK_E_Demand,2050,3,11,11,-0.0
798,DK_E_Demand,2050,3,12,12,-0.0
799,DK_E_Demand,2050,3,13,13,-0.0
800,DK_E_Demand,2050,3,14,14,-0.0
801,DK_E_Demand,2050,3,15,15,-0.0
802,DK_E_Demand,2050,3,16,16,-0.0
803,DK_E_Demand,2050,3,17,17,-0.0
804,DK_E_Demand,2050,3,18,18,-0.0
805,DK_E_Demand,2050,3,19,19,-0.0
806,DK_E_Demand,2050,3,20,20,-0.0
807,DK_E_Demand,2050,3,21,21,-0.0
808,DK_E_Demand,2050,3,22,22,-0.0
809,DK_E_Demand,2050,3,23,23,-0.0
810,DK_E_Demand,2050,3,24,24,-0.0
811,DK_H_Demand,2050,1,1,1,-0.0
812,DK_H_Demand,2050,1,2,2,-0.0
813,DK_H_Demand,2050,1,3,3,-0.0
814,DK_H_Demand,2050,1,4,4,-0.0
815,DK_H_Demand,2050,1,5,5,-0.0
816,DK_H_Demand,2050,1,6,6,-0.0
817,DK_H_Demand,2050,1,7,7,-0.0
818,DK_H_Demand,2050,1,8,8,-0.0
819,DK_H_Demand,2050,1,9,9,-0.0
820,DK_H_Demand,2050,1,10,10,-0.0
821,DK_H_Demand,2050,1,11,11,-0.0
822,DK_H_Demand,2050,1,12,12,-0.0
823,DK_H_Demand,2050,1,13,13,-0.0
824,DK_H_Demand,2050,1,14,14,-0.0
825,DK_H_Demand,2050,1,15,15,-0.0
826,DK_H_Demand,2050,1,16,16,-0.0
827,DK_H_Demand,2050,1,17,17,-0.0
828,DK_H_Demand,2050,1,18,18,-0.0
829,DK_H_Demand,2050,1,19,19,-0.0
830,DK_H_Demand,2050,1,20,20,-0.0
831,DK_H_Demand,2050,1,21,21,-0.0
832,DK_H_Demand,2050,1,22,22,-0.0
833,DK_H_Demand,2050,1,23,23,-0.0
834,DK_H_Demand,2050,1,24,24,-0.0
835,DK_H_Demand,2050,2,1,1,-0.0
836,DK_H_Demand,2050,2,2,2,-0.0
837,DK_H_Demand,2050,2,3,3,-0.0
838,DK_H_Demand,2050,2,4,4,-0.0
839,DK_H_Demand,2050,2,5,5,-0.0
840,DK_H_Demand,2050,2,6,6,-0.0
841,DK_H_Demand,2050,2,7,7,-0.0
842,DK_H_Demand,2050,2,8,8,-0.0
843,DK_H_Demand,2050,2,9,9,-0.0
844,DK_H_Demand,2050,2,10,10,-0.0
845,DK_H_Demand,2050,2,11,11,-0.0
846,DK_H_Demand,2050,2,12,12,-0.0
847,DK_H_Demand,2050,2,13,13,-0.0
848,DK_H_Demand,2050,2,14,14,-0.0
849,DK_H_Demand,2050,2,15,15,-0.0
850,DK_H_Demand,2050,2,16,16,-0.0
851,DK_H_Demand,2050,2,17,17,-0.0
852,DK_H_Demand,2050,2,18,18,-0.0
853,DK_H_Demand,2050,2,19,19,-0.0
854,DK_H_Demand,2050,2,20,20,-0.0
855,DK_H_Demand,2050,2,21,21,-0.0
856,DK_H_Demand,2050,2,22,22,-0.0
857,DK_H_Demand,2050,2,23,23,-0.0
858,DK_H_Demand,2050,2,24,24,-0.0
859,DK_H_Demand,2050,3,1,1,-0.0
860,DK_H_Demand,2050,3,2,2,-0.0
861,DK_H_Demand,2050,3,3,3,-0.0
862,DK_H_Demand,2050,3,4,4,-0.0
863,DK_H_Demand,2050,3,5,5,-0.0
864,DK_H_Demand,2050,3,6,6,-0.0
865,DK_H_Demand,2050,3,7,7,-0.0
866,DK_H_Demand,2050,3,8,8,-0.0
867,DK_H_Demand,2050,3,9,9,-0.0
868,DK_H_Demand,2050,3,10,10,-0.0
869,DK_H_Demand,2050,3,11,11,-0.0
870,DK_H_Demand,2050,3,12,12,-0.0
871,DK_H_Demand,2050,3,13,13,-0.0
872,DK_H_Demand,2050,3,14,14,-0.0
873,DK_H_Demand,2050,3,15,15,-0.0
874,DK_H_Demand,2050,3,16,16,-0.0
875,DK_H_Demand,2050,3,17,17,-0.0
876,DK_H_Demand,2050,3,18,18,-0.0
877,DK_H_Demand,2050,3,19,19,-0.0
878,DK_H_Demand,2050,3,20,20,-0.0
879,DK_H_Demand,2050,3,21,21,-0.0
880,DK_H_Demand,2050,3,22,22,-0.0
881,DK_H_Demand,2050,3,23,23,-0.0
882,DK_H_Demand,2050,3,24,24,-0.0
883,EE_E_Demand,2050,1,1,4,-0.0
884,EE_E_Demand,2050,1,5,8,-0.0
885,EE_E_Demand,2050,1,9,12,-0.0
886,EE_E_Demand,2050,1,13,16,-0.0
887,EE_E_Demand,2050,1,17,20,-0.0
888,EE_E_Demand,2050,1,21,24,-0.0
889,EE_E_Demand,2050,2,1,4,-0.0
890,EE_E_Demand,2050,2,5,8,-0.0
891,EE_E_Demand,2050,2,9,12,-0.0
892,EE_E_Demand,2050,2,13,16,-0.0
893,EE_E_Demand,2050,2,17,20,-0.0
894,EE_E_Demand,2050,2,21,24,-0.0
895,EE_E_Demand,2050,3,1,4,-0.0
896,EE_E_Demand,2050,3,5,8,-0.0
897,EE_E_Demand,2050,3,9,12,-0.0
898,EE_E_Demand,2050,3,13,16,-0.0
899,EE_E_Demand,2050,3,17,20,-0.0
900,EE_E_Demand,2050,3,21,24,-0.0
901,EE_H_Demand,2050,1,1,1,-14691.665029122396
902,EE_H_Demand,2050,1,2,2,4897.221676374132
903,EE_H_Demand,2050,1,3,3,4897.221676374132
904,EE_H_Demand,2050,1,4,4,4897.221676374132
905,EE_H_Demand,2050,1,5,5,-14691.665029122396
906,EE_H_Demand,2050,1,6,6,4897.221676374132
907,EE_H_Demand,2050,1,7,7,4897.221676374132
908,EE_H_Demand,2050,1,8,8,4897.221676374132
909,EE_H_Demand,2050,1,9,9,-14691.665029122396
910,EE_H_Demand,2050,1,10,10,4897.221676374132
911,EE_H_Demand,2050,1,11,11,4897.221676374132
912,EE_H_Demand,2050,1,12,12,4897.221676374132
913,EE_H_Demand,2050,1,13,13,-14691.665029122396
914,EE_H_Demand,2050,1,14,14,4897.221676374132
915,EE_H_Demand,2050,1,15,15,4897.221676374132
916,EE_H_Demand,2050,1,16,16,4897.221676374132
917,EE_H_Demand,2050,1,17,17,-14691.665029122396
918,EE_H_Demand,2050,1,18,18,4897.221676374132
919,EE_H_Demand,2050,1,19,19,4897.221676374132
920,EE_H_Demand,2050,1,20,20,4897.221676374132
921,EE_H_Demand,2050,1,21,21,-14691.665029122396
922,EE_H_Demand,2050,1,22,22,4897.221676374132
923,EE_H_Demand,2050,1,23,23,4897.221676374132
924,EE_H_Demand,2050,1,24,24,4897.221676374132
925,EE_H_Demand,2050,2,1,1,-19804.893071349525
926,EE_H_Demand,2050,2,2,2,6601.631023783175
927,EE_H_Demand,2050,2,3,3,6601.631023783175
928,EE_H_Demand,2050,2,4,4,6601.631023783175
929,EE_H_Demand,2050,2,5,5,-19804.893071349525
930,EE_H_Demand,2050,2,6,6,6601.631023783175
931,EE_H_Demand,2050,2,7,7,6601.631023783175
932,EE_H_Demand,2050,2,8,8,6601.631023783175
933,EE_H_Demand,2050,2,9,9,-19804.893071349525
934,EE_H_Demand,2050,2,10,10,6601.631023783175
935,EE_H_Demand,2050,2,11,11,6601.631023783175
936,EE_H_Demand,2050,2,12,12,6601.631023783175
937,EE_H_Demand,2050,2,13,13,-19804.893071349525
938,EE_H_Demand,2050,2,14,14,6601.631023783175
939,EE_H_Demand,2050,2,15,15,6601.631023783175
940,EE_H_Demand,2050,2,16,16,6601.631023783175
941,EE_H_Demand,2050,2,17,17,-19804.893071349525
942,EE_H_Demand,2050,2,18,18,6601.631023783175
943,EE_H_Demand,2050,2,19,19,6601.631023783175
944,EE_H_Demand,2050,2,20,20,6601.631023783175
945,EE_H_Demand,2050,2,21,21,-19804.893071349525
946,EE_H_Demand,2050,2,22,22,6601.631023783175
947,EE_H_Demand,2050,2,23,23,6601.631023783175
948,EE_H_Demand,2050,2,24,24,6601.631023783175
949,EE_H_Demand,2050,3,1,1,-20253.441899528087
950,EE_H_Demand,2050,3,2,2,6751.147299842695
951,EE_H_Demand,2050,3,3,3,6751.147299842695
952,EE_H_Demand,2050,3,4,4,6751.147299842695
953,EE_H_Demand,2050,3,5,5,-20253.441899528087
954,EE_H_Demand,2050,3,6,6,6751.147299842695
955,EE_H_Demand,2050,3,7,7,6751.147299842695
956,EE_H_Demand,2050,3,8,8,6751.147299842695
957,EE_H_Demand,2050,3,9,9,-20253.441899528087
958,EE_H_Demand,2050,3,10,10,6751.147299842695
959,EE_H_Demand,2050,3,11,11,6751.147299842695
960,EE_H_Demand,2050,3,12,12,6751.147299842695
961,EE_H_Demand,2050,3,13,13,-20253.441899528087
962,EE_H_Demand,2050,3,14,14,6751.147299842695
963,EE_H_Demand,2050,3,15,15,6751.147299842695
964,EE_H_Demand,2050,3,16,16,6751.147299842695
965,EE_H_Demand,2050,3,17,17,-20253.441899528087
966,EE_H_Demand,2050,3,18,18,6751.147299842695
967,EE_H_Demand,2050,3,19,19,6751.147299842695
968,EE_H_Demand,2050,3,20,20,6751.147299842695
969,EE_H_Demand,2050,3,21,21,-20253.441899528087
970,EE_H_Demand,2050,3,22,22,6751.147299842695
971,EE_H_Demand,2050,3,23,23,6751.147299842695
972,EE_H_Demand,2050,3,24,24,6751.147299842695
973,ES_E_Demand,2050,1,1,3,-0.0
974,ES_E_Demand,2050,1,4,4,-0.0
975,ES_E_Demand,2050,1,5,6,-0.0
976,ES_E_Demand,2050,1,7,8,-0.0
977,ES_E_Demand,2050,1,9,9,-0.0
978,ES_E_Demand,2050,1,10,12,-0.0
979,ES_E_Demand,2050,1,13,15,-0.0
980,ES_E_Demand,2050,1,16,16,-0.0
981,ES_E_Demand,2050,1,17,18,-0.0
982,ES_E_Demand,2050,1,19,20,-0.0
983,ES_E_Demand,2050,1,21,21,-0.0
984,ES_E_Demand,2050,1,22,24,-0.0
985,ES_E_Demand,2050,2,1,3,-0.0
986,ES_E_Demand,2050,2,4,4,-0.0
987,ES_E_Demand,2050,2,5,6,-0.0
988,ES_E_Demand,2050,2,7,8,-0.0
989,ES_E_Demand,2050,2,9,9,-0.0
990,ES_E_Demand,2050,2,10,12,-0.0
991,ES_E_Demand,2050,2,13,15,-0.0
992,ES_E_Demand,2050,2,16,16,-0.0
993,ES_E_Demand,2050,2,17,18,-0.0
994,ES_E_Demand,2050,2,19,20,-0.0
995,ES_E_Demand,2050,2,21,21,-0.0
996,ES_E_Demand,2050,2,22,24,-0.0
997,ES_E_Demand,2050,3,1,3,-0.0
998,ES_E_Demand,2050,3,4,4,-0.0
999,ES_E_Demand,2050,3,5,6,-0.0
1000,ES_E_Demand,2050,3,7,8,-0.0
1001,ES_E_Demand,2050,3,9,9,-0.0
1002,ES_E_Demand,2050,3,10,12,-0.0
1003,ES_E_Demand,2050,3,13,15,-0.0
1004,ES_E_Demand,2050,3,16,16,-0.0
1005,ES_E_Demand,2050,3,17,18,-0.0
1006,ES_E_Demand,2050,3,19,20,-0.0
1007,ES_E_Demand,2050,3,21,21,-0.0
1008,ES_E_Demand,2050,3,22,24,-0.0
1009,ES_H_Demand,2050,1,1,1,-9794.443352748263
1010,ES_H_Demand,2050,1,2,2,4897.221676374132
1011,ES_H_Demand,2050,1,3,3,4897.221676374132
1012,ES_H_Demand,2050,1,4,4,-9794.443352748263
1013,ES_H_Demand,2050,1,5,5,4897.221676374132
1014,ES_H_Demand,2050,1,6,6,4897.221676374132
1015,ES_H_Demand,2050,1,7,7,-9794.443352748263
1016,ES_H_Demand,2050,1,8,8,4897.221676374132
1017,ES_H_Demand,2050,1,9,9,4897.221676374132
1018,ES_H_Demand,2050,1,10,10,-9794.443352748263
1019,ES_H_Demand,2050,1,11,11,4897.221676374132
1020,ES_H_Demand,2050,1,12,12,4897.221676374132
1021,ES_H_Demand,2050,1,13,13,-9794.443352748263
1022,ES_H_Demand,2050,1,14,14,4897.221676374132
1023,ES_H_Demand,2050,1,15,15,4897.221676374132
1024,ES_H_Demand,2050,1,16,16,-9794.443352748263
1025,ES_H_Demand,2050,1,17,17,4897.221676374132
1026,ES_H_Demand,2050,1,18,18,4897.221676374132
1027,ES_H_Demand,2050,1,19,19,-9794.443352748263
1028,ES_H_Demand,2050,1,20,20,4897.221676374132
1029,ES_H_Demand,2050,1,21,21,4897.221676374132
1030,ES_H_Demand,2050,1,22,22,-9794.443352748263
1031,ES_H_Demand,2050,1,23,23,4897.221676374132
1032,ES_H_Demand,2050,1,24,24,4897.221676374132
1033,ES_H_Demand,2050,2,1,1,-13203.26204756635
1034,ES_H_Demand,2050,2,2,2,6601.631023783175
1035,ES_H_Demand,2050,2,3,3,6601.631023783175
1036,ES_H_Demand,2050,2,4,4,-13203.26204756635
1037,ES_H_Demand,2050,2,5,5,6601.631023783175
1038,ES_H_Demand,2050,2,6,6,6601.631023783175
1039,ES_H_Demand,2050,2,7,7,-13203.26204756635
1040,ES_H_Demand,2050,2,8,8,6601.631023783175
1041,ES_H_Demand,2050,2,9,9,6601.631023783175
1042,ES_H_Demand,2050,2,10,10,-13203.26204756635
1043,ES_H_Demand,2050,2,11,11,6601.631023783175
1044,ES_H_Demand,2050,2,12,12,6601.631023783175
1045,ES_H_Demand,2050,2,13,13,-13203.26204756635
1046,ES_H_Demand,2050,2,14,14,6601.631023783175
1047,ES_H_Demand,2050,2,15,15,6601.631023783175
1048,ES_H_Demand,2050,2,16,16,-13203.26204756635
1049,ES_H_Demand,2050,2,17,17,6601.631023783175
1050,ES_H_Demand,2050,2,18,18,6601.631023783175
1051,ES_H_Demand,2050,2,19,19,-13203.26204756635
1052,ES_H_Demand,2050,2,20,20,6601.631023783175
1053,ES_H_Demand,2050,2,21,21,6601.631023783175
1054,ES_H_Demand,2050,2,22,22,-13203.26204756635
1055,ES_H_Demand,2050,2,23,23,6601.631023783175
1056,ES_H_Demand,2050,2,24,24,6601.631023783175
1057,ES_H_Demand,2050,3,1,1,-13502.29459968539
1058,ES_H_Demand,2050,3,2,2,6751.147299842695
1059,ES_H_Demand,2050,3,3,3,6751.147299842695
1060,ES_H_Demand,2050,3,4,4,-13502.29459968539
1061,ES_H_Demand,2050,3,5,5,6751.147299842695
1062,ES_H_Demand,2050,3,6,6,6751.147299842695
1063,ES_H_Demand,2050,3,7,7,-13502.29459968539
1064,ES_H_Demand,2050,3,8,8,6751.147299842695
1065,ES_H_Demand,2050,3,9,9,6751.147299842695
1066,ES_H_Demand,2050,3,10,10,-13502.29459968539
1067,ES_H_Demand,2050,3,11,11,6751.147299842695
1068,ES_H_Demand,2050,3,12,12,6751.147299842695
1069,ES_H_Demand,2050,3,13,13,-13502.29459968539
1070,ES_H_Demand,2050,3,14,14,6751.147299842695
1071,ES_H_Demand,2050,3,15,15,6751.147299842695
1072,ES_H_Demand,2050,3,16,16,-13502.29459968539
1073,ES_H_Demand,2050,3,17,17,6751.147299842695
1074,ES_H_Demand,2050,3,18,18,6751.147299842695
1075,ES_H_Demand,2050,3,19,19,-13502.29459968539
1076,ES_H_Demand,2050,3,20,20,6751.147299842695
1077,ES_H_Demand,2050,3,21,21,6751.147299842695
1078,ES_H_Demand,2050,3,22,22,-13502.29459968539
1079,ES_H_Demand,2050,3,23,23,6751.147299842695
1080,ES_H_Demand,2050,3,24,24,6751.147299842695
1081,FI_E_Demand,2050,1,1,4,-0.0
1082,FI_E_Demand,2050,1,5,8,-0.0
1083,FI_E_Demand,2050,1,9,12,-0.0
1084,FI_E_Demand,2050,1,13,16,-0.0
1085,FI_E_Demand,2050,1,17,20,-0.0
1086,FI_E_Demand,2050,1,21,24,-0.0
1087,FI_E_Demand,2050,2,1,4,-0.0
1088,FI_E_Demand,2050,2,5,8,-0.0
1089,FI_E_Demand,2050,2,9,12,-0.0
1090,FI_E_Demand,2050,2,13,16,-0.0
1091,FI_E_Demand,2050,2,17,20,-0.0
1092,FI_E_Demand,2050,2,21,24,-0.0
1093,FI_E_Demand,2050,3,1,4,-0.0
1094,FI_E_Demand,2050,3,5,8,-0.0
1095,FI_E_Demand,2050,3,9,12,-0.0
1096,FI_E_Demand,2050,3,13,16,-0.0
1097,FI_E_Demand,2050,3,17,20,-0.0
1098,FI_E_Demand,2050,3,21,24,-0.0
1099,FI_H_Demand,2050,1,1,1,-14691.665029122396
1100,FI_H_Demand,2050,1,2,2,4897.221676374132
1101,FI_H_Demand,2050,1,3,3,4897.221676374132
1102,FI_H_Demand,2050,1,4,4,4897.221676374132
1103,FI_H_Demand,2050,1,5,5,-14691.665029122396
1104,FI_H_Demand,2050,1,6,6,4897.221676374132
1105,FI_H_Demand,2050,1,7,7,4897.221676374132
1106,FI_H_Demand,2050,1,8,8,4897.221676374132
1107,FI_H_Demand,2050,1,9,9,-14691.665029122396
1108,FI_H_Demand,2050,1,10,10,4897.221676374132
1109,FI_H_Demand,2050,1,11,11,4897.221676374132
1110,FI_H_Demand,2050,1,12,12,4897.221676374132
1111,FI_H_Demand,2050,1,13,13,-14691.665029122396
1112,FI_H_Demand,2050,1,14,14,4897.221676374132
1113,FI_H_Demand,2050,1,15,15,4897.221676374132
1114,FI_H_Demand,2050,1,16,16,4897.221676374132
1115,FI_H_Demand,2050,1,17,17,-14691.665029122396
1116,FI_H_Demand,2050,1,18,18,4897.221676374132
1117,FI_H_Demand,2050,1,19,19,4897.221676374132
1118,FI_H_Demand,2050,1,20,20,4897.221676374132
1119,FI_H_Demand,2050,1,21,21,-14691.665029122396
1120,FI_H_Demand,2050,1,22,22,4897.221676374132
1121,FI_H_Demand,2050,1,23,23,4897.221676374132
1122,FI_H_Demand,2050,1,24,24,4897.221676374132
1123,FI_H_Demand,2050,2,1,1,-19804.893071349525
1124,FI_H_Demand,2050,2,2,2,6601.631023783175
1125,FI_H_Demand,2050,2,3,3,6601.631023783175
1126,FI_H_Demand,2050,2,4,4,6601.631023783175
1127,FI_H_Demand,2050,2,5,5,-19804.893071349525
1128,FI_H_Demand,2050,2,6,6,6601.631023783175
1129,FI_H_Demand,2050,2,7,7,6601.631023783175
1130,FI_H_Demand,2050,2,8,8,6601.631023783175
1131,FI_H_Demand,2050,2,9,9,-19804.893071349525
1132,FI_H_Demand,2050,2,10,10,6601.631023783175
1133,FI_H_Demand,2050,2,11,11,6601.631023783175
1134,FI_H_Demand,2050,2,12,12,6601.631023783175
1135,FI_H_Demand,2050,2,13,13,-19804.893071349525
1136,FI_H_Demand,2050,2,14,14,6601.631023783175
1137,FI_H_Demand,2050,2,15,15,6601.631023783175
1138,FI_H_Demand,2050,2,16,16,6601.631023783175
1139,FI_H_Demand,2050,2,17,17,-19804.893071349525
1140,FI_H_Demand,2050,2,18,18,6601.631023783175
1141,FI_H_Demand,2050,2,19,19,6601.631023783175
1142,FI_H_Demand,2050,2,20,20,6601.631023783175
1143,FI_H_Demand,2050,2,21,21,-19804.893071349525
1144,FI_H_Demand,2050,2,22,22,6601.631023783175
1145,FI_H_Demand,2050,2,23,23,6601.631023783175
1146,FI_H_Demand,2050,2,24,24,6601.631023783175
1147,FI_H_Demand,2050,3,1,1,-20253.441899528087
1148,FI_H_Demand,2050,3,2,2,6751.147299842695
1149,FI_H_Demand,2050,3,3,3,6751.147299842695
1150,FI_H_Demand,2050,3,4,4,6751.147299842695
1151,FI_H_Demand,2050,3,5,5,-20253.441899528087
1152,FI_H_Demand,2050,3,6,6,6751.147299842695
1153,FI_H_Demand,2050,3,7,7,6751.147299842695
1154,FI_H_Demand,2050,3,8,8,6751.147299842695
1155,FI_H_Demand,2050,3,9,9,-20253.441899528087
1156,FI_H_Demand,2050,3,10,10,6751.147299842695
1157,FI_H_Demand,2050,3,11,11,6751.147299842695
1158,FI_H_Demand,2050,3,12,12,6751.147299842695
1159,FI_H_Demand,2050,3,13,13,-20253.441899528087
1160,FI_H_Demand,2050,3,14,14,6751.147299842695
1161,FI_H_Demand,2050,3,15,15,6751.147299842695
1162,FI_H_Demand,2050,3,16,16,6751.147299842695
1163,FI_H_Demand,2050,3,17,17,-20253.441899528087
1164,FI_H_Demand,2050,3,18,18,6751.147299842695
1165,FI_H_Demand,2050,3,19,19,6751.147299842695
1166,FI_H_Demand,2050,3,20,20,6751.147299842695
1167,FI_H_Demand,2050,3,21,21,-20253.441899528087
1168,FI_H_Demand,2050,3,22,22,6751.147299842695
1169,FI_H_Demand,2050,3,23,23,6751.147299842695
1170,FI_H_Demand,2050,3,24,24,6751.147299842695
1171,FR_E_Demand,2050,1,1,2,-0.0
1172,FR_E_Demand,2050,1,3,3,-0.0
1173,FR_E_Demand,2050,1,4,4,-0.0
1174,FR_E_Demand,2050,1,5,6,-0.0
1175,FR_E_Demand,2050,1,7,8,-0.0
1176,FR_E_Demand,2050,1,9,9,-0.0
1177,FR_E_Demand,2050,1,10,10,-0.0
1178,FR_E_Demand,2050,1,11,12,-0.0
1179,FR_E_Demand,2050,1,13,14,-0.0
1180,FR_E_Demand,2050,1,15,15,-0.0
1181,FR_E_Demand,2050,1,16,16,-0.0
1182,FR_E_Demand,2050,1,17,18,-0.0
1183,FR_E_Demand,2050,1,19,20,-0.0
1184,FR_E_Demand,2050,1,21,21,-0.0
1185,FR_E_Demand,2050,1,22,22,-0.0
1186,FR_E_Demand,2050,1,23,24,-0.0
1187,FR_E_Demand,2050,2,1,2,-0.0
1188,FR_E_Demand,2050,2,3,3,-0.0
1189,FR_E_Demand,2050,2,4,4,-0.0
1190,FR_E_Demand,2050,2,5,6,-0.0
1191,FR_E_Demand,2050,2,7,8,-0.0
1192,FR_E_Demand,2050,2,9,9,-0.0
1193,FR_E_Demand,2050,2,10,10,-0.0
1194,FR_E_Demand,2050,2,11,12,-0.0
1195,FR_E_Demand,2050,2,13,14,-0.0
1196,FR_E_Demand,2050,2,15,15,-0.0
1197,FR_E_Demand,2050,2,16,16,-0.0
1198,FR_E_Demand,2050,2,17,18,-0.0
1199,FR_E_Demand,2050,2,19,20,-0.0
1200,FR_E_Demand,2050,2,21,21,-0.0
1201,FR_E_Demand,2050,2,22,22,-0.0
1202,FR_E_Demand,2050,2,23,24,-0.0
1203,FR_E_Demand,2050,3,1,2,-0.0
1204,FR_E_Demand,2050,3,3,3,-0.0
1205,FR_E_Demand,2050,3,4,4,-0.0
1206,FR_E_Demand,2050,3,5,6,-0.0
1207,FR_E_Demand,2050,3,7,8,-0.0
1208,FR_E_Demand,2050,3,9,9,-0.0
1209,FR_E_Demand,2050,3,10,10,-0.0
1210,FR_E_Demand,2050,3,11,12,-0.0
1211,FR_E_Demand,2050,3,13,14,-0.0
1212,FR_E_Demand,2050,3,15,15,-0.0
1213,FR_E_Demand,2050,3,16,16,-0.0
1214,FR_E_Demand,2050,3,17,18,-0.0
1215,FR_E_Demand,2050,3,19,20,-0.0
1216,FR_E_Demand,2050,3,21,21,-0.0
1217,FR_E_Demand,2050,3,22,22,-0.0
1218,FR_E_Demand,2050,3,23,24,-0.0
1219,FR_H_Demand,2050,1,1,1,-4897.221676374132
1220,FR_H_Demand,2050,1,2,2,4897.221676374132
1221,FR_H_Demand,2050,1,3,3,-4897.221676374132
1222,FR_H_Demand,2050,1,4,4,4897.221676374132
1223,FR_H_Demand,2050,1,5,5,-4897.221676374132
1224,FR_H_Demand,2050,1,6,6,4897.221676374132
1225,FR_H_Demand,2050,1,7,7,-4897.221676374132
1226,FR_H_Demand,2050,1,8,8,4897.221676374132
1227,FR_H_Demand,2050,1,9,9,-4897.221676374132
1228,FR_H_Demand,2050,1,10,10,4897.221676374132
1229,FR_H_Demand,2050,1,11,11,-4897.221676374132
1230,FR_H_Demand,2050,1,12,12,4897.221676374132
1231,FR_H_Demand,2050,1,13,13,-4897.221676374132
1232,FR_H_Demand,2050,1,14,14,4897.221676374132
1233,FR_H_Demand,2050,1,15,15,-4897.221676374132
1234,FR_H_Demand,2050,1,16,16,4897.221676374132
1235,FR_H_Demand,2050,1,17,17,-4897.221676374132
1236,FR_H_Demand,2050,1,18,18,4897.221676374132
1237,FR_H_Demand,2050,1,19,19,-4897.221676374132
1238,FR_H_Demand,2050,1,20,20,4897.221676374132
1239,FR_H_Demand,2050,1,21,21,-4897.221676374132
1240,FR_H_Demand,2050,1,22,22,4897.221676374132
1241,FR_H_Demand,2050,1,23,23,-4897.221676374132
1242,FR_H_Demand,2050,1,24,24,4897.221676374132
1243,FR_H_Demand,2050,2,1,1,-6601.631023783175
1244,FR_H_Demand,2050,2,2,2,6601.631023783175
1245,FR_H_Demand,2050,2,3,3,-6601.631023783175
1246,FR_H_Demand,2050,2,4,4,6601.631023783175
1247,FR_H_Demand,2050,2,5,5,-6601.631023783175
1248,FR_H_Demand,2050,2,6,6,6601.631023783175
1249,FR_H_Demand,2050,2,7,7,-6601.631023783175
1250,FR_H_Demand,2050,2,8,8,6601.631023783175
1251,FR_H_Demand,2050,2,9,9,-6601.631023783175
1252,FR_H_Demand,2050,2,10,10,6601.631023783175
1253,FR_H_Demand,2050,2,11,11,-6601.631023783175
1254,FR_H_Demand,2050,2,12,12,6601.631023783175
1255,FR_H_Demand,2050,2,13,13,-6601.631023783175
1256,FR_H_Demand,2050,2,14,14,6601.631023783175
1257,FR_H_Demand,2050,2,15,15,-6601.631023783175
1258,FR_H_Demand,2050,2,16,16,6601.631023783175
1259,FR_H_Demand,2050,2,17,17,-6601.631023783175
1260,FR_H_Demand,2050,2,18,18,6601.631023783175
1261,FR_H_Demand,2050,2,19,19,-6601.631023783175
1262,FR_H_Demand,2050,2,20,20,6601.631023783175
1263,FR_H_Demand,2050,2,21,21,-6601.631023783175
1264,FR_H_Demand,2050,2,22,22,6601.631023783175
1265,FR_H_Demand,2050,2,23,23,-6601.631023783175
1266,FR_H_Demand,2050,2,24,24,6601.631023783175
1267,FR_H_Demand,2050,3,1,1,-6751.147299842695
1268,FR_H_Demand,2050,3,2,2,6751.147299842695
1269,FR_H_Demand,2050,3,3,3,-6751.147299842695
1270,FR_H_Demand,2050,3,4,4,6751.147299842695
1271,FR_H_Demand,2050,3,5,5,-6751.147299842695
1272,FR_H_Demand,2050,3,6,6,6751.147299842695
1273,FR_H_Demand,2050,3,7,7,-6751.147299842695
1274,FR_H_Demand,2050,3,8,8,6751.147299842695
1275,FR_H_Demand,2050,3,9,9,-6751.147299842695
1276,FR_H_Demand,2050,3,10,10,6751.147299842695
1277,FR_H_Demand,2050,3,11,11,-6751.147299842695
1278,FR_H_Demand,2050,3,12,12,6751.147299842695
1279,FR_H_Demand,2050,3,13,13,-6751.147299842695
1280,FR_H_Demand,2050,3,14,14,6751.147299842695
1281,FR_H_Demand,2050,3,15,15,-6751.147299842695
1282,FR_H_Demand,2050,3,16,16,6751.147299842695
1283,FR_H_Demand,2050,3,17,17,-6751.147299842695
1284,FR_H_Demand,2050,3,18,18,6751.147299842695
1285,FR_H_Demand,2050,3,19,19,-6751.147299842695
1286,FR_H_Demand,2050,3,20,20,6751.147299842695
1287,FR_H_Demand,2050,3,21,21,-6751.147299842695
1288,FR_H_Demand,2050,3,22,22,6751.147299842695
1289,FR_H_Demand,2050,3,23,23,-6751.147299842695
1290,FR_H_Demand,2050,3,24,24,6751.147299842695
1291,GR_E_Demand,2050,1,1,4,-0.0
1292,GR_E_Demand,2050,1,5,8,-0.0
1293,GR_E_Demand,2050,1,9,12,-0.0
1294,GR_E_Demand,2050,1,13,16,-0.0
1295,GR_E_Demand,2050,1,17,20,-0.0
1296,GR_E_Demand,2050,1,21,24,-0.0
1297,GR_E_Demand,2050,2,1,4,-0.0
1298,GR_E_Demand,2050,2,5,8,-0.0
1299,GR_E_Demand,2050,2,9,12,-0.0
1300,GR_E_Demand,2050,2,13,16,-0.0
1301,GR_E_Demand,2050,2,17,20,-0.0
1302,GR_E_Demand,2050,2,21,24,-0.0
1303,GR_E_Demand,2050,3,1,4,-0.0
1304,GR_E_Demand,2050,3,5,8,-0.0
1305,GR_E_Demand,2050,3,9,12,-0.0
1306,GR_E_Demand,2050,3,13,16,-0.0
1307,GR_E_Demand,2050,3,17,20,-0.0
1308,GR_E_Demand,2050,3,21,24,-0.0
1309,GR_H_Demand,2050,1,1,1,-14691.665029122396
1310,GR_H_Demand,2050,1,2,2,4897.221676374132
1311,GR_H_Demand,2050,1,3,3,4897.221676374132
1312,GR_H_Demand,2050,1,4,4,4897.221676374132
1313,GR_H_Demand,2050,1,5,5,-14691.665029122396
1314,GR_H_Demand,2050,1,6,6,4897.221676374132
1315,GR_H_Demand,2050,1,7,7,4897.221676374132
1316,GR_H_Demand,2050,1,8,8,4897.221676374132
1317,GR_H_Demand,2050,1,9,9,-14691.665029122396
1318,GR_H_Demand,2050,1,10,10,4897.221676374132
1319,GR_H_Demand,2050,1,11,11,4897.221676374132
1320,GR_H_Demand,2050,1,12,12,4897.221676374132
1321,GR_H_Demand,2050,1,13,13,-14691.665029122396
1322,GR_H_Demand,2050,1,14,14,4897.221676374132
1323,GR_H_Demand,2050,1,15,15,4897.221676374132
1324,GR_H_Demand,2050,1,16,16,4897.221676374132
1325,GR_H_Demand,2050,1,17,17,-14691.665029122396
1326,GR_H_Demand,2050,1,18,18,4897.221676374132
1327,GR_H_Demand,2050,1,19,19,4897.221676374132
1328,GR_H_Demand,2050,1,20,20,4897.221676374132
1329,GR_H_Demand,2050,1,21,21,-14691.665029122396
1330,GR_H_Demand,2050,1,22,22,4897.221676374132
1331,GR_H_Demand,2050,1,23,23,4897.221676374132
1332,GR_H_Demand,2050,1,24,24,4897.221676374132
1333,GR_H_Demand,2050,2,1,1,-19804.893071349525
1334,GR_H_Demand,2050,2,2,2,6601.631023783175
1335,GR_H_Demand,2050,2,3,3,6601.631023783175
1336,GR_H_Demand,2050,2,4,4,6601.631023783175
1337,GR_H_Demand,2050,2,5,5,-19804.893071349525
1338,GR_H_Demand,2050,2,6,6,6601.631023783175
1339,GR_H_Demand,2050,2,7,7,6601.631023783175
1340,GR_H_Demand,2050,2,8,8,6601.631023783175
1341,GR_H_Demand,2050,2,9,9,-19804.893071349525
1342,GR_H_Demand,2050,2,10,10,6601.631023783175
1343,GR_H_Demand,2050,2,11,11,6601.631023783175
1344,GR_H_Demand,2050,2,12,12,6601.631023783175
1345,GR_H_Demand,2050,2,13,13,-19804.893071349525
1346,GR_H_Demand,2050,2,14,14,6601.631023783175
1347,GR_H_Demand,2050,2,15,15,6601.631023783175
1348,GR_H_Demand,2050,2,16,16,6601.631023783175
1349,GR_H_Demand,2050,2,17,17,-19804.893071349525
1350,GR_H_Demand,2050,2,18,18,6601.631023783175
1351,GR_H_Demand,2050,2,19,19,6601.631023783175
1352,GR_H_Demand,2050,2,20,20,6601.631023783175
1353,GR_H_Demand,2050,2,21,21,-19804.893071349525
1354,GR_H_Demand,2050,2,22,22,6601.631023783175
1355,GR_H_Demand,2050,2,23,23,6601.631023783175
1356,GR_H_Demand,2050,2,24,24,6601.631023783175
1357,GR_H_Demand,2050,3,1,1,-20253.441899528087
1358,GR_H_Demand,2050,3,2,2,6751.147299842695
1359,GR_H_Demand,2050,3,3,3,6751.147299842695
1360,GR_H_Demand,2050,3,4,4,6751.147299842695
1361,GR_H_Demand,2050,3,5,5,-20253.441899528087
1362,GR_H_Demand,2050,3,6,6,6751.147299842695
1363,GR_H_Demand,2050,3,7,7,6751.147299842695
1364,GR_H_Demand,2050,3,8,8,6751.147299842695
1365,GR_H_Demand,2050,3,9,9,-20253.441899528087
1366,GR_H_Demand,2050,3,10,10,6751.147299842695
1367,GR_H_Demand,2050,3,11,11,6751.147299842695
1368,GR_H_Demand,2050,3,12,12,6751.147299842695
1369,GR_H_Demand,2050,3,13,13,-20253.441899528087
1370,GR_H_Demand,2050,3,14,14,6751.147299842695
1371,GR_H_Demand,2050,3,15,15,6751.147299842695
1372,GR_H_Demand,2050,3,16,16,6751.147299842695
1373,GR_H_Demand,2050,3,17,17,-20253.441899528087
1374,GR_H_Demand,2050,3,18,18,6751.147299842695
1375,GR_H_Demand,2050,3,19,19,6751.147299842695
1376,GR_H_Demand,2050,3,20,20,6751.147299842695
1377,GR_H_Demand,2050,3,21,21,-20253.441899528087
1378,GR_H_Demand,2050,3,22,22,6751.147299842695
1379,GR_H_Demand,2050,3,23,23,6751.147299842695
1380,GR_H_Demand,2050,3,24,24,6751.147299842695
1381,HR_E_Demand,2050,1,1,4,-0.0
1382,HR_E_Demand,2050,1,5,8,-0.0
1383,HR_E_Demand,2050,1,9,12,-0.0
1384,HR_E_Demand,2050,1,13,16,-0.0
1385,HR_E_Demand,2050,1,17,20,-0.0
1386,HR_E_Demand,2050,1,21,24,-0.0
1387,HR_E_Demand,2050,2,1,4,-0.0
1388,HR_E_Demand,2050,2,5,8,-0.0
1389,HR_E_Demand,2050,2,9,12,-0.0
1390,HR_E_Demand,2050,2,13,16,-0.0
1391,HR_E_Demand,2050,2,17,20,-0.0
1392,HR_E_Demand,2050,2,21,24,-0.0
1393,HR_E_Demand,2050,3,1,4,-0.0
1394,HR_E_Demand,2050,3,5,8,-0.0
1395,HR_E_Demand,2050,3,9,12,-0.0
1396,HR_E_Demand,2050,3,13,16,-0.0
1397,HR_E_Demand,2050,3,17,20,-0.0
1398,HR_E_Demand,2050,3,21,24,-0.0
1399,HR_H_Demand,2050,1,1,1,-14691.665029122396
1400,HR_H_Demand,2050,1,2,2,4897.221676374132
1401,HR_H_Demand,2050,1,3,3,4897.221676374132
1402,HR_H_Demand,2050,1,4,4,4897.221676374132
1403,HR_H_Demand,2050,1,5,5,-14691.665029122396
1404,HR_H_Demand,2050,1,6,6,4897.221676374132
1405,HR_H_Demand,2050,1,7,7,4897.221676374132
1406,HR_H_Demand,2050,1,8,8,4897.221676374132
1407,HR_H_Demand,2050,1,9,9,-14691.665029122396
1408,HR_H_Demand,2050,1,10,10,4897.221676374132
1409,HR_H_Demand,2050,1,11,11,4897.221676374132
1410,HR_H_Demand,2050,1,12,12,4897.221676374132
1411,HR_H_Demand,2050,1,13,13,-14691.665029122396
1412,HR_H_Demand,2050,1,14,14,4897.221676374132
1413,HR_H_Demand,2050,1,15,15,4897.221676374132
1414,HR_H_Demand,2050,1,16,16,4897.221676374132
1415,HR_H_Demand,2050,1,17,17,-14691.665029122396
1416,HR_H_Demand,2050,1,18,18,4897.221676374132
1417,HR_H_Demand,2050,1,19,19,4897.221676374132
1418,HR_H_Demand,2050,1,20,20,4897.221676374132
1419,HR_H_Demand,2050,1,21,21,-14691.665029122396
1420,HR_H_Demand,2050,1,22,22,4897.221676374132
1421,HR_H_Demand,2050,1,23,23,4897.221676374132
1422,HR_H_Demand,2050,1,24,24,4897.221676374132
1423,HR_H_Demand,2050,2,1,1,-19804.893071349525
1424,HR_H_Demand,2050,2,2,2,6601.631023783175
1425,HR_H_Demand,2050,2,3,3,6601.631023783175
1426,HR_H_Demand,2050,2,4,4,6601.631023783175
1427,HR_H_Demand,2050,2,5,5,-19804.893071349525
1428,HR_H_Demand,2050,2,6,6,6601.631023783175
1429,HR_H_Demand,2050,2,7,7,6601.631023783175
1430,HR_H_Demand,2050,2,8,8,6601.631023783175
1431,HR_H_Demand,2050,2,9,9,-19804.893071349525
1432,HR_H_Demand,2050,2,10,10,6601.631023783175
1433,HR_H_Demand,2050,2,11,11,6601.631023783175
1434,HR_H_Demand,2050,2,12,12,6601.631023783175
1435,HR_H_Demand,2050,2,13,13,-19804.893071349525
1436,HR_H_Demand,2050,2,14,14,6601.631023783175
1437,HR_H_Demand,2050,2,15,15,6601.631023783175
1438,HR_H_Demand,2050,2,16,16,6601.631023783175
1439,HR_H_Demand,2050,2,17,17,-19804.893071349525
1440,HR_H_Demand,2050,2,18,18,6601.631023783175
1441,HR_H_Demand,2050,2,19,19,6601.631023783175
1442,HR_H_Demand,2050,2,20,20,6601.631023783175
1443,HR_H_Demand,2050,2,21,21,-19804.893071349525
1444,HR_H_Demand,2050,2,22,22,6601.631023783175
1445,HR_H_Demand,2050,2,23,23,6601.631023783175
1446,HR_H_Demand,2050,2,24,24,6601.631023783175
1447,HR_H_Demand,2050,3,1,1,-20253.441899528087
1448,HR_H_Demand,2050,3,2,2,6751.147299842695
1449,HR_H_Demand,2050,3,3,3,6751.147299842695
1450,HR_H_Demand,2050,3,4,4,6751.147299842695
1451,HR_H_Demand,2050,3,5,5,-20253.441899528087
1452,HR_H_Demand,2050,3,6,6,6751.147299842695
1453,HR_H_Demand,2050,3,7,7,6751.147299842695
1454,HR_H_Demand,2050,3,8,8,6751.147299842695
1455,HR_H_Demand,2050,3,9,9,-20253.441899528087
1456,HR_H_Demand,2050,3,10,10,6751.147299842695
1457,HR_H_Demand,2050,3,11,11,6751.147299842695
1458,HR_H_Demand,2050,3,12,12,6751.147299842695
1459,HR_H_Demand,2050,3,13,13,-20253.441899528087
1460,HR_H_Demand,2050,3,14,14,6751.147299842695
1461,HR_H_Demand,2050,3,15,15,6751.147299842695
1462,HR_H_Demand,2050,3,16,16,6751.147299842695
1463,HR_H_Demand,2050,3,17,17,-20253.441899528087
1464,HR_H_Demand,2050,3,18,18,6751.147299842695
1465,HR_H_Demand,2050,3,19,19,6751.147299842695
1466,HR_H_Demand,2050,3,20,20,6751.147299842695
1467,HR_H_Demand,2050,3,21,21,-20253.441899528087
1468,HR_H_Demand,2050,3,22,22,6751.147299842695
1469,HR_H_Demand,2050,3,23,23,6751.147299842695
1470,HR_H_Demand,2050,3,24,24,6751.147299842695
1471,HU_E_Demand,2050,1,1,4,4505.443942264198
1472,HU_E_Demand,2050,1,5,8,4505.443942264198
1473,HU_E_Demand,2050,1,9,12,-0.0
1474,HU_E_Demand,2050,1,13,16,-0.0
1475,HU_E_Demand,2050,1,17,20,4505.443942264198
1476,HU_E_Demand,2050,1,21,24,4505.443942264198
1477,HU_E_Demand,2050,2,1,4,6073.500541880522
1478,HU_E_Demand,2050,2,5,8,6073.500541880522
1479,HU_E_Demand,2050,2,9,12,-0.0
1480,HU_E_Demand,2050,2,13,16,-0.0
1481,HU_E_Demand,2050,2,17,20,6073.500541880522
1482,HU_E_Demand,2050,2,21,24,6073.500541880522
1483,HU_E_Demand,2050,3,1,4,6211.05551585528
1484,HU_E_Demand,2050,3,5,8,6211.05551585528
1485,HU_E_Demand,2050,3,9,12,-0.0
1486,HU_E_Demand,2050,3,13,16,-0.0
1487,HU_E_Demand,2050,3,17,20,6211.05551585528
1488,HU_E_Demand,2050,3,21,24,6211.05551585528
1489,HU_H_Demand,2050,1,1,1,-10186.221086858197
1490,HU_H_Demand,2050,1,2,2,4897.221676374132
1491,HU_H_Demand,2050,1,3,3,4897.221676374132
1492,HU_H_Demand,2050,1,4,4,4897.221676374132
1493,HU_H_Demand,2050,1,5,5,-10186.221086858197
1494,HU_H_Demand,2050,1,6,6,4897.221676374132
1495,HU_H_Demand,2050,1,7,7,4897.221676374132
1496,HU_H_Demand,2050,1,8,8,4897.221676374132
1497,HU_H_Demand,2050,1,9,9,-14691.665029122396
1498,HU_H_Demand,2050,1,10,10,4897.221676374132
1499,HU_H_Demand,2050,1,11,11,4897.221676374132
1500,HU_H_Demand,2050,1,12,12,4897.221676374132
1501,HU_H_Demand,2050,1,13,13,-14691.665029122396
1502,HU_H_Demand,2050,1,14,14,4897.221676374132
1503,HU_H_Demand,2050,1,15,15,4897.221676374132
1504,HU_H_Demand,2050,1,16,16,4897.221676374132
1505,HU_H_Demand,2050,1,17,17,-10186.221086858197
1506,HU_H_Demand,2050,1,18,18,4897.221676374132
1507,HU_H_Demand,2050,1,19,19,4897.221676374132
1508,HU_H_Demand,2050,1,20,20,4897.221676374132
1509,HU_H_Demand,2050,1,21,21,-10186.221086858197
1510,HU_H_Demand,2050,1,22,22,4897.221676374132
1511,HU_H_Demand,2050,1,23,23,4897.221676374132
1512,HU_H_Demand,2050,1,24,24,4897.221676374132
1513,HU_H_Demand,2050,2,1,1,-13731.392529469002
1514,HU_H_Demand,2050,2,2,2,6601.631023783175
1515,HU_H_Demand,2050,2,3,3,6601.631023783175
1516,HU_H_Demand,2050,2,4,4,6601.631023783175
1517,HU_H_Demand,2050,2,5,5,-13731.392529469002
1518,HU_H_Demand,2050,2,6,6,6601.631023783175
1519,HU_H_Demand,2050,2,7,7,6601.631023783175
1520,HU_H_Demand,2050,2,8,8,6601.631023783175
1521,HU_H_Demand,2050,2,9,9,-19804.893071349525
1522,HU_H_Demand,2050,2,10,10,6601.631023783175
1523,HU_H_Demand,2050,2,11,11,6601.631023783175
1524,HU_H_Demand,2050,2,12,12,6601.631023783175
1525,HU_H_Demand,2050,2,13,13,-19804.893071349525
1526,HU_H_Demand,2050,2,14,14,6601.631023783175
1527,HU_H_Demand,2050,2,15,15,6601.631023783175
1528,HU_H_Demand,2050,2,16,16,6601.631023783175
1529,HU_H_Demand,2050,2,17,17,-13731.392529469002
1530,HU_H_Demand,2050,2,18,18,6601.631023783175
1531,HU_H_Demand,2050,2,19,19,6601.631023783175
1532,HU_H_Demand,2050,2,20,20,6601.631023783175
1533,HU_H_Demand,2050,2,21,21,-13731.392529469002
1534,HU_H_Demand,2050,2,22,22,6601.631023783175
1535,HU_H_Demand,2050,2,23,23,6601.631023783175
1536,HU_H_Demand,2050,2,24,24,6601.631023783175
1537,HU_H_Demand,2050,3,1,1,-14042.386383672807
1538,HU_H_Demand,2050,3,2,2,6751.147299842695
1539,HU_H_Demand,2050,3,3,3,6751.147299842695
1540,HU_H_Demand,2050,3,4,4,6751.147299842695
1541,HU_H_Demand,2050,3,5,5,-14042.386383672807
1542,HU_H_Demand,2050,3,6,6,6751.147299842695
1543,HU_H_Demand,2050,3,7,7,6751.147299842695
1544,HU_H_Demand,2050,3,8,8,6751.147299842695
1545,HU_H_Demand,2050,3,9,9,-20253.441899528087
1546,HU_H_Demand,2050,3,10,10,6751.147299842695
1547,HU_H_Demand,2050,3,11,11,6751.147299842695
1548,HU_H_Demand,2050,3,12,12,6751.147299842695
1549,HU_H_Demand,2050,3,13,13,-20253.441899528087
1550,HU_H_Demand,2050,3,14,14,6751.147299842695
1551,HU_H_Demand,2050,3,15,15,6751.147299842695
1552,HU_H_Demand,2050,3,16,16,6751.147299842695
1553,HU_H_Demand,2050,3,17,17,-14042.386383672807
1554,HU_H_Demand,2050,3,18,18,6751.147299842695
1555,HU_H_Demand,2050,3,19,19,6751.147299842695
1556,HU_H_Demand,2050,3,20,20,6751.147299842695
1557,HU_H_Demand,2050,3,21,21,-14042.386383672807
1558,HU_H_Demand,2050,3,22,22,6751.147299842695
1559,HU_H_Demand,2050,3,23,23,6751.147299842695
1560,HU_H_Demand,2050,3,24,24,6751.147299842695
1561,IE_E_Demand,2050,1,1,2,-0.0
1562,IE_E_Demand,2050,1,3,4,-0.0
1563,IE_E_Demand,2050,1,5,6,-0.0
1564,IE_E_Demand,2050,1,7,8,-0.0
1565,IE_E_Demand,2050,1,9,10,-0.0
1566,IE_E_Demand,2050,1,11,12,-0.0
1567,IE_E_Demand,2050,1,13,14,-0.0
1568,IE_E_Demand,2050,1,15,16,-0.0
1569,IE_E_Demand,2050,1,17,18,-0.0
1570,IE_E_Demand,2050,1,19,20,-0.0
1571,IE_E_Demand,2050,1,21,22,-0.0
1572,IE_E_Demand,2050,1,23,24,-0.0
1573,IE_E_Demand,2050,2,1,2,-0.0
1574,IE_E_Demand,2050,2,3,4,-0.0
1575,IE_E_Demand,2050,2,5,6,-0.0
1576,IE_E_Demand,2050,2,7,8,-0.0
1577,IE_E_Demand,2050,2,9,10,-0.0
1578,IE_E_Demand,2050,2,11,12,-0.0
1579,IE_E_Demand,2050,2,13,14,-0.0
1580,IE_E_Demand,2050,2,15,16,-0.0
1581,IE_E_Demand,2050,2,17,18,-0.0
1582,IE_E_Demand,2050,2,19,20,-0.0
1583,IE_E_Demand,2050,2,21,22,-0.0
1584,IE_E_Demand,2050,2,23,24,-0.0
1585,IE_E_Demand,2050,3,1,2,-0.0
1586,IE_E_Demand,2050,3,3,4,-0.0
1587,IE_E_Demand,2050,3,5,6,-0.0
1588,IE_E_Demand,2050,3,7,8,-0.0
1589,IE_E_Demand,2050,3,9,10,-0.0
1590,IE_E_Demand,2050,3,11,12,-0.0
1591,IE_E_Demand,2050,3,13,14,-0.0
1592,IE_E_Demand,2050,3,15,16,-0.0
1593,IE_E_Demand,2050,3,17,18,-0.0
1594,IE_E_Demand,2050,3,19,20,-0.0
1595,IE_E_Demand,2050,3,21,22,-0.0
1596,IE_E_Demand,2050,3,23,24,-0.0
1597,IE_H_Demand,2050,1,1,1,-4897.221676374132
1598,IE_H_Demand,2050,1,2,2,4897.221676374132
1599,IE_H_Demand,2050,1,3,3,-4897.221676374132
1600,IE_H_Demand,2050,1,4,4,4897.221676374132
1601,IE_H_Demand,2050,1,5,5,-4897.221676374132
1602,IE_H_Demand,2050,1,6,6,4897.221676374132
1603,IE_H_Demand,2050,1,7,7,-4897.221676374132
1604,IE_H_Demand,2050,1,8,8,4897.221676374132
1605,IE_H_Demand,2050,1,9,9,-4897.221676374132
1606,IE_H_Demand,2050,1,10,10,4897.221676374132
1607,IE_H_Demand,2050,1,11,11,-4897.221676374132
1608,IE_H_Demand,2050,1,12,12,4897.221676374132
1609,IE_H_Demand,2050,1,13,13,-4897.221676374132
1610,IE_H_Demand,2050,1,14,14,4897.221676374132
1611,IE_H_Demand,2050,1,15,15,-4897.221676374132
1612,IE_H_Demand,2050,1,16,16,4897.221676374132
1613,IE_H_Demand,2050,1,17,17,-4897.221676374132
1614,IE_H_Demand,2050,1,18,18,4897.221676374132
1615,IE_H_Demand,2050,1,19,19,-4897.221676374132
1616,IE_H_Demand,2050,1,20,20,4897.221676374132
1617,IE_H_Demand,2050,1,21,21,-4897.221676374132
1618,IE_H_Demand,2050,1,22,22,4897.221676374132
1619,IE_H_Demand,2050,1,23,23,-4897.221676374132
1620,IE_H_Demand,2050,1,24,24,4897.221676374132
1621,IE_H_Demand,2050,2,1,1,-6601.631023783175
1622,IE_H_Demand,2050,2,2,2,6601.631023783175
1623,IE_H_Demand,2050,2,3,3,-6601.631023783175
1624,IE_H_Demand,2050,2,4,4,6601.631023783175
1625,IE_H_Demand,2050,2,5,5,-6601.631023783175
1626,IE_H_Demand,2050,2,6,6,6601.631023783175
1627,IE_H_Demand,2050,2,7,7,-6601.631023783175
1628,IE_H_Demand,2050,2,8,8,6601.631023783175
1629,IE_H_Demand,2050,2,9,9,-6601.631023783175
1630,IE_H_Demand,2050,2,10,10,6601.631023783175
1631,IE_H_Demand,2050,2,11,11,-6601.631023783175
1632,IE_H_Demand,2050,2,12,12,6601.631023783175
1633,IE_H_Demand,2050,2,13,13,-6601.631023783175
1634,IE_H_Demand,2050,2,14,14,6601.631023783175
1635,IE_H_Demand,2050,2,15,15,-6601.631023783175
1636,IE_H_Demand,2050,2,16,16,6601.631023783175
1637,IE_H_Demand,2050,2,17,17,-6601.631023783175
1638,IE_H_Demand,2050,2,18,18,6601.631023783175
1639,IE_H_Demand,2050,2,19,19,-6601.631023783175
1640,IE_H_Demand,2050,2,20,20,6601.631023783175
1641,IE_H_Demand,2050,2,21,21,-6601.631023783175
1642,IE_H_Demand,2050,2,22,22,6601.631023783175
1643,IE_H_Demand,2050,2,23,23,-6601.631023783175
1644,IE_H_Demand,2050,2,24,24,6601.631023783175
1645,IE_H_Demand,2050,3,1,1,-6751.147299842695
1646,IE_H_Demand,2050,3,2,2,6751.147299842695
1647,IE_H_Demand,2050,3,3,3,-6751.147299842695
1648,IE_H_Demand,2050,3,4,4,6751.147299842695
1649,IE_H_Demand,2050,3,5,5,-6751.147299842695
1650,IE_H_Demand,2050,3,6,6,6751.147299842695
1651,IE_H_Demand,2050,3,7,7,-6751.147299842695
1652,IE_H_Demand,2050,3,8,8,6751.147299842695
1653,IE_H_Demand,2050,3,9,9,-6751.147299842695
1654,IE_H_Demand,2050,3,10,10,6751.147299842695
1655,IE_H_Demand,2050,3,11,11,-6751.147299842695
1656,IE_H_Demand,2050,3,12,12,6751.147299842695
1657,IE_H_Demand,2050,3,13,13,-6751.147299842695
1658,IE_H_Demand,2050,3,14,14,6751.147299842695
1659,IE_H_Demand,2050,3,15,15,-6751.147299842695
1660,IE_H_Demand,2050,3,16,16,6751.147299842695
1661,IE_H_Demand,2050,3,17,17,-6751.147299842695
1662,IE_H_Demand,2050,3,18,18,6751.147299842695
1663,IE_H_Demand,2050,3,19,19,-6751.147299842695
1664,IE_H_Demand,2050,3,20,20,6751.147299842695
1665,IE_H_Demand,2050,3,21,21,-6751.147299842695
1666,IE_H_Demand,2050,3,22,22,6751.147299842695
1667,IE_H_Demand,2050,3,23,23,-6751.147299842695
1668,IE_H_Demand,2050,3,24,24,6751.147299842695
1669,IT_E_Demand,2050,1,1,4,-0.0
1670,IT_E_Demand,2050,1,5,8,-0.0
1671,IT_E_Demand,2050,1,9,12,-0.0
1672,IT_E_Demand,2050,1,13,16,-0.0
1673,IT_E_Demand,2050,1,17,20,-0.0
1674,IT_E_Demand,2050,1,21,24,-0.0
1675,IT_E_Demand,2050,2,1,4,-0.0
1676,IT_E_Demand,2050,2,5,8,-0.0
1677,IT_E_Demand,2050,2,9,12,-0.0
1678,IT_E_Demand,2050,2,13,16,-0.0
1679,IT_E_Demand,2050,2,17,20,-0.0
1680,IT_E_Demand,2050,2,21,24,-0.0
1681,IT_E_Demand,2050,3,1,4,-0.0
1682,IT_E_Demand,2050,3,5,8,-0.0
1683,IT_E_Demand,2050,3,9,12,-0.0
1684,IT_E_Demand,2050,3,13,16,-0.0
1685,IT_E_Demand,2050,3,17,20,-0.0
1686,IT_E_Demand,2050,3,21,24,-0.0
1687,IT_H_Demand,2050,1,1,1,-14691.665029122396
1688,IT_H_Demand,2050,1,2,2,4897.221676374132
1689,IT_H_Demand,2050,1,3,3,4897.221676374132
1690,IT_H_Demand,2050,1,4,4,4897.221676374132
1691,IT_H_Demand,2050,1,5,5,-14691.665029122396
1692,IT_H_Demand,2050,1,6,6,4897.221676374132
1693,IT_H_Demand,2050,1,7,7,4897.221676374132
1694,IT_H_Demand,2050,1,8,8,4897.221676374132
1695,IT_H_Demand,2050,1,9,9,-14691.665029122396
1696,IT_H_Demand,2050,1,10,10,4897.221676374132
1697,IT_H_Demand,2050,1,11,11,4897.221676374132
1698,IT_H_Demand,2050,1,12,12,4897.221676374132
1699,IT_H_Demand,2050,1,13,13,-14691.665029122396
1700,IT_H_Demand,2050,1,14,14,4897.221676374132
1701,IT_H_Demand,2050,1,15,15,4897.221676374132
1702,IT_H_Demand,2050,1,16,16,4897.221676374132
1703,IT_H_Demand,2050,1,17,17,-14691.665029122396
1704,IT_H_Demand,2050,1,18,18,4897.221676374132
1705,IT_H_Demand,2050,1,19,19,4897.221676374132
1706,IT_H_Demand,2050,1,20,20,4897.221676374132
1707,IT_H_Demand,2050,1,21,21,-14691.665029122396
1708,IT_H_Demand,2050,1,22,22,4897.221676374132
1709,IT_H_Demand,2050,1,23,23,4897.221676374132
1710,IT_H_Demand,2050,1,24,24,4897.221676374132
1711,IT_H_Demand,2050,2,1,1,-19804.893071349525
1712,IT_H_Demand,2050,2,2,2,6601.631023783175
1713,IT_H_Demand,2050,2,3,3,6601.631023783175
1714,IT_H_Demand,2050,2,4,4,6601.631023783175
1715,IT_H_Demand,2050,2,5,5,-19804.893071349525
1716,IT_H_Demand,2050,2,6,6,6601.631023783175
1717,IT_H_Demand,2050,2,7,7,6601.631023783175
1718,IT_H_Demand,2050,2,8,8,6601.631023783175
1719,IT_H_Demand,2050,2,9,9,-19804.893071349525
1720,IT_H_Demand,2050,2,10,10,6601.631023783175
1721,IT_H_Demand,2050,2,11,11,6601.631023783175
1722,IT_H_Demand,2050,2,12,12,6601.631023783175
1723,IT_H_Demand,2050,2,13,13,-19804.893071349525
1724,IT_H_Demand,2050,2,14,14,6601.631023783175
1725,IT_H_Demand,2050,2,15,15,6601.631023783175
1726,IT_H_Demand,2050,2,16,16,6601.631023783175
1727,IT_H_Demand,2050,2,17,17,-19804.893071349525
1728,IT_H_Demand,2050,2,18,18,6601.631023783175
1729,IT_H_Demand,2050,2,19,19,6601.631023783175
1730,IT_H_Demand,2050,2,20,20,6601.631023783175
1731,IT_H_Demand,2050,2,21,21,-19804.893071349525
1732,IT_H_Demand,2050,2,22,22,6601.631023783175
1733,IT_H_Demand,2050,2,23,23,6601.631023783175
1734,IT_H_Demand,2050,2,24,24,6601.631023783175
1735,IT_H_Demand,2050,3,1,1,-20253.441899528087
1736,IT_H_Demand,2050,3,2,2,6751.147299842695
1737,IT_H_Demand,2050,3,3,3,6751.147299842695
1738,IT_H_Demand,2050,3,4,4,6751.147299842695
1739,IT_H_Demand,2050,3,5,5,-20253.441899528087
1740,IT_H_Demand,2050,3,6,6,6751.147299842695
1741,IT_H_Demand,2050,3,7,7,6751.147299842695
1742,IT_H_Demand,2050,3,8,8,6751.147299842695
1743,IT_H_Demand,2050,3,9,9,-20253.441899528087
1744,IT_H_Demand,2050,3,10,10,6751.147299842695
1745,IT_H_Demand,2050,3,11,11,6751.147299842695
1746,IT_H_Demand,2050,3,12,12,6751.147299842695
1747,IT_H_Demand,2050,3,13,13,-20253.441899528087
1748,IT_H_Demand,2050,3,14,14,6751.147299842695
1749,IT_H_Demand,2050,3,15,15,6751.147299842695
1750,IT_H_Demand,2050,3,16,16,6751.147299842695
1751,IT_H_Demand,2050,3,17,17,-20253.441899528087
1752,IT_H_Demand,2050,3,18,18,6751.147299842695
1753,IT_H_Demand,2050,3,19,19,6751.147299842695
1754,IT_H_Demand,2050,3,20,20,6751.147299842695
1755,IT_H_Demand,2050,3,21,21,-20253.441899528087
1756,IT_H_Demand,2050,3,22,22,6751.147299842695
1757,IT_H_Demand,2050,3,23,23,6751.147299842695
1758,IT_H_Demand,2050,3,24,24,6751.147299842695
1759,LT_E_Demand,2050,1,1,4,-0.0
1760,LT_E_Demand,2050,1,5,8,-0.0
1761,LT_E_Demand,2050,1,9,12,-0.0
1762,LT_E_Demand,2050,1,13,16,-0.0
1763,LT_E_Demand,2050,1,17,20,-0.0
1764,LT_E_Demand,2050,1,21,24,-0.0
1765,LT_E_Demand,2050,2,1,4,-0.0
1766,LT_E_Demand,2050,2,5,8,-0.0
1767,LT_E_Demand,2050,2,9,12,-0.0
1768,LT_E_Demand,2050,2,13,16,-0.0
1769,LT_E_Demand,2050,2,17,20,-0.0
1770,LT_E_Demand,2050,2,21,24,-0.0
1771,LT_E_Demand,2050,3,1,4,-0.0
1772,LT_E_Demand,2050,3,5,8,-0.0
1773,LT_E_Demand,2050,3,9,12,-0.0
1774,LT_E_Demand,2050,3,13,16,-0.0
1775,LT_E_Demand,2050,3,17,20,-0.0
1776,LT_E_Demand,2050,3,21,24,-0.0
1777,LT_H_Demand,2050,1,1,1,-14691.665029122396
1778,LT_H_Demand,2050,1,2,2,4897.221676374132
1779,LT_H_Demand,2050,1,3,3,4897.221676374132
1780,LT_H_Demand,2050,1,4,4,4897.221676374132
1781,LT_H_Demand,2050,1,5,5,-14691.665029122396
1782,LT_H_Demand,2050,1,6,6,4897.221676374132
1783,LT_H_Demand,2050,1,7,7,4897.221676374132
1784,LT_H_Demand,2050,1,8,8,4897.221676374132
1785,LT_H_Demand,2050,1,9,9,-14691.665029122396
1786,LT_H_Demand,2050,1,10,10,4897.221676374132
1787,LT_H_Demand,2050,1,11,11,4897.221676374132
1788,LT_H_Demand,2050,1,12,12,4897.221676374132
1789,LT_H_Demand,2050,1,13,13,-14691.665029122396
1790,LT_H_Demand,2050,1,14,14,4897.221676374132
1791,LT_H_Demand,2050,1,15,15,4897.221676374132
1792,LT_H_Demand,2050,1,16,16,4897.221676374132
1793,LT_H_Demand,2050,1,17,17,-14691.665029122396
1794,LT_H_Demand,2050,1,18,18,4897.221676374132
1795,LT_H_Demand,2050,1,19,19,4897.221676374132
1796,LT_H_Demand,2050,1,20,20,4897.221676374132
1797,LT_H_Demand,2050,1,21,21,-14691.665029122396
1798,LT_H_Demand,2050,1,22,22,4897.221676374132
1799,LT_H_Demand,2050,1,23,23,4897.221676374132
1800,LT_H_Demand,2050,1,24,24,4897.221676374132
1801,LT_H_Demand,2050,2,1,1,-19804.893071349525
1802,LT_H_Demand,2050,2,2,2,6601.631023783175
1803,LT_H_Demand,2050,2,3,3,6601.631023783175
1804,LT_H_Demand,2050,2,4,4,6601.631023783175
1805,LT_H_Demand,2050,2,5,5,-19804.893071349525
1806,LT_H_Demand,2050,2,6,6,6601.631023783175
1807,LT_H_Demand,2050,2,7,7,6601.631023783175
1808,LT_H_Demand,2050,2,8,8,6601.631023783175
1809,LT_H_Demand,2050,2,9,9,-19804.893071349525
1810,LT_H_Demand,2050,2,10,10,6601.631023783175
1811,LT_H_Demand,2050,2,11,11,6601.631023783175
1812,LT_H_Demand,2050,2,12,12,6601.631023783175
1813,LT_H_Demand,2050,2,13,13,-19804.893071349525
1814,LT_H_Demand,2050,2,14,14,6601.631023783175
1815,LT_H_Demand,2050,2,15,15,6601.631023783175
1816,LT_H_Demand,2050,2,16,16,6601.631023783175
1817,LT_H_Demand,2050,2,17,17,-19804.893071349525
1818,LT_H_Demand,2050,2,18,18,6601.631023783175
1819,LT_H_Demand,2050,2,19,19,6601.631023783175
1820,LT_H_Demand,2050,2,20,20,6601.631023783175
1821,LT_H_Demand,2050,2,21,21,-19804.893071349525
1822,LT_H_Demand,2050,2,22,22,6601.631023783175
1823,LT_H_Demand,2050,2,23,23,6601.631023783175
1824,LT_H_Demand,2050,2,24,24,6601.631023783175
1825,LT_H_Demand,2050,3,1,1,-20253.441899528087
1826,LT_H_Demand,2050,3,2,2,6751.147299842695
1827,LT_H_Demand,2050,3,3,3,6751.147299842695
1828,LT_H_Demand,2050,3,4,4,6751.147299842695
1829,LT_H_Demand,2050,3,5,5,-20253.441899528087
1830,LT_H_Demand,2050,3,6,6,6751.147299842695
1831,LT_H_Demand,2050,3,7,7,6751.147299842695
1832,LT_H_Demand,2050,3,8,8,6751.147299842695
1833,LT_H_Demand,2050,3,9,9,-20253.441899528087
1834,LT_H_Demand,2050,3,10,10,6751.147299842695
1835,LT_H_Demand,2050,3,11,11,6751.147299842695
1836,LT_H_Demand,2050,3,12,12,6751.147299842695
1837,LT_H_Demand,2050,3,13,13,-20253.441899528087
1838,LT_H_Demand,2050,3,14,14,6751.147299842695
1839,LT_H_Demand,2050,3,15,15,6751.147299842695
1840,LT_H_Demand,2050,3,16,16,6751.147299842695
1841,LT_H_Demand,2050,3,17,17,-20253.441899528087
1842,LT_H_Demand,2050,3,18,18,6751.147299842695
1843,LT_H_Demand,2050,3,19,19,6751.147299842695
1844,LT_H_Demand,2050,3,20,20,6751.147299842695
1845,LT_H_Demand,2050,3,21,21,-20253.441899528087
1846,LT_H_Demand,2050,3,22,22,6751.147299842695
1847,LT_H_Demand,2050,3,23,23,6751.147299842695
1848,LT_H_Demand,2050,3,24,24,6751.147299842695
1849,LU_E_Demand,2050,1,1,4,-0.0
1850,LU_E_Demand,2050,1,5,8,-0.0
1851,LU_E_Demand,2050,1,9,12,-0.0
1852,LU_E_Demand,2050,1,13,16,-0.0
1853,LU_E_Demand,2050,1,17,20,-0.0
1854,LU_E_Demand,2050,1,21,24,-0.0
1855,LU_E_Demand,2050,2,1,4,-0.0
1856,LU_E_Demand,2050,2,5,8,-0.0
1857,LU_E_Demand,2050,2,9,12,-0.0
1858,LU_E_Demand,2050,2,13,16,-0.0
1859,LU_E_Demand,2050,2,17,20,-0.0
1860,LU_E_Demand,2050,2,21,24,-0.0
1861,LU_E_Demand,2050,3,1,4,-0.0
1862,LU_E_Demand,2050,3,5,8,-0.0
1863,LU_E_Demand,2050,3,9,12,-0.0
1864,LU_E_Demand,2050,3,13,16,-0.0
1865,LU_E_Demand,2050,3,17,20,-0.0
1866,LU_E_Demand,2050,3,21,24,-0.0
1867,LU_H_Demand,2050,1,1,1,-14691.665029122396
1868,LU_H_Demand,2050,1,2,2,4897.221676374132
1869,LU_H_Demand,2050,1,3,3,4897.221676374132
1870,LU_H_Demand,2050,1,4,4,4897.221676374132
1871,LU_H_Demand,2050,1,5,5,-14691.665029122396
1872,LU_H_Demand,2050,1,6,6,4897.221676374132
1873,LU_H_Demand,2050,1,7,7,4897.221676374132
1874,LU_H_Demand,2050,1,8,8,4897.221676374132
1875,LU_H_Demand,2050,1,9,9,-14691.665029122396
1876,LU_H_Demand,2050,1,10,10,4897.221676374132
1877,LU_H_Demand,2050,1,11,11,4897.221676374132
1878,LU_H_Demand,2050,1,12,12,4897.221676374132
1879,LU_H_Demand,2050,1,13,13,-14691.665029122396
1880,LU_H_Demand,2050,1,14,14,4897.221676374132
1881,LU_H_Demand,2050,1,15,15,4897.221676374132
1882,LU_H_Demand,2050,1,16,16,4897.221676374132
1883,LU_H_Demand,2050,1,17,17,-14691.665029122396
1884,LU_H_Demand,2050,1,18,18,4897.221676374132
1885,LU_H_Demand,2050,1,19,19,4897.221676374132
1886,LU_H_Demand,2050,1,20,20,4897.221676374132
1887,LU_H_Demand,2050,1,21,21,-14691.665029122396
1888,LU_H_Demand,2050,1,22,22,4897.221676374132
1889,LU_H_Demand,2050,1,23,23,4897.221676374132
1890,LU_H_Demand,2050,1,24,24,4897.221676374132
1891,LU_H_Demand,2050,2,1,1,-19804.893071349525
1892,LU_H_Demand,2050,2,2,2,6601.631023783175
1893,LU_H_Demand,2050,2,3,3,6601.631023783175
1894,LU_H_Demand,2050,2,4,4,6601.631023783175
1895,LU_H_Demand,2050,2,5,5,-19804.893071349525
1896,LU_H_Demand,2050,2,6,6,6601.631023783175
1897,LU_H_Demand,2050,2,7,7,6601.631023783175
1898,LU_H_Demand,2050,2,8,8,6601.631023783175
1899,LU_H_Demand,2050,2,9,9,-19804.893071349525
1900,LU_H_Demand,2050,2,10,10,6601.631023783175
1901,LU_H_Demand,2050,2,11,11,6601.631023783175
1902,LU_H_Demand,2050,2,12,12,6601.631023783175
1903,LU_H_Demand,2050,2,13,13,-19804.893071349525
1904,LU_H_Demand,2050,2,14,14,6601.631023783175
1905,LU_H_Demand,2050,2,15,15,6601.631023783175
1906,LU_H_Demand,2050,2,16,16,6601.631023783175
1907,LU_H_Demand,2050,2,17,17,-19804.893071349525
1908,LU_H_Demand,2050,2,18,18,6601.631023783175
1909,LU_H_Demand,2050,2,19,19,6601.631023783175
1910,LU_H_Demand,2050,2,20,20,6601.631023783175
1911,LU_H_Demand,2050,2,21,21,-19804.893071349525
1912,LU_H_Demand,2050,2,22,22,6601.631023783175
1913,LU_H_Demand,2050,2,23,23,6601.631023783175
1914,LU_H_Demand,2050,2,24,24,6601.631023783175
1915,LU_H_Demand,2050,3,1,1,-20253.441899528087
1916,LU_H_Demand,2050,3,2,2,6751.147299842695
1917,LU_H_Demand,2050,3,3,3,6751.147299842695
1918,LU_H_Demand,2050,3,4,4,6751.147299842695
1919,LU_H_Demand,2050,3,5,5,-20253.441899528087
1920,LU_H_Demand,2050,3,6,6,6751.147299842695
1921,LU_H_Demand,2050,3,7,7,6751.147299842695
1922,LU_H_Demand,2050,3,8,8,6751.147299842695
1923,LU_H_Demand,2050,3,9,9,-20253.441899528087
1924,LU_H_Demand,2050,3,10,10,6751.147299842695
1925,LU_H_Demand,2050,3,11,11,6751.147299842695
1926,LU_H_Demand,2050,3,12,12,6751.147299842695
1927,LU_H_Demand,2050,3,13,13,-20253.441899528087
1928,LU_H_Demand,2050,3,14,14,6751.147299842695
1929,LU_H_Demand,2050,3,15,15,6751.147299842695
1930,LU_H_Demand,2050,3,16,16,6751.147299842695
1931,LU_H_Demand,2050,3,17,17,-20253.441899528087
1932,LU_H_Demand,2050,3,18,18,6751.147299842695
1933,LU_H_Demand,2050,3,19,19,6751.147299842695
1934,LU_H_Demand,2050,3,20,20,6751.147299842695
1935,LU_H_Demand,2050,3,21,21,-20253.441899528087
1936,LU_H_Demand,2050,3,22,22,6751.147299842695
1937,LU_H_Demand,2050,3,23,23,6751.147299842695
1938,LU_H_Demand,2050,3,24,24,6751.147299842695
1939,LV_E_Demand,2050,1,1,4,-0.0
1940,LV_E_Demand,2050,1,5,8,-0.0
1941,LV_E_Demand,2050,1,9,12,-0.0
1942,LV_E_Demand,2050,1,13,16,-0.0
1943,LV_E_Demand,2050,1,17,20,-0.0
1944,LV_E_Demand,2050,1,21,24,-0.0
1945,LV_E_Demand,2050,2,1,4,-0.0
1946,LV_E_Demand,2050,2,5,8,-0.0
1947,LV_E_Demand,2050,2,9,12,-0.0
1948,LV_E_Demand,2050,2,13,16,-0.0
1949,LV_E_Demand,2050,2,17,20,-0.0
1950,LV_E_Demand,2050,2,21,24,-0.0
1951,LV_E_Demand,2050,3,1,4,-0.0
1952,LV_E_Demand,2050,3,5,8,-0.0
1953,LV_E_Demand,2050,3,9,12,-0.0
1954,LV_E_Demand,2050,3,13,16,-0.0
1955,LV_E_Demand,2050,3,17,20,-0.0
1956,LV_E_Demand,2050,3,21,24,-0.0
1957,LV_H_Demand,2050,1,1,1,-14691.665029122396
1958,LV_H_Demand,2050,1,2,2,4897.221676374132
1959,LV_H_Demand,2050,1,3,3,4897.221676374132
1960,LV_H_Demand,2050,1,4,4,4897.221676374132
1961,LV_H_Demand,2050,1,5,5,-14691.665029122396
1962,LV_H_Demand,2050,1,6,6,4897.221676374132
1963,LV_H_Demand,2050,1,7,7,4897.221676374132
1964,LV_H_Demand,2050,1,8,8,4897.221676374132
1965,LV_H_Demand,2050,1,9,9,-14691.665029122396
1966,LV_H_Demand,2050,1,10,10,4897.221676374132
1967,LV_H_Demand,2050,1,11,11,4897.221676374132
1968,LV_H_Demand,2050,1,12,12,4897.221676374132
1969,LV_H_Demand,2050,1,13,13,-14691.665029122396
1970,LV_H_Demand,2050,1,14,14,4897.221676374132
1971,LV_H_Demand,2050,1,15,15,4897.221676374132
1972,LV_H_Demand,2050,1,16,16,4897.221676374132
1973,LV_H_Demand,2050,1,17,17,-14691.665029122396
1974,LV_H_Demand,2050,1,18,18,4897.221676374132
1975,LV_H_Demand,2050,1,19,19,4897.221676374132
1976,LV_H_Demand,2050,1,20,20,4897.221676374132
1977,LV_H_Demand,2050,1,21,21,-14691.665029122396
1978,LV_H_Demand,2050,1,22,22,4897.221676374132
1979,LV_H_Demand,2050,1,23,23,4897.221676374132
1980,LV_H_Demand,2050,1,24,24,4897.221676374132
1981,LV_H_Demand,2050,2,1,1,-19804.893071349525
1982,LV_H_Demand,2050,2,2,2,6601.631023783175
1983,LV_H_Demand,2050,2,3,3,6601.631023783175
1984,LV_H_Demand,2050,2,4,4,6601.631023783175
1985,LV_H_Demand,2050,2,5,5,-19804.893071349525
1986,LV_H_Demand,2050,2,6,6,6601.631023783175
1987,LV_H_Demand,2050,2,7,7,6601.631023783175
1988,LV_H_Demand,2050,2,8,8,6601.631023783175
1989,LV_H_Demand,2050,2,9,9,-19804.893071349525
1990,LV_H_Demand,2050,2,10,10,6601.631023783175
1991,LV_H_Demand,2050,2,11,11,6601.631023783175
1992,LV_H_Demand,2050,2,12,12,6601.631023783175
1993,LV_H_Demand,2050,2,13,13,-19804.893071349525
1994,LV_H_Demand,2050,2,14,14,6601.631023783175
1995,LV_H_Demand,2050,2,15,15,6601.631023783175
1996,LV_H_Demand,2050,2,16,16,6601.631023783175
1997,LV_H_Demand,2050,2,17,17,-19804.893071349525
1998,LV_H_Demand,2050,2,18,18,6601.631023783175
1999,LV_H_Demand,2050,2,19,19,6601.631023783175
2000,LV_H_Demand,2050,2,20,20,6601.631023783175
2001,LV_H_Demand,2050,2,21,21,-19804.893071349525
2002,LV_H_Demand,2050,2,22,22,6601.631023783175
2003,LV_H_Demand,2050,2,23,23,6601.631023783175
2004,LV_H_Demand,2050,2,24,24,6601.631023783175
2005,LV_H_Demand,2050,3,1,1,-20253.441899528087
2006,LV_H_Demand,2050,3,2,2,6751.147299842695
2007,LV_H_Demand,2050,3,3,3,6751.147299842695
2008,LV_H_Demand,2050,3,4,4,6751.147299842695
2009,LV_H_Demand,2050,3,5,5,-20253.441899528087
2010,LV_H_Demand,2050,3,6,6,6751.147299842695
2011,LV_H_Demand,2050,3,7,7,6751.147299842695
2012,LV_H_Demand,2050,3,8,8,6751.147299842695
2013,LV_H_Demand,2050,3,9,9,-20253.441899528087
2014,LV_H_Demand,2050,3,10,10,6751.147299842695
2015,LV_H_Demand,2050,3,11,11,6751.147299842695
2016,LV_H_Demand,2050,3,12,12,6751.147299842695
2017,LV_H_Demand,2050,3,13,13,-20253.441899528087
2018,LV_H_Demand,2050,3,14,14,6751.147299842695
2019,LV_H_Demand,2050,3,15,15,6751.147299842695
2020,LV_H_Demand,2050,3,16,16,6751.147299842695
2021,LV_H_Demand,2050,3,17,17,-20253.441899528087
2022,LV_H_Demand,2050,3,18,18,6751.147299842695
2023,LV_H_Demand,2050,3,19,19,6751.147299842695
2024,LV_H_Demand,2050,3,20,20,6751.147299842695
2025,LV_H_Demand,2050,3,21,21,-20253.441899528087
2026,LV_H_Demand,2050,3,22,22,6751.147299842695
2027,LV_H_Demand,2050,3,23,23,6751.147299842695
2028,LV_H_Demand,2050,3,24,24,6751.147299842695
2029,MT_E_Demand,2050,1,1,4,31286.809995637006
2030,MT_E_Demand,2050,1,5,8,31286.809995637006
2031,MT_E_Demand,2050,1,9,12,19588.886705496527
2032,MT_E_Demand,2050,1,13,16,19588.886705496527
2033,MT_E_Demand,2050,1,17,20,31286.809995637006
2034,MT_E_Demand,2050,1,21,24,31286.809995637006
2035,MT_E_Demand,2050,2,1,4,42175.7455862873
2036,MT_E_Demand,2050,2,5,8,42175.7455862873
2037,MT_E_Demand,2050,2,9,12,26406.5240951327
2038,MT_E_Demand,2050,2,13,16,26406.5240951327
2039,MT_E_Demand,2050,2,17,20,42175.7455862873
2040,MT_E_Demand,2050,2,21,24,42175.7455862873
2041,MT_E_Demand,2050,3,1,4,43130.958078075695
2042,MT_E_Demand,2050,3,5,8,43130.958078075695
2043,MT_E_Demand,2050,3,9,12,27004.58919937078
2044,MT_E_Demand,2050,3,13,16,27004.58919937078
2045,MT_E_Demand,2050,3,17,20,43130.958078075695
2046,MT_E_Demand,2050,3,21,24,43130.958078075695
2047,MT_H_Demand,2050,1,1,1,4897.221676374132
2048,MT_H_Demand,2050,1,2,2,4897.221676374132
2049,MT_H_Demand,2050,1,3,3,4897.221676374132
2050,MT_H_Demand,2050,1,4,4,4897.221676374132
2051,MT_H_Demand,2050,1,5,5,4897.221676374132
2052,MT_H_Demand,2050,1,6,6,4897.221676374132
2053,MT_H_Demand,2050,1,7,7,4897.221676374132
2054,MT_H_Demand,2050,1,8,8,4897.221676374132
2055,MT_H_Demand,2050,1,9,9,4897.221676374132
2056,MT_H_Demand,2050,1,10,10,4897.221676374132
2057,MT_H_Demand,2050,1,11,11,4897.221676374132
2058,MT_H_Demand,2050,1,12,12,4897.221676374132
2059,MT_H_Demand,2050,1,13,13,4897.221676374132
2060,MT_H_Demand,2050,1,14,14,4897.221676374132
2061,MT_H_Demand,2050,1,15,15,4897.221676374132
2062,MT_H_Demand,2050,1,16,16,4897.221676374132
2063,MT_H_Demand,2050,1,17,17,4897.221676374132
2064,MT_H_Demand,2050,1,18,18,4897.221676374132
2065,MT_H_Demand,2050,1,19,19,4897.221676374132
2066,MT_H_Demand,2050,1,20,20,4897.221676374132
2067,MT_H_Demand,2050,1,21,21,4897.221676374132
2068,MT_H_Demand,2050,1,22,22,4897.221676374132
2069,MT_H_Demand,2050,1,23,23,4897.221676374132
2070,MT_H_Demand,2050,1,24,24,4897.221676374132
2071,MT_H_Demand,2050,2,1,1,6601.631023783175
2072,MT_H_Demand,2050,2,2,2,6601.631023783175
2073,MT_H_Demand,2050,2,3,3,6601.631023783175
2074,MT_H_Demand,2050,2,4,4,6601.631023783175
2075,MT_H_Demand,2050,2,5,5,6601.631023783175
2076,MT_H_Demand,2050,2,6,6,6601.631023783175
2077,MT_H_Demand,2050,2,7,7,6601.631023783175
2078,MT_H_Demand,2050,2,8,8,6601.631023783175
2079,MT_H_Demand,2050,2,9,9,6601.631023783175
2080,MT_H_Demand,2050,2,10,10,6601.631023783175
2081,MT_H_Demand,2050,2,11,11,6601.631023783175
2082,MT_H_Demand,2050,2,12,12,6601.631023783175
2083,MT_H_Demand,2050,2,13,13,6601.631023783175
2084,MT_H_Demand,2050,2,14,14,6601.631023783175
2085,MT_H_Demand,2050,2,15,15,6601.631023783175
2086,MT_H_Demand,2050,2,16,16,6601.631023783175
2087,MT_H_Demand,2050,2,17,17,6601.631023783175
2088,MT_H_Demand,2050,2,18,18,6601.631023783175
2089,MT_H_Demand,2050,2,19,19,6601.631023783175
2090,MT_H_Demand,2050,2,20,20,6601.631023783175
2091,MT_H_Demand,2050,2,21,21,6601.631023783175
2092,MT_H_Demand,2050,2,22,22,6601.631023783175
2093,MT_H_Demand,2050,2,23,23,6601.631023783175
2094,MT_H_Demand,2050,2,24,24,6601.631023783175
2095,MT_H_Demand,2050,3,1,1,6751.147299842695
2096,MT_H_Demand,2050,3,2,2,6751.147299842695
2097,MT_H_Demand,2050,3,3,3,6751.147299842695
2098,MT_H_Demand,2050,3,4,4,6751.147299842695
2099,MT_H_Demand,2050,3,5,5,6751.147299842695
2100,MT_H_Demand,2050,3,6,6,6751.147299842695
2101,MT_H_Demand,2050,3,7,7,6751.147299842695
2102,MT_H_Demand,2050,3,8,8,6751.147299842695
2103,MT_H_Demand,2050,3,9,9,6751.147299842695
2104,MT_H_Demand,2050,3,10,10,6751.147299842695
2105,MT_H_Demand,2050,3,11,11,6751.147299842695
2106,MT_H_Demand,2050,3,12,12,6751.147299842695
2107,MT_H_Demand,2050,3,13,13,6751.147299842695
2108,MT_H_Demand,2050,3,14,14,6751.147299842695
2109,MT_H_Demand,2050,3,15,15,6751.147299842695
2110,MT_H_Demand,2050,3,16,16,6751.147299842695
2111,MT_H_Demand,2050,3,17,17,6751.147299842695
2112,MT_H_Demand,2050,3,18,18,6751.147299842695
2113,MT_H_Demand,2050,3,19,19,6751.147299842695
2114,MT_H_Demand,2050,3,20,20,6751.147299842695
2115,MT_H_Demand,2050,3,21,21,6751.147299842695
2116,MT_H_Demand,2050,3,22,22,6751.147299842695
2117,MT_H_Demand,2050,3,23,23,6751.147299842695
2118,MT_H_Demand,2050,3,24,24,6751.147299842695
2119,NL_E_Demand,2050,1,1,1,-0.0
2120,NL_E_Demand,2050,1,2,2,-0.0
2121,NL_E_Demand,2050,1,3,3,-0.0
2122,NL_E_Demand,2050,1,4,4,-0.0
2123,NL_E_Demand,2050,1,5,5,-0.0
2124,NL_E_Demand,2050,1,6,6,-0.0
2125,NL_E_Demand,2050,1,7,7,-0.0
2126,NL_E_Demand,2050,1,8,8,-0.0
2127,NL_E_Demand,2050,1,9,9,-0.0
2128,NL_E_Demand,2050,1,10,10,-0.0
2129,NL_E_Demand,2050,1,11,11,-0.0
2130,NL_E_Demand,2050,1,12,12,-0.0
2131,NL_E_Demand,2050,1,13,13,-0.0
2132,NL_E_Demand,2050,1,14,14,-0.0
2133,NL_E_Demand,2050,1,15,15,-0.0
2134,NL_E_Demand,2050,1,16,16,-0.0
2135,NL_E_Demand,2050,1,17,17,-0.0
2136,NL_E_Demand,2050,1,18,18,-0.0
2137,NL_E_Demand,2050,1,19,19,-0.0
2138,NL_E_Demand,2050,1,20,20,-0.0
2139,NL_E_Demand,2050,1,21,21,-0.0
2140,NL_E_Demand,2050,1,22,22,-0.0
2141,NL_E_Demand,2050,1,23,23,-0.0
2142,NL_E_Demand,2050,1,24,24,-0.0
2143,NL_E_Demand,2050,2,1,1,-0.0
2144,NL_E_Demand,2050,2,2,2,-0.0
2145,NL_E_Demand,2050,2,3,3,-0.0
2146,NL_E_Demand,2050,2,4,4,-0.0
2147,NL_E_Demand,2050,2,5,5,-0.0
2148,NL_E_Demand,2050,2,6,6,-0.0
2149,NL_E_Demand,2050,2,7,7,-0.0
2150,NL_E_Demand,2050,2,8,8,-0.0
2151,NL_E_Demand,2050,2,9,9,-0.0
2152,NL_E_Demand,2050,2,10,10,-0.0
2153,NL_E_Demand,2050,2,11,11,-0.0
2154,NL_E_Demand,2050,2,12,12,-0.0
2155,NL_E_Demand,2050,2,13,13,-0.0
2156,NL_E_Demand,2050,2,14,14,-0.0
2157,NL_E_Demand,2050,2,15,15,-0.0
2158,NL_E_Demand,2050,2,16,16,-0.0
2159,NL_E_Demand,2050,2,17,17,-0.0
2160,NL_E_Demand,2050,2,18,18,-0.0
2161,NL_E_Demand,2050,2,19,19,-0.0
2162,NL_E_Demand,2050,2,20,20,-0.0
2163,NL_E_Demand,2050,2,21,21,-0.0
2164,NL_E_Demand,2050,2,22,22,-0.0
2165,NL_E_Demand,2050,2,23,23,-0.0
2166,NL_E_Demand,2050,2,24,24,-0.0
2167,NL_E_Demand,2050,3,1,1,-0.0
2168,NL_E_Demand,2050,3,2,2,-0.0
2169,NL_E_Demand,2050,3,3,3,-0.0
2170,NL_E_Demand,2050,3,4,4,-0.0
2171,NL_E_Demand,2050,3,5,5,-0.0
2172,NL_E_Demand,2050,3,6,6,-0.0
2173,NL_E_Demand,2050,3,7,7,-0.0
2174,NL_E_Demand,2050,3,8,8,-0.0
2175,NL_E_Demand,2050,3,9,9,-0.0
2176,NL_E_Demand,2050,3,10,10,-0.0
2177,NL_E_Demand,2050,3,11,11,-0.0
2178,NL_E_Demand,2050,3,12,12,-0.0
2179,NL_E_Demand,2050,3,13,13,-0.0
2180,NL_E_Demand,2050,3,14,14,-0.0
2181,NL_E_Demand,2050,3,15,15,-0.0
2182,NL_E_Demand,2050,3,16,16,-0.0
2183,NL_E_Demand,2050,3,17,17,-0.0
2184,NL_E_Demand,2050,3,18,18,-0.0
2185,NL_E_Demand,2050,3,19,19,-0.0
2186,NL_E_Demand,2050,3,20,20,-0.0
2187,NL_E_Demand,2050,3,21,21,-0.0
2188,NL_E_Demand,2050,3,22,22,-0.0
2189,NL_E_Demand,2050,3,23,23,-0.0
2190,NL_E_Demand,2050,3,24,24,-0.0
2191,NL_H_Demand,2050,1,1,1,-0.0
2192,NL_H_Demand,2050,1,2,2,-0.0
2193,NL_H_Demand,2050,1,3,3,-0.0
2194,NL_H_Demand,2050,1,4,4,-0.0
2195,NL_H_Demand,2050,1,5,5,-0.0
2196,NL_H_Demand,2050,1,6,6,-0.0
2197,NL_H_Demand,2050,1,7,7,-0.0
2198,NL_H_Demand,2050,1,8,8,-0.0
2199,NL_H_Demand,2050,1,9,9,-0.0
2200,NL_H_Demand,2050,1,10,10,-0.0
2201,NL_H_Demand,2050,1,11,11,-0.0
2202,NL_H_Demand,2050,1,12,12,-0.0
2203,NL_H_Demand,2050,1,13,13,-0.0
2204,NL_H_Demand,2050,1,14,14,-0.0
2205,NL_H_Demand,2050,1,15,15,-0.0
2206,NL_H_Demand,2050,1,16,16,-0.0
2207,NL_H_Demand,2050,1,17,17,-0.0
2208,NL_H_Demand,2050,1,18,18,-0.0
2209,NL_H_Demand,2050,1,19,19,-0.0
2210,NL_H_Demand,2050,1,20,20,-0.0
2211,NL_H_Demand,2050,1,21,21,-0.0
2212,NL_H_Demand,2050,1,22,22,-0.0
2213,NL_H_Demand,2050,1,23,23,-0.0
2214,NL_H_Demand,2050,1,24,24,-0.0
2215,NL_H_Demand,2050,2,1,1,-0.0
2216,NL_H_Demand,2050,2,2,2,-0.0
2217,NL_H_Demand,2050,2,3,3,-0.0
2218,NL_H_Demand,2050,2,4,4,-0.0
2219,NL_H_Demand,2050,2,5,5,-0.0
2220,NL_H_Demand,2050,2,6,6,-0.0
2221,NL_H_Demand,2050,2,7,7,-0.0
2222,NL_H_Demand,2050,2,8,8,-0.0
2223,NL_H_Demand,2050,2,9,9,-0.0
2224,NL_H_Demand,2050,2,10,10,-0.0
2225,NL_H_Demand,2050,2,11,11,-0.0
2226,NL_H_Demand,2050,2,12,12,-0.0
2227,NL_H_Demand,2050,2,13,13,-0.0
2228,NL_H_Demand,2050,2,14,14,-0.0
2229,NL_H_Demand,2050,2,15,15,-0.0
2230,NL_H_Demand,2050,2,16,16,-0.0
2231,NL_H_Demand,2050,2,17,17,-0.0
2232,NL_H_Demand,2050,2,18,18,-0.0
2233,NL_H_Demand,2050,2,19,19,-0.0
2234,NL_H_Demand,2050,2,20,20,-0.0
2235,NL_H_Demand,2050,2,21,21,-0.0
2236,NL_H_Demand,2050,2,22,22,-0.0
2237,NL_H_Demand,2050,2,23,23,-0.0
2238,NL_H_Demand,2050,2,24,24,-0.0
2239,NL_H_Demand,2050,3,1,1,-0.0
2240,NL_H_Demand,2050,3,2,2,-0.0
2241,NL_H_Demand,2050,3,3,3,-0.0
2242,NL_H_Demand,2050,3,4,4,-0.0
2243,NL_H_Demand,2050,3,5,5,-0.0
2244,NL_H_Demand,2050,3,6,6,-0.0
2245,NL_H_Demand,2050,3,7,7,-0.0
2246,NL_H_Demand,2050,3,8,8,-0.0
2247,NL_H_Demand,2050,3,9,9,-0.0
2248,NL_H_Demand,2050,3,10,10,-0.0
2249,NL_H_Demand,2050,3,11,11,-0.0
2250,NL_H_Demand,2050,3,12,12,-0.0
2251,NL_H_Demand,2050,3,13,13,-0.0
2252,NL_H_Demand,2050,3,14,14,-0.0
2253,NL_H_Demand,2050,3,15,15,-0.0
2254,NL_H_Demand,2050,3,16,16,-0.0
2255,NL_H_Demand,2050,3,17,17,-0.0
2256,NL_H_Demand,2050,3,18,18,-0.0
2257,NL_H_Demand,2050,3,19,19,-0.0
2258,NL_H_Demand,2050,3,20,20,-0.0
2259,NL_H_Demand,2050,3,21,21,-0.0
2260,NL_H_Demand,2050,3,22,22,-0.0
2261,NL_H_Demand,2050,3,23,23,-0.0
2262,NL_H_Demand,2050,3,24,24,-0.0
2263,NO_E_Demand,2050,1,1,1,-0.0
2264,NO_E_Demand,2050,1,2,2,-0.0
2265,NO_E_Demand,2050,1,3,3,-0.0
2266,NO_E_Demand,2050,1,4,4,-0.0
2267,NO_E_Demand,2050,1,5,5,-0.0
2268,NO_E_Demand,2050,1,6,6,-0.0
2269,NO_E_Demand,2050,1,7,7,-0.0
2270,NO_E_Demand,2050,1,8,8,-0.0
2271,NO_E_Demand,2050,1,9,9,-0.0
2272,NO_E_Demand,2050,1,10,10,-0.0
2273,NO_E_Demand,2050,1,11,11,-0.0
2274,NO_E_Demand,2050,1,12,12,-0.0
2275,NO_E_Demand,2050,1,13,13,-0.0
2276,NO_E_Demand,2050,1,14,14,-0.0
2277,NO_E_Demand,2050,1,15,15,-0.0
2278,NO_E_Demand,2050,1,16,16,-0.0
2279,NO_E_Demand,2050,1,17,17,-0.0
2280,NO_E_Demand,2050,1,18,18,-0.0
2281,NO_E_Demand,2050,1,19,19,-0.0
2282,NO_E_Demand,2050,1,20,20,-0.0
2283,NO_E_Demand,2050,1,21,21,-0.0
2284,NO_E_Demand,2050,1,22,22,-0.0
2285,NO_E_Demand,2050,1,23,23,-0.0
2286,NO_E_Demand,2050,1,24,24,-0.0
2287,NO_E_Demand,2050,2,1,1,-0.0
2288,NO_E_Demand,2050,2,2,2,-0.0
2289,NO_E_Demand,2050,2,3,3,-0.0
2290,NO_E_Demand,2050,2,4,4,-0.0
2291,NO_E_Demand,2050,2,5,5,-0.0
2292,NO_E_Demand,2050,2,6,6,-0.0
2293,NO_E_Demand,2050,2,7,7,-0.0
2294,NO_E_Demand,2050,2,8,8,-0.0
2295,NO_E_Demand,2050,2,9,9,-0.0
2296,NO_E_Demand,2050,2,10,10,-0.0
2297,NO_E_Demand,2050,2,11,11,-0.0
2298,NO_E_Demand,2050,2,12,12,-0.0
2299,NO_E_Demand,2050,2,13,13,-0.0
2300,NO_E_Demand,2050,2,14,14,-0.0
2301,NO_E_Demand,2050,2,15,15,-0.0
2302,NO_E_Demand,2050,2,16,16,-0.0
2303,NO_E_Demand,2050,2,17,17,-0.0
2304,NO_E_Demand,2050,2,18,18,-0.0
2305,NO_E_Demand,2050,2,19,19,-0.0
2306,NO_E_Demand,2050,2,20,20,-0.0
2307,NO_E_Demand,2050,2,21,21,-0.0
2308,NO_E_Demand,2050,2,22,22,-0.0
2309,NO_E_Demand,2050,2,23,23,-0.0
2310,NO_E_Demand,2050,2,24,24,-0.0
2311,NO_E_Demand,2050,3,1,1,-0.0
2312,NO_E_Demand,2050,3,2,2,-0.0
2313,NO_E_Demand,2050,3,3,3,-0.0
2314,NO_E_Demand,2050,3,4,4,-0.0
2315,NO_E_Demand,2050,3,5,5,-0.0
2316,NO_E_Demand,2050,3,6,6,-0.0
2317,NO_E_Demand,2050,3,7,7,-0.0
2318,NO_E_Demand,2050,3,8,8,-0.0
2319,NO_E_Demand,2050,3,9,9,-0.0
2320,NO_E_Demand,2050,3,10,10,-0.0
2321,NO_E_Demand,2050,3,11,11,-0.0
2322,NO_E_Demand,2050,3,12,12,-0.0
2323,NO_E_Demand,2050,3,13,13,-0.0
2324,NO_E_Demand,2050,3,14,14,-0.0
2325,NO_E_Demand,2050,3,15,15,-0.0
2326,NO_E_Demand,2050,3,16,16,-0.0
2327,NO_E_Demand,2050,3,17,17,-0.0
2328,NO_E_Demand,2050,3,18,18,-0.0
2329,NO_E_Demand,2050,3,19,19,-0.0
2330,NO_E_Demand,2050,3,20,20,-0.0
2331,NO_E_Demand,2050,3,21,21,-0.0
2332,NO_E_Demand,2050,3,22,22,-0.0
2333,NO_E_Demand,2050,3,23,23,-0.0
2334,NO_E_Demand,2050,3,24,24,-0.0
2335,NO_H_Demand,2050,1,1,1,-0.0
2336,NO_H_Demand,2050,1,2,2,-0.0
2337,NO_H_Demand,2050,1,3,3,-0.0
2338,NO_H_Demand,2050,1,4,4,-0.0
2339,NO_H_Demand,2050,1,5,5,-0.0
2340,NO_H_Demand,2050,1,6,6,-0.0
2341,NO_H_Demand,2050,1,7,7,-0.0
2342,NO_H_Demand,2050,1,8,8,-0.0
2343,NO_H_Demand,2050,1,9,9,-0.0
2344,NO_H_Demand,2050,1,10,10,-0.0
2345,NO_H_Demand,2050,1,11,11,-0.0
2346,NO_H_Demand,2050,1,12,12,-0.0
2347,NO_H_Demand,2050,1,13,13,-0.0
2348,NO_H_Demand,2050,1,14,14,-0.0
2349,NO_H_Demand,2050,1,15,15,-0.0
2350,NO_H_Demand,2050,1,16,16,-0.0
2351,NO_H_Demand,2050,1,17,17,-0.0
2352,NO_H_Demand,2050,1,18,18,-0.0
2353,NO_H_Demand,2050,1,19,19,-0.0
2354,NO_H_Demand,2050,1,20,20,-0.0
2355,NO_H_Demand,2050,1,21,21,-0.0
2356,NO_H_Demand,2050,1,22,22,-0.0
2357,NO_H_Demand,2050,1,23,23,-0.0
2358,NO_H_Demand,2050,1,24,24,-0.0
2359,NO_H_Demand,2050,2,1,1,-0.0
2360,NO_H_Demand,2050,2,2,2,-0.0
2361,NO_H_Demand,2050,2,3,3,-0.0
2362,NO_H_Demand,2050,2,4,4,-0.0
2363,NO_H_Demand,2050,2,5,5,-0.0
2364,NO_H_Demand,2050,2,6,6,-0.0
2365,NO_H_Demand,2050,2,7,7,-0.0
2366,NO_H_Demand,2050,2,8,8,-0.0
2367,NO_H_Demand,2050,2,9,9,-0.0
2368,NO_H_Demand,2050,2,10,10,-0.0
2369,NO_H_Demand,2050,2,11,11,-0.0
2370,NO_H_Demand,2050,2,12,12,-0.0
2371,NO_H_Demand,2050,2,13,13,-0.0
2372,NO_H_Demand,2050,2,14,14,-0.0
2373,NO_H_Demand,2050,2,15,15,-0.0
2374,NO_H_Demand,2050,2,16,16,-0.0
2375,NO_H_Demand,2050,2,17,17,-0.0
2376,NO_H_Demand,2050,2,18,18,-0.0
2377,NO_H_Demand,2050,2,19,19,-0.0
2378,NO_H_Demand,2050,2,20,20,-0.0
2379,NO_H_Demand,2050,2,21,21,-0.0
2380,NO_H_Demand,2050,2,22,22,-0.0
2381,NO_H_Demand,2050,2,23,23,-0.0
2382,NO_H_Demand,2050,2,24,24,-0.0
2383,NO_H_Demand,2050,3,1,1,-0.0
2384,NO_H_Demand,2050,3,2,2,-0.0
2385,NO_H_Demand,2050,3,3,3,-0.0
2386,NO_H_Demand,2050,3,4,4,-0.0
2387,NO_H_Demand,2050,3,5,5,-0.0
2388,NO_H_Demand,2050,3,6,6,-0.0
2389,NO_H_Demand,2050,3,7,7,-0.0
2390,NO_H_Demand,2050,3,8,8,-0.0
2391,NO_H_Demand,2050,3,9,9,-0.0
2392,NO_H_Demand,2050,3,10,10,-0.0
2393,NO_H_Demand,2050,3,11,11,-0.0
2394,NO_H_Demand,2050,3,12,12,-0.0
2395,NO_H_Demand,2050,3,13,13,-0.0
2396,NO_H_Demand,2050,3,14,14,-0.0
2397,NO_H_Demand,2050,3,15,15,-0.0
2398,NO_H_Demand,2050,3,16,16,-0.0
2399,NO_H_Demand,2050,3,17,17,-0.0
2400,NO_H_Demand,2050,3,18,18,-0.0
2401,NO_H_Demand,2050,3,19,19,-0.0
2402,NO_H_Demand,2050,3,20,20,-0.0
2403,NO_H_Demand,2050,3,21,21,-0.0
2404,NO_H_Demand,2050,3,22,22,-0.0
2405,NO_H_Demand,2050,3,23,23,-0.0
2406,NO_H_Demand,2050,3,24,24,-0.0
2407,OBZLL_E_Demand,2050,1,1,1,-0.0
2408,OBZLL_E_Demand,2050,1,2,2,-0.0
2409,OBZLL_E_Demand,2050,1,3,3,-0.0
2410,OBZLL_E_Demand,2050,1,4,4,-0.0
2411,OBZLL_E_Demand,2050,1,5,5,-0.0
2412,OBZLL_E_Demand,2050,1,6,6,-0.0
2413,OBZLL_E_Demand,2050,1,7,7,-0.0
2414,OBZLL_E_Demand,2050,1,8,8,-0.0
2415,OBZLL_E_Demand,2050,1,9,9,-0.0
2416,OBZLL_E_Demand,2050,1,10,10,-0.0
2417,OBZLL_E_Demand,2050,1,11,11,-0.0
2418,OBZLL_E_Demand,2050,1,12,12,-0.0
2419,OBZLL_E_Demand,2050,1,13,13,-0.0
2420,OBZLL_E_Demand,2050,1,14,14,-0.0
2421,OBZLL_E_Demand,2050,1,15,15,-0.0
2422,OBZLL_E_Demand,2050,1,16,16,-0.0
2423,OBZLL_E_Demand,2050,1,17,17,-0.0
2424,OBZLL_E_Demand,2050,1,18,18,-0.0
2425,OBZLL_E_Demand,2050,1,19,19,-0.0
2426,OBZLL_E_Demand,2050,1,20,20,-0.0
2427,OBZLL_E_Demand,2050,1,21,21,-0.0
2428,OBZLL_E_Demand,2050,1,22,22,-0.0
2429,OBZLL_E_Demand,2050,1,23,23,-0.0
2430,OBZLL_E_Demand,2050,1,24,24,-0.0
2431,OBZLL_E_Demand,2050,2,1,1,-0.0
2432,OBZLL_E_Demand,2050,2,2,2,-0.0
2433,OBZLL_E_Demand,2050,2,3,3,-0.0
2434,OBZLL_E_Demand,2050,2,4,4,-0.0
2435,OBZLL_E_Demand,2050,2,5,5,-0.0
2436,OBZLL_E_Demand,2050,2,6,6,-0.0
2437,OBZLL_E_Demand,2050,2,7,7,-0.0
2438,OBZLL_E_Demand,2050,2,8,8,-0.0
2439,OBZLL_E_Demand,2050,2,9,9,-0.0
2440,OBZLL_E_Demand,2050,2,10,10,-0.0
2441,OBZLL_E_Demand,2050,2,11,11,-0.0
2442,OBZLL_E_Demand,2050,2,12,12,-0.0
2443,OBZLL_E_Demand,2050,2,13,13,-0.0
2444,OBZLL_E_Demand,2050,2,14,14,-0.0
2445,OBZLL_E_Demand,2050,2,15,15,-0.0
2446,OBZLL_E_Demand,2050,2,16,16,-0.0
2447,OBZLL_E_Demand,2050,2,17,17,-0.0
2448,OBZLL_E_Demand,2050,2,18,18,-0.0
2449,OBZLL_E_Demand,2050,2,19,19,-0.0
2450,OBZLL_E_Demand,2050,2,20,20,-0.0
2451,OBZLL_E_Demand,2050,2,21,21,-0.0
2452,OBZLL_E_Demand,2050,2,22,22,-0.0
2453,OBZLL_E_Demand,2050,2,23,23,-0.0
2454,OBZLL_E_Demand,2050,2,24,24,-0.0
2455,OBZLL_E_Demand,2050,3,1,1,-0.0
2456,OBZLL_E_Demand,2050,3,2,2,-0.0
2457,OBZLL_E_Demand,2050,3,3,3,-0.0
2458,OBZLL_E_Demand,2050,3,4,4,-0.0
2459,OBZLL_E_Demand,2050,3,5,5,-0.0
2460,OBZLL_E_Demand,2050,3,6,6,-0.0
2461,OBZLL_E_Demand,2050,3,7,7,-0.0
2462,OBZLL_E_Demand,2050,3,8,8,-0.0
2463,OBZLL_E_Demand,2050,3,9,9,-0.0
2464,OBZLL_E_Demand,2050,3,10,10,-0.0
2465,OBZLL_E_Demand,2050,3,11,11,-0.0
2466,OBZLL_E_Demand,2050,3,12,12,-0.0
2467,OBZLL_E_Demand,2050,3,13,13,-0.0
2468,OBZLL_E_Demand,2050,3,14,14,-0.0
2469,OBZLL_E_Demand,2050,3,15,15,-0.0
2470,OBZLL_E_Demand,2050,3,16,16,-0.0
2471,OBZLL_E_Demand,2050,3,17,17,-0.0
2472,OBZLL_E_Demand,2050,3,18,18,-0.0
2473,OBZLL_E_Demand,2050,3,19,19,-0.0
2474,OBZLL_E_Demand,2050,3,20,20,-0.0
2475,OBZLL_E_Demand,2050,3,21,21,-0.0
2476,OBZLL_E_Demand,2050,3,22,22,-0.0
2477,OBZLL_E_Demand,2050,3,23,23,-0.0
2478,OBZLL_E_Demand,2050,3,24,24,-0.0
2479,OBZLL_H_Demand,2050,1,1,1,-0.0
2480,OBZLL_H_Demand,2050,1,2,2,-0.0
2481,OBZLL_H_Demand,2050,1,3,3,-0.0
2482,OBZLL_H_Demand,2050,1,4,4,-0.0
2483,OBZLL_H_Demand,2050,1,5,5,-0.0
2484,OBZLL_H_Demand,2050,1,6,6,-0.0
2485,OBZLL_H_Demand,2050,1,7,7,-0.0
2486,OBZLL_H_Demand,2050,1,8,8,-0.0
2487,OBZLL_H_Demand,2050,1,9,9,-0.0
2488,OBZLL_H_Demand,2050,1,10,10,-0.0
2489,OBZLL_H_Demand,2050,1,11,11,-0.0
2490,OBZLL_H_Demand,2050,1,12,12,-0.0
2491,OBZLL_H_Demand,2050,1,13,13,-0.0
2492,OBZLL_H_Demand,2050,1,14,14,-0.0
2493,OBZLL_H_Demand,2050,1,15,15,-0.0
2494,OBZLL_H_Demand,2050,1,16,16,-0.0
2495,OBZLL_H_Demand,2050,1,17,17,-0.0
2496,OBZLL_H_Demand,2050,1,18,18,-0.0
2497,OBZLL_H_Demand,2050,1,19,19,-0.0
2498,OBZLL_H_Demand,2050,1,20,20,-0.0
2499,OBZLL_H_Demand,2050,1,21,21,-0.0
2500,OBZLL_H_Demand,2050,1,22,22,-0.0
2501,OBZLL_H_Demand,2050,1,23,23,-0.0
2502,OBZLL_H_Demand,2050,1,24,24,-0.0
2503,OBZLL_H_Demand,2050,2,1,1,-0.0
2504,OBZLL_H_Demand,2050,2,2,2,-0.0
2505,OBZLL_H_Demand,2050,2,3,3,-0.0
2506,OBZLL_H_Demand,2050,2,4,4,-0.0
2507,OBZLL_H_Demand,2050,2,5,5,-0.0
2508,OBZLL_H_Demand,2050,2,6,6,-0.0
2509,OBZLL_H_Demand,2050,2,7,7,-0.0
2510,OBZLL_H_Demand,2050,2,8,8,-0.0
2511,OBZLL_H_Demand,2050,2,9,9,-0.0
2512,OBZLL_H_Demand,2050,2,10,10,-0.0
2513,OBZLL_H_Demand,2050,2,11,11,-0.0
2514,OBZLL_H_Demand,2050,2,12,12,-0.0
2515,OBZLL_H_Demand,2050,2,13,13,-0.0
2516,OBZLL_H_Demand,2050,2,14,14,-0.0
2517,OBZLL_H_Demand,2050,2,15,15,-0.0
2518,OBZLL_H_Demand,2050,2,16,16,-0.0
2519,OBZLL_H_Demand,2050,2,17,17,-0.0
2520,OBZLL_H_Demand,2050,2,18,18,-0.0
2521,OBZLL_H_Demand,2050,2,19,19,-0.0
2522,OBZLL_H_Demand,2050,2,20,20,-0.0
2523,OBZLL_H_Demand,2050,2,21,21,-0.0
2524,OBZLL_H_Demand,2050,2,22,22,-0.0
2525,OBZLL_H_Demand,2050,2,23,23,-0.0
2526,OBZLL_H_Demand,2050,2,24,24,-0.0
2527,OBZLL_H_Demand,2050,3,1,1,-0.0
2528,OBZLL_H_Demand,2050,3,2,2,-0.0
2529,OBZLL_H_Demand,2050,3,3,3,-0.0
2530,OBZLL_H_Demand,2050,3,4,4,-0.0
2531,OBZLL_H_Demand,2050,3,5,5,-0.0
2532,OBZLL_H_Demand,2050,3,6,6,-0.0
2533,OBZLL_H_Demand,2050,3,7,7,-0.0
2534,OBZLL_H_Demand,2050,3,8,8,-0.0
2535,OBZLL_H_Demand,2050,3,9,9,-0.0
2536,OBZLL_H_Demand,2050,3,10,10,-0.0
2537,OBZLL_H_Demand,2050,3,11,11,-0.0
2538,OBZLL_H_Demand,2050,3,12,12,-0.0
2539,OBZLL_H_Demand,2050,3,13,13,-0.0
2540,OBZLL_H_Demand,2050,3,14,14,-0.0
2541,OBZLL_H_Demand,2050,3,15,15,-0.0
2542,OBZLL_H_Demand,2050,3,16,16,-0.0
2543,OBZLL_H_Demand,2050,3,17,17,-0.0
2544,OBZLL_H_Demand,2050,3,18,18,-0.0
2545,OBZLL_H_Demand,2050,3,19,19,-0.0
2546,OBZLL_H_Demand,2050,3,20,20,-0.0
2547,OBZLL_H_Demand,2050,3,21,21,-0.0
2548,OBZLL_H_Demand,2050,3,22,22,-0.0
2549,OBZLL_H_Demand,2050,3,23,23,-0.0
2550,OBZLL_H_Demand,2050,3,24,24,-0.0
2551,PL_E_Demand,2050,1,1,3,-0.0
2552,PL_E_Demand,2050,1,4,4,-0.0
2553,PL_E_Demand,2050,1,5,6,-0.0
2554,PL_E_Demand,2050,1,7,8,-0.0
2555,PL_E_Demand,2050,1,9,9,-0.0
2556,PL_E_Demand,2050,1,10,12,-0.0
2557,PL_E_Demand,2050,1,13,15,-0.0
2558,PL_E_Demand,2050,1,16,16,-0.0
2559,PL_E_Demand,2050,1,17,18,-0.0
2560,PL_E_Demand,2050,1,19,20,-0.0
2561,PL_E_Demand,2050,1,21,21,-0.0
2562,PL_E_Demand,2050,1,22,24,-0.0
2563,PL_E_Demand,2050,2,1,3,19804.893071349525
2564,PL_E_Demand,2050,2,4,4,-12147.001083761043
2565,PL_E_Demand,2050,2,5,6,12147.001083761043
2566,PL_E_Demand,2050,2,7,8,-6073.50054188052
2567,PL_E_Demand,2050,2,9,9,6073.50054188052
2568,PL_E_Demand,2050,2,10,12,-0.0
2569,PL_E_Demand,2050,2,13,15,-0.0
2570,PL_E_Demand,2050,2,16,16,6073.50054188052
2571,PL_E_Demand,2050,2,17,18,-6073.50054188052
2572,PL_E_Demand,2050,2,19,20,12147.001083761043
2573,PL_E_Demand,2050,2,21,21,7657.891987588482
2574,PL_E_Demand,2050,2,22,24,19804.893071349525
2575,PL_E_Demand,2050,3,1,3,-0.0
2576,PL_E_Demand,2050,3,4,4,6211.05551585528
2577,PL_E_Demand,2050,3,5,6,-6211.05551585528
2578,PL_E_Demand,2050,3,7,8,-0.0
2579,PL_E_Demand,2050,3,9,9,-0.0
2580,PL_E_Demand,2050,3,10,12,-0.0
2581,PL_E_Demand,2050,3,13,15,-0.0
2582,PL_E_Demand,2050,3,16,16,-0.0
2583,PL_E_Demand,2050,3,17,18,-0.0
2584,PL_E_Demand,2050,3,19,20,-0.0
2585,PL_E_Demand,2050,3,21,21,-0.0
2586,PL_E_Demand,2050,3,22,24,-0.0
2587,PL_H_Demand,2050,1,1,1,-9794.443352748263
2588,PL_H_Demand,2050,1,2,2,4897.221676374132
2589,PL_H_Demand,2050,1,3,3,4897.221676374132
2590,PL_H_Demand,2050,1,4,4,-9794.443352748263
2591,PL_H_Demand,2050,1,5,5,4897.221676374132
2592,PL_H_Demand,2050,1,6,6,4897.221676374132
2593,PL_H_Demand,2050,1,7,7,-9794.443352748263
2594,PL_H_Demand,2050,1,8,8,4897.221676374132
2595,PL_H_Demand,2050,1,9,9,4897.221676374132
2596,PL_H_Demand,2050,1,10,10,-9794.443352748263
2597,PL_H_Demand,2050,1,11,11,4897.221676374132
2598,PL_H_Demand,2050,1,12,12,4897.221676374132
2599,PL_H_Demand,2050,1,13,13,-9794.443352748263
2600,PL_H_Demand,2050,1,14,14,4897.221676374132
2601,PL_H_Demand,2050,1,15,15,4897.221676374132
2602,PL_H_Demand,2050,1,16,16,-9794.443352748263
2603,PL_H_Demand,2050,1,17,17,4897.221676374132
2604,PL_H_Demand,2050,1,18,18,4897.221676374132
2605,PL_H_Demand,2050,1,19,19,-9794.443352748263
2606,PL_H_Demand,2050,1,20,20,4897.221676374132
2607,PL_H_Demand,2050,1,21,21,4897.221676374132
2608,PL_H_Demand,2050,1,22,22,-9794.443352748263
2609,PL_H_Demand,2050,1,23,23,4897.221676374132
2610,PL_H_Demand,2050,1,24,24,4897.221676374132
2611,PL_H_Demand,2050,2,1,1,6601.631023783175
2612,PL_H_Demand,2050,2,2,2,6601.631023783175
2613,PL_H_Demand,2050,2,3,3,6601.631023783175
2614,PL_H_Demand,2050,2,4,4,-13203.26204756635
2615,PL_H_Demand,2050,2,5,5,6601.631023783175
2616,PL_H_Demand,2050,2,6,6,6601.631023783175
2617,PL_H_Demand,2050,2,7,7,-13203.26204756635
2618,PL_H_Demand,2050,2,8,8,6601.631023783175
2619,PL_H_Demand,2050,2,9,9,6601.631023783175
2620,PL_H_Demand,2050,2,10,10,-13203.26204756635
2621,PL_H_Demand,2050,2,11,11,6601.631023783175
2622,PL_H_Demand,2050,2,12,12,6601.631023783175
2623,PL_H_Demand,2050,2,13,13,-13203.26204756635
2624,PL_H_Demand,2050,2,14,14,6601.631023783175
2625,PL_H_Demand,2050,2,15,15,6601.631023783175
2626,PL_H_Demand,2050,2,16,16,-13203.26204756635
2627,PL_H_Demand,2050,2,17,17,6601.631023783175
2628,PL_H_Demand,2050,2,18,18,6601.631023783175
2629,PL_H_Demand,2050,2,19,19,6601.631023783175
2630,PL_H_Demand,2050,2,20,20,6601.631023783175
2631,PL_H_Demand,2050,2,21,21,6601.631023783175
2632,PL_H_Demand,2050,2,22,22,6601.631023783175
2633,PL_H_Demand,2050,2,23,23,6601.631023783175
2634,PL_H_Demand,2050,2,24,24,6601.631023783175
2635,PL_H_Demand,2050,3,1,1,-13502.29459968539
2636,PL_H_Demand,2050,3,2,2,6751.147299842695
2637,PL_H_Demand,2050,3,3,3,6751.147299842695
2638,PL_H_Demand,2050,3,4,4,-13502.29459968539
2639,PL_H_Demand,2050,3,5,5,6751.147299842695
2640,PL_H_Demand,2050,3,6,6,6751.147299842695
2641,PL_H_Demand,2050,3,7,7,-13502.29459968539
2642,PL_H_Demand,2050,3,8,8,6751.147299842695
2643,PL_H_Demand,2050,3,9,9,6751.147299842695
2644,PL_H_Demand,2050,3,10,10,-13502.29459968539
2645,PL_H_Demand,2050,3,11,11,6751.147299842695
2646,PL_H_Demand,2050,3,12,12,6751.147299842695
2647,PL_H_Demand,2050,3,13,13,-13502.29459968539
2648,PL_H_Demand,2050,3,14,14,6751.147299842695
2649,PL_H_Demand,2050,3,15,15,6751.147299842695
2650,PL_H_Demand,2050,3,16,16,-13502.29459968539
2651,PL_H_Demand,2050,3,17,17,6751.147299842695
2652,PL_H_Demand,2050,3,18,18,6751.147299842695
2653,PL_H_Demand,2050,3,19,19,-13502.29459968539
2654,PL_H_Demand,2050,3,20,20,6751.147299842695
2655,PL_H_Demand,2050,3,21,21,6751.147299842695
2656,PL_H_Demand,2050,3,22,22,-13502.29459968539
2657,PL_H_Demand,2050,3,23,23,6751.147299842695
2658,PL_H_Demand,2050,3,24,24,6751.147299842695
2659,PT_E_Demand,2050,1,1,4,-0.0
2660,PT_E_Demand,2050,1,5,8,-0.0
2661,PT_E_Demand,2050,1,9,12,-0.0
2662,PT_E_Demand,2050,1,13,16,-0.0
2663,PT_E_Demand,2050,1,17,20,-0.0
2664,PT_E_Demand,2050,1,21,24,-0.0
2665,PT_E_Demand,2050,2,1,4,-0.0
2666,PT_E_Demand,2050,2,5,8,-0.0
2667,PT_E_Demand,2050,2,9,12,-0.0
2668,PT_E_Demand,2050,2,13,16,-0.0
2669,PT_E_Demand,2050,2,17,20,-0.0
2670,PT_E_Demand,2050,2,21,24,-0.0
2671,PT_E_Demand,2050,3,1,4,-0.0
2672,PT_E_Demand,2050,3,5,8,-0.0
2673,PT_E_Demand,2050,3,9,12,-0.0
2674,PT_E_Demand,2050,3,13,16,-0.0
2675,PT_E_Demand,2050,3,17,20,-0.0
2676,PT_E_Demand,2050,3,21,24,-0.0
2677,PT_H_Demand,2050,1,1,1,-14691.665029122396
2678,PT_H_Demand,2050,1,2,2,4897.221676374132
2679,PT_H_Demand,2050,1,3,3,4897.221676374132
2680,PT_H_Demand,2050,1,4,4,4897.221676374132
2681,PT_H_Demand,2050,1,5,5,-14691.665029122396
2682,PT_H_Demand,2050,1,6,6,4897.221676374132
2683,PT_H_Demand,2050,1,7,7,4897.221676374132
2684,PT_H_Demand,2050,1,8,8,4897.221676374132
2685,PT_H_Demand,2050,1,9,9,-14691.665029122396
2686,PT_H_Demand,2050,1,10,10,4897.221676374132
2687,PT_H_Demand,2050,1,11,11,4897.221676374132
2688,PT_H_Demand,2050,1,12,12,4897.221676374132
2689,PT_H_Demand,2050,1,13,13,-14691.665029122396
2690,PT_H_Demand,2050,1,14,14,4897.221676374132
2691,PT_H_Demand,2050,1,15,15,4897.221676374132
2692,PT_H_Demand,2050,1,16,16,4897.221676374132
2693,PT_H_Demand,2050,1,17,17,-14691.665029122396
2694,PT_H_Demand,2050,1,18,18,4897.221676374132
2695,PT_H_Demand,2050,1,19,19,4897.221676374132
2696,PT_H_Demand,2050,1,20,20,4897.221676374132
2697,PT_H_Demand,2050,1,21,21,-14691.665029122396
2698,PT_H_Demand,2050,1,22,22,4897.221676374132
2699,PT_H_Demand,2050,1,23,23,4897.221676374132
2700,PT_H_Demand,2050,1,24,24,4897.221676374132
2701,PT_H_Demand,2050,2,1,1,-19804.893071349525
2702,PT_H_Demand,2050,2,2,2,6601.631023783175
2703,PT_H_Demand,2050,2,3,3,6601.631023783175
2704,PT_H_Demand,2050,2,4,4,6601.631023783175
2705,PT_H_Demand,2050,2,5,5,-19804.893071349525
2706,PT_H_Demand,2050,2,6,6,6601.631023783175
2707,PT_H_Demand,2050,2,7,7,6601.631023783175
2708,PT_H_Demand,2050,2,8,8,6601.631023783175
2709,PT_H_Demand,2050,2,9,9,-19804.893071349525
2710,PT_H_Demand,2050,2,10,10,6601.631023783175
2711,PT_H_Demand,2050,2,11,11,6601.631023783175
2712,PT_H_Demand,2050,2,12,12,6601.631023783175
2713,PT_H_Demand,2050,2,13,13,-19804.893071349525
2714,PT_H_Demand,2050,2,14,14,6601.631023783175
2715,PT_H_Demand,2050,2,15,15,6601.631023783175
2716,PT_H_Demand,2050,2,16,16,6601.631023783175
2717,PT_H_Demand,2050,2,17,17,-19804.893071349525
2718,PT_H_Demand,2050,2,18,18,6601.631023783175
2719,PT_H_Demand,2050,2,19,19,6601.631023783175
2720,PT_H_Demand,2050,2,20,20,6601.631023783175
2721,PT_H_Demand,2050,2,21,21,-19804.893071349525
2722,PT_H_Demand,2050,2,22,22,6601.631023783175
2723,PT_H_Demand,2050,2,23,23,6601.631023783175
2724,PT_H_Demand,2050,2,24,24,6601.631023783175
2725,PT_H_Demand,2050,3,1,1,-20253.441899528087
2726,PT_H_Demand,2050,3,2,2,6751.147299842695
2727,PT_H_Demand,2050,3,3,3,6751.147299842695
2728,PT_H_Demand,2050,3,4,4,6751.147299842695
2729,PT_H_Demand,2050,3,5,5,-20253.441899528087
2730,PT_H_Demand,2050,3,6,6,6751.147299842695
2731,PT_H_Demand,2050,3,7,7,6751.147299842695
2732,PT_H_Demand,2050,3,8,8,6751.147299842695
2733,PT_H_Demand,2050,3,9,9,-20253.441899528087
2734,PT_H_Demand,2050,3,10,10,6751.147299842695
2735,PT_H_Demand,2050,3,11,11,6751.147299842695
2736,PT_H_Demand,2050,3,12,12,6751.147299842695
2737,PT_H_Demand,2050,3,13,13,-20253.441899528087
2738,PT_H_Demand,2050,3,14,14,6751.147299842695
2739,PT_H_Demand,2050,3,15,15,6751.147299842695
2740,PT_H_Demand,2050,3,16,16,6751.147299842695
2741,PT_H_Demand,2050,3,17,17,-20253.441899528087
2742,PT_H_Demand,2050,3,18,18,6751.147299842695
2743,PT_H_Demand,2050,3,19,19,6751.147299842695
2744,PT_H_Demand,2050,3,20,20,6751.147299842695
2745,PT_H_Demand,2050,3,21,21,-20253.441899528087
2746,PT_H_Demand,2050,3,22,22,6751.147299842695
2747,PT_H_Demand,2050,3,23,23,6751.147299842695
2748,PT_H_Demand,2050,3,24,24,6751.147299842695
2749,RO_E_Demand,2050,1,1,4,4505.443942264198
2750,RO_E_Demand,2050,1,5,8,4505.443942264198
2751,RO_E_Demand,2050,1,9,12,-0.0
2752,RO_E_Demand,2050,1,13,16,-0.0
2753,RO_E_Demand,2050,1,17,20,4505.443942264198
2754,RO_E_Demand,2050,1,21,24,4505.443942264198
2755,RO_E_Demand,2050,2,1,4,6073.500541880522
2756,RO_E_Demand,2050,2,5,8,6073.500541880522
2757,RO_E_Demand,2050,2,9,12,-0.0
2758,RO_E_Demand,2050,2,13,16,-0.0
2759,RO_E_Demand,2050,2,17,20,6073.500541880522
2760,RO_E_Demand,2050,2,21,24,6073.500541880522
2761,RO_E_Demand,2050,3,1,4,6211.05551585528
2762,RO_E_Demand,2050,3,5,8,6211.05551585528
2763,RO_E_Demand,2050,3,9,12,-0.0
2764,RO_E_Demand,2050,3,13,16,-0.0
2765,RO_E_Demand,2050,3,17,20,6211.05551585528
2766,RO_E_Demand,2050,3,21,24,6211.05551585528
2767,RO_H_Demand,2050,1,1,1,-10186.221086858197
2768,RO_H_Demand,2050,1,2,2,4897.221676374132
2769,RO_H_Demand,2050,1,3,3,4897.221676374132
2770,RO_H_Demand,2050,1,4,4,4897.221676374132
2771,RO_H_Demand,2050,1,5,5,-10186.221086858197
2772,RO_H_Demand,2050,1,6,6,4897.221676374132
2773,RO_H_Demand,2050,1,7,7,4897.221676374132
2774,RO_H_Demand,2050,1,8,8,4897.221676374132
2775,RO_H_Demand,2050,1,9,9,-14691.665029122396
2776,RO_H_Demand,2050,1,10,10,4897.221676374132
2777,RO_H_Demand,2050,1,11,11,4897.221676374132
2778,RO_H_Demand,2050,1,12,12,4897.221676374132
2779,RO_H_Demand,2050,1,13,13,-14691.665029122396
2780,RO_H_Demand,2050,1,14,14,4897.221676374132
2781,RO_H_Demand,2050,1,15,15,4897.221676374132
2782,RO_H_Demand,2050,1,16,16,4897.221676374132
2783,RO_H_Demand,2050,1,17,17,-10186.221086858197
2784,RO_H_Demand,2050,1,18,18,4897.221676374132
2785,RO_H_Demand,2050,1,19,19,4897.221676374132
2786,RO_H_Demand,2050,1,20,20,4897.221676374132
2787,RO_H_Demand,2050,1,21,21,-10186.221086858197
2788,RO_H_Demand,2050,1,22,22,4897.221676374132
2789,RO_H_Demand,2050,1,23,23,4897.221676374132
2790,RO_H_Demand,2050,1,24,24,4897.221676374132
2791,RO_H_Demand,2050,2,1,1,-13731.392529469002
2792,RO_H_Demand,2050,2,2,2,6601.631023783175
2793,RO_H_Demand,2050,2,3,3,6601.631023783175
2794,RO_H_Demand,2050,2,4,4,6601.631023783175
2795,RO_H_Demand,2050,2,5,5,-13731.392529469002
2796,RO_H_Demand,2050,2,6,6,6601.631023783175
2797,RO_H_Demand,2050,2,7,7,6601.631023783175
2798,RO_H_Demand,2050,2,8,8,6601.631023783175
2799,RO_H_Demand,2050,2,9,9,-19804.893071349525
2800,RO_H_Demand,2050,2,10,10,6601.631023783175
2801,RO_H_Demand,2050,2,11,11,6601.631023783175
2802,RO_H_Demand,2050,2,12,12,6601.631023783175
2803,RO_H_Demand,2050,2,13,13,-19804.893071349525
2804,RO_H_Demand,2050,2,14,14,6601.631023783175
2805,RO_H_Demand,2050,2,15,15,6601.631023783175
2806,RO_H_Demand,2050,2,16,16,6601.631023783175
2807,RO_H_Demand,2050,2,17,17,-13731.392529469002
2808,RO_H_Demand,2050,2,18,18,6601.631023783175
2809,RO_H_Demand,2050,2,19,19,6601.631023783175
2810,RO_H_Demand,2050,2,20,20,6601.631023783175
2811,RO_H_Demand,2050,2,21,21,-13731.392529469002
2812,RO_H_Demand,2050,2,22,22,6601.631023783175
2813,RO_H_Demand,2050,2,23,23,6601.631023783175
2814,RO_H_Demand,2050,2,24,24,6601.631023783175
2815,RO_H_Demand,2050,3,1,1,-14042.386383672805
2816,RO_H_Demand,2050,3,2,2,6751.147299842695
2817,RO_H_Demand,2050,3,3,3,6751.147299842695
2818,RO_H_Demand,2050,3,4,4,6751.147299842695
2819,RO_H_Demand,2050,3,5,5,-14042.386383672805
2820,RO_H_Demand,2050,3,6,6,6751.147299842695
2821,RO_H_Demand,2050,3,7,7,6751.147299842695
2822,RO_H_Demand,2050,3,8,8,6751.147299842695
2823,RO_H_Demand,2050,3,9,9,-20253.441899528087
2824,RO_H_Demand,2050,3,10,10,6751.147299842695
2825,RO_H_Demand,2050,3,11,11,6751.147299842695
2826,RO_H_Demand,2050,3,12,12,6751.147299842695
2827,RO_H_Demand,2050,3,13,13,-20253.441899528087
2828,RO_H_Demand,2050,3,14,14,6751.147299842695
2829,RO_H_Demand,2050,3,15,15,6751.147299842695
2830,RO_H_Demand,2050,3,16,16,6751.147299842695
2831,RO_H_Demand,2050,3,17,17,-14042.386383672805
2832,RO_H_Demand,2050,3,18,18,6751.147299842695
2833,RO_H_Demand,2050,3,19,19,6751.147299842695
2834,RO_H_Demand,2050,3,20,20,6751.147299842695
2835,RO_H_Demand,2050,3,21,21,-14042.386383672805
2836,RO_H_Demand,2050,3,22,22,6751.147299842695
2837,RO_H_Demand,2050,3,23,23,6751.147299842695
2838,RO_H_Demand,2050,3,24,24,6751.147299842695
2839,SE_E_Demand,2050,1,1,4,-0.0
2840,SE_E_Demand,2050,1,5,8,-0.0
2841,SE_E_Demand,2050,1,9,12,-0.0
2842,SE_E_Demand,2050,1,13,16,-0.0
2843,SE_E_Demand,2050,1,17,20,-0.0
2844,SE_E_Demand,2050,1,21,24,-0.0
2845,SE_E_Demand,2050,2,1,4,-0.0
2846,SE_E_Demand,2050,2,5,8,-0.0
2847,SE_E_Demand,2050,2,9,12,-0.0
2848,SE_E_Demand,2050,2,13,16,-0.0
2849,SE_E_Demand,2050,2,17,20,-0.0
2850,SE_E_Demand,2050,2,21,24,-0.0
2851,SE_E_Demand,2050,3,1,4,-0.0
2852,SE_E_Demand,2050,3,5,8,-0.0
2853,SE_E_Demand,2050,3,9,12,-0.0
2854,SE_E_Demand,2050,3,13,16,-0.0
2855,SE_E_Demand,2050,3,17,20,-0.0
2856,SE_E_Demand,2050,3,21,24,-0.0
2857,SE_H_Demand,2050,1,1,1,-14691.665029122396
2858,SE_H_Demand,2050,1,2,2,4897.221676374132
2859,SE_H_Demand,2050,1,3,3,4897.221676374132
2860,SE_H_Demand,2050,1,4,4,4897.221676374132
2861,SE_H_Demand,2050,1,5,5,-14691.665029122396
2862,SE_H_Demand,2050,1,6,6,4897.221676374132
2863,SE_H_Demand,2050,1,7,7,4897.221676374132
2864,SE_H_Demand,2050,1,8,8,4897.221676374132
2865,SE_H_Demand,2050,1,9,9,-14691.665029122396
2866,SE_H_Demand,2050,1,10,10,4897.221676374132
2867,SE_H_Demand,2050,1,11,11,4897.221676374132
2868,SE_H_Demand,2050,1,12,12,4897.221676374132
2869,SE_H_Demand,2050,1,13,13,-14691.665029122396
2870,SE_H_Demand,2050,1,14,14,4897.221676374132
2871,SE_H_Demand,2050,1,15,15,4897.221676374132
2872,SE_H_Demand,2050,1,16,16,4897.221676374132
2873,SE_H_Demand,2050,1,17,17,-14691.665029122396
2874,SE_H_Demand,2050,1,18,18,4897.221676374132
2875,SE_H_Demand,2050,1,19,19,4897.221676374132
2876,SE_H_Demand,2050,1,20,20,4897.221676374132
2877,SE_H_Demand,2050,1,21,21,-14691.665029122396
2878,SE_H_Demand,2050,1,22,22,4897.221676374132
2879,SE_H_Demand,2050,1,23,23,4897.221676374132
2880,SE_H_Demand,2050,1,24,24,4897.221676374132
2881,SE_H_Demand,2050,2,1,1,-19804.893071349525
2882,SE_H_Demand,2050,2,2,2,6601.631023783175
2883,SE_H_Demand,2050,2,3,3,6601.631023783175
2884,SE_H_Demand,2050,2,4,4,6601.631023783175
2885,SE_H_Demand,2050,2,5,5,-19804.893071349525
2886,SE_H_Demand,2050,2,6,6,6601.631023783175
2887,SE_H_Demand,2050,2,7,7,6601.631023783175
2888,SE_H_Demand,2050,2,8,8,6601.631023783175
2889,SE_H_Demand,2050,2,9,9,-19804.893071349525
2890,SE_H_Demand,2050,2,10,10,6601.631023783175
2891,SE_H_Demand,2050,2,11,11,6601.631023783175
2892,SE_H_Demand,2050,2,12,12,6601.631023783175
2893,SE_H_Demand,2050,2,13,13,-19804.893071349525
2894,SE_H_Demand,2050,2,14,14,6601.631023783175
2895,SE_H_Demand,2050,2,15,15,6601.631023783175
2896,SE_H_Demand,2050,2,16,16,6601.631023783175
2897,SE_H_Demand,2050,2,17,17,-19804.893071349525
2898,SE_H_Demand,2050,2,18,18,6601.631023783175
2899,SE_H_Demand,2050,2,19,19,6601.631023783175
2900,SE_H_Demand,2050,2,20,20,6601.631023783175
2901,SE_H_Demand,2050,2,21,21,-19804.893071349525
2902,SE_H_Demand,2050,2,22,22,6601.631023783175
2903,SE_H_Demand,2050,2,23,23,6601.631023783175
2904,SE_H_Demand,2050,2,24,24,6601.631023783175
2905,SE_H_Demand,2050,3,1,1,-20253.441899528087
2906,SE_H_Demand,2050,3,2,2,6751.147299842695
2907,SE_H_Demand,2050,3,3,3,6751.147299842695
2908,SE_H_Demand,2050,3,4,4,6751.147299842695
2909,SE_H_Demand,2050,3,5,5,-20253.441899528087
2910,SE_H_Demand,2050,3,6,6,6751.147299842695
2911,SE_H_Demand,2050,3,7,7,6751.147299842695
2912,SE_H_Demand,2050,3,8,8,6751.147299842695
2913,SE_H_Demand,2050,3,9,9,-20253.441899528087
2914,SE_H_Demand,2050,3,10,10,6751.147299842695
2915,SE_H_Demand,2050,3,11,11,6751.147299842695
2916,SE_H_Demand,2050,3,12,12,6751.147299842695
2917,SE_H_Demand,2050,3,13,13,-20253.441899528087
2918,SE_H_Demand,2050,3,14,14,6751.147299842695
2919,SE_H_Demand,2050,3,15,15,6751.147299842695
2920,SE_H_Demand,2050,3,16,16,6751.147299842695
2921,SE_H_Demand,2050,3,17,17,-20253.441899528087
2922,SE_H_Demand,2050,3,18,18,6751.147299842695
2923,SE_H_Demand,2050,3,19,19,6751.147299842695
2924,SE_H_Demand,2050,3,20,20,6751.147299842695
2925,SE_H_Demand,2050,3,21,21,-20253.441899528087
2926,SE_H_Demand,2050,3,22,22,6751.147299842695
2927,SE_H_Demand,2050,3,23,23,6751.147299842695
2928,SE_H_Demand,2050,3,24,24,6751.147299842695
2929,SI_E_Demand,2050,1,1,4,-0.0
2930,SI_E_Demand,2050,1,5,8,-0.0
2931,SI_E_Demand,2050,1,9,12,-0.0
2932,SI_E_Demand,2050,1,13,16,-0.0
2933,SI_E_Demand,2050,1,17,20,-0.0
2934,SI_E_Demand,2050,1,21,24,-0.0
2935,SI_E_Demand,2050,2,1,4,-0.0
2936,SI_E_Demand,2050,2,5,8,-0.0
2937,SI_E_Demand,2050,2,9,12,-0.0
2938,SI_E_Demand,2050,2,13,16,-0.0
2939,SI_E_Demand,2050,2,17,20,-0.0
2940,SI_E_Demand,2050,2,21,24,-0.0
2941,SI_E_Demand,2050,3,1,4,-0.0
2942,SI_E_Demand,2050,3,5,8,-0.0
2943,SI_E_Demand,2050,3,9,12,-0.0
2944,SI_E_Demand,2050,3,13,16,-0.0
2945,SI_E_Demand,2050,3,17,20,-0.0
2946,SI_E_Demand,2050,3,21,24,-0.0
2947,SI_H_Demand,2050,1,1,1,-14691.665029122396
2948,SI_H_Demand,2050,1,2,2,4897.221676374132
2949,SI_H_Demand,2050,1,3,3,4897.221676374132
2950,SI_H_Demand,2050,1,4,4,4897.221676374132
2951,SI_H_Demand,2050,1,5,5,-14691.665029122396
2952,SI_H_Demand,2050,1,6,6,4897.221676374132
2953,SI_H_Demand,2050,1,7,7,4897.221676374132
2954,SI_H_Demand,2050,1,8,8,4897.221676374132
2955,SI_H_Demand,2050,1,9,9,-14691.665029122396
2956,SI_H_Demand,2050,1,10,10,4897.221676374132
2957,SI_H_Demand,2050,1,11,11,4897.221676374132
2958,SI_H_Demand,2050,1,12,12,4897.221676374132
2959,SI_H_Demand,2050,1,13,13,-14691.665029122396
2960,SI_H_Demand,2050,1,14,14,4897.221676374132
2961,SI_H_Demand,2050,1,15,15,4897.221676374132
2962,SI_H_Demand,2050,1,16,16,4897.221676374132
2963,SI_H_Demand,2050,1,17,17,-14691.665029122396
2964,SI_H_Demand,2050,1,18,18,4897.221676374132
2965,SI_H_Demand,2050,1,19,19,4897.221676374132
2966,SI_H_Demand,2050,1,20,20,4897.221676374132
2967,SI_H_Demand,2050,1,21,21,-14691.665029122396
2968,SI_H_Demand,2050,1,22,22,4897.221676374132
2969,SI_H_Demand,2050,1,23,23,4897.221676374132
2970,SI_H_Demand,2050,1,24,24,4897.221676374132
2971,SI_H_Demand,2050,2,1,1,-19804.893071349525
2972,SI_H_Demand,2050,2,2,2,6601.631023783175
2973,SI_H_Demand,2050,2,3,3,6601.631023783175
2974,SI_H_Demand,2050,2,4,4,6601.631023783175
2975,SI_H_Demand,2050,2,5,5,-19804.893071349525
2976,SI_H_Demand,2050,2,6,6,6601.631023783175
2977,SI_H_Demand,2050,2,7,7,6601.631023783175
2978,SI_H_Demand,2050,2,8,8,6601.631023783175
2979,SI_H_Demand,2050,2,9,9,-19804.893071349525
2980,SI_H_Demand,2050,2,10,10,6601.631023783175
2981,SI_H_Demand,2050,2,11,11,6601.631023783175
2982,SI_H_Demand,2050,2,12,12,6601.631023783175
2983,SI_H_Demand,2050,2,13,13,-19804.893071349525
2984,SI_H_Demand,2050,2,14,14,6601.631023783175
2985,SI_H_Demand,2050,2,15,15,6601.631023783175
2986,SI_H_Demand,2050,2,16,16,6601.631023783175
2987,SI_H_Demand,2050,2,17,17,-19804.893071349525
2988,SI_H_Demand,2050,2,18,18,6601.631023783175
2989,SI_H_Demand,2050,2,19,19,6601.631023783175
2990,SI_H_Demand,2050,2,20,20,6601.631023783175
2991,SI_H_Demand,2050,2,21,21,-19804.893071349525
2992,SI_H_Demand,2050,2,22,22,6601.631023783175
2993,SI_H_Demand,2050,2,23,23,6601.631023783175
2994,SI_H_Demand,2050,2,24,24,6601.631023783175
2995,SI_H_Demand,2050,3,1,1,-20253.441899528087
2996,SI_H_Demand,2050,3,2,2,6751.147299842695
2997,SI_H_Demand,2050,3,3,3,6751.147299842695
2998,SI_H_Demand,2050,3,4,4,6751.147299842695
2999,SI_H_Demand,2050,3,5,5,-20253.441899528087
3000,SI_H_Demand,2050,3,6,6,6751.147299842695
3001,SI_H_Demand,2050,3,7,7,6751.147299842695
3002,SI_H_Demand,2050,3,8,8,6751.147299842695
3003,SI_H_Demand,2050,3,9,9,-20253.441899528087
3004,SI_H_Demand,2050,3,10,10,6751.147299842695
3005,SI_H_Demand,2050,3,11,11,6751.147299842695
3006,SI_H_Demand,2050,3,12,12,6751.147299842695
3007,SI_H_Demand,2050,3,13,13,-20253.441899528087
3008,SI_H_Demand,2050,3,14,14,6751.147299842695
3009,SI_H_Demand,2050,3,15,15,6751.147299842695
3010,SI_H_Demand,2050,3,16,16,6751.147299842695
3011,SI_H_Demand,2050,3,17,17,-20253.441899528087
3012,SI_H_Demand,2050,3,18,18,6751.147299842695
3013,SI_H_Demand,2050,3,19,19,6751.147299842695
3014,SI_H_Demand,2050,3,20,20,6751.147299842695
3015,SI_H_Demand,2050,3,21,21,-20253.441899528087
3016,SI_H_Demand,2050,3,22,22,6751.147299842695
3017,SI_H_Demand,2050,3,23,23,6751.147299842695
3018,SI_H_Demand,2050,3,24,24,6751.147299842695
3019,SK_E_Demand,2050,1,1,4,4505.443942264198
3020,SK_E_Demand,2050,1,5,8,4505.443942264198
3021,SK_E_Demand,2050,1,9,12,-0.0
3022,SK_E_Demand,2050,1,13,16,-0.0
3023,SK_E_Demand,2050,1,17,20,4505.443942264198
3024,SK_E_Demand,2050,1,21,24,4505.443942264198
3025,SK_E_Demand,2050,2,1,4,6073.500541880522
3026,SK_E_Demand,2050,2,5,8,6073.500541880522
3027,SK_E_Demand,2050,2,9,12,6073.50054188052
3028,SK_E_Demand,2050,2,13,16,6073.50054188052
3029,SK_E_Demand,2050,2,17,20,6073.500541880522
3030,SK_E_Demand,2050,2,21,24,6073.500541880522
3031,SK_E_Demand,2050,3,1,4,6211.05551585528
3032,SK_E_Demand,2050,3,5,8,6211.05551585528
3033,SK_E_Demand,2050,3,9,12,-0.0
3034,SK_E_Demand,2050,3,13,16,-0.0
3035,SK_E_Demand,2050,3,17,20,6211.05551585528
3036,SK_E_Demand,2050,3,21,24,6211.05551585528
3037,SK_H_Demand,2050,1,1,1,-10186.221086858197
3038,SK_H_Demand,2050,1,2,2,4897.221676374132
3039,SK_H_Demand,2050,1,3,3,4897.221676374132
3040,SK_H_Demand,2050,1,4,4,4897.221676374132
3041,SK_H_Demand,2050,1,5,5,-10186.221086858197
3042,SK_H_Demand,2050,1,6,6,4897.221676374132
3043,SK_H_Demand,2050,1,7,7,4897.221676374132
3044,SK_H_Demand,2050,1,8,8,4897.221676374132
3045,SK_H_Demand,2050,1,9,9,-14691.665029122396
3046,SK_H_Demand,2050,1,10,10,4897.221676374132
3047,SK_H_Demand,2050,1,11,11,4897.221676374132
3048,SK_H_Demand,2050,1,12,12,4897.221676374132
3049,SK_H_Demand,2050,1,13,13,-14691.665029122396
3050,SK_H_Demand,2050,1,14,14,4897.221676374132
3051,SK_H_Demand,2050,1,15,15,4897.221676374132
3052,SK_H_Demand,2050,1,16,16,4897.221676374132
3053,SK_H_Demand,2050,1,17,17,-10186.221086858197
3054,SK_H_Demand,2050,1,18,18,4897.221676374132
3055,SK_H_Demand,2050,1,19,19,4897.221676374132
3056,SK_H_Demand,2050,1,20,20,4897.221676374132
3057,SK_H_Demand,2050,1,21,21,-10186.221086858197
3058,SK_H_Demand,2050,1,22,22,4897.221676374132
3059,SK_H_Demand,2050,1,23,23,4897.221676374132
3060,SK_H_Demand,2050,1,24,24,4897.221676374132
3061,SK_H_Demand,2050,2,1,1,-13731.392529469002
3062,SK_H_Demand,2050,2,2,2,6601.631023783175
3063,SK_H_Demand,2050,2,3,3,6601.631023783175
3064,SK_H_Demand,2050,2,4,4,6601.631023783175
3065,SK_H_Demand,2050,2,5,5,-13731.392529469002
3066,SK_H_Demand,2050,2,6,6,6601.631023783175
3067,SK_H_Demand,2050,2,7,7,6601.631023783175
3068,SK_H_Demand,2050,2,8,8,6601.631023783175
3069,SK_H_Demand,2050,2,9,9,-13731.392529469005
3070,SK_H_Demand,2050,2,10,10,6601.631023783175
3071,SK_H_Demand,2050,2,11,11,6601.631023783175
3072,SK_H_Demand,2050,2,12,12,6601.631023783175
3073,SK_H_Demand,2050,2,13,13,-13731.392529469005
3074,SK_H_Demand,2050,2,14,14,6601.631023783175
3075,SK_H_Demand,2050,2,15,15,6601.631023783175
3076,SK_H_Demand,2050,2,16,16,6601.631023783175
3077,SK_H_Demand,2050,2,17,17,-13731.392529469002
3078,SK_H_Demand,2050,2,18,18,6601.631023783175
3079,SK_H_Demand,2050,2,19,19,6601.631023783175
3080,SK_H_Demand,2050,2,20,20,6601.631023783175
3081,SK_H_Demand,2050,2,21,21,-13731.392529469002
3082,SK_H_Demand,2050,2,22,22,6601.631023783175
3083,SK_H_Demand,2050,2,23,23,6601.631023783175
3084,SK_H_Demand,2050,2,24,24,6601.631023783175
3085,SK_H_Demand,2050,3,1,1,-14042.386383672807
3086,SK_H_Demand,2050,3,2,2,6751.147299842695
3087,SK_H_Demand,2050,3,3,3,6751.147299842695
3088,SK_H_Demand,2050,3,4,4,6751.147299842695
3089,SK_H_Demand,2050,3,5,5,-14042.386383672807
3090,SK_H_Demand,2050,3,6,6,6751.147299842695
3091,SK_H_Demand,2050,3,7,7,6751.147299842695
3092,SK_H_Demand,2050,3,8,8,6751.147299842695
3093,SK_H_Demand,2050,3,9,9,-20253.441899528087
3094,SK_H_Demand,2050,3,10,10,6751.147299842695
3095,SK_H_Demand,2050,3,11,11,6751.147299842695
3096,SK_H_Demand,2050,3,12,12,6751.147299842695
3097,SK_H_Demand,2050,3,13,13,-20253.441899528087
3098,SK_H_Demand,2050,3,14,14,6751.147299842695
3099,SK_H_Demand,2050,3,15,15,6751.147299842695
3100,SK_H_Demand,2050,3,16,16,6751.147299842695
3101,SK_H_Demand,2050,3,17,17,-14042.386383672807
3102,SK_H_Demand,2050,3,18,18,6751.147299842695
3103,SK_H_Demand,2050,3,19,19,6751.147299842695
3104,SK_H_Demand,2050,3,20,20,6751.147299842695
3105,SK_H_Demand,2050,3,21,21,-14042.386383672807
3106,SK_H_Demand,2050,3,22,22,6751.147299842695
3107,SK_H_Demand,2050,3,23,23,6751.147299842695
3108,SK_H_Demand,2050,3,24,24,6751.147299842695
3109,UK_E_Demand,2050,1,1,1,-0.0
3110,UK_E_Demand,2050,1,2,2,-0.0
3111,UK_E_Demand,2050,1,3,3,-0.0
3112,UK_E_Demand,2050,1,4,4,-0.0
3113,UK_E_Demand,2050,1,5,5,-0.0
3114,UK_E_Demand,2050,1,6,6,-0.0
3115,UK_E_Demand,2050,1,7,7,-0.0
3116,UK_E_Demand,2050,1,8,8,-0.0
3117,UK_E_Demand,2050,1,9,9,-0.0
3118,UK_E_Demand,2050,1,10,10,-0.0
3119,UK_E_Demand,2050,1,11,11,-0.0
3120,UK_E_Demand,2050,1,12,12,-0.0
3121,UK_E_Demand,2050,1,13,13,-0.0
3122,UK_E_Demand,2050,1,14,14,-0.0
3123,UK_E_Demand,2050,1,15,15,-0.0
3124,UK_E_Demand,2050,1,16,16,-0.0
3125,UK_E_Demand,2050,1,17,17,-0.0
3126,UK_E_Demand,2050,1,18,18,-0.0
3127,UK_E_Demand,2050,1,19,19,-0.0
3128,UK_E_Demand,2050,1,20,20,-0.0
3129,UK_E_Demand,2050,1,21,21,-0.0
3130,UK_E_Demand,2050,1,22,22,-0.0
3131,UK_E_Demand,2050,1,23,23,-0.0
3132,UK_E_Demand,2050,1,24,24,-0.0
3133,UK_E_Demand,2050,2,1,1,-0.0
3134,UK_E_Demand,2050,2,2,2,-0.0
3135,UK_E_Demand,2050,2,3,3,-0.0
3136,UK_E_Demand,2050,2,4,4,-0.0
3137,UK_E_Demand,2050,2,5,5,-0.0
3138,UK_E_Demand,2050,2,6,6,-0.0
3139,UK_E_Demand,2050,2,7,7,-0.0
3140,UK_E_Demand,2050,2,8,8,-0.0
3141,UK_E_Demand,2050,2,9,9,-0.0
3142,UK_E_Demand,2050,2,10,10,-0.0
3143,UK_E_Demand,2050,2,11,11,-0.0
3144,UK_E_Demand,2050,2,12,12,-0.0
3145,UK_E_Demand,2050,2,13,13,-0.0
3146,UK_E_Demand,2050,2,14,14,-0.0
3147,UK_E_Demand,2050,2,15,15,-0.0
3148,UK_E_Demand,2050,2,16,16,-0.0
3149,UK_E_Demand,2050,2,17,17,-0.0
3150,UK_E_Demand,2050,2,18,18,-0.0
3151,UK_E_Demand,2050,2,19,19,-0.0
3152,UK_E_Demand,2050,2,20,20,-0.0
3153,UK_E_Demand,2050,2,21,21,-0.0
3154,UK_E_Demand,2050,2,22,22,-0.0
3155,UK_E_Demand,2050,2,23,23,-0.0
3156,UK_E_Demand,2050,2,24,24,-0.0
3157,UK_E_Demand,2050,3,1,1,-0.0
3158,UK_E_Demand,2050,3,2,2,-0.0
3159,UK_E_Demand,2050,3,3,3,-0.0
3160,UK_E_Demand,2050,3,4,4,-0.0
3161,UK_E_Demand,2050,3,5,5,-0.0
3162,UK_E_Demand,2050,3,6,6,-0.0
3163,UK_E_Demand,2050,3,7,7,-0.0
3164,UK_E_Demand,2050,3,8,8,-0.0
3165,UK_E_Demand,2050,3,9,9,-0.0
3166,UK_E_Demand,2050,3,10,10,-0.0
3167,UK_E_Demand,2050,3,11,11,-0.0
3168,UK_E_Demand,2050,3,12,12,-0.0
3169,UK_E_Demand,2050,3,13,13,-0.0
3170,UK_E_Demand,2050,3,14,14,-0.0
3171,UK_E_Demand,2050,3,15,15,-0.0
3172,UK_E_Demand,2050,3,16,16,-0.0
3173,UK_E_Demand,2050,3,17,17,-0.0
3174,UK_E_Demand,2050,3,18,18,-0.0
3175,UK_E_Demand,2050,3,19,19,-0.0
3176,UK_E_Demand,2050,3,20,20,-0.0
3177,UK_E_Demand,2050,3,21,21,-0.0
3178,UK_E_Demand,2050,3,22,22,-0.0
3179,UK_E_Demand,2050,3,23,23,-0.0
3180,UK_E_Demand,2050,3,24,24,-0.0
3181,UK_H_Demand,2050,1,1,1,-0.0
3182,UK_H_Demand,2050,1,2,2,-0.0
3183,UK_H_Demand,2050,1,3,3,-0.0
3184,UK_H_Demand,2050,1,4,4,-0.0
3185,UK_H_Demand,2050,1,5,5,-0.0
3186,UK_H_Demand,2050,1,6,6,-0.0
3187,UK_H_Demand,2050,1,7,7,-0.0
3188,UK_H_Demand,2050,1,8,8,-0.0
3189,UK_H_Demand,2050,1,9,9,-0.0
3190,UK_H_Demand,2050,1,10,10,-0.0
3191,UK_H_Demand,2050,1,11,11,-0.0
3192,UK_H_Demand,2050,1,12,12,-0.0
3193,UK_H_Demand,2050,1,13,13,-0.0
3194,UK_H_Demand,2050,1,14,14,-0.0
3195,UK_H_Demand,2050,1,15,15,-0.0
3196,UK_H_Demand,2050,1,16,16,-0.0
3197,UK_H_Demand,2050,1,17,17,-0.0
3198,UK_H_Demand,2050,1,18,18,-0.0
3199,UK_H_Demand,2050,1,19,19,-0.0
3200,UK_H_Demand,2050,1,20,20,-0.0
3201,UK_H_Demand,2050,1,21,21,-0.0
3202,UK_H_Demand,2050,1,22,22,-0.0
3203,UK_H_Demand,2050,1,23,23,-0.0
3204,UK_H_Demand,2050,1,24,24,-0.0
3205,UK_H_Demand,2050,2,1,1,-0.0
3206,UK_H_Demand,2050,2,2,2,-0.0
3207,UK_H_Demand,2050,2,3,3,-0.0
3208,UK_H_Demand,2050,2,4,4,-0.0
3209,UK_H_Demand,2050,2,5,5,-0.0
3210,UK_H_Demand,2050,2,6,6,-0.0
3211,UK_H_Demand,2050,2,7,7,-0.0
3212,UK_H_Demand,2050,2,8,8,-0.0
3213,UK_H_Demand,2050,2,9,9,-0.0
3214,UK_H_Demand,2050,2,10,10,-0.0
3215,UK_H_Demand,2050,2,11,11,-0.0
3216,UK_H_Demand,2050,2,12,12,-0.0
3217,UK_H_Demand,2050,2,13,13,-0.0
3218,UK_H_Demand,2050,2,14,14,-0.0
3219,UK_H_Demand,2050,2,15,15,-0.0
3220,UK_H_Demand,2050,2,16,16,-0.0
3221,UK_H_Demand,2050,2,17,17,-0.0
3222,UK_H_Demand,2050,2,18,18,-0.0
3223,UK_H_Demand,2050,2,19,19,-0.0
3224,UK_H_Demand,2050,2,20,20,-0.0
3225,UK_H_Demand,2050,2,21,21,-0.0
3226,UK_H_Demand,2050,2,22,22,-0.0
3227,UK_H_Demand,2050,2,23,23,-0.0
3228,UK_H_Demand,2050,2,24,24,-0.0
3229,UK_H_Demand,2050,3,1,1,-0.0
3230,UK_H_Demand,2050,3,2,2,-0.0
3231,UK_H_Demand,2050,3,3,3,-0.0
3232,UK_H_Demand,2050,3,4,4,-0.0
3233,UK_H_Demand,2050,3,5,5,-0.0
3234,UK_H_Demand,2050,3,6,6,-0.0
3235,UK_H_Demand,2050,3,7,7,-0.0
3236,UK_H_Demand,2050,3,8,8,-0.0
3237,UK_H_Demand,2050,3,9,9,-0.0
3238,UK_H_Demand,2050,3,10,10,-0.0
3239,UK_H_Demand,2050,3,11,11,-0.0
3240,UK_H_Demand,2050,3,12,12,-0.0
3241,UK_H_Demand,2050,3,13,13,-0.0
3242,UK_H_Demand,2050,3,14,14,-0.0
3243,UK_H_Demand,2050,3,15,15,-0.0
3244,UK_H_Demand,2050,3,16,16,-0.0
3245,UK_H_Demand,2050,3,17,17,-0.0
3246,UK_H_Demand,2050,3,18,18,-0.0
3247,UK_H_Demand,2050,3,19,19,-0.0
3248,UK_H_Demand,2050,3,20,20,-0.0
3249,UK_H_Demand,2050,3,21,21,-0.0
3250,UK_H_Demand,2050,3,22,22,-0.0
3251,UK_H_Demand,2050,3,23,23,-0.0
3252,UK_H_Demand,2050,3,24,24,-0.0
