case,regret,investment_cost,operation_cost
1var-0,298.82676852028817,1.2104364841453622e6,1.1282244272577884e6
1var-E1C,298.82676852028817,1.2104364841453622e6,1.1282244272577884e6
