case,obj_value,num_constraints,num_constraints_presolve,LP_gap,LP_gap_presolve
2var-0C,2.3339993581116083e6,116256,77665,1.004297839153415,1.0042978391533834
3var-0C,2.333977741800016e6,116256,96453,1.0042885378590378,1.0042885378590416
